주시작일,순위,영화코드,영화명,개봉일,주간관객,누적관객
20040105,1,20030410,실미도,2003-12-24,273863,647712
20040105,2,20030316,반지의 제왕 : 왕의 귀환,2003-12-17,117833,548189
20040105,3,20030430,라스트 사무라이,2004-01-09,87988,88264
20040105,4,20030420,동해물과 백두산이,2003-12-31,62006,150056
20040105,5,20030404,러브 액츄얼리,2003-12-05,21291,187174
20040105,7,20030426,더 캣,2003-12-31,12677,30403
20040105,8,20030350,올드보이,2003-11-21,7634,294319
20040105,9,20030408,해피 에로 크리스마스,2003-12-17,702,64378
20040105,10,20030433,말죽거리 잔혹사,2004-01-16,284,284
20040112,1,20030410,실미도,2003-12-24,204967,852679
20040112,2,20030433,말죽거리 잔혹사,2004-01-16,168714,168998
20040112,3,20030430,라스트 사무라이,2004-01-09,78156,166420
20040112,4,20030435,내사랑 싸가지,2004-01-16,77531,77531
20040112,5,20030316,반지의 제왕 : 왕의 귀환,2003-12-17,56669,604858
20040112,6,20040442,피터 팬,2004-01-16,25823,25823
20040112,7,20040441,빙우,2004-01-16,24043,24043
20040112,9,20030420,동해물과 백두산이,2003-12-31,13028,163084
20040112,10,20030404,러브 액츄얼리,2003-12-05,9137,196311
20040112,11,20030436,브라더 베어,2004-01-16,8150,8150
20040119,1,20030433,말죽거리 잔혹사,2004-01-16,250385,419383
20040119,2,20030410,실미도,2003-12-24,234976,1087655
20040119,3,20030435,내사랑 싸가지,2004-01-16,133316,210847
20040119,4,20040443,페이첵,2004-01-22,70078,70078
20040119,5,20030430,라스트 사무라이,2004-01-09,69234,235654
20040119,6,20040442,피터 팬,2004-01-16,53983,79806
20040119,7,20030316,반지의 제왕 : 왕의 귀환,2003-12-17,38833,643691
20040119,9,20040441,빙우,2004-01-16,25420,49463
20040119,10,20030436,브라더 베어,2004-01-16,7737,15887
20040119,11,20030404,러브 액츄얼리,2003-12-05,7041,203352
20040126,1,20030410,실미도,2003-12-24,165151,1252806
20040126,2,20030433,말죽거리 잔혹사,2004-01-16,117524,536907
20040126,3,20030435,내사랑 싸가지,2004-01-16,69797,280644
20040126,4,20040443,페이첵,2004-01-22,40804,110882
20040126,5,20030430,라스트 사무라이,2004-01-09,38586,274240
20040126,6,20040442,피터 팬,2004-01-16,35144,114950
20040126,7,20030434,안녕! 유에프오,2004-01-30,27937,27937
20040126,8,20030316,반지의 제왕 : 왕의 귀환,2003-12-17,26184,669875
20040126,9,20030439,그녀를 모르면 간첩,2004-01-30,23907,23907
20040126,10,20030437,런어웨이,2004-01-30,14532,14532
20040202,1,20030371,태극기 휘날리며,2004-02-05,408103,408103
20040202,2,20030410,실미도,2003-12-24,139141,1391947
20040202,3,20030433,말죽거리 잔혹사,2004-01-16,49877,586784
20040202,4,20040442,피터 팬,2004-01-16,21479,136429
20040202,5,20030430,라스트 사무라이,2004-01-09,17678,291918
20040202,6,20030316,반지의 제왕 : 왕의 귀환,2003-12-17,17144,687019
20040202,7,20040443,페이첵,2004-01-22,14993,125875
20040202,8,20030435,내사랑 싸가지,2004-01-16,14274,294918
20040202,9,20030434,안녕! 유에프오,2004-01-30,11745,39682
20040202,10,20030206,베이직,2004-02-06,8392,8392
20040209,1,20030371,태극기 휘날리며,2004-02-05,597119,1005222
20040209,2,20030410,실미도,2003-12-24,96097,1488044
20040209,3,20040467,사랑할 때 버려야 할 아까운 것들,2004-02-13,37061,37061
20040209,5,20030433,말죽거리 잔혹사,2004-01-16,14194,600978
20040209,6,20040460,열두명의 웬수들 ,2004-02-13,7159,7159
20040209,7,20040443,페이첵,2004-01-22,4391,130266
20040209,8,20030430,라스트 사무라이,2004-01-09,4158,296076
20040209,9,20030316,반지의 제왕 : 왕의 귀환,2003-12-17,4058,691077
20040209,10,20030440,자토이치,2004-01-30,3625,22338
20040209,11,20030206,베이직,2004-02-06,3205,11597
20040216,1,20030371,태극기 휘날리며,2004-02-05,439483,1444705
20040216,2,20030410,실미도,2003-12-24,75924,1563968
20040216,3,20030413,목포는 항구다,2004-02-20,68018,68018
20040216,4,20040446,그녀를 믿지 마세요,2004-02-20,65258,66705
20040216,5,20040467,사랑할 때 버려야 할 아까운 것들,2004-02-13,38246,75307
20040216,6,20040461,콜드 마운틴,2004-02-20,19601,19601
20040216,7,20040476,사랑도 통역이 되나요?,2004-02-20,14163,14163
20040216,9,20040460,열두명의 웬수들 ,2004-02-13,5459,12618
20040216,10,20030433,말죽거리 잔혹사,2004-01-16,3647,604625
20040216,11,20040459,스파이 키드 3D,2004-02-13,2633,5663
20040223,1,20030371,태극기 휘날리며,2004-02-05,367326,1812031
20040223,2,20030413,목포는 항구다,2004-02-20,109232,177250
20040223,3,20040446,그녀를 믿지 마세요,2004-02-20,100008,166713
20040223,4,20030410,실미도,2003-12-24,68541,1632509
20040223,5,20040467,사랑할 때 버려야 할 아까운 것들,2004-02-13,22373,97680
20040223,6,20040461,콜드 마운틴,2004-02-20,20075,39676
20040223,7,20040448,타임라인,2004-02-27,14412,14412
20040223,8,20040447,스쿨 오브 락,2004-02-27,12349,12349
20040223,9,20040476,사랑도 통역이 되나요?,2004-02-20,10990,25153
20040223,11,20040464,8명의 여인들,2004-02-27,7205,7205
20040301,1,20030371,태극기 휘날리며,2004-02-05,237468,2049499
20040301,2,20030413,목포는 항구다,2004-02-20,94942,272192
20040301,3,20040446,그녀를 믿지 마세요,2004-02-20,68564,235277
20040301,4,20030410,실미도,2003-12-24,41528,1674037
20040301,5,20040505,사마리아,2004-03-05,25569,25569
20040301,6,20040462,빅 피쉬,2004-03-05,19014,19014
20040301,7,20040467,사랑할 때 버려야 할 아까운 것들,2004-02-13,13109,110789
20040301,8,20040479,휴먼 스테인,2004-03-05,11901,11901
20040301,9,20040447,스쿨 오브 락,2004-02-27,9236,21585
20040301,10,20040461,콜드 마운틴,2004-02-20,8994,48670
20040308,1,20030371,태극기 휘날리며,2004-02-05,132569,2182068
20040308,2,20030413,목포는 항구다,2004-02-20,61273,333465
20040308,3,20040471,어디선가 누군가에 무슨일이 생기면 틀림없이 나타난다 홍반장,2004-03-12,57954,57954
20040308,4,20040456,어깨동무,2004-03-12,42808,42808
20040308,5,20040446,그녀를 믿지 마세요,2004-02-20,33927,269204
20040308,6,20040462,빅 피쉬,2004-03-05,22610,41624
20040308,7,20030410,실미도,2003-12-24,21749,1695786
20040308,8,20040505,사마리아,2004-03-05,16011,41580
20040308,9,20040512,헌티드,2004-03-12,15214,15214
20040308,10,20040467,사랑할 때 버려야 할 아까운 것들,2004-02-13,10575,121364
20040315,1,20030371,태극기 휘날리며,2004-02-05,106109,2288177
20040315,2,20040471,어디선가 누군가에 무슨일이 생기면 틀림없이 나타난다 홍반장,2004-03-12,65161,123115
20040315,3,20030413,목포는 항구다,2004-02-20,48557,382022
20040315,4,20040456,어깨동무,2004-03-12,45524,88332
20040315,5,20040509,모나리자 스마일,2004-03-19,20787,20787
20040315,6,20040446,그녀를 믿지 마세요,2004-02-20,18176,287380
20040315,7,20040519,히달고,2004-03-19,17268,17268
20040315,8,20040462,빅 피쉬,2004-03-05,14062,55686
20040315,9,20030410,실미도,2003-12-24,13199,1708985
20040315,10,20040512,헌티드,2004-03-12,9226,24440
20040322,1,20030371,태극기 휘날리며,2004-02-05,68138,2356315
20040322,2,20040482,맹부삼천지교,2004-03-26,64424,64424
20040322,3,20040471,어디선가 누군가에 무슨일이 생기면 틀림없이 나타난다 홍반장,2004-03-12,43472,166587
20040322,4,20030413,목포는 항구다,2004-02-20,32777,414799
20040322,5,20040496,아홉살 인생,2004-03-26,31999,31999
20040322,6,20040456,어깨동무,2004-03-12,26574,114906
20040322,7,20040506,허니 ,2004-03-26,15229,15229
20040322,8,20040509,모나리자 스마일,2004-03-19,14154,34941
20040322,9,20040519,히달고,2004-03-19,10723,27991
20040322,10,20040462,빅 피쉬,2004-03-05,10345,66031
20040329,1,20040525,패션 오브 크라이스트,2004-04-02,124330,124330
20040329,2,20040481,어린 신부,2004-04-02,112480,112803
20040329,3,20040482,맹부삼천지교,2004-03-26,63823,128247
20040329,4,20030371,태극기 휘날리며,2004-02-05,49567,2405882
20040329,5,20040496,아홉살 인생,2004-03-26,27368,59367
20040329,6,20040486,마지막 늑대,2004-04-01,24045,24045
20040329,7,20040522,폴리와 함께,2004-04-02,13793,13793
20040329,8,20040471,어디선가 누군가에 무슨일이 생기면 틀림없이 나타난다 홍반장,2004-03-12,12313,178900
20040329,9,20040528,고티카,2004-04-02,11047,11047
20040329,10,20030413,목포는 항구다,2004-02-20,9034,423833
20040405,1,20040525,패션 오브 크라이스트,2004-04-02,224534,348864
20040405,2,20040481,어린 신부,2004-04-02,185275,298078
20040405,3,20030371,태극기 휘날리며,2004-02-05,48857,2454739
20040405,4,20040482,맹부삼천지교,2004-03-26,45327,173574
20040405,5,20040514,바람의 전설,2004-04-09,24938,24938
20040405,6,20040499,저지 걸,2004-04-09,21983,21983
20040405,7,20040496,아홉살 인생,2004-03-26,20371,79738
20040405,8,20040486,마지막 늑대,2004-04-01,18805,42850
20040405,9,20040522,폴리와 함께,2004-04-02,12935,26728
20040405,10,20040528,고티카,2004-04-02,9971,21018
20040412,1,20040481,어린 신부,2004-04-02,262376,560454
20040412,2,20040525,패션 오브 크라이스트,2004-04-02,246543,595407
20040412,3,20040487,범죄의 재구성,2004-04-15,222524,222856
20040412,4,20040526,첫키스만 50번째,2004-04-15,60402,60402
20040412,5,20040514,바람의 전설,2004-04-09,49729,74667
20040412,6,20040499,저지 걸,2004-04-09,45786,67769
20040412,7,20040482,맹부삼천지교,2004-03-26,42677,216251
20040412,8,20030371,태극기 휘날리며,2004-02-05,33569,2488308
20040412,9,20040455,무간도3: 종극무간,2004-07-02,19092,19092
20040412,10,20040524,테이킹 라이브즈,2004-04-15,17057,17057
20040419,1,20040487,범죄의 재구성,2004-04-15,288017,510873
20040419,2,20040481,어린 신부,2004-04-02,176053,736507
20040419,3,20040525,패션 오브 크라이스트,2004-04-02,123688,719095
20040419,4,20040526,첫키스만 50번째,2004-04-15,66176,126578
20040419,5,20040537,라이어,2004-04-23,55433,55433
20040419,6,20030371,태극기 휘날리며,2004-02-05,20627,2508935
20040419,7,20040514,바람의 전설,2004-04-09,19429,94096
20040419,8,20040499,저지 걸,2004-04-09,18315,86084
20040419,9,20040455,무간도3: 종극무간,2004-07-02,17760,36852
20040419,10,20040524,테이킹 라이브즈,2004-04-15,16717,33774
20040426,1,20040487,범죄의 재구성,2004-04-15,200423,711296
20040426,2,20040488,아라한 장풍대작전,2004-04-30,171072,171072
20040426,3,20040481,어린 신부,2004-04-02,107124,843631
20040426,4,20040525,패션 오브 크라이스트,2004-04-02,68042,787137
20040426,5,20040537,라이어,2004-04-23,44170,99603
20040426,6,20040526,첫키스만 50번째,2004-04-15,36369,162947
20040426,7,20030371,태극기 휘날리며,2004-02-05,17934,2526869
20040426,8,20040533,인 더 컷,2004-04-30,15996,15996
20040426,9,20040544,스타스키와 허치,2004-04-30,10954,10954
20040426,10,20040521,더티 댄싱 - 하바나 나이트,2004-04-23,9942,23872
20040503,1,20040483,효자동 이발사,2004-05-05,303160,304603
20040503,2,20040488,아라한 장풍대작전,2004-04-30,235329,406401
20040503,3,20040487,범죄의 재구성,2004-04-15,115591,826887
20040503,4,20040481,어린 신부,2004-04-02,81189,924820
20040503,5,20040489,여자는 남자의 미래다,2004-05-05,58093,58703
20040503,6,20040525,패션 오브 크라이스트,2004-04-02,34054,821191
20040503,8,20040526,첫키스만 50번째,2004-04-15,12707,175654
20040503,9,20040543,스쿠비-두2 : 몬스터 대소동,2004-04-30,11388,18362
20040503,10,20030371,태극기 휘날리며,2004-02-05,9562,2536431
20040503,11,20040549,천공의 성 라퓨타,2004-04-30,9327,15432
20040510,1,20040483,효자동 이발사,2004-05-05,235501,540104
20040510,2,20040488,아라한 장풍대작전,2004-04-30,175363,581764
20040510,3,20040487,범죄의 재구성,2004-04-15,73860,900747
20040510,4,20040556,킬 빌2,2004-05-14,63610,63610
20040510,5,20040481,어린 신부,2004-04-02,48529,973349
20040510,6,20040553,새벽의 저주,2004-05-14,44236,44236
20040510,7,20040489,여자는 남자의 미래다,2004-05-05,42671,101374
20040510,8,20040525,패션 오브 크라이스트,2004-04-02,14025,835216
20040510,9,20030371,태극기 휘날리며,2004-02-05,6439,2542870
20040510,10,20040526,첫키스만 50번째,2004-04-15,5534,181188
20040517,1,20040555,트로이,2004-05-21,369619,369619
20040517,2,20040483,효자동 이발사,2004-05-05,112018,652122
20040517,3,20040488,아라한 장풍대작전,2004-04-30,101413,683177
20040517,4,20040484,하류인생,2004-05-21,92208,92208
20040517,5,20040556,킬 빌2,2004-05-14,47145,110755
20040517,6,20040553,새벽의 저주,2004-05-14,40834,85070
20040517,7,20040487,범죄의 재구성,2004-04-15,28633,929380
20040517,8,20040481,어린 신부,2004-04-02,14533,987882
20040517,9,20040489,여자는 남자의 미래다,2004-05-05,12938,114312
20040517,10,20040570,옹박 - 무에타이의 후예,2004-05-26,4780,4780
20040524,1,20040555,트로이,2004-05-21,542349,911968
20040524,2,20040484,하류인생,2004-05-21,93797,186005
20040524,3,20040569,디 아이2,2004-05-26,82282,82282
20040524,4,20040488,아라한 장풍대작전,2004-04-30,79952,763129
20040524,5,20040483,효자동 이발사,2004-05-05,69352,721474
20040524,6,20040570,옹박 - 무에타이의 후예,2004-05-26,49898,54678
20040524,7,20040556,킬 빌2,2004-05-14,21201,131956
20040524,8,20040553,새벽의 저주,2004-05-14,17316,102386
20040524,9,20040487,범죄의 재구성,2004-04-15,9490,938870
20040524,10,20040481,어린 신부,2004-04-02,2742,990624
20040531,1,20040568,내 여자친구를 소개합니다,2004-06-03,539430,539580
20040531,2,20040490,투모로우,2004-06-03,428275,428275
20040531,3,20040555,트로이,2004-05-21,425821,1337789
20040531,4,20040570,옹박 - 무에타이의 후예,2004-05-26,59214,113892
20040531,5,20040569,디 아이2,2004-05-26,55507,137789
20040531,6,20040488,아라한 장풍대작전,2004-04-30,36674,799803
20040531,7,20040484,하류인생,2004-05-21,32848,218853
20040531,8,20040483,효자동 이발사,2004-05-05,22022,743496
20040531,9,20040588,레이디킬러,2004-06-04,11859,11859
20040531,10,20040556,킬 빌2,2004-05-14,6052,138008
20040607,1,20040490,투모로우,2004-06-03,530849,959124
20040607,2,20040568,내 여자친구를 소개합니다,2004-06-03,434033,973613
20040607,3,20040555,트로이,2004-05-21,290835,1628624
20040607,4,20040589,페이스,2004-06-11,128443,128443
20040607,5,20040591,데스티네이션 2,2004-06-11,50501,50501
20040607,6,20040570,옹박 - 무에타이의 후예,2004-05-26,25921,139813
20040607,7,20040569,디 아이2,2004-05-26,11777,149566
20040607,8,20040559,나두야 간다,2004-06-25,11000,11000
20040607,9,20040588,레이디킬러,2004-06-04,10543,22402
20040607,10,20040488,아라한 장풍대작전,2004-04-30,8962,808765
20040614,1,20040566,슈렉2,2004-06-18,453595,453685
20040614,2,20040490,투모로우,2004-06-03,335205,1294329
20040614,3,20040568,내 여자친구를 소개합니다,2004-06-03,202809,1176422
20040614,4,20040571,령,2004-06-17,188805,188805
20040614,5,20040555,트로이,2004-05-21,177070,1805694
20040614,7,20040589,페이스,2004-06-11,90645,219088
20040614,8,20040591,데스티네이션 2,2004-06-11,30257,80758
20040614,9,20040582,내 남자 친구는 왕자님,2004-06-18,25843,25843
20040614,10,20040592,몬스터,2004-06-18,20420,20420
20040614,11,20040579,블러디 선데이,2004-06-18,18391,18391
20040621,1,20040566,슈렉2,2004-06-18,497822,951507
20040621,2,20040490,투모로우,2004-06-03,255234,1549563
20040621,3,20040571,령,2004-06-17,224314,413119
20040621,4,20040583,아는 여자,2004-06-25,130791,130791
20040621,6,20040555,트로이,2004-05-21,119959,1925653
20040621,7,20040568,내 여자친구를 소개합니다,2004-06-03,103327,1279749
20040621,8,20040559,나두야 간다,2004-06-25,86061,102983
20040621,9,20040592,몬스터,2004-06-18,28534,48954
20040621,10,20040582,내 남자 친구는 왕자님,2004-06-18,22132,47975
20040621,11,20040589,페이스,2004-06-11,19606,238694
20040628,1,20040491,스파이더맨 2,2004-06-30,643527,643527
20040628,2,20040566,슈렉2,2004-06-18,291303,1242810
20040628,3,20040515,인어 공주,2004-06-30,197834,197834
20040628,4,20040583,아는 여자,2004-06-25,170080,300871
20040628,5,20040490,투모로우,2004-06-03,153698,1703261
20040628,6,20040571,령,2004-06-17,101612,514731
20040628,8,20040559,나두야 간다,2004-06-25,67246,170229
20040628,9,20040555,트로이,2004-05-21,48749,1974402
20040628,10,20040568,내 여자친구를 소개합니다,2004-06-03,16805,1296554
20040628,11,20040579,블러디 선데이,2004-06-18,10842,47536
20040705,1,20040491,스파이더맨 2,2004-06-30,533974,1177501
20040705,2,20040595,"달마야, 서울 가자",2004-07-09,313650,313950
20040705,3,20040566,슈렉2,2004-06-18,240780,1483590
20040705,4,20040567,투 가이즈,2004-07-09,214637,214637
20040705,5,20040515,인어 공주,2004-06-30,172479,370313
20040705,6,20040583,아는 여자,2004-06-25,139232,440103
20040705,7,20040605,착신아리,2004-07-09,95339,95339
20040705,8,20040490,투모로우,2004-06-03,87669,1790930
20040705,10,20040571,령,2004-06-17,38379,553110
20040705,11,20040559,나두야 간다,2004-06-25,22416,192645
20040712,1,20040598,해리포터와 아즈카반의 죄수,2004-07-16,704652,704652
20040712,2,20040595,"달마야, 서울 가자",2004-07-09,287114,601064
20040712,3,20040585,내 남자의 로맨스,2004-07-16,265234,265234
20040712,4,20040567,투 가이즈,2004-07-09,258602,473239
20040712,5,20040491,스파이더맨 2,2004-06-30,239925,1417426
20040712,6,20040566,슈렉2,2004-06-18,124687,1608277
20040712,7,20040605,착신아리,2004-07-09,108152,203491
20040712,8,20040583,아는 여자,2004-06-25,78262,518365
20040712,9,20040515,인어 공주,2004-06-30,56696,427009
20040712,11,20040490,투모로우,2004-06-03,26898,1817828
20040719,1,20040598,해리포터와 아즈카반의 죄수,2004-07-16,537687,1242339
20040719,2,20040576,늑대의 유혹,2004-07-22,409593,415033
20040719,3,20040585,내 남자의 로맨스,2004-07-16,321276,586510
20040719,4,20040573,킹 아더,2004-07-23,281597,281597
20040719,5,20040498,그놈은 멋있었다,2004-07-22,161461,162444
20040719,6,20040595,"달마야, 서울 가자",2004-07-09,86848,687912
20040719,7,20040567,투 가이즈,2004-07-09,83318,556557
20040719,8,20040610,화씨 911,2004-07-22,74826,74826
20040719,9,20040491,스파이더맨 2,2004-06-30,72830,1490256
20040719,10,20040566,슈렉2,2004-06-18,39615,1647892
20040726,1,20040576,늑대의 유혹,2004-07-22,466146,881179
20040726,2,20040597,"아이, 로봇",2004-07-30,326066,326066
20040726,3,20040573,킹 아더,2004-07-23,303243,584840
20040726,4,20040580,반 헬싱,2004-07-30,278396,279236
20040726,5,20040598,해리포터와 아즈카반의 죄수,2004-07-16,277124,1519463
20040726,6,20040624,누구나 비밀은 있다,2004-07-30,214549,214549
20040726,7,20040498,그놈은 멋있었다,2004-07-22,153323,315767
20040726,8,20040585,내 남자의 로맨스,2004-07-16,144901,731411
20040726,9,20040614,인형사,2004-07-30,94390,94390
20040726,10,20040610,화씨 911,2004-07-22,70470,145296
20040802,1,20040597,"아이, 로봇",2004-07-30,423226,749292
20040802,2,20040580,반 헬싱,2004-07-30,352913,632149
20040802,3,20040612,신부수업,2004-08-05,314480,315108
20040802,4,20040593,분신사바,2004-08-05,279004,279004
20040802,5,20040576,늑대의 유혹,2004-07-22,259744,1140923
20040802,6,20040624,누구나 비밀은 있다,2004-07-30,223095,437644
20040802,7,20040598,해리포터와 아즈카반의 죄수,2004-07-16,172025,1691488
20040802,8,20040573,킹 아더,2004-07-23,169061,753901
20040802,9,20040625,얼굴 없는 미녀,2004-08-06,152353,152353
20040802,10,20040614,인형사,2004-07-30,94015,188405
20040809,1,20040596,바람의 파이터,2004-08-12,428675,428675
20040809,2,20040617,시실리 2km,2004-08-13,284516,284516
20040809,3,20040612,신부수업,2004-08-05,271100,586208
20040809,4,20040593,분신사바,2004-08-05,256929,535933
20040809,5,20040597,"아이, 로봇",2004-07-30,251338,1000630
20040809,6,20040580,반 헬싱,2004-07-30,175393,807542
20040809,7,20040618,리딕 - 헬리온 최후의 빛,2004-08-13,162421,162531
20040809,8,20040625,얼굴 없는 미녀,2004-08-06,158549,310902
20040809,9,20040576,늑대의 유혹,2004-07-22,105524,1246447
20040809,10,20040624,누구나 비밀은 있다,2004-07-30,86236,523880
20040816,1,20040596,바람의 파이터,2004-08-12,518990,947665
20040816,2,20040617,시실리 2km,2004-08-13,401186,685702
20040816,3,20040613,알포인트,2004-08-20,289646,289696
20040816,4,20040615,본 슈프리머시,2004-08-20,159687,161624
20040816,5,20040616,가필드,2004-08-19,113045,113045
20040816,6,20040618,리딕 - 헬리온 최후의 빛,2004-08-13,107815,270346
20040816,7,20040637,쓰리 몬스터,2004-08-20,95110,95110
20040816,8,20040597,"아이, 로봇",2004-07-30,85821,1086451
20040816,9,20040612,신부수업,2004-08-05,76879,663087
20040816,10,20040623,헬보이,2004-08-20,71528,71528
20040823,1,20040613,알포인트,2004-08-20,376307,666003
20040823,2,20040631,터미널,2004-08-27,315564,315564
20040823,3,20040617,시실리 2km,2004-08-13,298004,983706
20040823,4,20040596,바람의 파이터,2004-08-12,295032,1242697
20040823,5,20040615,본 슈프리머시,2004-08-20,152378,314002
20040823,6,20040616,가필드,2004-08-19,108586,221631
20040823,7,20040637,쓰리 몬스터,2004-08-20,70505,165615
20040823,8,20040623,헬보이,2004-08-20,37418,108946
20040823,9,20040600,프레디 대 제이슨-13일의 금요일11,2004-08-27,34652,34652
20040823,10,20040597,"아이, 로봇",2004-07-30,19035,1105486
20040830,1,20040631,터미널,2004-08-27,357022,672586
20040830,2,20040613,알포인트,2004-08-20,233349,899352
20040830,3,20040617,시실리 2km,2004-08-13,168962,1152668
20040830,4,20040554,가족,2004-09-03,168016,168016
20040830,5,20040659,돈 텔 파파,2004-09-03,142682,142682
20040830,6,20040596,바람의 파이터,2004-08-12,138371,1381068
20040830,7,20040648,에이리언 VS 프레데터,2004-09-03,98697,98697
20040830,8,20040581,퀸카로 살아남는 법,2004-09-03,47517,47517
20040830,9,20040615,본 슈프리머시,2004-08-20,46881,360883
20040830,10,20040608,거미숲,2004-09-03,42020,42055
20040906,1,20040640,연인,2004-09-10,430281,430281
20040906,2,20040554,가족,2004-09-03,278350,446366
20040906,3,20040631,터미널,2004-08-27,210344,882930
20040906,4,20040659,돈 텔 파파,2004-09-03,201757,344439
20040906,5,20040613,알포인트,2004-08-20,125997,1025349
20040906,6,20040617,시실리 2km,2004-08-13,85991,1238659
20040906,7,20040648,에이리언 VS 프레데터,2004-09-03,70171,168868
20040906,8,20040596,바람의 파이터,2004-08-12,51249,1432317
20040906,9,20040581,퀸카로 살아남는 법,2004-09-03,32159,79676
20040906,10,20040608,거미숲,2004-09-03,18427,60482
20040913,1,20040649,귀신이 산다,2004-09-17,433801,434211
20040913,2,20040640,연인,2004-09-10,308209,738490
20040913,3,20040554,가족,2004-09-03,238940,685306
20040913,4,20040642,80일간의 세계 일주,2004-09-17,139498,139498
20040913,5,20040619,슈퍼스타 감사용,2004-09-17,136190,136368
20040913,6,20040659,돈 텔 파파,2004-09-03,118252,462691
20040913,7,20040631,터미널,2004-08-27,80336,963266
20040913,8,20040613,알포인트,2004-08-20,35676,1061025
20040913,9,20040617,시실리 2km,2004-08-13,22965,1261624
20040913,10,20040648,에이리언 VS 프레데터,2004-09-03,11527,180395
20040920,1,20040649,귀신이 산다,2004-09-17,476646,910857
20040920,2,20040554,가족,2004-09-03,184066,869372
20040920,3,20040619,슈퍼스타 감사용,2004-09-17,179157,315525
20040920,4,20040651,꽃피는 봄이 오면,2004-09-23,136488,136488
20040920,5,20040640,연인,2004-09-10,136336,874826
20040920,6,20040642,80일간의 세계 일주,2004-09-17,125983,265481
20040920,7,20040650,빌리지,2004-09-24,105321,105321
20040920,8,20040669,캣우먼,2004-09-24,64847,64847
20040920,9,20040670,맨 온 파이어,2004-09-24,58065,58065
20040920,10,20040659,돈 텔 파파,2004-09-03,44392,507083
20040927,1,20040649,귀신이 산다,2004-09-17,658802,1569659
20040927,2,20040554,가족,2004-09-03,280272,1149644
20040927,3,20040651,꽃피는 봄이 오면,2004-09-23,277974,414462
20040927,4,20040619,슈퍼스타 감사용,2004-09-17,242370,557895
20040927,5,20040650,빌리지,2004-09-24,207426,312747
20040927,6,20040642,80일간의 세계 일주,2004-09-17,176008,441489
20040927,7,20040670,맨 온 파이어,2004-09-24,141315,199380
20040927,8,20040640,연인,2004-09-10,135916,1010742
20040927,9,20040669,캣우먼,2004-09-24,109127,173974
20040927,10,20040676,스텝포드 와이프,2004-10-01,55364,55364
20041004,1,20040628,우리 형,2004-10-08,487280,487280
20041004,2,20040649,귀신이 산다,2004-09-17,175106,1744765
20041004,3,20040656,세상의 중심에서 사랑을 외치다,2004-10-08,109704,110069
20041004,4,20040554,가족,2004-09-03,77074,1226718
20041004,5,20040676,스텝포드 와이프,2004-10-01,74284,129648
20041004,6,20040651,꽃피는 봄이 오면,2004-09-23,64170,478632
20041004,7,20040670,맨 온 파이어,2004-09-24,60959,260339
20041004,8,20040619,슈퍼스타 감사용,2004-09-17,54630,612525
20041004,9,20040650,빌리지,2004-09-24,51847,364594
20041004,10,20040642,80일간의 세계 일주,2004-09-17,28167,469656
20041011,1,20040628,우리 형,2004-10-08,636778,1124058
20041011,2,20040655,콜래트럴,2004-10-15,210152,210152
20041011,3,20040656,세상의 중심에서 사랑을 외치다,2004-10-08,122217,232286
20041011,4,20040649,귀신이 산다,2004-09-17,97626,1842391
20041011,5,20040690,2046,2004-10-15,57143,57143
20041011,6,20040688,빈집,2004-10-15,36933,37685
20041011,7,20040670,맨 온 파이어,2004-09-24,34557,294896
20041011,8,20040554,가족,2004-09-03,33999,1260717
20041011,9,20040676,스텝포드 와이프,2004-10-01,32647,162295
20041011,10,20040651,꽃피는 봄이 오면,2004-09-23,16555,495187
20041018,1,20040641,S 다이어리,2004-10-22,426646,426701
20041018,2,20040628,우리 형,2004-10-08,370851,1494909
20041018,3,20040655,콜래트럴,2004-10-15,215456,425608
20041018,4,20040658,썸,2004-10-22,97951,97951
20041018,5,20040656,세상의 중심에서 사랑을 외치다,2004-10-08,61393,293679
20041018,6,20040690,2046,2004-10-15,47851,104994
20041018,7,20040689,비포 선셋,2004-10-22,45695,45695
20041018,8,20040680,21 그램,2004-10-23,31181,31181
20041018,9,20040688,빈집,2004-10-15,29294,66979
20041018,10,20040649,귀신이 산다,2004-09-17,27928,1870319
20041025,1,20040671,주홍글씨,2004-10-29,427637,427637
20041025,2,20040641,S 다이어리,2004-10-22,404539,831240
20041025,3,20040628,우리 형,2004-10-08,180028,1674937
20041025,4,20040655,콜래트럴,2004-10-15,102141,527749
20041025,5,20040658,썸,2004-10-22,100836,198787
20041025,6,20040695,이프 온리,2004-10-29,87412,87626
20041025,7,20040685,프린세스 다이어리 2,2004-10-29,60855,60855
20041025,8,20040689,비포 선셋,2004-10-22,41519,87214
20041025,9,20040680,21 그램,2004-10-23,22971,54152
20041025,10,20040656,세상의 중심에서 사랑을 외치다,2004-10-08,18166,311845
20041101,1,20040673,내 머리 속의 지우개,2004-11-05,463193,463193
20041101,2,20040671,주홍글씨,2004-10-29,367312,794949
20041101,3,20040641,S 다이어리,2004-10-22,175095,1006335
20041101,4,20040695,이프 온리,2004-10-29,155517,243143
20041101,5,20040696,레지던트 이블 2-아포칼립스,2004-11-05,124026,124026
20041101,6,20040628,우리 형,2004-10-08,76981,1751918
20041101,7,20040685,프린세스 다이어리 2,2004-10-29,52661,113516
20041101,8,20040655,콜래트럴,2004-10-15,40978,568727
20041101,9,20040658,썸,2004-10-22,34060,232847
20041101,10,20040694,완벽한 그녀에게 딱 한가지 없는 것,2004-11-05,24945,24945
20041108,1,20040673,내 머리 속의 지우개,2004-11-05,637854,1101047
20041108,2,20040671,주홍글씨,2004-10-29,173620,968569
20041108,3,20040695,이프 온리,2004-10-29,165157,408300
20041108,4,20040696,레지던트 이블 2-아포칼립스,2004-11-05,152023,276049
20041108,5,20040641,S 다이어리,2004-10-22,74757,1081092
20041108,6,20040698,쉘 위 댄스,2004-11-12,45507,45507
20041108,7,20040723,사랑에 빠지는 아주 특별한 법칙,2004-11-12,45231,45231
20041108,8,20040716,모터사이클 다이어리,2004-11-12,26998,26998
20041108,9,20040628,우리 형,2004-10-08,20962,1772880
20041108,10,20040694,완벽한 그녀에게 딱 한가지 없는 것,2004-11-05,18019,42964
20041115,1,20040673,내 머리 속의 지우개,2004-11-05,412718,1513765
20041115,2,20040657,여선생 VS 여제자,2004-11-17,300073,300073
20041115,3,20040700,나비효과,2004-11-12,210019,210019
20041115,4,20040695,이프 온리,2004-10-29,158691,566991
20041115,5,20040696,레지던트 이블 2-아포칼립스,2004-11-05,66968,343017
20041115,6,20040704,하나와 앨리스,2004-11-17,54300,54301
20041115,7,20040671,주홍글씨,2004-10-29,48958,1017527
20041115,8,20040731,엑소시스트: 더 비기닝,2004-11-17,39399,39399
20041115,9,20040711,화이트 칙스,2004-11-17,36521,36521
20041115,10,20040698,쉘 위 댄스,2004-11-12,29370,74877
20041122,1,20040700,나비효과,2004-11-12,296494,506513
20041122,2,20040657,여선생 VS 여제자,2004-11-17,265580,565653
20041122,3,20040673,내 머리 속의 지우개,2004-11-05,221096,1734861
20041122,4,20040695,이프 온리,2004-10-29,134113,701104
20041122,5,20040734,노트북,2004-11-26,107093,107093
20041122,6,20040720,택시: 더 멕시멈,2004-11-17,47271,47271
20041122,7,20040738,"DMZ, 비무장지대",2004-11-26,44286,44286
20041122,8,20040472,귀여워,2004-11-26,33391,33391
20041122,9,20040731,엑소시스트: 더 비기닝,2004-11-17,31992,71391
20041122,10,20040704,하나와 앨리스,2004-11-17,30614,84915
20041129,1,20040700,나비효과,2004-11-12,241713,748226
20041129,2,20040734,노트북,2004-11-26,174955,282048
20041129,3,20040657,여선생 VS 여제자,2004-11-17,168690,734343
20041129,4,20040673,내 머리 속의 지우개,2004-11-05,109944,1844805
20041129,5,20040695,이프 온리,2004-10-29,99143,800247
20041129,6,20040715,포가튼,2004-12-03,96496,96496
20041129,7,20040752,까불지마,2004-12-03,68990,68990
20041129,8,20040720,택시: 더 멕시멈,2004-11-17,61790,109061
20041129,9,20040672,발레 교습소,2004-12-03,52051,52051
20041129,10,20040738,"DMZ, 비무장지대",2004-11-26,44035,88321
20041206,1,20040721,오페라의 유령,2004-12-08,441612,442616
20041206,2,20040743,브리짓 존스의 일기2 : 열정과 애정,2004-12-08,309036,309036
20041206,3,20040700,나비효과,2004-11-12,148989,897215
20041206,4,20040734,노트북,2004-11-26,106225,388273
20041206,5,20040657,여선생 VS 여제자,2004-11-17,87144,821487
20041206,6,20040715,포가튼,2004-12-03,84579,181075
20041206,7,20040752,까불지마,2004-12-03,72245,141235
20041206,8,20040695,이프 온리,2004-10-29,47794,848041
20041206,9,20040673,내 머리 속의 지우개,2004-11-05,33489,1878294
20041206,10,20040672,발레 교습소,2004-12-03,30517,82568
20041213,1,20040682,역도산,2004-12-15,481034,481034
20041213,2,20040721,오페라의 유령,2004-12-08,403869,846485
20041213,3,20040743,브리짓 존스의 일기2 : 열정과 애정,2004-12-08,303536,612572
20041213,4,20040717,블레이드 3,2004-12-15,290017,290017
20041213,5,20040745,인크레더블,2004-12-15,244038,244038
20041213,6,20040700,나비효과,2004-11-12,46485,943700
20041213,7,20040736,엘프,2004-12-15,32348,32996
20041213,8,20040734,노트북,2004-11-26,27030,415303
20041213,9,20040657,여선생 VS 여제자,2004-11-17,18756,840243
20041213,10,20040715,포가튼,2004-12-03,15815,196890
20041220,1,20040756,하울의 움직이는 성,2004-12-23,569521,570121
20041220,2,20040682,역도산,2004-12-15,391931,872965
20041220,3,20040721,오페라의 유령,2004-12-08,383480,1229965
20041220,4,20040743,브리짓 존스의 일기2 : 열정과 애정,2004-12-08,312645,925217
20041220,5,20040717,블레이드 3,2004-12-15,302788,592805
20041220,6,20040745,인크레더블,2004-12-15,271279,515317
20041220,7,20040748,폴라 익스프레스,2004-12-23,131070,131070
20041220,8,20040766,여고생 시집가기,2004-12-23,40924,40924
20041220,9,20040746,서바이빙 크리스마스,2004-12-24,23102,23102
20041220,10,20040736,엘프,2004-12-15,19363,52359
20041227,1,20040756,하울의 움직이는 성,2004-12-23,688467,1258588
20041227,2,20040706,알렉산더,2004-12-31,598669,598669
20041227,3,20040755,내셔널 트레져,2004-12-31,381798,381798
20041227,4,20040721,오페라의 유령,2004-12-08,212001,1441966
20041227,5,20040745,인크레더블,2004-12-15,186375,701692
20041227,6,20040750,신석기 블루스,2004-12-30,142189,142189
20041227,7,20040743,브리짓 존스의 일기2 : 열정과 애정,2004-12-08,138978,1064195
20041227,8,20040748,폴라 익스프레스,2004-12-23,123632,254702
20041227,9,20040682,역도산,2004-12-15,121908,994873
20041227,10,20040717,블레이드 3,2004-12-15,110424,703229
20050103,1,20040706,알렉산더,2004-12-31,481179,1079848
20050103,2,20040756,하울의 움직이는 성,2004-12-23,468819,1727407
20050103,3,20040755,내셔널 트레져,2004-12-31,403715,785513
20050103,4,20040744,샤크,2005-01-07,339342,339927
20050103,5,20048103,오션스 트웰브,2005-01-07,332414,332414
20050103,6,20040745,인크레더블,2004-12-15,115994,817686
20050103,7,20040750,신석기 블루스,2004-12-30,115369,257558
20050103,8,20040721,오페라의 유령,2004-12-08,75947,1517913
20050103,9,20040743,브리짓 존스의 일기2 : 열정과 애정,2004-12-08,45040,1109235
20050103,10,20040748,폴라 익스프레스,2004-12-23,31849,286551
20050110,1,20040774,몽정기2,2005-01-14,417232,417232
20050110,2,20040744,샤크,2005-01-07,335952,675879
20050110,3,20040776,쿵푸 허슬,2005-01-14,307190,307190
20050110,4,20048103,오션스 트웰브,2005-01-07,301173,633587
20050110,5,20040756,하울의 움직이는 성,2004-12-23,291842,2019249
20050110,6,20040755,내셔널 트레져,2004-12-31,223784,1009297
20050110,7,20040775,키다리 아저씨,2005-01-14,185570,185866
20050110,8,20040705,월드 오브 투모로우,2005-01-14,179599,180504
20050110,9,20040706,알렉산더,2004-12-31,171422,1251270
20050110,10,20040745,인크레더블,2004-12-15,43652,861338
20050117,1,20040776,쿵푸 허슬,2005-01-14,341360,648550
20050117,2,20040774,몽정기2,2005-01-14,301077,718309
20050117,3,20040756,하울의 움직이는 성,2004-12-23,235527,2254776
20050117,4,20040775,키다리 아저씨,2005-01-14,198063,383929
20050117,5,20040744,샤크,2005-01-07,173530,849409
20050117,6,20040790,뉴 폴리스 스토리,2005-01-21,170050,170520
20050117,7,20040705,월드 오브 투모로우,2005-01-14,146190,326694
20050117,8,20048103,오션스 트웰브,2005-01-07,136300,769887
20050117,9,20040755,내셔널 트레져,2004-12-31,123180,1132477
20050117,10,20040791,엘렉트라,2005-01-21,102811,102811
20050124,1,20040786,공공의 적 2,2005-01-27,825700,825700
20050124,2,20040785,말아톤,2005-01-27,590518,592328
20050124,3,20040779,레모니 스니켓의 위험한 대결,2005-01-28,318057,318057
20050124,4,20040776,쿵푸 허슬,2005-01-14,149078,797628
20050124,5,20040790,뉴 폴리스 스토리,2005-01-21,139680,310200
20050124,6,20040756,하울의 움직이는 성,2004-12-23,130712,2385488
20050124,7,20040774,몽정기2,2005-01-14,84403,802712
20050124,8,20040791,엘렉트라,2005-01-21,61351,164162
20050124,9,20040775,키다리 아저씨,2005-01-14,53044,436973
20050124,10,20040744,샤크,2005-01-07,43636,893045
20050131,1,20040786,공공의 적 2,2005-01-27,786438,1612138
20050131,2,20040785,말아톤,2005-01-27,746899,1339227
20050131,3,20050008,B형 남자친구,2005-02-03,388139,388139
20050131,4,20050007,그때 그 사람들,2005-02-03,266455,266455
20050131,5,20040779,레모니 스니켓의 위험한 대결,2005-01-28,249040,567097
20050131,6,20040798,클로저,2005-02-03,73904,87180
20050131,7,20040756,하울의 움직이는 성,2004-12-23,30103,2415591
20050131,8,20040790,뉴 폴리스 스토리,2005-01-21,26682,336882
20050131,9,20040781,피닉스,2005-02-04,23637,23637
20050131,10,20040776,쿵푸 허슬,2005-01-14,23366,820994
20050207,1,20040785,말아톤,2005-01-27,1082488,2421715
20050207,2,20040786,공공의 적 2,2005-01-27,887538,2499676
20050207,3,20050010,콘스탄틴,2005-02-08,830455,830455
20050207,4,20050008,B형 남자친구,2005-02-03,571213,959352
20050207,5,20050007,그때 그 사람들,2005-02-03,490872,757327
20050207,6,20040779,레모니 스니켓의 위험한 대결,2005-01-28,177875,744972
20050207,7,20040798,클로저,2005-02-03,93785,180965
20050207,8,20040781,피닉스,2005-02-04,25665,49302
20050207,9,20040756,하울의 움직이는 성,2004-12-23,13621,2429212
20050207,10,20040797,마더 데레사,2005-01-21,6853,50851
20050214,1,20040785,말아톤,2005-01-27,524285,2946000
20050214,2,20050010,콘스탄틴,2005-02-08,422113,1252568
20050214,3,20050011,파송송 계란탁,2005-02-18,320107,320107
20050214,4,20040786,공공의 적 2,2005-01-27,311681,2811357
20050214,5,20040749,에비에이터,2005-02-18,206930,206930
20050214,6,20050008,B형 남자친구,2005-02-03,162545,1121897
20050214,7,20040793,"제니, 주노",2005-02-18,115019,115019
20050214,8,20050007,그때 그 사람들,2005-02-03,109423,866750
20050214,9,20040771,레드 아이,2005-02-18,101943,101943
20050214,10,20040798,클로저,2005-02-03,25821,206786
20050221,1,20040785,말아톤,2005-01-27,455905,3401905
20050221,2,20050011,파송송 계란탁,2005-02-18,359896,680003
20050221,3,20050010,콘스탄틴,2005-02-08,251857,1504425
20050221,4,20050018,숨바꼭질,2005-02-25,228222,228222
20050221,5,20040749,에비에이터,2005-02-18,212631,419561
20050221,6,20040786,공공의 적 2,2005-01-27,158888,2970245
20050221,7,20050004,네버랜드를 찾아서,2005-02-25,76478,76651
20050221,8,20040793,"제니, 주노",2005-02-18,74304,189323
20050221,9,20040771,레드 아이,2005-02-18,73682,175625
20050221,10,20050016,나인 야드 2,2005-02-24,49455,49695
20050228,1,20040785,말아톤,2005-01-27,400885,3802790
20050228,2,20050018,숨바꼭질,2005-02-25,307980,536202
20050228,3,20050011,파송송 계란탁,2005-02-18,253782,933785
20050228,4,20050010,콘스탄틴,2005-02-08,185616,1690041
20050228,5,20040749,에비에이터,2005-02-18,162952,582513
20050228,6,20040786,공공의 적 2,2005-01-27,120610,3090855
20050228,7,20050004,네버랜드를 찾아서,2005-02-25,101883,178534
20050228,8,20050012,레이,2005-02-25,101168,154208
20050228,9,20050027,코러스,2005-03-03,62047,62742
20050228,10,20050016,나인 야드 2,2005-02-24,47803,97498
20050307,1,20040778,마파도,2005-03-10,407651,407651
20050307,2,20050028,밀리언 달러 베이비,2005-03-10,234008,234161
20050307,3,20050033,Mr.히치: 당신을 위한 데이트 코치,2005-03-11,192817,192817
20050307,4,20040785,말아톤,2005-01-27,186097,3988887
20050307,5,20050018,숨바꼭질,2005-02-25,116793,652995
20050307,6,20050014,쏘우,2005-03-10,107536,107848
20050307,7,20050011,파송송 계란탁,2005-02-18,59567,993352
20050307,8,20050012,레이,2005-02-25,40883,195091
20050307,9,20050010,콘스탄틴,2005-02-08,39594,1729635
20050307,10,20040786,공공의 적 2,2005-01-27,32745,3123600
20050314,1,20040778,마파도,2005-03-10,608864,1016515
20050314,2,20050013,잠복근무,2005-03-17,449908,451182
20050314,3,20050028,밀리언 달러 베이비,2005-03-10,222340,456501
20050314,4,20050033,Mr.히치: 당신을 위한 데이트 코치,2005-03-11,206186,399003
20050314,5,20050037,호스티지,2005-03-18,130465,130465
20050314,6,20040785,말아톤,2005-01-27,103442,4092329
20050314,7,20050014,쏘우,2005-03-10,93918,201766
20050314,8,20050018,숨바꼭질,2005-02-25,29253,682248
20050314,9,20040751,"여자, 정혜",2005-03-10,15749,32044
20050314,10,20050012,레이,2005-02-25,12872,207963
20050321,1,20040778,마파도,2005-03-10,559995,1576510
20050321,2,20050013,잠복근무,2005-03-17,507497,958679
20050321,3,20050037,호스티지,2005-03-18,171889,302354
20050321,4,20050028,밀리언 달러 베이비,2005-03-10,150892,607393
20050321,5,20050033,Mr.히치: 당신을 위한 데이트 코치,2005-03-11,128252,527255
20050321,6,20050042,"지금, 만나러 갑니다",2005-03-25,79914,81867
20050321,7,20040785,말아톤,2005-01-27,62967,4155296
20050321,8,20040702,윔블던,2005-03-25,55831,55831
20050321,9,20050014,쏘우,2005-03-10,33266,235032
20050321,10,20040741,래더 49,2005-03-25,27764,27764
20050328,1,20050049,주먹이 운다(Crying Fist),2005-04-01,357094,360754
20050328,2,20040778,마파도,2005-03-10,344609,1921119
20050328,3,20050017,달콤한 인생,2005-04-01,324186,324246
20050328,4,20050013,잠복근무,2005-03-17,242081,1200760
20050328,5,20050048,미스 에이전트2 : 라스베가스 잠입사건,2005-04-01,64687,64687
20050328,6,20050028,밀리언 달러 베이비,2005-03-10,63275,670668
20050328,7,20050037,호스티지,2005-03-18,55708,358062
20050328,8,20050042,"지금, 만나러 갑니다",2005-03-25,47494,129361
20050328,9,20050033,Mr.히치: 당신을 위한 데이트 코치,2005-03-11,45223,572478
20050328,10,20050039,유희왕,2010-01-28,35302,35302
20050404,1,20050049,주먹이 운다(Crying Fist),2005-04-01,534035,894789
20050404,2,20050017,달콤한 인생,2005-04-01,420834,745080
20050404,3,20040778,마파도,2005-03-10,345150,2266269
20050404,4,20050013,잠복근무,2005-03-17,196844,1397604
20050404,5,20050029,엄마,2005-04-07,79215,79215
20050404,6,20050048,미스 에이전트2 : 라스베가스 잠입사건,2005-04-01,66462,131149
20050404,7,20040754,블랙아웃,2005-04-07,64411,64411
20050404,8,20050039,유희왕,2010-01-28,54734,90036
20050404,9,20050028,밀리언 달러 베이비,2005-03-10,36585,707253
20050404,10,20050058,화이트 노이즈,2005-04-08,27811,27811
20050411,1,20050049,주먹이 운다(Crying Fist),2005-04-01,266341,1161130
20050411,2,20040772,역전의 명수,2005-04-15,184708,184708
20050411,3,20050017,달콤한 인생,2005-04-01,178375,923455
20050411,4,20040778,마파도,2005-03-10,159801,2426070
20050411,5,20050034,미트 페어런츠2,2005-04-15,99482,99482
20050411,6,20050013,잠복근무,2005-03-17,73093,1470697
20050411,7,20050029,엄마,2005-04-07,55256,134471
20050411,8,20040754,블랙아웃,2005-04-07,41986,106397
20050411,9,20040687,아나콘다2 : 사라지지 않는 저주,2005-04-15,34556,34556
20050411,10,20050039,유희왕,2010-01-28,12748,102784
20050418,1,20040772,역전의 명수,2005-04-15,207717,392425
20050418,2,20050049,주먹이 운다(Crying Fist),2005-04-01,186087,1347217
20050418,3,20050060,어바웃 러브,2005-04-21,145756,145756
20050418,4,20040778,마파도,2005-03-10,129271,2555341
20050418,5,20050017,달콤한 인생,2005-04-01,127488,1050943
20050418,6,20050069,인터프리터,2005-04-22,113615,113615
20050418,7,20050034,미트 페어런츠2,2005-04-15,103498,202980
20050418,8,20050013,잠복근무,2005-03-17,47340,1518037
20050418,9,20040687,아나콘다2 : 사라지지 않는 저주,2005-04-15,40260,74816
20050418,10,20050029,엄마,2005-04-07,20336,154807
20050425,1,20050077,댄서의 순정,2005-04-28,470958,470958
20050425,2,20050065,트리플 X2 : 넥스트 레벨,2005-04-29,189853,189853
20050425,3,20050060,어바웃 러브,2005-04-21,126341,272097
20050425,4,20050069,인터프리터,2005-04-22,112799,226414
20050425,5,20040772,역전의 명수,2005-04-15,99454,491879
20050425,6,20050072,착신아리2,2005-04-29,95066,95066
20050425,7,20050049,주먹이 운다(Crying Fist),2005-04-01,94457,1441674
20050425,8,20040778,마파도,2005-03-10,62729,2618070
20050425,9,20050017,달콤한 인생,2005-04-01,54255,1105198
20050425,10,20050034,미트 페어런츠2,2005-04-15,31071,234051
20050502,1,20050076,혈의 누,2005-05-04,700519,700519
20050502,2,20050077,댄서의 순정,2005-04-28,585059,1056017
20050502,3,20050078,킹덤 오브 헤븐,2005-05-04,545436,545436
20050502,4,20050065,트리플 X2 : 넥스트 레벨,2005-04-29,170105,359958
20050502,5,20050074,밀리언즈,2005-05-04,112518,112518
20050502,6,20050072,착신아리2,2005-04-29,97157,192223
20050502,7,20050060,어바웃 러브,2005-04-21,34008,306105
20050502,8,20050069,인터프리터,2005-04-22,32901,259315
20050502,9,20050049,주먹이 운다(Crying Fist),2005-04-01,16799,1458473
20050502,10,20040772,역전의 명수,2005-04-15,16003,507882
20050509,1,20050076,혈의 누,2005-05-04,637486,1338005
20050509,2,20050077,댄서의 순정,2005-04-28,420591,1476608
20050509,3,20050078,킹덤 오브 헤븐,2005-05-04,393748,939184
20050509,4,20050065,트리플 X2 : 넥스트 레벨,2005-04-29,82696,442654
20050509,5,20050072,착신아리2,2005-04-29,70699,262922
20050509,6,20050074,밀리언즈,2005-05-04,52212,164730
20050509,7,20050061,코치 카터,2005-05-13,36693,36693
20050509,8,20050095,킨제이 보고서,2005-05-13,27959,27959
20050509,9,20050060,어바웃 러브,2005-04-21,10159,316264
20050509,10,20050069,인터프리터,2005-04-22,8233,267548
20050516,1,20050046,남극일기,2005-05-19,465538,468191
20050516,2,20050076,혈의 누,2005-05-04,358876,1696881
20050516,3,20050077,댄서의 순정,2005-04-28,244436,1721044
20050516,4,20050083,연애술사,2005-05-20,237140,237140
20050516,5,20050078,킹덤 오브 헤븐,2005-05-04,208713,1147897
20050516,6,20050101,하우스 오브 왁스,2005-05-20,103401,103401
20050516,7,20050092,"우리, 사랑일까요?",2005-05-20,63705,63705
20050516,8,20050072,착신아리2,2005-04-29,26538,289460
20050516,9,20050061,코치 카터,2005-05-13,23188,59881
20050516,10,20050065,트리플 X2 : 넥스트 레벨,2005-04-29,21089,463743
20050523,1,20050085,스타워즈 에피소드3 - 시스의복수,2005-05-26,535419,535419
20050523,2,20050083,연애술사,2005-05-20,321477,558617
20050523,3,20050046,남극일기,2005-05-19,271289,739480
20050523,4,20050045,"안녕, 형아",2005-05-27,254935,259801
20050523,5,20050087,그루지,2005-05-26,215361,215361
20050523,6,20050076,혈의 누,2005-05-04,147927,1844808
20050523,7,20050077,댄서의 순정,2005-04-28,96909,1817953
20050523,8,20050101,하우스 오브 왁스,2005-05-20,88619,192020
20050523,9,20050078,킹덤 오브 헤븐,2005-05-04,61316,1209213
20050523,10,20050092,"우리, 사랑일까요?",2005-05-20,51997,115702
20050530,1,20050085,스타워즈 에피소드3 - 시스의복수,2005-05-26,448277,983696
20050530,2,20050045,"안녕, 형아",2005-05-27,302524,562325
20050530,3,20050083,연애술사,2005-05-20,265997,824614
20050530,4,20050087,그루지,2005-05-26,186034,401395
20050530,5,20050117,pm 11:14,2005-06-02,108619,108619
20050530,6,20050062,링2(2005),2005-06-03,96531,96531
20050530,7,20050046,남극일기,2005-05-19,96306,835786
20050530,8,20050076,혈의 누,2005-05-04,55990,1900798
20050530,9,20050126,패시파이어,2005-06-03,30642,30642
20050530,10,20050077,댄서의 순정,2005-04-28,28397,1846350
20050606,1,20050110,연애의 목적,2005-06-10,478931,478931
20050606,2,20050064,간 큰 가족,2005-06-09,422269,424981
20050606,3,20050085,스타워즈 에피소드3 - 시스의복수,2005-05-26,329376,1313072
20050606,4,20050045,"안녕, 형아",2005-05-27,254171,816496
20050606,5,20050083,연애술사,2005-05-20,159096,983710
20050606,6,20050087,그루지,2005-05-26,119936,521331
20050606,7,20050117,pm 11:14,2005-06-02,98074,206693
20050606,8,20050062,링2(2005),2005-06-03,77081,173612
20050606,9,20050046,남극일기,2005-05-19,33726,869512
20050606,10,20050126,패시파이어,2005-06-03,27691,58333
20050613,1,20050113,미스터 & 미세스 스미스,2005-06-16,736175,736175
20050613,2,20050110,연애의 목적,2005-06-10,478623,957554
20050613,3,20050064,간 큰 가족,2005-06-09,389112,814093
20050613,4,20050085,스타워즈 에피소드3 - 시스의복수,2005-05-26,96252,1409324
20050613,5,20040638,텍사스 전기톱 연쇄살인사건,2005-06-16,81099,81099
20050613,6,20050045,"안녕, 형아",2005-05-27,69818,886314
20050613,7,20050083,연애술사,2005-05-20,23995,1007705
20050613,8,20050087,그루지,2005-05-26,22569,543900
20050613,9,20050117,pm 11:14,2005-06-02,17754,224447
20050613,10,20050001,2005 [통합]패키지영화, ,10555,24388
20050620,1,20050113,미스터 & 미세스 스미스,2005-06-16,854238,1590413
20050620,2,20050112,배트맨 비긴즈,2005-06-24,319565,319565
20050620,3,20050110,연애의 목적,2005-06-10,308502,1266056
20050620,4,20050064,간 큰 가족,2005-06-09,282949,1097042
20050620,5,20050115,사하라,2005-06-24,186712,186712
20050620,6,20040638,텍사스 전기톱 연쇄살인사건,2005-06-16,91542,172641
20050620,7,20050085,스타워즈 에피소드3 - 시스의복수,2005-05-26,40125,1449449
20050620,8,20050045,"안녕, 형아",2005-05-27,32233,918547
20050620,9,20050001,2005 [통합]패키지영화, ,11675,36063
20050620,10,20050087,그루지,2005-05-26,7516,551416
20050627,1,20050113,미스터 & 미세스 스미스,2005-06-16,610754,2201167
20050627,2,20050135,분홍신,2005-06-30,355782,355782
20050627,3,20050112,배트맨 비긴즈,2005-06-24,317183,636748
20050627,4,20050115,사하라,2005-06-24,172269,358981
20050627,5,20050084,씬 시티,2005-06-30,166080,166080
20050627,6,20050110,연애의 목적,2005-06-10,162374,1428430
20050627,7,20050064,간 큰 가족,2005-06-09,140438,1237480
20050627,8,20050129,셔터,2005-06-30,103634,104382
20050627,9,20050131,아미티빌 호러,2005-07-01,47470,47470
20050627,10,20040638,텍사스 전기톱 연쇄살인사건,2005-06-16,28021,200662
20050704,1,20050137,우주전쟁,2005-07-07,1227855,1227951
20050704,2,20050135,분홍신,2005-06-30,401208,756990
20050704,3,20050113,미스터 & 미세스 스미스,2005-06-16,393397,2594564
20050704,4,20050112,배트맨 비긴즈,2005-06-24,159132,795880
20050704,5,20050129,셔터,2005-06-30,120671,225053
20050704,6,20050084,씬 시티,2005-06-30,106912,272992
20050704,7,20050110,연애의 목적,2005-06-10,64781,1493211
20050704,8,20050130,어썰트 13,2005-07-07,54046,54046
20050704,9,20050064,간 큰 가족,2005-06-09,51122,1288602
20050704,10,20050115,사하라,2005-06-24,44998,403979
20050711,1,20050137,우주전쟁,2005-07-07,815819,2043770
20050711,2,20050140,마다가스카,2005-07-14,468927,468949
20050711,3,20050141,천군,2005-07-15,332070,332070
20050711,4,20050113,미스터 & 미세스 스미스,2005-06-16,213537,2808101
20050711,5,20050142,여고괴담 4 : 목소리,2005-07-15,195393,195393
20050711,6,20050135,분홍신,2005-06-30,195175,952165
20050711,7,20050112,배트맨 비긴즈,2005-06-24,56334,852214
20050711,8,20050129,셔터,2005-06-30,44087,269140
20050711,9,20050084,씬 시티,2005-06-30,32041,305033
20050711,10,20050130,어썰트 13,2005-07-07,28970,83016
20050718,1,20050144,아일랜드,2005-07-21,865810,865810
20050718,2,20050140,마다가스카,2005-07-14,463662,932611
20050718,3,20050137,우주전쟁,2005-07-07,396260,2440030
20050718,4,20050141,천군,2005-07-15,385420,717490
20050718,5,20050142,여고괴담 4 : 목소리,2005-07-15,159663,355056
20050718,6,20050113,미스터 & 미세스 스미스,2005-06-16,118766,2926867
20050718,7,20050135,분홍신,2005-06-30,100280,1052445
20050718,8,20050147,샤크보이와 라바걸의 모험 : 3-D,2005-07-21,21016,21016
20050718,9,20050129,셔터,2005-06-30,17905,287045
20050718,10,20050112,배트맨 비긴즈,2005-06-24,14147,866361
20050725,1,20050148,친절한 금자씨,2005-07-29,1142930,1142930
20050725,2,20050144,아일랜드,2005-07-21,908793,1774603
20050725,3,20050140,마다가스카,2005-07-14,238439,1171050
20050725,4,20050179,스텔스,2005-07-28,218491,218491
20050725,5,20050168,로봇(애니),2005-07-28,188361,188361
20050725,6,20050141,천군,2005-07-15,159502,876992
20050725,7,20050137,우주전쟁,2005-07-07,136912,2576942
20050725,8,20050176,부기맨,2005-07-28,41773,41773
20050725,9,20050142,여고괴담 4 : 목소리,2005-07-15,38513,393569
20050725,10,20050113,미스터 & 미세스 스미스,2005-06-16,30436,2957303
20050801,1,20050148,친절한 금자씨,2005-07-29,1151938,2294868
20050801,2,20050180,웰컴 투 동막골,2005-08-04,949788,982428
20050801,3,20050144,아일랜드,2005-07-21,770812,2545415
20050801,4,20050168,로봇(애니),2005-07-28,274415,462776
20050801,5,20050179,스텔스,2005-07-28,251126,469617
20050801,6,20050140,마다가스카,2005-07-14,164626,1335676
20050801,7,20050154,발리언트(애니),2005-08-05,78725,78725
20050801,8,20050137,우주전쟁,2005-07-07,57453,2634395
20050801,9,20050141,천군,2005-07-15,52052,929044
20050801,10,20050176,부기맨,2005-07-28,30407,72180
20050808,1,20050180,웰컴 투 동막골,2005-08-04,1199951,2182379
20050808,2,20050178,박수칠 때 떠나라,2005-08-11,562961,562961
20050808,3,20050148,친절한 금자씨,2005-07-29,489913,2784781
20050808,4,20050144,아일랜드,2005-07-21,385884,2931299
20050808,5,20050145,판타스틱4,2005-08-11,272435,272435
20050808,6,20050160,가발,2005-08-12,219622,220047
20050808,7,20050168,로봇(애니),2005-07-28,95194,557970
20050808,8,20050179,스텔스,2005-07-28,57017,526634
20050808,9,20050140,마다가스카,2005-07-14,40462,1376138
20050808,10,20050154,발리언트(애니),2005-08-05,39770,118495
20050815,1,20050180,웰컴 투 동막골,2005-08-04,1200823,3383202
20050815,2,20050178,박수칠 때 떠나라,2005-08-11,758271,1321232
20050815,3,20050189,"이대로, 죽을 순 없다(Short Time)",2005-08-18,269398,269398
20050815,4,20050145,판타스틱4,2005-08-11,235264,507699
20050815,5,20050148,친절한 금자씨,2005-07-29,225859,3010640
20050815,6,20050144,아일랜드,2005-07-21,207036,3138335
20050815,7,20050160,가발,2005-08-12,189436,409483
20050815,8,20050186,옹박 : 두번째 미션,2005-08-18,165431,165431
20050815,9,20050190,첼로-홍미주 일가 살인사건,2005-08-18,104010,104010
20050815,10,20050168,로봇(애니),2005-07-28,49824,607794
20050822,1,20050180,웰컴 투 동막골,2005-08-04,896453,4279655
20050822,2,20050178,박수칠 때 떠나라,2005-08-11,422063,1743295
20050822,3,20050189,"이대로, 죽을 순 없다(Short Time)",2005-08-18,257610,527008
20050822,4,20050205,그녀는 요술쟁이,2005-08-25,134861,134861
20050822,5,20050185,애프터 선셋,2005-08-25,131590,132158
20050822,6,20050186,옹박 : 두번째 미션,2005-08-18,130759,296190
20050822,7,20050198,인 굿 컴퍼니,2005-08-26,92085,92085
20050822,8,20050148,친절한 금자씨,2005-07-29,68639,3079279
20050822,9,20050144,아일랜드,2005-07-21,58926,3197261
20050822,10,20050190,첼로-홍미주 일가 살인사건,2005-08-18,49159,153169
20050829,1,20050180,웰컴 투 동막골,2005-08-04,762478,5042133
20050829,2,20050178,박수칠 때 떠나라,2005-08-11,267105,2010400
20050829,3,20050189,"이대로, 죽을 순 없다(Short Time)",2005-08-18,139905,666913
20050829,4,20050185,애프터 선셋,2005-08-25,122695,254853
20050829,5,20050207,크림슨 리버2,2005-09-01,109161,109161
20050829,6,20050108,게스후,2005-09-02,97305,97305
20050829,7,20050205,그녀는 요술쟁이,2005-08-25,93185,228046
20050829,8,20050198,인 굿 컴퍼니,2005-08-26,82025,174110
20050829,9,20050216,형사 Duelist,2005-09-08,65715,65715
20050829,10,20050218,랜드 오브 데드,2005-09-02,62235,62235
20050905,1,20050219,가문의 위기,2005-09-07,1039095,1054196
20050905,2,20050216,형사 Duelist,2005-09-08,422757,488472
20050905,3,20050180,웰컴 투 동막골,2005-08-04,379790,5421923
20050905,4,20050220,외출,2005-09-07,359833,360497
20050905,5,20050221,나이트 플라이트,2005-09-09,114879,114879
20050905,6,20050178,박수칠 때 떠나라,2005-08-11,53256,2063656
20050905,7,20050207,크림슨 리버2,2005-09-01,28036,137197
20050905,8,20050108,게스후,2005-09-02,22181,119486
20050905,9,20050222,신데렐라맨,2005-09-15,17928,17928
20050905,10,20050185,애프터 선셋,2005-08-25,14168,269021
20050912,1,20050219,가문의 위기,2005-09-07,1214618,2268814
20050912,2,20050180,웰컴 투 동막골,2005-08-04,321121,5743044
20050912,3,20050225,찰리와 초콜릿 공장,2005-09-16,274790,274790
20050912,4,20050216,형사 Duelist,2005-09-08,239443,727915
20050912,5,20050220,외출,2005-09-07,188888,549385
20050912,6,20050222,신데렐라맨,2005-09-15,133221,151149
20050912,7,20050164,더 독,2005-09-16,122322,122322
20050912,8,20050221,나이트 플라이트,2005-09-09,112248,227127
20050912,9,20050239,너는 내 운명,2005-09-23,89139,89139
20050912,10,20050001,2005 [통합]패키지영화, ,10102,126523
20050919,1,20050219,가문의 위기,2005-09-07,1291437,3560251
20050919,2,20050239,너는 내 운명,2005-09-23,663617,752756
20050919,3,20050225,찰리와 초콜릿 공장,2005-09-16,496824,771614
20050919,4,20050180,웰컴 투 동막골,2005-08-04,426453,6169497
20050919,5,20050222,신데렐라맨,2005-09-15,199236,350385
20050919,6,20050164,더 독,2005-09-16,173477,295799
20050919,7,20050216,형사 Duelist,2005-09-08,172568,900483
20050919,8,20050220,외출,2005-09-07,116035,665420
20050919,9,20050221,나이트 플라이트,2005-09-09,65948,293075
20050919,10,20050237,미스터 주부퀴즈왕,2005-09-30,15101,15101
20050926,1,20050239,너는 내 운명,2005-09-23,718284,1471040
20050926,2,20050219,가문의 위기,2005-09-07,422634,3982885
20050926,3,20050233,강력 3반,2005-09-29,279088,289127
20050926,4,20050225,찰리와 초콜릿 공장,2005-09-16,190864,962478
20050926,5,20050237,미스터 주부퀴즈왕,2005-09-30,162384,177485
20050926,6,20050238,칠검,2005-09-29,152810,152810
20050926,7,20050180,웰컴 투 동막골,2005-08-04,128182,6297679
20050926,8,20050245,사랑니,2005-09-29,81872,81872
20050926,9,20050222,신데렐라맨,2005-09-15,40729,391114
20050926,10,20050228,보글보글 스폰지밥(애니),2005-09-30,27413,27413
20051003,1,20050239,너는 내 운명,2005-09-23,572643,2043683
20051003,2,20050232,내 생애 가장 아름다운 일주일,2005-10-07,491052,491205
20051003,3,20050233,강력 3반,2005-09-29,312312,601439
20051003,4,20050219,가문의 위기,2005-09-07,307450,4290335
20051003,5,20050225,찰리와 초콜릿 공장,2005-09-16,186180,1148658
20051003,6,20050237,미스터 주부퀴즈왕,2005-09-30,137885,315370
20051003,7,20050238,칠검,2005-09-29,111987,264797
20051003,8,20050180,웰컴 투 동막골,2005-08-04,83552,6381231
20051003,9,20050249,날 미치게하는 남자,2005-10-07,73916,73916
20051003,10,20050245,사랑니,2005-09-29,49774,131646
20051010,1,20050232,내 생애 가장 아름다운 일주일,2005-10-07,637006,1128211
20051010,2,20050239,너는 내 운명,2005-09-23,309856,2353539
20051010,3,20050258,신화 : 진시황릉의 비밀,2005-10-13,215753,215753
20051010,4,20050219,가문의 위기,2005-09-07,150931,4441266
20051010,5,20050233,강력 3반,2005-09-29,149094,750533
20051010,6,20050225,찰리와 초콜릿 공장,2005-09-16,79143,1227801
20051010,7,20050250,당신이 사랑하는 동안에,2005-10-13,68489,68489
20051010,8,20050229,4 브라더스,2005-10-14,52353,52353
20051010,9,20050256,새드무비,2005-10-20,35992,35992
20051010,10,20050180,웰컴 투 동막골,2005-08-04,31992,6413223
20051017,1,20050232,내 생애 가장 아름다운 일주일,2005-10-07,494619,1622830
20051017,2,20050256,새드무비,2005-10-20,491021,527013
20051017,3,20050239,너는 내 운명,2005-09-23,208808,2562347
20051017,4,20050258,신화 : 진시황릉의 비밀,2005-10-13,181838,397591
20051017,5,20050257,케이브,2005-10-20,124154,124154
20051017,6,20050152,베니스의 상인,2005-10-20,71750,71750
20051017,7,20050219,가문의 위기,2005-09-07,67026,4508292
20051017,8,20050233,강력 3반,2005-09-29,58364,808897
20051017,9,20050259,트랜스포터 엑스트림,2005-10-20,57625,57625
20051017,10,20050250,당신이 사랑하는 동안에,2005-10-13,51481,119970
20051024,1,20050232,내 생애 가장 아름다운 일주일,2005-10-07,356593,1979423
20051024,2,20050261,야수와 미녀,2005-10-27,300503,300503
20051024,3,20050256,새드무비,2005-10-20,282702,809715
20051024,4,20050271,오로라 공주,2005-10-27,271071,271071
20051024,5,20050263,레전드 오브 조로,2005-10-28,163908,163908
20051024,6,20050239,너는 내 운명,2005-09-23,97478,2659825
20051024,7,20050257,케이브,2005-10-20,77181,201335
20051024,8,20050254,퍼펙트 웨딩(몬스터 인 로),2005-10-20,74489,74489
20051024,9,20050258,신화 : 진시황릉의 비밀,2005-10-13,45996,443587
20051024,10,20050152,베니스의 상인,2005-10-20,44340,116090
20051031,1,20050261,야수와 미녀,2005-10-27,423849,724352
20051031,2,20050271,오로라 공주,2005-10-27,329746,600817
20051031,3,20050232,내 생애 가장 아름다운 일주일,2005-10-07,206833,2186256
20051031,4,20050253,유령신부(애니),2005-11-03,196308,196308
20051031,5,20050276,"사랑해, 말순씨",2005-11-03,185020,185020
20051031,6,20050278,월래스와 그로밋 : 거대토끼의 저주,2005-11-04,165663,165663
20051031,7,20050263,레전드 오브 조로,2005-10-28,106257,270165
20051031,8,20050256,새드무비,2005-10-20,76955,886670
20051031,9,20050277,40살까지 못해본 사람,2005-11-04,35899,35899
20051031,10,20050254,퍼펙트 웨딩(몬스터 인 로),2005-10-20,32148,106637
20051107,1,20050280,미스터 소크라테스,2005-11-10,351560,353498
20051107,2,20050261,야수와 미녀,2005-10-27,314750,1039102
20051107,3,20050255,플라이트 플랜,2005-11-18,274899,290000
20051107,4,20050271,오로라 공주,2005-10-27,173507,774324
20051107,5,20050253,유령신부(애니),2005-11-03,156119,352427
20051107,6,20050283,"소년, 천국에 가다",2005-11-11,142002,143642
20051107,7,20050276,"사랑해, 말순씨",2005-11-03,138650,323670
20051107,8,20050278,월래스와 그로밋 : 거대토끼의 저주,2005-11-04,124038,289701
20051107,9,20050232,내 생애 가장 아름다운 일주일,2005-10-07,83683,2269939
20051107,10,20050082,이터널 선샤인,2005-11-10,63931,63931
20051114,1,20050280,미스터 소크라테스,2005-11-10,382164,735662
20051114,2,20050291,그림형제 : 마르바덴 숲의 전설,2005-11-17,290460,290460
20051114,3,20050288,무영검,2005-11-18,255979,255979
20051114,4,20050255,플라이트 플랜,2005-11-18,241971,531971
20051114,5,20050261,야수와 미녀,2005-10-27,185453,1224555
20051114,6,20050290,로드 오브 워,2005-11-18,62571,62571
20051114,7,20050253,유령신부(애니),2005-11-03,61384,413811
20051114,8,20050283,"소년, 천국에 가다",2005-11-11,57627,201269
20051114,9,20050082,이터널 선샤인,2005-11-10,53208,117139
20051114,10,20050289,엘리자베스타운,2005-11-18,51885,51885
20051121,1,20050292,광식이 동생 광태,2005-11-23,731168,746269
20051121,2,20050291,그림형제 : 마르바덴 숲의 전설,2005-11-17,298401,588861
20051121,3,20050305,나의 결혼원정기,2005-11-23,265381,281608
20051121,4,20050280,미스터 소크라테스,2005-11-10,233088,968750
20051121,5,20050288,무영검,2005-11-18,190336,446315
20051121,6,20050255,플라이트 플랜,2005-11-18,123305,655276
20051121,7,20050261,야수와 미녀,2005-10-27,95488,1320043
20051121,8,20050290,로드 오브 워,2005-11-18,36600,99171
20051121,9,20050284,도쿄타워,2005-11-23,32514,32516
20051121,10,20050082,이터널 선샤인,2005-11-10,31186,148325
20051128,1,20050310,해리 포터와 불의 잔,2005-12-01,1055517,1055521
20051128,2,20050292,광식이 동생 광태,2005-11-23,576194,1322463
20051128,3,20050318,6월의 일기,2005-12-01,242205,243985
20051128,4,20050305,나의 결혼원정기,2005-11-23,191985,473593
20051128,5,20050319,저스트 라이크 헤븐,2005-12-01,119741,119741
20051128,6,20050291,그림형제 : 마르바덴 숲의 전설,2005-11-17,102045,690906
20051128,7,20050280,미스터 소크라테스,2005-11-10,70556,1039306
20051128,8,20050288,무영검,2005-11-18,55883,502198
20051128,9,20050255,플라이트 플랜,2005-11-18,25786,681062
20051128,10,20050320,둠,2005-12-02,21321,21321
20051205,1,20050310,해리 포터와 불의 잔,2005-12-01,1117051,2172572
20051205,2,20050292,광식이 동생 광태,2005-11-23,442897,1765360
20051205,3,20050318,6월의 일기,2005-12-01,267371,511356
20051205,4,20050322,프라임 러브,2005-12-08,139553,139706
20051205,5,20050319,저스트 라이크 헤븐,2005-12-01,118587,238328
20051205,6,20050305,나의 결혼원정기,2005-11-23,111238,584831
20051205,7,20050306,애인,2005-12-08,69282,69282
20051205,8,20050291,그림형제 : 마르바덴 숲의 전설,2005-11-17,28837,719743
20051205,9,20050280,미스터 소크라테스,2005-11-10,23706,1063012
20051205,10,20050288,무영검,2005-11-18,15462,517660
20051212,1,20050326,태풍,2005-12-14,1365184,1370600
20051212,2,20050324,킹콩,2005-12-14,669955,669955
20051212,3,20050310,해리 포터와 불의 잔,2005-12-01,579178,2751750
20051212,4,20050292,광식이 동생 광태,2005-11-23,191147,1956507
20051212,5,20050318,6월의 일기,2005-12-01,73150,584506
20051212,6,20050322,프라임 러브,2005-12-08,59867,199573
20051212,7,20050331,"우리, 사랑해도 되나요?",2005-12-15,39464,39464
20051212,8,20050305,나의 결혼원정기,2005-11-23,33339,618170
20051212,9,20050306,애인,2005-12-08,27183,96465
20051212,10,20050330,작업의 정석,2005-12-21,26399,26399
20051219,1,20050326,태풍,2005-12-14,1198919,2569519
20051219,2,20050324,킹콩,2005-12-14,930695,1600650
20051219,3,20050330,작업의 정석,2005-12-21,734293,760692
20051219,4,20050310,해리 포터와 불의 잔,2005-12-01,409328,3161078
20051219,5,20050332,파랑주의보,2005-12-22,180101,190708
20051219,6,20050292,광식이 동생 광태,2005-11-23,61690,2018197
20051219,7,20050331,"우리, 사랑해도 되나요?",2005-12-15,23316,62780
20051219,8,20050001,2005 [통합]패키지영화, ,10499,201853
20051219,9,20050322,프라임 러브,2005-12-08,9463,209036
20051219,10,20050318,6월의 일기,2005-12-01,8890,593396
20051226,1,20050333,왕의 남자,2005-12-29,1007507,1007537
20051226,2,20050338,"나니아 연대기-사자,마녀 그리고 옷장",2005-12-29,870055,870055
20051226,3,20050324,킹콩,2005-12-14,767701,2368351
20051226,4,20050330,작업의 정석,2005-12-21,614016,1374708
20051226,5,20050326,태풍,2005-12-14,603037,3172556
20051226,6,20050342,청연,2005-12-29,290478,299269
20051226,7,20050310,해리 포터와 불의 잔,2005-12-01,173047,3334125
20051226,8,20050332,파랑주의보,2005-12-22,43630,234338
20051226,9,20050001,2005 [통합]패키지영화, ,17469,219322
20051226,10,20050305,나의 결혼원정기,2005-11-23,5995,632473
20060102,1,20050333,왕의 남자,2005-12-29,1510074,2517611
20060102,2,20050338,"나니아 연대기-사자,마녀 그리고 옷장",2005-12-29,639121,1509176
20060102,3,20050324,킹콩,2005-12-14,515523,2883874
20060102,4,20050346,싸움의 기술,2006-01-05,495457,497054
20060102,5,20050330,작업의 정석,2005-12-21,310465,1685173
20060102,6,20050326,태풍,2005-12-14,218480,3391036
20060102,7,20050342,청연,2005-12-29,142225,441494
20060102,8,20050310,해리 포터와 불의 잔,2005-12-01,71992,3406117
20060102,9,20050353,퍼햅스 러브,2006-01-05,57432,58109
20060102,10,20050001,2005 [통합]패키지영화, ,5385,224707
20060109,1,20050333,왕의 남자,2005-12-29,1583891,4101502
20060109,2,20050345,야수,2006-01-12,494114,494114
20060109,3,20050346,싸움의 기술,2006-01-05,435797,932851
20060109,4,20050338,"나니아 연대기-사자,마녀 그리고 옷장",2005-12-29,399927,1909103
20060109,5,20050324,킹콩,2005-12-14,342805,3226679
20060109,6,20050330,작업의 정석,2005-12-21,131006,1816179
20060109,7,20050326,태풍,2005-12-14,65295,3456331
20060109,8,20050342,청연,2005-12-29,39266,480760
20060109,9,20050352,당신이 그녀라면,2006-01-12,28535,28820
20060109,10,20050353,퍼햅스 러브,2006-01-05,24081,82190
20060116,1,20050333,왕의 남자,2005-12-29,1407288,5508790
20060116,2,20050363,투사부일체,2006-01-19,1388475,1388475
20060116,3,20050345,야수,2006-01-12,256076,750190
20060116,4,20050349,홀리데이,2006-01-19,254664,258030
20060116,5,20050338,"나니아 연대기-사자,마녀 그리고 옷장",2005-12-29,199241,2108344
20060116,6,20050346,싸움의 기술,2006-01-05,177264,1110115
20060116,7,20050324,킹콩,2005-12-14,168646,3395325
20060116,8,20050361,투 브라더스,2006-01-20,74060,74518
20060116,9,20050330,작업의 정석,2005-12-21,30402,1846581
20060116,10,20050352,당신이 그녀라면,2006-01-12,14792,43612
20060123,1,20050363,투사부일체,2006-01-19,1580784,2969259
20060123,2,20050333,왕의 남자,2005-12-29,1197309,6706099
20060123,3,20050349,홀리데이,2006-01-19,346584,604614
20060123,4,20050359,무극,2006-01-26,302202,302202
20060123,5,20050354,사랑을 놓치다,2006-01-26,156998,157376
20060123,6,20050364,치킨리틀,2006-01-26,146755,158316
20060123,7,20050345,야수,2006-01-12,59031,809221
20060123,8,20050324,킹콩,2005-12-14,45881,3441206
20060123,9,20050338,"나니아 연대기-사자,마녀 그리고 옷장",2005-12-29,44072,2152416
20060123,10,20050361,투 브라더스,2006-01-20,43967,118485
20060130,1,20050363,투사부일체,2006-01-19,1407756,4377015
20060130,2,20050333,왕의 남자,2005-12-29,1380770,8086869
20060130,3,20050349,홀리데이,2006-01-19,398196,1002810
20060130,4,20050359,무극,2006-01-26,343047,645249
20060130,5,20050362,게이샤의 추억,2006-02-02,328818,333806
20060130,6,20050364,치킨리틀,2006-01-26,289041,447357
20060130,7,20050354,사랑을 놓치다,2006-01-26,243072,400448
20060130,8,20050360,내니맥피-우리 유모는 마법사,2006-02-03,120136,120136
20060130,9,20050345,야수,2006-01-12,25716,834937
20060130,10,20050361,투 브라더스,2006-01-20,23904,142389
20060206,1,20050333,왕의 남자,2005-12-29,680244,8767113
20060206,2,20060017,흡혈형사 나도열,2006-02-09,617315,618723
20060206,3,20050363,투사부일체,2006-01-19,416187,4793202
20060206,4,20060016,뮌헨,2006-02-10,306812,307476
20060206,5,20050362,게이샤의 추억,2006-02-02,299632,633438
20060206,6,20060015,백만장자의 첫사랑,2006-02-09,256055,257783
20060206,7,20050349,홀리데이,2006-01-19,152365,1155175
20060206,8,20050360,내니맥피-우리 유모는 마법사,2006-02-03,73303,193439
20060206,9,20050354,사랑을 놓치다,2006-01-26,58069,458517
20060206,10,20060022,폭풍우 치는 밤에,2006-02-09,57960,57960
20060213,1,20050333,왕의 남자,2005-12-29,623870,9390983
20060213,2,20060017,흡혈형사 나도열,2006-02-09,530909,1149632
20060213,3,20060019,구세주,2006-02-16,466401,466401
20060213,4,20060016,뮌헨,2006-02-10,298510,605986
20060213,5,20060015,백만장자의 첫사랑,2006-02-09,209753,467536
20060213,6,20050363,투사부일체,2006-01-19,204543,4997745
20060213,7,20050362,게이샤의 추억,2006-02-02,161598,795036
20060213,8,20050351,쏘우 2,2006-02-16,161341,161341
20060213,9,20060024,파이어월,2006-02-17,82174,82174
20060213,10,20060022,폭풍우 치는 밤에,2006-02-09,65593,123553
20060220,1,20050355,음란서생,2006-02-23,756459,759048
20060220,2,20060019,구세주,2006-02-16,488140,954541
20060220,3,20050333,왕의 남자,2005-12-29,381169,9772152
20060220,4,20060017,흡혈형사 나도열,2006-02-09,241746,1391378
20060220,5,20060031,언더월드2 - 에볼루션,2006-02-23,173085,173303
20060220,6,20050351,쏘우 2,2006-02-16,133825,295166
20060220,7,20060016,뮌헨,2006-02-10,111941,717927
20060220,8,20060025,손님은 왕이다,2006-02-23,80271,80752
20060220,9,20060015,백만장자의 첫사랑,2006-02-09,67835,535371
20060220,10,20060022,폭풍우 치는 밤에,2006-02-09,65462,189015
20060227,1,20050355,음란서생,2006-02-23,867155,1626203
20060227,2,20060019,구세주,2006-02-16,389072,1343613
20060227,3,20050333,왕의 남자,2005-12-29,308711,10080863
20060227,4,20060031,언더월드2 - 에볼루션,2006-02-23,217873,391176
20060227,5,20060038,웨딩 크래셔,2006-03-01,146546,147709
20060227,6,20060017,흡혈형사 나도열,2006-02-09,136521,1527899
20060227,7,20060040,브로크백 마운틴,2006-03-01,78645,78875
20060227,8,20050351,쏘우 2,2006-02-16,63379,358545
20060227,9,20060025,손님은 왕이다,2006-02-23,62376,143128
20060227,10,20060022,폭풍우 치는 밤에,2006-02-09,45940,234955
20060306,1,20050350,데이지,2006-03-09,518913,518913
20060306,2,20050355,음란서생,2006-02-23,430908,2057111
20060306,3,20050333,왕의 남자,2005-12-29,244692,10325555
20060306,4,20060019,구세주,2006-02-16,199546,1543159
20060306,5,20060031,언더월드2 - 에볼루션,2006-02-23,114563,505739
20060306,6,20060042,앙코르,2006-03-09,93780,93780
20060306,7,20060038,웨딩 크래셔,2006-03-01,93377,241086
20060306,8,20060040,브로크백 마운틴,2006-03-01,67498,146373
20060306,9,20060017,흡혈형사 나도열,2006-02-09,31402,1559301
20060306,10,20050351,쏘우 2,2006-02-16,23353,381898
20060313,1,20050344,여교수의 은밀한 매력,2006-03-16,346054,346054
20060313,2,20050350,데이지,2006-03-09,311273,830186
20060313,3,20060046,방과후 옥상,2006-03-16,281233,281233
20060313,4,20050355,음란서생,2006-02-23,191246,2248357
20060313,5,20060047,로망스,2006-03-16,190081,190081
20060313,6,20060048,브이 포 벤데타,2006-03-16,188169,188169
20060313,7,20050333,왕의 남자,2005-12-29,117177,10442732
20060313,8,20060042,앙코르,2006-03-09,71462,165242
20060313,9,20060019,구세주,2006-02-16,69121,1612280
20060313,10,20060031,언더월드2 - 에볼루션,2006-02-23,38182,543921
20060320,1,20060051,청춘만화,2006-03-23,662417,665005
20060320,2,20060046,방과후 옥상,2006-03-16,289023,570256
20060320,3,20050344,여교수의 은밀한 매력,2006-03-16,206749,552803
20060320,4,20060033,오만과 편견,2006-03-24,174002,191411
20060320,5,20060050,무인 곽원갑,2006-03-23,166173,166173
20060320,6,20060048,브이 포 벤데타,2006-03-16,162487,350656
20060320,7,20060047,로망스,2006-03-16,138830,328911
20060320,8,20050350,데이지,2006-03-09,71682,901868
20060320,9,20050355,음란서생,2006-02-23,49193,2297550
20060320,10,20050333,왕의 남자,2005-12-29,46576,10489308
20060327,1,20060051,청춘만화,2006-03-23,548863,1213868
20060327,2,20060033,오만과 편견,2006-03-24,251425,442836
20060327,3,20060057,뻔뻔한 딕&제인,2006-03-30,216315,237330
20060327,4,20060056,원초적 본능 2,2006-03-30,188198,188198
20060327,5,20060046,방과후 옥상,2006-03-16,151424,721680
20060327,6,20060050,무인 곽원갑,2006-03-23,114411,280584
20060327,7,20060048,브이 포 벤데타,2006-03-16,70991,421647
20060327,8,20050308,카리스마 탈출기,2006-03-30,63227,63227
20060327,9,20060067,시리아나,2006-03-30,55761,55761
20060327,10,20050344,여교수의 은밀한 매력,2006-03-16,48818,601621
20060403,1,20060068,"달콤, 살벌한 연인",2006-04-06,495165,497779
20060403,2,20060018,빨간모자의 진실,2006-04-06,304587,319828
20060403,3,20060051,청춘만화,2006-03-23,248096,1461964
20060403,4,20060033,오만과 편견,2006-03-24,199484,642320
20060403,5,20060057,뻔뻔한 딕&제인,2006-03-30,179689,417019
20060403,6,20060056,원초적 본능 2,2006-03-30,104189,292387
20060403,7,20060073,크래쉬,2006-04-06,70335,70335
20060403,8,20060076,에디슨 시티,2006-04-06,62089,62427
20060403,9,20060046,방과후 옥상,2006-03-16,44445,766125
20060403,10,20060075,달콤한 백수와 사랑만들기,2006-04-07,43260,43260
20060410,1,20060068,"달콤, 살벌한 연인",2006-04-06,597175,1094954
20060410,2,20060018,빨간모자의 진실,2006-04-06,261360,581188
20060410,3,20060080,드리머,2006-04-13,134147,143754
20060410,4,20060033,오만과 편견,2006-03-24,126764,769084
20060410,5,20060052,엑소시즘 오브 에밀리 로즈,2006-04-13,87846,87846
20060410,6,20060051,청춘만화,2006-03-23,87125,1549089
20060410,7,20060077,연리지,2006-04-13,78941,80705
20060410,8,20060082,매치 포인트,2006-04-13,64552,64990
20060410,9,20060057,뻔뻔한 딕&제인,2006-03-30,57951,474970
20060410,10,20060073,크래쉬,2006-04-06,53087,123422
20060417,1,20060068,"달콤, 살벌한 연인",2006-04-06,499579,1594533
20060417,2,20060018,빨간모자의 진실,2006-04-06,159023,740211
20060417,3,20060087,인사이드 맨,2006-04-21,155556,155556
20060417,4,20060089,식스틴블럭,2006-04-20,150533,150733
20060417,5,20060299,원피스 - 기계태엽성의 메카거병,2006-10-26,135391,139551
20060417,6,20060090,아이스 에이지 2,2006-04-20,112050,112050
20060417,7,20060080,드리머,2006-04-13,108329,252083
20060417,8,20060088,마이 캡틴 김대출,2006-04-20,84537,84537
20060417,9,20060033,오만과 편견,2006-03-24,70860,839944
20060417,10,20060052,엑소시즘 오브 에밀리 로즈,2006-04-13,62428,150274
20060424,1,20060100,사생결단,2006-04-27,642160,642293
20060424,2,20060005,맨발의 기봉이,2006-04-26,490665,492761
20060424,3,20060068,"달콤, 살벌한 연인",2006-04-06,285910,1880443
20060424,4,20060085,도마뱀,2006-04-27,210315,212145
20060424,5,20060087,인사이드 맨,2006-04-21,107133,262689
20060424,6,20060089,식스틴블럭,2006-04-20,100563,251296
20060424,7,20060299,원피스 - 기계태엽성의 메카거병,2006-10-26,94327,233878
20060424,8,20060018,빨간모자의 진실,2006-04-06,68928,809139
20060424,9,20060090,아이스 에이지 2,2006-04-20,67087,179137
20060424,10,20060033,오만과 편견,2006-03-24,25758,865702
20060501,1,20060107,미션 임파서블 3,2006-05-03,1445146,1445146
20060501,2,20060005,맨발의 기봉이,2006-04-26,685782,1178543
20060501,3,20060100,사생결단,2006-04-27,611901,1254194
20060501,4,20060299,원피스 - 기계태엽성의 메카거병,2006-10-26,173497,407375
20060501,5,20060068,"달콤, 살벌한 연인",2006-04-06,146895,2027338
20060501,6,20060093,국경의 남쪽,2006-05-04,144056,145840
20060501,7,20060085,도마뱀,2006-04-27,128891,341036
20060501,8,20060018,빨간모자의 진실,2006-04-06,77200,886339
20060501,9,20060090,아이스 에이지 2,2006-04-20,53631,232768
20060501,10,20060119,개구리중사 케로로,2006-05-04,47803,47803
20060508,1,20060107,미션 임파서블 3,2006-05-03,1344113,2789259
20060508,2,20060005,맨발의 기봉이,2006-04-26,444818,1623361
20060508,3,20060100,사생결단,2006-04-27,294984,1549178
20060508,4,20060113,파이널 데스티네이션,2006-05-11,180882,180882
20060508,5,20060112,공필두,2006-05-11,109462,109462
20060508,6,20060093,국경의 남쪽,2006-05-04,65179,211019
20060508,7,20060299,원피스 - 기계태엽성의 메카거병,2006-10-26,60857,468232
20060508,8,20060068,"달콤, 살벌한 연인",2006-04-06,38095,2065433
20060508,9,20060085,도마뱀,2006-04-27,20460,361496
20060508,10,20060121,안소니 짐머,2006-05-11,18536,18536
20060515,1,20060117,다빈치 코드,2006-05-18,1250605,1250605
20060515,2,20060107,미션 임파서블 3,2006-05-03,956765,3746024
20060515,3,20060005,맨발의 기봉이,2006-04-26,281295,1904656
20060515,4,20060100,사생결단,2006-04-27,135913,1685091
20060515,5,20060113,파이널 데스티네이션,2006-05-11,134793,315675
20060515,6,20060123,가족의 탄생,2006-05-18,111173,112710
20060515,7,20060112,공필두,2006-05-11,47165,156627
20060515,8,20060299,원피스 - 기계태엽성의 메카거병,2006-10-26,42028,510260
20060515,9,20060093,국경의 남쪽,2006-05-04,15114,226133
20060515,10,20060018,빨간모자의 진실,2006-04-06,10739,914278
20060522,1,20060117,다빈치 코드,2006-05-18,936534,2187139
20060522,2,20060107,미션 임파서블 3,2006-05-03,574543,4320567
20060522,3,20060134,짝패,2006-05-25,380398,380398
20060522,4,20060124,호로비츠를 위하여,2006-05-25,190679,200807
20060522,5,20060125,"생, 날선생",2006-05-25,154526,154526
20060522,6,20060005,맨발의 기봉이,2006-04-26,83461,1988117
20060522,7,20060123,가족의 탄생,2006-05-18,64107,176817
20060522,8,20060113,파이널 데스티네이션,2006-05-11,38249,353924
20060522,9,20060100,사생결단,2006-04-27,31810,1716901
20060522,10,20060126,행운을 돌려줘!,2006-05-25,23989,23989
20060529,1,20060129,포세이돈,2006-05-31,952588,952588
20060529,2,20060117,다빈치 코드,2006-05-18,465856,2652995
20060529,3,20060107,미션 임파서블 3,2006-05-03,386473,4707040
20060529,4,20060134,짝패,2006-05-25,349691,730089
20060529,5,20060130,헷지,2006-05-31,346143,346534
20060529,6,20060135,모노폴리,2006-06-01,174470,174470
20060529,7,20060124,호로비츠를 위하여,2006-05-25,145280,346087
20060529,8,20060070,구타유발자들,2006-05-31,91592,91592
20060529,9,20060125,"생, 날선생",2006-05-25,64386,218912
20060529,10,20060123,가족의 탄생,2006-05-18,12968,189785
20060605,1,20060129,포세이돈,2006-05-31,841794,1794382
20060605,2,20060130,헷지,2006-05-31,355993,702527
20060605,3,20060107,미션 임파서블 3,2006-05-03,280698,4987738
20060605,4,20060117,다빈치 코드,2006-05-18,266413,2919408
20060605,5,20060134,짝패,2006-05-25,222572,952661
20060605,6,20060152,오멘,2006-06-06,208648,208648
20060605,7,20060161,환생,2006-06-08,167746,167746
20060605,8,20060135,모노폴리,2006-06-01,154048,328518
20060605,9,20060124,호로비츠를 위하여,2006-05-25,89739,435826
20060605,10,20060070,구타유발자들,2006-05-31,48095,139687
20060612,1,20060136,엑스맨 : 최후의 전쟁,2006-06-15,806496,806984
20060612,2,20060137,비열한 거리,2006-06-15,515935,518311
20060612,3,20060129,포세이돈,2006-05-31,285728,2080110
20060612,4,20060161,환생,2006-06-08,112878,280624
20060612,5,20060107,미션 임파서블 3,2006-05-03,94123,5081861
20060612,6,20060130,헷지,2006-05-31,76464,778991
20060612,7,20060117,다빈치 코드,2006-05-18,74514,2993922
20060612,8,20060152,오멘,2006-06-06,63272,271920
20060612,9,20060134,짝패,2006-05-25,54829,1007490
20060612,10,20060135,모노폴리,2006-06-01,24828,353346
20060619,1,20060137,비열한 거리,2006-06-15,584381,1102692
20060619,2,20060136,엑스맨 : 최후의 전쟁,2006-06-15,577781,1384765
20060619,3,20060138,강적,2006-06-22,171138,171411
20060619,4,20060129,포세이돈,2006-05-31,169012,2249122
20060619,5,20060164,착신아리 파이널,2006-06-22,151218,151218
20060619,6,20060156,럭키 넘버 슬레븐,2006-06-22,131160,132263
20060619,7,20060130,헷지,2006-05-31,45354,824345
20060619,8,20060155,이온 플럭스,2006-06-22,45256,45256
20060619,9,20060107,미션 임파서블 3,2006-05-03,37808,5119669
20060619,10,20060161,환생,2006-06-08,37433,318057
20060626,1,20060148,수퍼맨 리턴즈,2006-06-28,814768,814768
20060626,2,20060137,비열한 거리,2006-06-15,420857,1523549
20060626,3,20060157,아랑,2006-06-28,342322,343927
20060626,4,20060136,엑스맨 : 최후의 전쟁,2006-06-15,292469,1677234
20060626,5,20060156,럭키 넘버 슬레븐,2006-06-22,155290,287553
20060626,6,20060138,강적,2006-06-22,120922,292333
20060626,7,20060164,착신아리 파이널,2006-06-22,86659,237877
20060626,8,20050313,아치와 씨팍,2006-06-28,71504,71936
20060626,9,20060129,포세이돈,2006-05-31,46119,2295241
20060626,10,20060139,하프 라이트,2006-06-28,35310,35310
20060703,1,20060146,캐리비안의 해적 : 망자의 함,2006-07-06,1227642,1227872
20060703,2,20060148,수퍼맨 리턴즈,2006-06-28,527175,1341943
20060703,3,20060157,아랑,2006-06-28,323027,666954
20060703,4,20060160,아파트,2006-07-06,258230,259994
20060703,5,20060137,비열한 거리,2006-06-15,210545,1734094
20060703,6,20060180,파이스토리,2006-07-06,100282,100874
20060703,7,20060136,엑스맨 : 최후의 전쟁,2006-06-15,97273,1774507
20060703,8,20060156,럭키 넘버 슬레븐,2006-06-22,55955,343508
20060703,9,20060138,강적,2006-06-22,25065,317398
20060703,10,20050313,아치와 씨팍,2006-06-28,24694,96630
20060710,1,20060146,캐리비안의 해적 : 망자의 함,2006-07-06,1123623,2351495
20060710,2,20060147,한반도,2006-07-13,1077280,1080653
20060710,3,20060148,수퍼맨 리턴즈,2006-06-28,200917,1542860
20060710,4,20060160,아파트,2006-07-06,183657,443651
20060710,5,20060157,아랑,2006-06-28,156450,823404
20060710,6,20060137,비열한 거리,2006-06-15,71267,1805361
20060710,7,20060180,파이스토리,2006-07-06,66069,166943
20060710,8,20060196,얼음왕국 : 북극의 여름이야기(다큐),2006-07-13,26674,27796
20060710,9,20060136,엑스맨 : 최후의 전쟁,2006-06-15,14407,1788914
20060710,10,20060156,럭키 넘버 슬레븐,2006-06-22,12609,356117
20060717,1,20060147,한반도,2006-07-13,1284558,2365211
20060717,2,20060146,캐리비안의 해적 : 망자의 함,2006-07-06,922375,3273870
20060717,3,20060149,카,2006-07-20,198209,198209
20060717,4,20060148,수퍼맨 리턴즈,2006-06-28,134470,1677330
20060717,5,20060157,아랑,2006-06-28,109183,932587
20060717,6,20060173,패스트 앤 퓨리어스 도쿄 드리프트,2006-07-20,104966,114646
20060717,7,20060160,아파트,2006-07-06,85722,529373
20060717,8,20060193,울트라바이올렛,2006-07-20,64879,64879
20060717,9,20060180,파이스토리,2006-07-06,57059,224002
20060717,10,20060204,포켓몬 레인저와 바다의 왕자 마나피,2006-07-20,53053,53053
20060724,1,20060151,괴물,2006-07-27,2256700,2265702
20060724,2,20060147,한반도,2006-07-13,526167,2891378
20060724,3,20060146,캐리비안의 해적 : 망자의 함,2006-07-06,354585,3628455
20060724,4,20060149,카,2006-07-20,167816,366025
20060724,5,20060202,유실물,2006-07-27,124198,124428
20060724,6,20060194,가필드 2,2006-07-27,64945,65390
20060724,7,20060173,패스트 앤 퓨리어스 도쿄 드리프트,2006-07-20,51007,165653
20060724,8,20060204,포켓몬 레인저와 바다의 왕자 마나피,2006-07-20,41871,94924
20060724,9,20060193,울트라바이올렛,2006-07-20,25491,90370
20060724,10,20060207,2월 29일 - 어느날 갑자기 첫번째 이야기,2006-07-21,21247,53216
20060731,1,20060151,괴물,2006-07-27,3434185,5699887
20060731,2,20060147,한반도,2006-07-13,306012,3197390
20060731,3,20060210,스승의 은혜,2006-08-03,243697,243697
20060731,4,20060191,플라이 대디,2006-08-03,241090,242066
20060731,5,20060146,캐리비안의 해적 : 망자의 함,2006-07-06,210445,3838900
20060731,6,20060149,카,2006-07-20,160802,526827
20060731,7,20060202,유실물,2006-07-27,123484,247912
20060731,8,20060194,가필드 2,2006-07-27,99774,165164
20060731,9,20060204,포켓몬 레인저와 바다의 왕자 마나피,2006-07-20,33739,128663
20060731,10,20060208,네번째 층 - 어느날 갑자기 두번째 이야기,2006-07-27,13098,30047
20060807,1,20060151,괴물,2006-07-27,2029816,7729703
20060807,2,20060197,몬스터 하우스,2006-08-10,343552,349018
20060807,3,20060218,다세포소녀,2006-08-10,298895,298929
20060807,4,20060214,각설탕,2006-08-10,294345,297848
20060807,5,20060210,스승의 은혜,2006-08-03,223525,467222
20060807,6,20060191,플라이 대디,2006-08-03,147458,389524
20060807,7,20060212,게드전기 : 어스시의 전설,2006-08-10,105696,106364
20060807,8,20060147,한반도,2006-07-13,99326,3296716
20060807,9,20060146,캐리비안의 해적 : 망자의 함,2006-07-06,59441,3898341
20060807,10,20060149,카,2006-07-20,35994,562821
20060814,1,20060151,괴물,2006-07-27,1654124,9383827
20060814,2,20060214,각설탕,2006-08-10,490261,788109
20060814,3,20060197,몬스터 하우스,2006-08-10,474770,823788
20060814,4,20060224,신데렐라,2006-08-17,309726,310214
20060814,5,20060219,마이애미 바이스,2006-08-17,234897,240175
20060814,6,20060218,다세포소녀,2006-08-10,163360,462289
20060814,7,20060220,"사랑하니까, 괜찮아",2006-08-17,144955,144989
20060814,8,20060223,겁나는 여친의 완벽한 비밀,2006-08-17,112653,112653
20060814,9,20060212,게드전기 : 어스시의 전설,2006-08-10,88679,195043
20060814,10,20060210,스승의 은혜,2006-08-03,78970,546192
20060821,1,20060151,괴물,2006-07-27,762275,10146102
20060821,2,20060225,예의없는 것들,2006-08-24,323531,324517
20060821,3,20060214,각설탕,2006-08-10,282480,1070589
20060821,4,20060229,아이스케키,2006-08-24,235344,235791
20060821,5,20060245,원탁의 천사,2006-08-24,211808,211808
20060821,6,20060224,신데렐라,2006-08-17,204689,514903
20060821,7,20060197,몬스터 하우스,2006-08-10,180912,1004700
20060821,8,20060219,마이애미 바이스,2006-08-17,142019,382194
20060821,9,20060223,겁나는 여친의 완벽한 비밀,2006-08-17,101949,214602
20060821,10,20060240,13구역,2006-08-24,100004,100004
20060828,1,20060241,일본침몰,2006-08-31,396446,396446
20060828,2,20060151,괴물,2006-07-27,373414,10519516
20060828,3,20060225,예의없는 것들,2006-08-24,318450,642967
20060828,4,20060222,천하장사 마돈나,2006-08-31,200905,203375
20060828,5,20060245,원탁의 천사,2006-08-24,146904,358712
20060828,6,20060214,각설탕,2006-08-10,137720,1208309
20060828,7,20060229,아이스케키,2006-08-24,121297,357088
20060828,8,20060247,해변의 여인,2006-08-31,101184,101184
20060828,9,20060240,13구역,2006-08-24,86107,186111
20060828,10,20060140,레이크 하우스,2006-08-31,80902,80902
20060904,1,20060241,일본침몰,2006-08-31,264771,661217
20060904,2,20060242,"연애, 그 참을 수 없는 가벼움",2006-09-07,256107,258305
20060904,3,20060151,괴물,2006-07-27,228739,10748255
20060904,4,20060222,천하장사 마돈나,2006-08-31,215842,419217
20060904,5,20060231,뚝방전설,2006-09-07,200502,203946
20060904,6,20060225,예의없는 것들,2006-08-24,113476,756443
20060904,7,20060232,센티넬,2006-09-07,78344,78344
20060904,8,20060247,해변의 여인,2006-08-31,49995,151179
20060904,9,20060214,각설탕,2006-08-10,45517,1253826
20060904,10,20060140,레이크 하우스,2006-08-31,45255,126157
20060911,1,20060244,우리들의 행복한 시간,2006-09-14,830636,831596
20060911,2,20060242,"연애, 그 참을 수 없는 가벼움",2006-09-07,216626,474931
20060911,3,20060234,"두뇌유희프로젝트, 퍼즐",2006-09-14,154418,154418
20060911,4,20060222,천하장사 마돈나,2006-08-31,122897,542114
20060911,5,20060231,뚝방전설,2006-09-07,116281,320227
20060911,6,20060151,괴물,2006-07-27,108361,10856616
20060911,7,20060241,일본침몰,2006-08-31,94808,756025
20060911,8,20060232,센티넬,2006-09-07,42807,121151
20060911,9,20060225,예의없는 것들,2006-08-24,24279,780722
20060911,10,20060233,플라이트93,2006-09-08,22551,64193
20060918,1,20060257,가문의 부활 - 가문의 영광3,2006-09-21,869284,869580
20060918,2,20060244,우리들의 행복한 시간,2006-09-14,638053,1469649
20060918,3,20060258,야연,2006-09-21,191448,191641
20060918,4,20060242,"연애, 그 참을 수 없는 가벼움",2006-09-07,79610,554541
20060918,5,20060234,"두뇌유희프로젝트, 퍼즐",2006-09-14,66739,221157
20060918,6,20060276,무도리,2006-09-21,43951,45075
20060918,7,20060151,괴물,2006-07-27,35689,10892305
20060918,8,20060222,천하장사 마돈나,2006-08-31,28991,571105
20060918,9,20060231,뚝방전설,2006-09-07,17770,337997
20060918,10,20060241,일본침몰,2006-08-31,16239,772264
20060925,1,20060277,타짜,2006-09-28,992658,995828
20060925,2,20060257,가문의 부활 - 가문의 영광3,2006-09-21,526053,1395633
20060925,3,20060244,우리들의 행복한 시간,2006-09-14,297578,1767227
20060925,4,20060284,라디오 스타,2006-09-28,181248,181774
20060925,5,20060258,야연,2006-09-21,78907,270548
20060925,6,20060291,잘 살아보세,2006-09-28,74837,76316
20060925,7,20060259,BB프로젝트,2006-09-28,64002,64236
20060925,8,20060272,구미호 가족,2006-09-28,47236,48028
20060925,9,20060237,앤트 불리,2006-09-28,34454,34454
20060925,10,20060276,무도리,2006-09-21,13767,58842
20061002,1,20060277,타짜,2006-09-28,2225408,3221236
20061002,2,20060257,가문의 부활 - 가문의 영광3,2006-09-21,914902,2310535
20061002,3,20060284,라디오 스타,2006-09-28,544192,725966
20061002,4,20060244,우리들의 행복한 시간,2006-09-14,429743,2196970
20061002,5,20060259,BB프로젝트,2006-09-28,201241,265477
20061002,6,20060237,앤트 불리,2006-09-28,158794,193248
20061002,7,20060291,잘 살아보세,2006-09-28,131562,207878
20061002,8,20060272,구미호 가족,2006-09-28,80122,128150
20061002,9,20060258,야연,2006-09-21,77665,348213
20061002,10,20060262,월드 트레이드 센터,2006-10-15,8325,8514
20061009,1,20060277,타짜,2006-09-28,928802,4150038
20061009,2,20060284,라디오 스타,2006-09-28,308974,1034940
20061009,3,20060257,가문의 부활 - 가문의 영광3,2006-09-21,199142,2509677
20061009,4,20060244,우리들의 행복한 시간,2006-09-14,171216,2368186
20061009,5,20060262,월드 트레이드 센터,2006-10-15,149862,158376
20061009,6,20060215,레이디 인 더 워터,2006-10-13,69170,69170
20061009,7,20060259,BB프로젝트,2006-09-28,64514,329991
20061009,8,20060237,앤트 불리,2006-09-28,29773,223021
20061009,9,20060291,잘 살아보세,2006-09-28,24358,232236
20061009,10,20060258,야연,2006-09-21,22363,370576
20061016,1,20060277,타짜,2006-09-28,610232,4760270
20061016,2,20060292,거룩한 계보,2006-10-19,525385,527577
20061016,3,20060284,라디오 스타,2006-09-28,262357,1297297
20061016,4,20060262,월드 트레이드 센터,2006-10-15,112696,271072
20061016,5,20060278,DOA,2006-10-19,89838,89838
20061016,6,20060244,우리들의 행복한 시간,2006-09-14,83286,2451472
20061016,7,20060257,가문의 부활 - 가문의 영광3,2006-09-21,78883,2588560
20061016,8,20060215,레이디 인 더 워터,2006-10-13,36389,105559
20061016,9,20060264,악마는 프라다를 입는다,2006-10-25,35119,37111
20061016,10,20060236,폭력써클,2006-10-19,18015,18015
20061023,1,20060292,거룩한 계보,2006-10-19,478934,1006511
20061023,2,20060277,타짜,2006-09-28,402958,5163228
20061023,3,20060264,악마는 프라다를 입는다,2006-10-25,348273,385384
20061023,4,20060288,가을로,2006-10-26,298471,299163
20061023,5,20060279,마음이...,2006-10-26,283941,288705
20061023,6,20060284,라디오 스타,2006-09-28,164463,1461760
20061023,7,20060278,DOA,2006-10-19,34817,124655
20061023,8,20060299,원피스 - 기계태엽성의 메카거병,2006-10-26,32143,555726
20061023,9,20060262,월드 트레이드 센터,2006-10-15,26480,297552
20061023,10,20060244,우리들의 행복한 시간,2006-09-14,17344,2468816
20061030,1,20060264,악마는 프라다를 입는다,2006-10-25,355103,740487
20061030,2,20060292,거룩한 계보,2006-10-19,270055,1276566
20061030,3,20060277,타짜,2006-09-28,267698,5430926
20061030,4,20060279,마음이...,2006-10-26,247255,535960
20061030,5,20060301,데스노트,2006-11-02,234747,234747
20061030,6,20060288,가을로,2006-10-26,211294,510457
20061030,7,20060280,잔혹한 출근,2006-11-02,200889,203267
20061030,8,20060340,프레스티지,2006-11-02,149829,149829
20061030,9,20060281,가디언,2006-11-02,76602,76817
20061030,10,20060284,라디오 스타,2006-09-28,73295,1535055
20061106,1,20060264,악마는 프라다를 입는다,2006-10-25,248961,989448
20061106,2,20060316,사랑 따윈 필요 없어,2006-11-09,234578,237329
20061106,3,20060301,데스노트,2006-11-02,224983,459730
20061106,4,20060261,열혈남아,2006-11-09,214377,217161
20061106,5,20060279,마음이...,2006-10-26,167583,703543
20061106,6,20060277,타짜,2006-09-28,146459,5577385
20061106,7,20060340,프레스티지,2006-11-02,145649,295478
20061106,8,20060280,잔혹한 출근,2006-11-02,120176,323443
20061106,9,20060292,거룩한 계보,2006-10-19,117826,1394392
20061106,10,20060192,사일런트 힐,2006-11-09,96784,96784
20061113,1,20060283,애정결핍이 두 남자에게 미치는 영향,2006-11-16,236804,239688
20061113,2,20060264,악마는 프라다를 입는다,2006-10-25,197796,1187244
20061113,3,20060261,열혈남아,2006-11-09,182451,399612
20061113,4,20060352,누가 그녀와 잤을까?,2006-11-16,170040,170257
20061113,5,20060316,사랑 따윈 필요 없어,2006-11-09,155540,392869
20061113,6,20060301,데스노트,2006-11-02,131654,591384
20061113,7,20060311,어느 멋진 순간,2006-11-16,99511,99511
20061113,8,20060340,프레스티지,2006-11-02,97571,393049
20061113,9,20060310,그루지 2,2006-11-16,88459,88459
20061113,10,20060279,마음이...,2006-10-26,81939,785482
20061120,1,20060353,해바라기,2006-11-23,316456,316934
20061120,2,20060337,디파티드,2006-11-23,237427,237427
20061120,3,20060283,애정결핍이 두 남자에게 미치는 영향,2006-11-16,177128,416816
20061120,4,20060352,누가 그녀와 잤을까?,2006-11-16,139328,309585
20061120,5,20060315,플러쉬,2006-11-23,130377,131234
20061120,6,20060264,악마는 프라다를 입는다,2006-10-25,113587,1300831
20061120,7,20060334,스텝 업,2006-11-23,111257,111704
20061120,8,20060311,어느 멋진 순간,2006-11-16,71790,171301
20061120,9,20060261,열혈남아,2006-11-09,57187,456799
20061120,10,20060340,프레스티지,2006-11-02,46897,439946
20061127,1,20060353,해바라기,2006-11-23,412134,729068
20061127,2,20060337,디파티드,2006-11-23,216470,453897
20061127,3,20060354,쏘우 3,2006-11-30,200462,200462
20061127,4,20060347,판의 미로 - 오필리아와 세 개의 열쇠,2006-11-30,192753,192753
20061127,5,20060338,그해 여름,2006-11-30,178071,178071
20061127,6,20060334,스텝 업,2006-11-23,147147,258851
20061127,7,20060339,사랑할 때 이야기하는 것들,2006-11-30,121705,123815
20061127,8,20060315,플러쉬,2006-11-23,85764,216998
20061127,9,20060283,애정결핍이 두 남자에게 미치는 영향,2006-11-16,61167,477983
20061127,10,20060264,악마는 프라다를 입는다,2006-10-25,53695,1354526
20061204,1,20060356,싸이보그지만 괜찮아,2006-12-07,432435,433439
20061204,2,20060369,Mr.로빈 꼬시기,2006-12-07,329955,331339
20061204,3,20060353,해바라기,2006-11-23,322054,1051122
20061204,4,20060347,판의 미로 - 오필리아와 세 개의 열쇠,2006-11-30,178794,371547
20061204,5,20060354,쏘우 3,2006-11-30,146189,346651
20061204,6,20060364,저스트 프렌드,2006-12-07,124639,125086
20061204,7,20060338,그해 여름,2006-11-30,95033,273104
20061204,8,20060337,디파티드,2006-11-23,81656,535553
20061204,9,20060334,스텝 업,2006-11-23,77378,336229
20061204,10,20060339,사랑할 때 이야기하는 것들,2006-11-30,66695,190510
20061211,1,20060387,미녀는 괴로워,2006-12-14,828467,828789
20061211,2,20060348,로맨틱 홀리데이,2006-12-14,370165,386886
20061211,3,20060369,Mr.로빈 꼬시기,2006-12-07,268600,599939
20061211,4,20060356,싸이보그지만 괜찮아,2006-12-07,214757,648196
20061211,5,20060353,해바라기,2006-11-23,212495,1263617
20061211,6,20060373,조용한 세상,2006-12-14,127952,127952
20061211,7,20060364,저스트 프렌드,2006-12-07,96590,221676
20061211,8,20060347,판의 미로 - 오필리아와 세 개의 열쇠,2006-11-30,86666,458213
20061211,9,20060354,쏘우 3,2006-11-30,36031,382682
20061211,10,20060334,스텝 업,2006-11-23,23669,359898
20061218,1,20060387,미녀는 괴로워,2006-12-14,1163100,1991889
20061218,2,20060319,박물관이 살아있다!,2006-12-21,906985,907758
20061218,3,20060370,중천,2006-12-21,715242,716957
20061218,4,20060358,007 카지노 로얄,2006-12-21,401872,416258
20061218,5,20060348,로맨틱 홀리데이,2006-12-14,358344,745230
20061218,6,20060396,올드미스다이어리,2006-12-21,211664,213154
20061218,7,20060318,해피 피트,2006-12-21,199196,199196
20061218,8,20060369,Mr.로빈 꼬시기,2006-12-07,59749,659688
20061218,9,20060353,해바라기,2006-11-23,37361,1300978
20061218,10,20060373,조용한 세상,2006-12-14,32496,160448
20061225,1,20060319,박물관이 살아있다!,2006-12-21,1428395,2336153
20061225,2,20060387,미녀는 괴로워,2006-12-14,1227388,3219277
20061225,3,20060357,조폭마누라3,2006-12-28,557118,568506
20061225,4,20060370,중천,2006-12-21,528825,1245782
20061225,5,20060358,007 카지노 로얄,2006-12-21,395040,811298
20061225,6,20060396,올드미스다이어리,2006-12-21,302487,515641
20061225,7,20060348,로맨틱 홀리데이,2006-12-14,270990,1016220
20061225,8,20060318,해피 피트,2006-12-21,257412,456608
20061225,9,20060388,위대한 탄생,2006-12-21,30317,56687
20061225,10,20060389,오래된 정원,2007-01-04,12022,13400
20070101,1,20060319,박물관이 살아있다!,2006-12-21,1064478,3400631
20070101,2,20060387,미녀는 괴로워,2006-12-14,929082,4148359
20070101,3,20060357,조폭마누라3,2006-12-28,665754,1234260
20070101,4,20060396,올드미스다이어리,2006-12-21,203007,718648
20070101,5,20060358,007 카지노 로얄,2006-12-21,180604,991902
20070101,6,20060370,중천,2006-12-21,161958,1407740
20070101,7,20060383,부그와 엘리엇(애니),2007-01-04,156792,158510
20070101,8,20060403,언니가 간다,2007-01-04,129181,129181
20070101,9,20060389,오래된 정원,2007-01-04,120872,134272
20070101,10,20060348,로맨틱 홀리데이,2006-12-14,120657,1136877
20070108,1,20060387,미녀는 괴로워,2006-12-14,556501,4704860
20070108,2,20060345,에라곤,2007-01-11,446948,447086
20070108,3,20060319,박물관이 살아있다!,2006-12-21,446219,3846850
20070108,4,20060412,허브,2007-01-11,413378,415088
20070108,5,20060405,데스노트 : 라스트 네임,2007-01-10,329188,329570
20070108,6,20060390,데자뷰,2007-01-11,243080,255091
20070108,7,20060391,묵공,2007-01-10,186513,187837
20070108,8,20060357,조폭마누라3,2006-12-28,184859,1419119
20070108,9,20060413,블러드 다이아몬드,2007-01-11,149809,149809
20070108,10,20060383,부그와 엘리엇(애니),2007-01-04,112857,271367
20070115,1,20060407,마파도2,2007-01-18,646161,684932
20070115,2,20060387,미녀는 괴로워,2006-12-14,522877,5227737
20070115,3,20060412,허브,2007-01-11,470647,885735
20070115,4,20060345,에라곤,2007-01-11,329212,776298
20070115,5,20060390,데자뷰,2007-01-11,288175,543266
20070115,6,20060319,박물관이 살아있다!,2006-12-21,263268,4110118
20070115,7,19900100,로보트 태권V(76년 디지털 복원판), ,218929,223540
20070115,8,20060405,데스노트 : 라스트 네임,2007-01-10,186186,515756
20070115,9,20060413,블러드 다이아몬드,2007-01-11,158476,308285
20070115,10,20060391,묵공,2007-01-10,88365,276202
20070122,1,20060407,마파도2,2007-01-18,510747,1195679
20070122,2,20060417,최강로맨스,2007-01-25,449803,462537
20070122,3,20060410,황후화,2007-01-25,433043,433043
20070122,4,20060387,미녀는 괴로워,2006-12-14,410153,5637890
20070122,5,20060412,허브,2007-01-11,309012,1194747
20070122,6,19900100,로보트 태권V(76년 디지털 복원판), ,229752,453292
20070122,7,20060408,천년여우 여우비,2007-01-25,180635,181095
20070122,8,20060390,데자뷰,2007-01-11,178920,722186
20070122,9,20060409,미스 포터,2007-01-25,177111,177650
20070122,10,20060345,에라곤,2007-01-11,121528,897826
20070129,1,20070015,그놈 목소리,2007-02-01,1301859,1303105
20070129,2,20060417,최강로맨스,2007-01-25,436209,898746
20070129,3,20060410,황후화,2007-01-25,322703,755746
20070129,4,20060387,미녀는 괴로워,2006-12-14,258563,5896453
20070129,5,20060407,마파도2,2007-01-18,177778,1373457
20070129,6,20060397,클릭,2007-02-01,169683,169683
20070129,7,20060408,천년여우 여우비,2007-01-25,159289,340384
20070129,8,20060419,아포칼립토,2007-01-31,148552,149075
20070129,9,19900100,로보트 태권V(76년 디지털 복원판), ,132859,586151
20070129,10,20060409,미스 포터,2007-01-25,102368,280018
20070205,1,20070015,그놈 목소리,2007-02-01,915792,2218897
20070205,2,20060421,바람피기 좋은 날,2007-02-08,640174,640174
20070205,3,20070021,김관장 대 김관장 대 김관장,2007-02-08,437325,438220
20070205,4,20060417,최강로맨스,2007-01-25,229660,1128406
20070205,5,20060397,클릭,2007-02-01,150789,320472
20070205,6,20060375,샬롯의 거미줄,2007-02-08,136830,136830
20070205,7,20060387,미녀는 괴로워,2006-12-14,121668,6018121
20070205,8,20060410,황후화,2007-01-25,121162,876908
20070205,9,20060419,아포칼립토,2007-01-31,97514,246589
20070205,10,20060408,천년여우 여우비,2007-01-25,65005,405389
20070212,1,20070014,1번가의 기적,2007-02-14,641151,643742
20070212,2,20060421,바람피기 좋은 날,2007-02-08,525382,1165556
20070212,3,20070015,그놈 목소리,2007-02-01,403238,2622135
20070212,4,20070020,복면달호,2007-02-14,389575,390146
20070212,5,20070021,김관장 대 김관장 대 김관장,2007-02-08,284598,722818
20070212,6,20060422,비밀의 숲 테라비시아,2007-02-15,119391,119391
20070212,7,20070013,아버지의 깃발,2007-02-15,106438,106438
20070212,8,20060398,록키 발보아,2007-02-14,105334,105334
20070212,9,20060375,샬롯의 거미줄,2007-02-08,69838,206668
20070212,10,20060417,최강로맨스,2007-01-25,45576,1173982
20070219,1,20070014,1번가의 기적,2007-02-14,929633,1573375
20070219,2,20070020,복면달호,2007-02-14,598419,988565
20070219,3,20060421,바람피기 좋은 날,2007-02-08,391510,1557066
20070219,4,20070015,그놈 목소리,2007-02-01,288982,2911117
20070219,5,20060423,드림걸즈,2007-02-22,229198,239201
20070219,6,20060422,비밀의 숲 테라비시아,2007-02-15,212888,332279
20070219,7,20070021,김관장 대 김관장 대 김관장,2007-02-08,181759,904577
20070219,8,20070010,마강호텔,2007-02-22,126314,127116
20070219,9,20070009,바벨,2007-02-22,106062,106445
20070219,10,20070013,아버지의 깃발,2007-02-15,87434,193872
20070226,1,20070014,1번가의 기적,2007-02-14,530736,2104111
20070226,2,20070020,복면달호,2007-02-14,316672,1305237
20070226,3,20070034,그 여자 작사 그 남자 작곡,2007-02-28,296136,302993
20070226,4,20060430,행복을 찾아서,2007-02-28,274899,275331
20070226,5,20060423,드림걸즈,2007-02-22,273193,512394
20070226,6,20070042,좋지 아니한가,2007-03-01,168917,170762
20070226,7,20070025,한니발 라이징,2007-02-28,148572,148572
20070226,8,20060421,바람피기 좋은 날,2007-02-08,110083,1667149
20070226,9,20060422,비밀의 숲 테라비시아,2007-02-15,99718,431997
20070226,10,20070009,바벨,2007-02-22,82816,189261
20070305,1,20070034,그 여자 작사 그 남자 작곡,2007-02-28,287072,590065
20070305,2,20070014,1번가의 기적,2007-02-14,257440,2361551
20070305,3,20070036,일루셔니스트,2007-03-08,244255,244849
20070305,4,20060430,행복을 찾아서,2007-02-28,190868,466199
20070305,5,20070020,복면달호,2007-02-14,143620,1448857
20070305,6,20060423,드림걸즈,2007-02-22,129177,641571
20070305,7,20070042,좋지 아니한가,2007-03-01,108777,279539
20070305,8,20070043,스모킹 에이스,2007-03-08,97429,97429
20070305,9,20070025,한니발 라이징,2007-02-28,83684,232256
20070305,10,20060421,바람피기 좋은 날,2007-02-08,33614,1700763
20070312,1,20070033,300,2007-03-14,1003521,1003521
20070312,2,20070034,그 여자 작사 그 남자 작곡,2007-02-28,220985,811050
20070312,3,20070036,일루셔니스트,2007-03-08,201485,446334
20070312,4,20060420,쏜다,2007-03-14,177923,194171
20070312,5,20070014,1번가의 기적,2007-02-14,120180,2481731
20070312,6,20060430,행복을 찾아서,2007-02-28,86746,552945
20070312,7,20070037,페인티드 베일,2007-03-15,74333,75450
20070312,8,20060423,드림걸즈,2007-02-22,50812,692383
20070312,9,20070020,복면달호,2007-02-14,45821,1494678
20070312,10,20070043,스모킹 에이스,2007-03-08,34073,131502
20070319,1,20070033,300,2007-03-14,871831,1875352
20070319,2,20070083,향수 : 어느 살인자의 이야기,2007-03-22,304328,304328
20070319,3,20070071,넘버23,2007-03-22,198947,199149
20070319,4,20070034,그 여자 작사 그 남자 작곡,2007-02-28,139897,950947
20070319,5,20070066,수,2007-03-22,126407,128135
20070319,6,20060282,브레이크 업 : 이별후애(愛),2007-03-22,109686,109686
20070319,7,20060420,쏜다,2007-03-14,108888,303059
20070319,8,20070036,일루셔니스트,2007-03-08,92717,539051
20070319,9,20070102,빼꼼의 머그잔 여행,2007-03-22,50366,50366
20070319,10,20070014,1번가의 기적,2007-02-14,43733,2525464
20070326,1,20070033,300,2007-03-14,520206,2395558
20070326,2,20070084,이장과 군수,2007-03-29,502394,504755
20070326,3,20070083,향수 : 어느 살인자의 이야기,2007-03-22,333622,637950
20070326,4,20070071,넘버23,2007-03-22,161621,360770
20070326,5,20070047,뷰티풀 선데이,2007-03-29,100141,101178
20070326,6,20060282,브레이크 업 : 이별후애(愛),2007-03-22,86142,195828
20070326,7,20070029,블랙북,2007-03-29,77819,77819
20070326,8,20070034,그 여자 작사 그 남자 작곡,2007-02-28,76522,1027469
20070326,9,20070066,수,2007-03-22,61339,189474
20070326,10,20070102,빼꼼의 머그잔 여행,2007-03-22,33583,83949
20070402,1,20070072,우아한 세계,2007-04-05,397349,407302
20070402,2,20070084,이장과 군수,2007-03-29,382873,887628
20070402,3,20070033,300,2007-03-14,279211,2674769
20070402,4,20070083,향수 : 어느 살인자의 이야기,2007-03-22,205277,843227
20070402,5,20070108,철없는 그녀의 아찔한 연애코치,2007-04-05,110693,113324
20070402,6,20070029,블랙북,2007-03-29,66139,143958
20070402,7,20070071,넘버23,2007-03-22,57812,418582
20070402,8,20070047,뷰티풀 선데이,2007-03-29,57492,158670
20070402,9,20070050,마하 2.6: 풀스피드,2007-04-05,32724,32724
20070402,10,20070034,그 여자 작사 그 남자 작곡,2007-02-28,26739,1054208
20070409,1,20070104,극락도 살인사건,2007-04-12,587034,593334
20070409,2,20070072,우아한 세계,2007-04-05,306198,713500
20070409,3,20070084,이장과 군수,2007-03-29,201917,1089545
20070409,4,20070088,고스트 라이더,2007-04-12,196655,196655
20070409,5,20070033,300,2007-03-14,156653,2831422
20070409,6,20070083,향수 : 어느 살인자의 이야기,2007-03-22,97764,940991
20070409,7,20070108,철없는 그녀의 아찔한 연애코치,2007-04-05,75875,189199
20070409,8,20070099,천년학,2007-04-12,63405,65554
20070409,9,20070029,블랙북,2007-03-29,30738,174696
20070409,10,20070050,마하 2.6: 풀스피드,2007-04-05,14490,47214
20070416,1,20070104,극락도 살인사건,2007-04-12,551814,1145148
20070416,2,20070097,동갑내기 과외하기 레슨 2,2007-04-19,212102,213509
20070416,3,20070103,리핑 10개의 재앙,2007-04-19,181789,181789
20070416,4,20070096,눈부신 날에,2007-04-19,144973,144973
20070416,5,20070072,우아한 세계,2007-04-05,143334,856834
20070416,6,20070088,고스트 라이더,2007-04-12,118099,314754
20070416,7,20070084,이장과 군수,2007-03-29,71686,1161231
20070416,8,20070033,300,2007-03-14,65960,2897382
20070416,9,20070106,선샤인,2007-04-19,57707,58276
20070416,10,20070055,로빈슨 가족,2007-04-19,46199,48090
20070423,1,20070104,극락도 살인사건,2007-04-12,405849,1550997
20070423,2,20070103,리핑 10개의 재앙,2007-04-19,222764,404553
20070423,3,20070097,동갑내기 과외하기 레슨 2,2007-04-19,198145,411654
20070423,4,20070113,더블타겟,2007-04-26,188855,189969
20070423,5,20070110,날아라 허동구,2007-04-26,173275,174799
20070423,6,20070096,눈부신 날에,2007-04-19,105988,250961
20070423,7,20070124,닌자거북이 TMNT,2007-04-25,72721,72874
20070423,8,20070072,우아한 세계,2007-04-05,60197,917031
20070423,9,20070088,고스트 라이더,2007-04-12,36623,351377
20070423,10,20070049,굿셰퍼드,2007-04-19,33943,78569
20070430,1,20070056,스파이더맨 3,2007-05-01,2388564,2389363
20070430,2,20070104,극락도 살인사건,2007-04-12,274876,1825873
20070430,3,20070111,아들,2007-05-01,240197,242213
20070430,4,20070113,더블타겟,2007-04-26,160518,350487
20070430,5,20070110,날아라 허동구,2007-04-26,137565,312364
20070430,6,20070103,리핑 10개의 재앙,2007-04-19,125446,529999
20070430,7,20070124,닌자거북이 TMNT,2007-04-25,86341,159215
20070430,8,20070097,동갑내기 과외하기 레슨 2,2007-04-19,72306,483960
20070430,9,20070148,쉬즈 더 맨,2007-05-03,34374,39549
20070430,10,20070055,로빈슨 가족,2007-04-19,25253,101662
20070507,1,20070056,스파이더맨 3,2007-05-01,1252575,3641938
20070507,2,20070151,못말리는 결혼,2007-05-10,349840,352738
20070507,3,20070104,극락도 살인사건,2007-04-12,146269,1972142
20070507,4,20070111,아들,2007-05-01,130580,372793
20070507,5,20070113,더블타겟,2007-04-26,85903,436390
20070507,6,20070103,리핑 10개의 재앙,2007-04-19,67764,597763
20070507,7,20070127,용호문,2007-05-10,49695,50142
20070507,8,20070130,내일의 기억,2007-05-10,43636,44565
20070507,9,20070110,날아라 허동구,2007-04-26,42814,355178
20070507,10,20070148,쉬즈 더 맨,2007-05-03,30743,70292
20070514,1,20070056,스파이더맨 3,2007-05-01,629586,4271524
20070514,2,20070151,못말리는 결혼,2007-05-10,469517,822255
20070514,3,20070172,넥스트,2007-05-17,255351,255868
20070514,4,20070104,극락도 살인사건,2007-04-12,90002,2062144
20070514,5,20070173,눈물이 주룩주룩,2007-05-17,88821,88821
20070514,6,20070111,아들,2007-05-01,70117,442910
20070514,7,20070113,더블타겟,2007-04-26,59273,495663
20070514,8,20070103,리핑 10개의 재앙,2007-04-19,44975,642738
20070514,9,20070130,내일의 기억,2007-05-10,34964,79529
20070514,10,20070148,쉬즈 더 맨,2007-05-03,27216,97508
20070521,1,20070057,캐리비안의 해적: 세상의 끝에서,2007-05-23,2455491,2455491
20070521,2,20070115,밀양,2007-05-23,318894,320014
20070521,3,20070056,스파이더맨 3,2007-05-01,219377,4490901
20070521,4,20070151,못말리는 결혼,2007-05-10,214112,1036367
20070521,5,20060230,전설의 고향,2007-05-23,210218,210218
20070521,6,20070172,넥스트,2007-05-17,135045,390913
20070521,7,20070173,눈물이 주룩주룩,2007-05-17,20662,109483
20070521,8,20070148,쉬즈 더 맨,2007-05-03,13780,111288
20070521,9,20070113,더블타겟,2007-04-26,13634,509297
20070521,10,20070104,극락도 살인사건,2007-04-12,12168,2074312
20070528,1,20070057,캐리비안의 해적: 세상의 끝에서,2007-05-23,1101390,3556881
20070528,2,20070115,밀양,2007-05-23,594004,914018
20070528,3,20060230,전설의 고향,2007-05-23,121288,331506
20070528,4,20070151,못말리는 결혼,2007-05-10,115054,1151421
20070528,5,20070056,스파이더맨 3,2007-05-01,73503,4564404
20070528,6,20070172,넥스트,2007-05-17,63351,454264
20070528,7,20070100,상성: 상처받은 도시,2007-05-31,54546,55359
20070528,8,20070192,데스워터,2007-05-31,40826,40826
20070528,9,20070148,쉬즈 더 맨,2007-05-03,7790,119078
20070528,10,20070137,팩토리 걸 ,2007-05-31,6485,6485
20070604,1,20070116,슈렉3,2007-06-06,1628327,1629708
20070604,2,20070128,황진이,2007-06-06,675943,676929
20070604,3,20070057,캐리비안의 해적: 세상의 끝에서,2007-05-23,558589,4115470
20070604,4,20070115,밀양,2007-05-23,359733,1273751
20070604,5,20070092,메신져 - 죽은자들의 경고,2007-06-06,149583,149583
20070604,6,20070151,못말리는 결혼,2007-05-10,27309,1178730
20070604,7,20070100,상성: 상처받은 도시,2007-05-31,21790,77149
20070604,8,20070192,데스워터,2007-05-31,19291,60117
20070604,9,20060230,전설의 고향,2007-05-23,17569,349075
20070604,10,20070056,스파이더맨 3,2007-05-01,15506,4579910
20070611,1,20070116,슈렉3,2007-06-06,575433,2205141
20070611,2,20070058,오션스 써틴,2007-06-14,484639,484639
20070611,3,20070128,황진이,2007-06-06,308474,985403
20070611,4,20070057,캐리비안의 해적: 세상의 끝에서,2007-05-23,218908,4334378
20070611,5,20070115,밀양,2007-05-23,170056,1443807
20070611,6,20070196,러브 & 트러블,2007-06-14,110597,110597
20070611,7,20070092,메신져 - 죽은자들의 경고,2007-06-06,75769,225352
20070611,8,20070179,황색 눈물,2007-06-14,15588,16954
20070611,9,20070216,시간을 달리는 소녀,2007-06-14,12316,12316
20070611,10,20070151,못말리는 결혼,2007-05-10,5324,1184054
20070618,1,20070058,오션스 써틴,2007-06-14,481381,966020
20070618,2,20070205,검은 집,2007-06-21,473123,474465
20070618,3,20070116,슈렉3,2007-06-06,365364,2570505
20070618,4,20070057,캐리비안의 해적: 세상의 끝에서,2007-05-23,141240,4475618
20070618,5,20070128,황진이,2007-06-06,141118,1126521
20070618,6,20070198,4.4.4,2007-06-20,126551,126951
20070618,7,20070196,러브 & 트러블,2007-06-14,97557,208154
20070618,8,20070115,밀양,2007-05-23,89556,1533363
20070618,9,20070204,뜨거운녀석들,2007-06-21,53918,53918
20070618,10,20070206,두 번째 사랑,2007-06-21,45291,45291
20070625,1,20070061,트랜스포머,2007-06-28,1896391,1897560
20070625,2,20070205,검은 집,2007-06-21,433842,908307
20070625,3,20070058,오션스 써틴,2007-06-14,230482,1196502
20070625,4,20070116,슈렉3,2007-06-06,142744,2713249
20070625,5,20070198,4.4.4,2007-06-20,63759,190710
20070625,6,20070057,캐리비안의 해적: 세상의 끝에서,2007-05-23,58944,4534562
20070625,7,20070128,황진이,2007-06-06,46575,1173096
20070625,8,20070115,밀양,2007-05-23,40838,1574201
20070625,9,20070196,러브 & 트러블,2007-06-14,38433,246587
20070625,10,20070206,두 번째 사랑,2007-06-21,35784,81075
20070702,1,20070061,트랜스포머,2007-06-28,2372150,4269710
20070702,2,20070205,검은 집,2007-06-21,267285,1175592
20070702,3,20070058,오션스 써틴,2007-06-14,133613,1330115
20070702,4,20070234,디센트,2007-07-05,128551,128933
20070702,5,20070208,택시 4,2007-07-05,102781,102781
20070702,6,20070116,슈렉3,2007-06-06,86613,2799862
20070702,7,20070057,캐리비안의 해적: 세상의 끝에서,2007-05-23,28240,4562802
20070702,8,20070115,밀양,2007-05-23,19574,1593775
20070702,9,20070198,4.4.4,2007-06-20,16331,207041
20070702,10,20070128,황진이,2007-06-06,15076,1188172
20070709,1,20070063,해리 포터와 불사조 기사단,2007-07-11,1863114,1863114
20070709,2,20070061,트랜스포머,2007-06-28,1380440,5650150
20070709,3,20070250,해부학 교실,2007-07-11,335740,339049
20070709,4,20070205,검은 집,2007-06-21,118534,1294126
20070709,5,20070234,디센트,2007-07-05,88102,217035
20070709,6,20070208,택시 4,2007-07-05,42597,145378
20070709,7,20070058,오션스 써틴,2007-06-14,36908,1367023
20070709,8,20070116,슈렉3,2007-06-06,20033,2819895
20070709,9,20070060,다이 하드 4 : 죽어도 산다,2007-07-17,8371,8948
20070709,10,20070115,밀양,2007-05-23,7553,1601328
20070716,1,20070060,다이 하드 4 : 죽어도 산다,2007-07-17,1585105,1594053
20070716,2,20070063,해리 포터와 불사조 기사단,2007-07-11,1225248,3088362
20070716,3,20070061,트랜스포머,2007-06-28,940899,6591049
20070716,4,20070254,샴,2007-07-17,330060,330442
20070716,5,20070250,해부학 교실,2007-07-11,205319,544368
20070716,6,20070268,파워레인저매직포스&트레저포스,2007-07-17,65839,65948
20070716,7,20070205,검은 집,2007-06-21,22362,1316488
20070716,8,20070226,"뉴욕에서 온 남자, 파리에서 온 여자",2007-07-19,13705,27186
20070716,9,20070234,디센트,2007-07-05,13368,230403
20070716,10,20070229,일본인디필름 페스티벌 리턴즈,2007-06-28,7826,28397
20070723,1,20070209,화려한 휴가,2007-07-25,1381272,1388573
20070723,2,20070060,다이 하드 4 : 죽어도 산다,2007-07-17,804334,2398387
20070723,3,20070061,트랜스포머,2007-06-28,417732,7008781
20070723,4,20070063,해리 포터와 불사조 기사단,2007-07-11,378053,3466415
20070723,5,20070264,라따뚜이,2007-07-25,283133,294158
20070723,6,20070254,샴,2007-07-17,133249,463691
20070723,7,20070261,에반 올마이티,2007-07-25,133122,133122
20070723,8,20070257,므이,2007-07-25,118469,118469
20070723,9,20070293,꽃미남 연쇄 테러 사건,2007-07-26,62711,63507
20070723,10,20070250,해부학 교실,2007-07-11,28770,573138
20070730,1,20070316,디워,2007-08-01,2759336,2761824
20070730,2,20070209,화려한 휴가,2007-07-25,1831992,3220565
20070730,3,20070060,다이 하드 4 : 죽어도 산다,2007-07-17,551802,2950189
20070730,4,20070264,라따뚜이,2007-07-25,405786,699944
20070730,5,20070262,기담,2007-08-01,282069,294490
20070730,6,20070061,트랜스포머,2007-06-28,267325,7276106
20070730,7,20070063,해리 포터와 불사조 기사단,2007-07-11,190450,3656865
20070730,8,20070317,1408,2007-08-01,168834,169320
20070730,9,20070261,에반 올마이티,2007-07-25,91254,224376
20070730,10,20070257,므이,2007-07-25,44306,162775
20070806,1,20070316,디워,2007-08-01,2592751,5354575
20070806,2,20070209,화려한 휴가,2007-07-25,1382704,4603269
20070806,3,20070059,판타스틱 4: 실버 서퍼의 위협,2007-08-08,398777,407108
20070806,4,20070289,리턴,2007-08-08,333421,337465
20070806,5,20070262,기담,2007-08-01,219846,514336
20070806,6,20070264,라따뚜이,2007-07-25,193991,893935
20070806,7,20070060,다이 하드 4 : 죽어도 산다,2007-07-17,189311,3139500
20070806,8,20070117,서핑 업,2007-08-09,133534,133987
20070806,9,20070317,1408,2007-08-01,74535,243855
20070806,10,20070061,트랜스포머,2007-06-28,70092,7346198
20070813,1,20070316,디워,2007-08-01,1622464,6977039
20070813,2,20070209,화려한 휴가,2007-07-25,1068614,5671883
20070813,3,20070089,만남의 광장,2007-08-15,653750,657008
20070813,4,20070367,지금 사랑하는 사람과 살고 있습니까?,2007-08-15,467739,467876
20070813,5,20070306,스타더스트,2007-08-15,339657,340644
20070813,6,20070289,리턴,2007-08-08,214923,552388
20070813,7,20070059,판타스틱 4: 실버 서퍼의 위협,2007-08-08,155424,562532
20070813,8,20070303,조디악,2007-08-15,117103,117103
20070813,9,20070117,서핑 업,2007-08-09,115659,249646
20070813,10,20070085,미스터 빈의 홀리데이,2007-08-15,98447,98447
20070820,1,20070209,화려한 휴가,2007-07-25,558119,6230002
20070820,2,20070316,디워,2007-08-01,558078,7535117
20070820,3,20070089,만남의 광장,2007-08-15,359040,1016048
20070820,4,20070367,지금 사랑하는 사람과 살고 있습니까?,2007-08-15,315597,783473
20070820,5,20060425,사랑방 선수와 어머니,2007-08-08,310953,317722
20070820,6,20070306,스타더스트,2007-08-15,268595,609239
20070820,7,20070305,두 사람이다,2007-08-22,152597,155191
20070820,8,20070064,"심슨가족, 더무비",2007-08-22,138522,138522
20070820,9,20070348,죽어도 해피엔딩,2007-08-22,111817,111817
20070820,10,20070289,리턴,2007-08-08,63018,615406
20070827,1,20070209,화려한 휴가,2007-07-25,346577,6576579
20070827,2,20070294,디스터비아,2007-08-30,258832,259562
20070827,3,20070107,내 생애 최악의 남자,2007-08-30,250278,251711
20070827,4,20070316,디워,2007-08-01,204358,7739475
20070827,5,20070367,지금 사랑하는 사람과 살고 있습니까?,2007-08-15,185042,968515
20070827,6,20070306,스타더스트,2007-08-15,162112,771351
20070827,7,20070374,사랑의 레시피,2007-08-30,159569,170765
20070827,8,20060425,사랑방 선수와 어머니,2007-08-08,156089,473811
20070827,9,20070089,만남의 광장,2007-08-15,152063,1168111
20070827,10,20070370,라파예트,2007-08-30,81875,81875
20070903,1,20070381,마이 파더,2007-09-06,342479,350462
20070903,2,20070294,디스터비아,2007-08-30,237363,496925
20070903,3,20070209,화려한 휴가,2007-07-25,193714,6770293
20070903,4,20070107,내 생애 최악의 남자,2007-08-30,160400,412111
20070903,5,20070374,사랑의 레시피,2007-08-30,144767,315532
20070903,6,20070316,디워,2007-08-01,79839,7819314
20070903,7,20070367,지금 사랑하는 사람과 살고 있습니까?,2007-08-15,65210,1033725
20070903,8,20070306,스타더스트,2007-08-15,64770,836121
20070903,9,20070355,데쓰 프루프,2007-09-06,64136,64136
20070903,10,20070393,브라보 마이 라이프,2007-09-06,57754,57754
20070910,1,20070422,본 얼티메이텀,2007-09-12,485969,485969
20070910,2,20070421,권순분여사 납치사건,2007-09-12,377153,388509
20070910,3,20070379,두 얼굴의 여친,2007-09-13,295199,338358
20070910,4,20070381,마이 파더,2007-09-06,265649,616111
20070910,5,20070380,즐거운 인생,2007-09-13,228877,252652
20070910,6,20070358,어머니는 죽지 않는다,2007-09-12,87854,89469
20070910,7,20070294,디스터비아,2007-08-30,69721,566646
20070910,8,20070209,화려한 휴가,2007-07-25,65101,6835394
20070910,9,20070374,사랑의 레시피,2007-08-30,43460,358992
20070910,10,20070107,내 생애 최악의 남자,2007-08-30,25149,437260
20070917,1,20070441,사랑,2007-09-19,509354,512410
20070917,2,20070422,본 얼티메이텀,2007-09-12,488724,974693
20070917,3,20070421,권순분여사 납치사건,2007-09-12,319483,707992
20070917,4,20070383,상사부일체,2007-09-19,265368,265368
20070917,5,20070380,즐거운 인생,2007-09-13,229081,481733
20070917,6,20070424,인베이젼,2007-09-20,173257,173257
20070917,7,20070379,두 얼굴의 여친,2007-09-13,158157,496515
20070917,8,20070381,마이 파더,2007-09-06,98742,714853
20070917,9,20070358,어머니는 죽지 않는다,2007-09-12,25627,115096
20070917,10,20070209,화려한 휴가,2007-07-25,10324,6845718
20070924,1,20070441,사랑,2007-09-19,930376,1442786
20070924,2,20070422,본 얼티메이텀,2007-09-12,689985,1664678
20070924,3,20070421,권순분여사 납치사건,2007-09-12,607765,1315757
20070924,4,20070383,상사부일체,2007-09-19,520132,785500
20070924,5,20070380,즐거운 인생,2007-09-13,440683,922416
20070924,6,20070424,인베이젼,2007-09-20,309536,482793
20070924,7,20070379,두 얼굴의 여친,2007-09-13,183730,680245
20070924,8,20070381,마이 파더,2007-09-06,119777,834630
20070924,9,20070454,원스,2007-09-20,25242,35549
20070924,10,20070316,디워,2007-08-01,10184,7854274
20071001,1,20070433,행복,2007-10-03,579496,580953
20071001,2,20070352,러시 아워 3,2007-10-03,343080,353144
20071001,3,20070441,사랑,2007-09-19,318517,1761303
20071001,4,20070462,내니 다이어리,2007-10-03,235673,236344
20071001,5,20070422,본 얼티메이텀,2007-09-12,206963,1871641
20071001,6,20070380,즐거운 인생,2007-09-13,154144,1076560
20071001,7,20070421,권순분여사 납치사건,2007-09-12,134617,1450374
20071001,8,20070383,상사부일체,2007-09-19,76796,862296
20071001,9,20070453,아드레날린24,2007-10-03,67457,67889
20071001,10,20070424,인베이젼,2007-09-20,58324,541117
20071008,1,20070433,행복,2007-10-03,370171,951124
20071008,2,20070352,러시 아워 3,2007-10-03,260041,613185
20071008,3,20070441,사랑,2007-09-19,176236,1937539
20071008,4,20070462,내니 다이어리,2007-10-03,164104,400448
20071008,5,20070456,비커밍 제인,2007-10-11,103745,104103
20071008,6,20070457,카핑 베토벤,2007-10-03,96606,96826
20071008,7,20070449,브레이브 원,2007-10-11,92896,92896
20071008,8,20070380,즐거운 인생,2007-09-13,90550,1167110
20071008,9,20070422,본 얼티메이텀,2007-09-12,90483,1962124
20071008,10,20070495,거침없이 쏴라! 슛뎀업 ,2007-10-11,65658,66333
20071015,1,20070434,바르게 살자,2007-10-18,525755,537972
20071015,2,20070497,궁녀,2007-10-18,510810,510810
20071015,3,20070520,레지던트 이블 3 - 인류의 멸망,2007-10-18,217926,217926
20071015,4,20070433,행복,2007-10-03,157115,1108239
20071015,5,20070023,어깨 너머의 연인,2007-10-18,131905,133143
20071015,6,20070352,러시 아워 3,2007-10-03,112739,725924
20071015,7,20070457,카핑 베토벤,2007-10-03,88603,185429
20071015,8,20070456,비커밍 제인,2007-10-11,78383,182486
20071015,9,20070441,사랑,2007-09-19,61633,1999172
20071015,10,20070462,내니 다이어리,2007-10-03,60375,460823
20071022,1,20070434,바르게 살자,2007-10-18,650305,1188277
20071022,2,20070497,궁녀,2007-10-18,485667,996477
20071022,3,20070450,엠,2007-10-25,284845,287254
20071022,4,20070520,레지던트 이블 3 - 인류의 멸망,2007-10-18,203170,421096
20071022,5,20070023,어깨 너머의 연인,2007-10-18,114970,248113
20071022,6,20070457,카핑 베토벤,2007-10-03,51404,236833
20071022,7,20070433,행복,2007-10-03,51309,1159548
20071022,8,20070352,러시 아워 3,2007-10-03,42423,768347
20071022,9,20070502,오다기리 죠의 도쿄타워,2007-10-25,30453,30453
20071022,10,20070500,펀치레이디,2007-10-25,25489,26397
20071029,1,20070435,식객,2007-11-01,534450,548270
20071029,2,20070434,바르게 살자,2007-10-18,489464,1677741
20071029,3,20070497,궁녀,2007-10-18,242758,1239235
20071029,4,20070501,히어로,2007-11-01,132855,133827
20071029,5,20070494,킹덤,2007-11-01,129282,129282
20071029,6,20070450,엠,2007-10-25,116115,403369
20071029,7,20070520,레지던트 이블 3 - 인류의 멸망,2007-10-18,91286,512382
20071029,8,20070465,블랙 달리아,2007-11-01,78002,78002
20071029,9,20070023,어깨 너머의 연인,2007-10-18,41602,289715
20071029,10,20070457,카핑 베토벤,2007-10-03,26657,263490
20071105,1,20070435,식객,2007-11-01,764925,1313195
20071105,2,20070434,바르게 살자,2007-10-18,293425,1971166
20071105,3,20070582,"색, 계",2007-11-08,277716,280243
20071105,4,20070474,더 버터플라이,2007-11-08,116721,128120
20071105,5,20070543,로스트 라이온즈,2007-11-08,102987,102987
20071105,6,20070497,궁녀,2007-10-18,99780,1339015
20071105,7,20070494,킹덤,2007-11-01,92824,222106
20071105,8,20070501,히어로,2007-11-01,91372,225199
20071105,9,20070465,블랙 달리아,2007-11-01,41006,119008
20071105,10,20070466,세븐 데이즈,2007-11-14,30573,30573
20071112,1,20070435,식객,2007-11-01,628022,1941217
20071112,2,20070521,베오울프,2007-11-14,515744,515744
20071112,3,20070582,"색, 계",2007-11-08,379345,659588
20071112,4,20070466,세븐 데이즈,2007-11-14,331379,361952
20071112,5,20070504,스카우트,2007-11-14,169061,170630
20071112,6,20070434,바르게 살자,2007-10-18,126151,2097317
20071112,7,20070091,마을금고 연쇄습격사건,2007-11-14,76604,77078
20071112,8,20070474,더 버터플라이,2007-11-08,49403,177523
20071112,9,20070543,로스트 라이온즈,2007-11-08,41580,144567
20071112,10,20070494,킹덤,2007-11-01,20040,242146
20071119,1,20070466,세븐 데이즈,2007-11-14,523144,885096
20071119,2,20070435,식객,2007-11-01,466858,2408075
20071119,3,20070582,"색, 계",2007-11-08,407616,1067204
20071119,4,20070521,베오울프,2007-11-14,300300,816044
20071119,5,20070593,쏘우 4,2007-11-21,178599,178599
20071119,6,20070555,골든 에이지,2007-11-22,115947,117908
20071119,7,20070504,스카우트,2007-11-14,97744,268374
20071119,8,20070522,라 비 앙 로즈,2007-11-21,60010,60368
20071119,9,20070434,바르게 살자,2007-10-18,32331,2129648
20071119,10,20070091,마을금고 연쇄습격사건,2007-11-14,32222,109300
20071126,1,20070466,세븐 데이즈,2007-11-14,490885,1375981
20071126,2,20070585,어거스트 러쉬,2007-11-29,362725,373923
20071126,3,20070582,"색, 계",2007-11-08,345736,1412940
20071126,4,20070435,식객,2007-11-01,276480,2684555
20071126,5,20072520,우리 동네,2007-11-29,188052,188899
20071126,6,20070545,열한번째 엄마,2007-11-29,153643,162195
20071126,7,20070521,베오울프,2007-11-14,106658,922702
20071126,8,20070498,히트맨,2007-11-29,88006,88006
20071126,9,20070593,쏘우 4,2007-11-21,74098,252697
20071126,10,20070499,마이클 클레이튼,2007-11-29,68471,68853
20071203,1,20070585,어거스트 러쉬,2007-11-29,554892,928815
20071203,2,20070466,세븐 데이즈,2007-11-14,399810,1775791
20071203,3,20070582,"색, 계",2007-11-08,262884,1675824
20071203,4,20070435,식객,2007-11-01,208963,2893518
20071203,5,20070635,헤어스프레이,2007-12-06,174537,175137
20071203,6,20072520,우리 동네,2007-11-29,151430,340329
20071203,7,20070545,열한번째 엄마,2007-11-29,143178,305373
20071203,8,20070498,히트맨,2007-11-29,65789,153795
20071203,9,20070636,데스 센텐스 ,2007-12-06,59123,59123
20071203,10,20070499,마이클 클레이튼,2007-11-29,52650,121503
20071210,1,20070550,나는 전설이다,2007-12-12,995952,995952
20071210,2,20070637,색즉시공 시즌2,2007-12-12,640665,644065
20071210,3,20070585,어거스트 러쉬,2007-11-29,441882,1370697
20071210,4,20070610,싸움,2007-12-12,237126,252257
20071210,5,20070466,세븐 데이즈,2007-11-14,206300,1982091
20071210,6,20070582,"색, 계",2007-11-08,155030,1830854
20071210,7,20070635,헤어스프레이,2007-12-06,123744,298881
20071210,8,20070435,식객,2007-11-01,64834,2958352
20071210,9,20070545,열한번째 엄마,2007-11-29,31279,336652
20071210,10,20072520,우리 동네,2007-11-29,24145,364474
20071217,1,20070551,황금 나침반,2007-12-18,1141132,1141132
20071217,2,20070550,나는 전설이다,2007-12-12,748671,1744623
20071217,3,20070637,색즉시공 시즌2,2007-12-12,537215,1181280
20071217,4,20070549,내셔널 트레져:비밀의 책,2007-12-19,483670,495594
20071217,5,20070639,내 사랑,2007-12-18,327191,329474
20071217,6,20070585,어거스트 러쉬,2007-11-29,269320,1640017
20071217,7,20070640,용의주도 미스신,2007-12-18,266538,266538
20071217,8,20070562,앨빈과 슈퍼밴드,2007-12-19,211101,211632
20071217,9,20070610,싸움,2007-12-12,71354,323611
20071217,10,20070466,세븐 데이즈,2007-11-14,38208,2020299
20071224,1,20070551,황금 나침반,2007-12-18,1048088,2189220
20071224,2,20070549,내셔널 트레져:비밀의 책,2007-12-19,619239,1114833
20071224,3,20070550,나는 전설이다,2007-12-12,534704,2279327
20071224,4,20070637,색즉시공 시즌2,2007-12-12,466169,1647449
20071224,5,20070586,마고리엄의 장난감 백화점,2007-12-24,446092,451248
20071224,6,20070639,내 사랑,2007-12-18,423657,753131
20071224,7,20070585,어거스트 러쉬,2007-11-29,259678,1899695
20071224,8,20070562,앨빈과 슈퍼밴드,2007-12-19,253424,465056
20071224,9,20070640,용의주도 미스신,2007-12-18,249826,516364
20071224,10,20070642,아메리칸 갱스터,2007-12-27,166035,167996
20071231,1,20070551,황금 나침반,2007-12-18,511048,2700268
20071231,2,20070549,내셔널 트레져:비밀의 책,2007-12-19,466295,1581128
20071231,3,20070563,꿀벌대소동,2008-01-03,384704,386601
20071231,4,20070661,기다리다 미쳐,2008-01-01,319231,319614
20071231,5,20070637,색즉시공 시즌2,2007-12-12,264193,1911642
20071231,6,20071003,P.S. 아이 러브 유,2008-01-03,210464,212155
20071231,7,20070585,어거스트 러쉬,2007-11-29,191791,2091486
20071231,8,20070642,아메리칸 갱스터,2007-12-27,185591,353587
20071231,9,20070639,내 사랑,2007-12-18,177315,930446
20071231,10,20070550,나는 전설이다,2007-12-12,161043,2440370
20080107,1,20070382,우리 생애 최고의 순간,2008-01-10,738828,754132
20080107,2,20071064,무방비도시,2008-01-10,539633,541913
20080107,3,20070563,꿀벌대소동,2008-01-03,384321,770922
20080107,4,20071042,미스트,2008-01-10,242641,243040
20080107,5,20070566,마법에 걸린 사랑,2008-01-10,180536,194658
20080107,6,20070549,내셔널 트레져:비밀의 책,2007-12-19,134504,1715632
20080107,7,20070551,황금 나침반,2007-12-18,113009,2813277
20080107,8,20070661,기다리다 미쳐,2008-01-01,107482,427096
20080107,9,20071003,P.S. 아이 러브 유,2008-01-03,86035,298190
20080107,10,20070637,색즉시공 시즌2,2007-12-12,76116,1987758
20080114,1,20070382,우리 생애 최고의 순간,2008-01-10,911255,1665387
20080114,2,20071064,무방비도시,2008-01-10,521394,1063307
20080114,3,20080009,스위니 토드 : 어느 잔혹한 이발사 이야기,2008-01-17,322467,322467
20080114,4,20070660,뜨거운 것이 좋아,2008-01-17,264791,265408
20080114,5,20070563,꿀벌대소동,2008-01-03,239422,1010344
20080114,6,20071042,미스트,2008-01-10,179485,422525
20080114,7,20080010,에이리언 VS 프레데터2 ,2008-01-17,165662,165662
20080114,8,20070566,마법에 걸린 사랑,2008-01-10,143320,337978
20080114,9,20080008,어린 왕자,2008-01-17,46845,46845
20080114,10,20071065,써티 데이즈 오브 나이트,2008-01-10,30650,84464
20080121,1,20070382,우리 생애 최고의 순간,2008-01-10,854957,2520344
20080121,2,20071064,무방비도시,2008-01-10,374194,1437501
20080121,3,20070672,클로버필드,2008-01-24,357681,358359
20080121,4,20080009,스위니 토드 : 어느 잔혹한 이발사 이야기,2008-01-17,280664,603131
20080121,5,20070660,뜨거운 것이 좋아,2008-01-17,248710,514118
20080121,6,20071014,엘라의 모험 : 해피엔딩의 위기,2008-01-24,136625,153065
20080121,7,20070563,꿀벌대소동,2008-01-03,130741,1141085
20080121,8,20080010,에이리언 VS 프레데터2 ,2008-01-17,106235,271897
20080121,9,20071042,미스트,2008-01-10,82126,504651
20080121,10,20070566,마법에 걸린 사랑,2008-01-10,77136,415114
20080128,1,20070382,우리 생애 최고의 순간,2008-01-10,567740,3088084
20080128,2,20071675,더 게임,2008-01-30,431821,431997
20080128,3,20080011,원스어폰어타임,2008-01-31,333499,349873
20080128,4,20071067,슈퍼맨이었던 사나이,2008-01-31,253018,256825
20080128,5,20070672,클로버필드,2008-01-24,162758,521117
20080128,6,20080013,명장,2008-01-30,142509,148736
20080128,7,20071064,무방비도시,2008-01-10,135642,1573143
20080128,8,20080015,라듸오 데이즈,2008-01-31,101155,102063
20080128,9,20080009,스위니 토드 : 어느 잔혹한 이발사 이야기,2008-01-17,79320,682451
20080128,10,20071014,엘라의 모험 : 해피엔딩의 위기,2008-01-24,78898,231963
20080204,1,20080011,원스어폰어타임,2008-01-31,807341,1157214
20080204,2,20071675,더 게임,2008-01-30,804947,1236944
20080204,3,20070382,우리 생애 최고의 순간,2008-01-10,745537,3833621
20080204,4,20070548,6년째 연애중,2008-02-05,727279,732091
20080204,5,20071067,슈퍼맨이었던 사나이,2008-01-31,261845,518670
20080204,6,20080014,마지막 선물,2008-02-05,222249,223099
20080204,7,20080013,명장,2008-01-30,202468,351204
20080204,8,20080021,찰리윌슨의 전쟁,2008-02-06,133846,145042
20080204,9,20080015,라듸오 데이즈,2008-01-31,96113,198176
20080204,10,20071014,엘라의 모험 : 해피엔딩의 위기,2008-01-24,66479,298442
20080211,1,20080047,점퍼,2008-02-14,717385,717385
20080211,2,20080046,추격자,2008-02-14,660006,665014
20080211,3,20070548,6년째 연애중,2008-02-05,269703,1001794
20080211,4,20080011,원스어폰어타임,2008-01-31,250492,1407706
20080211,5,20080038,스파이더위크가의 비밀,2008-02-14,194366,194862
20080211,6,20071675,더 게임,2008-01-30,186513,1423457
20080211,7,20070382,우리 생애 최고의 순간,2008-01-10,125466,3959087
20080211,8,20080024,오퍼나지: 비밀의계단,2008-02-14,89932,90150
20080211,9,20071047,"대한이, 민국씨",2008-02-14,78834,78834
20080211,10,20080014,마지막 선물,2008-02-05,38735,261834
20080218,1,20080046,추격자,2008-02-14,1084122,1749136
20080218,2,20080047,점퍼,2008-02-14,572654,1290039
20080218,3,20080038,스파이더위크가의 비밀,2008-02-14,227507,422369
20080218,4,20080062,데스노트 L: 새로운 시작,2008-02-21,209099,209537
20080218,5,20080011,원스어폰어타임,2008-01-31,106311,1514017
20080218,6,20080065,어톤먼트,2008-02-21,100680,102641
20080218,7,20070548,6년째 연애중,2008-02-05,87299,1089093
20080218,8,20080024,오퍼나지: 비밀의계단,2008-02-14,65085,155235
20080218,9,20071047,"대한이, 민국씨",2008-02-14,56650,135484
20080218,10,20071675,더 게임,2008-01-30,45253,1468710
20080225,1,20080046,추격자,2008-02-14,1053391,2802527
20080225,2,20080032,밴티지 포인트,2008-02-28,417570,419137
20080225,3,20072151,바보,2008-02-28,398203,398398
20080225,4,20080047,점퍼,2008-02-14,288739,1578778
20080225,5,20080038,스파이더위크가의 비밀,2008-02-14,183918,606287
20080225,6,20080062,데스노트 L: 새로운 시작,2008-02-21,127059,336596
20080225,7,20080065,어톤먼트,2008-02-21,80272,182913
20080225,8,20080078,람보 4 : 라스트 블러드,2008-02-28,64471,69717
20080225,9,20071047,"대한이, 민국씨",2008-02-14,52677,188161
20080225,10,20080079,사랑보다 황금,2008-02-28,42852,42852
20080303,1,20080046,추격자,2008-02-14,758889,3561416
20080303,2,20080032,밴티지 포인트,2008-02-28,338293,757430
20080303,3,20072151,바보,2008-02-28,324468,722866
20080303,4,20080142,마이 뉴 파트너,2008-03-06,147946,151783
20080303,5,20080141,27번의 결혼리허설,2008-03-06,138979,138979
20080303,6,20080145,마이 블루베리 나이츠,2008-03-06,82962,94557
20080303,7,20080047,점퍼,2008-02-14,71206,1649984
20080303,8,20080105,집결호,2008-03-06,52324,52723
20080303,9,20080038,스파이더위크가의 비밀,2008-02-14,48257,654544
20080303,10,20080078,람보 4 : 라스트 블러드,2008-02-28,31270,100987
20080310,1,20080148,"10,000 BC",2008-03-13,550371,550371
20080310,2,20080046,추격자,2008-02-14,502832,4064248
20080310,3,20080149,스텝업 2 : 더 스트리트,2008-03-13,347559,359419
20080310,4,20072151,바보,2008-02-28,153125,875991
20080310,5,20080032,밴티지 포인트,2008-02-28,149203,906633
20080310,6,20080142,마이 뉴 파트너,2008-03-06,77287,229070
20080310,7,20080141,27번의 결혼리허설,2008-03-06,73188,212167
20080310,8,20080146,허밍,2008-03-13,59463,61546
20080310,9,20080145,마이 블루베리 나이츠,2008-03-06,42497,137054
20080310,10,20080105,집결호,2008-03-06,16397,69120
20080317,1,20080226,숙명,2008-03-20,435174,435174
20080317,2,20080148,"10,000 BC",2008-03-13,364088,914459
20080317,3,20080046,추격자,2008-02-14,363423,4427671
20080317,4,20080149,스텝업 2 : 더 스트리트,2008-03-13,347732,707151
20080317,5,20080230,천일의 스캔들,2008-03-20,176944,181900
20080317,6,20080032,밴티지 포인트,2008-02-28,75202,981835
20080317,7,20072151,바보,2008-02-28,70234,946225
20080317,8,20080055,워터호스,2008-03-20,46501,46694
20080317,9,20080146,허밍,2008-03-13,28183,89729
20080317,10,20080142,마이 뉴 파트너,2008-03-06,23771,252841
20080324,1,20080226,숙명,2008-03-20,296224,731398
20080324,2,20080046,추격자,2008-02-14,256914,4684585
20080324,3,20080254,어웨이크,2008-03-27,240006,251202
20080324,4,20080230,천일의 스캔들,2008-03-20,230601,412501
20080324,5,20080149,스텝업 2 : 더 스트리트,2008-03-13,204157,911308
20080324,6,20080148,"10,000 BC",2008-03-13,162039,1076498
20080324,7,20080258,댄 인 러브,2008-03-27,92914,92914
20080324,8,20080252,데스 디파잉:어느 마술사의 사랑,2008-03-27,83471,84100
20080324,9,20080055,워터호스,2008-03-20,27679,74373
20080324,10,20080032,밴티지 포인트,2008-02-28,21974,1003809
20080331,1,20072148,GP 506,2008-04-03,383667,386293
20080331,2,20080291,삼국지:용의 부활,2008-04-03,360984,364076
20080331,3,20080254,어웨이크,2008-03-27,163459,414661
20080331,4,20080046,추격자,2008-02-14,148401,4832986
20080331,5,20080230,천일의 스캔들,2008-03-20,141525,554026
20080331,6,20080226,숙명,2008-03-20,94021,825419
20080331,7,20080149,스텝업 2 : 더 스트리트,2008-03-13,93466,1004774
20080331,8,20080331,도레미파솔라시도,2008-04-03,88155,88155
20080331,9,20080258,댄 인 러브,2008-03-27,64427,157341
20080331,10,20080148,"10,000 BC",2008-03-13,46579,1123077
20080407,1,20080337,테이큰,2008-04-09,413381,413831
20080407,2,20080291,삼국지:용의 부활,2008-04-03,400012,764088
20080407,3,20072148,GP 506,2008-04-03,351320,737613
20080407,4,20080348,연의 황후,2008-04-09,116713,116713
20080407,5,20080236,나의 특별한 사랑이야기,2008-04-09,95660,97471
20080407,6,20080046,추격자,2008-02-14,88893,4921879
20080407,7,20080331,도레미파솔라시도,2008-04-03,78234,166389
20080407,8,20080230,천일의 스캔들,2008-03-20,75499,629525
20080407,9,20080349,버킷 리스트:죽기전에 꼭 하고싶은것들,2008-04-09,70377,70377
20080407,10,20080350,내가 숨쉬는 공기,2008-04-09,70375,70757
20080414,1,20080337,테이큰,2008-04-09,464928,878759
20080414,2,20080291,삼국지:용의 부활,2008-04-03,164825,928913
20080414,3,20080363,스트리트 킹,2008-04-17,142388,142388
20080414,4,20072148,GP 506,2008-04-03,118720,856333
20080414,5,20080364,킬위드미,2008-04-17,99425,99425
20080414,6,20080349,버킷 리스트:죽기전에 꼭 하고싶은것들,2008-04-09,66154,136531
20080414,7,20080348,연의 황후,2008-04-09,56388,173101
20080414,8,20080046,추격자,2008-02-14,48159,4970038
20080414,9,20080236,나의 특별한 사랑이야기,2008-04-09,43795,141266
20080414,10,20080365,패솔로지,2008-04-17,35393,37454
20080421,1,20080379,포비든 킹덤: 전설의 마스터를 찾아서,2008-04-24,543502,543502
20080421,2,20080337,테이큰,2008-04-09,487089,1365848
20080421,3,20080363,스트리트 킹,2008-04-17,104690,247078
20080421,4,20080364,킬위드미,2008-04-17,91679,191104
20080421,5,20080291,삼국지:용의 부활,2008-04-03,78555,1007468
20080421,6,20072148,GP 506,2008-04-03,67218,923551
20080421,7,20080349,버킷 리스트:죽기전에 꼭 하고싶은것들,2008-04-09,66781,203312
20080421,8,20080046,추격자,2008-02-14,43857,5013895
20080421,9,20080365,패솔로지,2008-04-17,41449,78903
20080421,10,20080236,나의 특별한 사랑이야기,2008-04-09,30157,171423
20080428,1,20080396,아이언맨,2008-04-30,1313366,1314116
20080428,2,20080394,비스티 보이즈,2008-04-30,377056,391224
20080428,3,20080337,테이큰,2008-04-09,354406,1720254
20080428,4,20080379,포비든 킹덤: 전설의 마스터를 찾아서,2008-04-24,331570,875072
20080428,5,20080393,호튼,2008-04-30,215228,217199
20080428,6,20080397,가루지기,2008-04-30,156692,158841
20080428,7,20080349,버킷 리스트:죽기전에 꼭 하고싶은것들,2008-04-09,39874,243186
20080428,8,20080472,명탐정 코난:베이커가의 망령,2008-05-01,35256,35409
20080428,9,20080363,스트리트 킹,2008-04-17,22218,269296
20080428,10,20080046,추격자,2008-02-14,19127,5033022
20080505,1,20080396,아이언맨,2008-04-30,1483321,2797437
20080505,2,20080476,스피드 레이서,2008-05-08,426469,426469
20080505,3,20080393,호튼,2008-04-30,310828,528027
20080505,4,20080337,테이큰,2008-04-09,278979,1999233
20080505,5,20080379,포비든 킹덤: 전설의 마스터를 찾아서,2008-04-24,236139,1111211
20080505,6,20080394,비스티 보이즈,2008-04-30,217329,608553
20080505,7,20080397,가루지기,2008-04-30,87016,245857
20080505,8,20080478,프라이스리스,2008-05-08,60446,60446
20080505,9,20080472,명탐정 코난:베이커가의 망령,2008-05-01,58431,93840
20080505,10,20080516,서울이 보이냐,2008-05-08,26668,27268
20080512,1,20080396,아이언맨,2008-04-30,915356,3712793
20080512,2,20080479,나니아 연대기:캐스피언 왕자 ,2008-05-15,637845,638300
20080512,3,20080476,스피드 레이서,2008-05-08,314599,741068
20080512,4,20080337,테이큰,2008-04-09,218059,2217292
20080512,5,20080514,페넬로피,2008-05-15,122141,124141
20080512,6,20080393,호튼,2008-04-30,93316,621343
20080512,7,20080379,포비든 킹덤: 전설의 마스터를 찾아서,2008-04-24,91020,1202231
20080512,8,20080394,비스티 보이즈,2008-04-30,88398,696951
20080512,9,20080478,프라이스리스,2008-05-08,57667,118113
20080512,10,20080472,명탐정 코난:베이커가의 망령,2008-05-01,22778,116618
20080519,1,20070675,인디아나 존스 4 : 크리스탈 해골의 왕국,2008-05-22,1659001,1659001
20080519,2,20080479,나니아 연대기:캐스피언 왕자 ,2008-05-15,454407,1092707
20080519,3,20080396,아이언맨,2008-04-30,349772,4062565
20080519,4,20080337,테이큰,2008-04-09,90446,2307738
20080519,5,20080514,페넬로피,2008-05-15,70600,194741
20080519,6,20080654,겟 썸,2008-05-22,63592,63592
20080519,7,20080476,스피드 레이서,2008-05-08,48945,790013
20080519,8,20080394,비스티 보이즈,2008-04-30,18118,715069
20080519,9,20080656,날나리 종부전,2008-05-22,17057,17317
20080519,10,20080393,호튼,2008-04-30,11034,632377
20080526,1,20070675,인디아나 존스 4 : 크리스탈 해골의 왕국,2008-05-22,1301312,2960313
20080526,2,20080641,라스베가스에서만 생길 수 있는 일,2008-05-29,298863,298863
20080526,3,20080479,나니아 연대기:캐스피언 왕자 ,2008-05-15,224678,1317385
20080526,4,20080396,아이언맨,2008-04-30,168803,4231368
20080526,5,20080659,88분,2008-05-29,161744,161744
20080526,6,20080660,바디,2008-05-29,72797,73215
20080526,7,20080654,겟 썸,2008-05-22,47780,111372
20080526,8,20080661,위 오운 더 나잇,2008-05-29,43638,43638
20080526,9,20080337,테이큰,2008-04-09,37694,2345432
20080526,10,20080514,페넬로피,2008-05-15,16366,211107
20080602,1,20080653,쿵푸 팬더,2008-06-05,1264712,1265715
20080602,2,20070675,인디아나 존스 4 : 크리스탈 해골의 왕국,2008-05-22,799394,3759707
20080602,3,20080709,섹스 앤 더 시티,2008-06-05,444690,445379
20080602,4,20080641,라스베가스에서만 생길 수 있는 일,2008-05-29,277685,576548
20080602,5,20071060,걸스카우트,2008-06-05,158445,163288
20080602,6,20080479,나니아 연대기:캐스피언 왕자 ,2008-05-15,127576,1444961
20080602,7,20080659,88분,2008-05-29,104970,266714
20080602,8,20080706,디 아이,2008-06-05,62821,63221
20080602,9,20080396,아이언맨,2008-04-30,52451,4283819
20080602,10,20080660,바디,2008-05-29,33499,106714
20080609,1,20080653,쿵푸 팬더,2008-06-05,1198058,2463773
20080609,2,20080830,인크레더블 헐크,2008-06-12,527328,527328
20080609,3,20080709,섹스 앤 더 시티,2008-06-05,329901,775280
20080609,4,20070675,인디아나 존스 4 : 크리스탈 해골의 왕국,2008-05-22,253027,4012734
20080609,5,20080829,해프닝,2008-06-12,235061,235061
20080609,6,20080641,라스베가스에서만 생길 수 있는 일,2008-05-29,90574,667122
20080609,7,20071060,걸스카우트,2008-06-05,55544,218832
20080609,8,20072673,흑심모녀,2008-06-12,40637,40637
20080609,9,20080479,나니아 연대기:캐스피언 왕자 ,2008-05-15,21397,1466358
20080609,10,20080828,도화선,2008-06-12,20472,21078
20080616,1,20080736,강철중: 공공의 적 1-1,2008-06-19,1385133,1385383
20080616,2,20080653,쿵푸 팬더,2008-06-05,877219,3340992
20080616,3,20080830,인크레더블 헐크,2008-06-12,348483,875811
20080616,4,20080709,섹스 앤 더 시티,2008-06-05,185009,960289
20080616,5,20080836,겟 스마트,2008-06-19,113995,113995
20080616,6,20080829,해프닝,2008-06-12,96900,331961
20080616,7,20070675,인디아나 존스 4 : 크리스탈 해골의 왕국,2008-05-22,83798,4096532
20080616,8,20080835,21,2008-06-19,65850,65850
20080616,9,20080837,둠스데이:지구 최후의 날,2008-06-19,64942,65348
20080616,10,20080641,라스베가스에서만 생길 수 있는 일,2008-05-29,23800,690922
20080623,1,20080736,강철중: 공공의 적 1-1,2008-06-19,1334708,2720091
20080623,2,20080847,원티드,2008-06-26,1055214,1055214
20080623,3,20080653,쿵푸 팬더,2008-06-05,601823,3942815
20080623,4,20080663,크로싱,2008-06-26,298978,317166
20080623,5,20080830,인크레더블 헐크,2008-06-12,101043,976854
20080623,6,20080709,섹스 앤 더 시티,2008-06-05,83134,1043423
20080623,7,20080836,겟 스마트,2008-06-19,52842,166837
20080623,8,20080835,21,2008-06-19,36840,102690
20080623,9,20080837,둠스데이:지구 최후의 날,2008-06-19,23413,88761
20080623,10,20070291,무림여대생,2008-06-26,18363,18363
20080630,1,20080873,핸콕,2008-07-02,1319220,1319220
20080630,2,20080847,원티드,2008-06-26,916609,1971823
20080630,3,20080736,강철중: 공공의 적 1-1,2008-06-19,708651,3428742
20080630,4,20080653,쿵푸 팬더,2008-06-05,326451,4269266
20080630,5,20080663,크로싱,2008-06-26,255721,572887
20080630,6,20080874,노크:낯선 자들의 방문,2008-07-02,118990,118990
20080630,7,20080709,섹스 앤 더 시티,2008-06-05,18351,1061774
20080630,8,20080845,크로우즈 제로,2008-07-02,14629,14629
20080630,9,20080848,돼지코 아기공룡 임피의 모험,2008-06-26,13734,18443
20080630,10,20080830,인크레더블 헐크,2008-06-12,13092,989946
20080707,1,20080873,핸콕,2008-07-02,979822,2299042
20080707,2,20080914,적벽대전:거대한 전쟁의 시작,2008-07-10,782871,787494
20080707,3,20080847,원티드,2008-06-26,560122,2531945
20080707,4,20080736,강철중: 공공의 적 1-1,2008-06-19,516259,3945001
20080707,5,20080653,쿵푸 팬더,2008-06-05,247112,4516378
20080707,6,20080663,크로싱,2008-06-26,203322,776209
20080707,7,20080874,노크:낯선 자들의 방문,2008-07-02,103315,222305
20080707,8,20080878,알이씨(Rec),2008-07-10,48072,48072
20080707,9,20080871,잘못된 만남,2008-07-10,34559,34559
20080707,10,20080848,돼지코 아기공룡 임피의 모험,2008-06-26,9808,28251
20080714,1,20072152,"좋은 놈, 나쁜 놈, 이상한 놈 ",2008-07-17,2113859,2121634
20080714,2,20080914,적벽대전:거대한 전쟁의 시작,2008-07-10,462591,1250085
20080714,3,20080873,핸콕,2008-07-02,307304,2606346
20080714,4,20080946,님스 아일랜드,2008-07-17,254452,254684
20080714,5,20080736,강철중: 공공의 적 1-1,2008-06-19,234173,4179174
20080714,6,20080847,원티드,2008-06-26,228760,2760705
20080714,7,20080963,스페이스 침스:우주선을 찾아서,2008-07-17,82859,83244
20080714,8,20080663,크로싱,2008-06-26,77470,853679
20080714,9,20080962,극장판 도라에몽:진구의 마계대모험 7인의 마법사,2008-07-17,68466,68466
20080714,10,20080653,쿵푸 팬더,2008-06-05,67425,4583803
20080721,1,20072152,"좋은 놈, 나쁜 놈, 이상한 놈 ",2008-07-17,1920256,4041890
20080721,2,20080764,님은 먼 곳에,2008-07-24,832209,842461
20080721,3,20080946,님스 아일랜드,2008-07-17,241829,496513
20080721,4,20080914,적벽대전:거대한 전쟁의 시작,2008-07-10,233021,1483106
20080721,5,20080736,강철중: 공공의 적 1-1,2008-06-19,104626,4283800
20080721,6,20080873,핸콕,2008-07-02,97429,2703775
20080721,7,20080963,스페이스 침스:우주선을 찾아서,2008-07-17,86833,170077
20080721,8,20080962,극장판 도라에몽:진구의 마계대모험 7인의 마법사,2008-07-17,84718,153184
20080721,9,20080847,원티드,2008-06-26,82319,2843024
20080721,10,20080992,100 피트,2008-07-24,51955,51955
20080728,1,20080996,미이라 3:황제의 무덤,2008-07-30,2116962,2116962
20080728,2,20072152,"좋은 놈, 나쁜 놈, 이상한 놈 ",2008-07-17,1219891,5261781
20080728,3,20080968,눈에는 눈 이에는 이,2008-07-31,873826,881797
20080728,4,20080764,님은 먼 곳에,2008-07-24,582529,1424990
20080728,5,20080946,님스 아일랜드,2008-07-17,171510,668023
20080728,6,20080962,극장판 도라에몽:진구의 마계대모험 7인의 마법사,2008-07-17,113398,266582
20080728,7,20080963,스페이스 침스:우주선을 찾아서,2008-07-17,80568,250645
20080728,8,20080914,적벽대전:거대한 전쟁의 시작,2008-07-10,78010,1561116
20080728,9,20080736,강철중: 공공의 적 1-1,2008-06-19,26778,4310578
20080728,10,20080653,쿵푸 팬더,2008-06-05,25915,4643518
20080804,1,20081056,다크 나이트,2008-08-06,1177765,1178087
20080804,2,20080996,미이라 3:황제의 무덤,2008-07-30,1128361,3245323
20080804,3,20072152,"좋은 놈, 나쁜 놈, 이상한 놈 ",2008-07-17,676286,5938067
20080804,4,20080968,눈에는 눈 이에는 이,2008-07-31,577871,1459668
20080804,5,20081058,고死 : 피의 중간고사,2008-08-07,561960,575019
20080804,6,20081057,월ㆍE,2008-08-06,438096,438677
20080804,7,20080764,님은 먼 곳에,2008-07-24,202033,1627023
20080804,8,20081059,케로로 더 무비:케로로 VS 케로로 천공대결전,2008-08-07,73251,73404
20080804,9,20080962,극장판 도라에몽:진구의 마계대모험 7인의 마법사,2008-07-17,32321,298903
20080804,10,20080946,님스 아일랜드,2008-07-17,26053,694076
20080811,1,20081056,다크 나이트,2008-08-06,1259978,2438065
20080811,2,20081058,고死 : 피의 중간고사,2008-08-07,566487,1141506
20080811,3,20080996,미이라 3:황제의 무덤,2008-07-30,553315,3798638
20080811,4,20081057,월ㆍE,2008-08-06,429870,868547
20080811,5,20072152,"좋은 놈, 나쁜 놈, 이상한 놈 ",2008-07-17,402259,6340326
20080811,6,20080833,다찌마와리,2008-08-14,337499,339439
20080811,7,20080968,눈에는 눈 이에는 이,2008-07-31,287942,1747610
20080811,8,20081132,아기와 나,2008-08-14,207077,207766
20080811,9,20081096,엑스파일:나는 믿고싶다,2008-08-13,168667,168667
20080811,10,20081059,케로로 더 무비:케로로 VS 케로로 천공대결전,2008-08-07,60459,133863
20080818,1,20081056,다크 나이트,2008-08-06,767905,3205970
20080818,2,20081058,고死 : 피의 중간고사,2008-08-07,300761,1442267
20080818,3,20081057,월ㆍE,2008-08-06,232179,1100726
20080818,4,20080996,미이라 3:황제의 무덤,2008-07-30,200351,3998989
20080818,5,20072152,"좋은 놈, 나쁜 놈, 이상한 놈 ",2008-07-17,190208,6530534
20080818,6,20080833,다찌마와리,2008-08-14,188952,528391
20080818,7,20080965,CJ7:장강7호,2008-08-21,170506,170806
20080818,8,20081132,아기와 나,2008-08-14,147833,355599
20080818,9,20080968,눈에는 눈 이에는 이,2008-07-31,143911,1891521
20080818,10,20081094,미드나잇 미트 트레인,2008-08-21,142704,143582
20080825,1,20081056,다크 나이트,2008-08-06,506452,3712422
20080825,2,20081001,신기전,2008-09-04,217358,233317
20080825,3,20081057,월ㆍE,2008-08-06,147783,1248509
20080825,4,20081169,맘마미아!,2008-09-03,146819,146819
20080825,5,20081058,고死 : 피의 중간고사,2008-08-07,139805,1582072
20080825,6,20080965,CJ7:장강7호,2008-08-21,119313,290119
20080825,7,20081094,미드나잇 미트 트레인,2008-08-21,113499,257081
20080825,8,20072152,"좋은 놈, 나쁜 놈, 이상한 놈 ",2008-07-17,106330,6636864
20080825,9,20080968,눈에는 눈 이에는 이,2008-07-31,97731,1989252
20080825,10,20080833,다찌마와리,2008-08-14,82234,610625
20080901,1,20081001,신기전,2008-09-04,763709,997026
20080901,2,20081169,맘마미아!,2008-09-03,685672,832491
20080901,3,20081056,다크 나이트,2008-08-06,242241,3954663
20080901,4,20081199,지구,2008-09-04,78352,82781
20080901,5,20081173,스타워즈 : 클론 전쟁,2008-09-04,55257,55257
20080901,6,20081057,월ㆍE,2008-08-06,51524,1300033
20080901,7,20081058,고死 : 피의 중간고사,2008-08-07,47192,1629264
20080901,8,20080968,눈에는 눈 이에는 이,2008-07-31,45143,2034395
20080901,9,20072152,"좋은 놈, 나쁜 놈, 이상한 놈 ",2008-07-17,39268,6676132
20080901,10,20081094,미드나잇 미트 트레인,2008-08-21,30821,287902
20080908,1,20081001,신기전,2008-09-04,883328,1880354
20080908,2,20081169,맘마미아!,2008-09-03,844959,1677450
20080908,3,20081243,영화는 영화다,2008-09-11,341489,341489
20080908,4,20081244,울학교 이티,2008-09-11,222400,236724
20080908,5,20081212,20세기 소년,2008-09-11,108267,109445
20080908,6,20081247,방콕 데인저러스,2008-09-11,105781,106229
20080908,7,20081172,꽃보다 남자,2008-09-11,83751,85397
20080908,8,20081056,다크 나이트,2008-08-06,61907,4016570
20080908,9,20081199,지구,2008-09-04,43977,126758
20080908,10,20081173,스타워즈 : 클론 전쟁,2008-09-04,23473,78730
20080915,1,20081001,신기전,2008-09-04,1074982,2955336
20080915,2,20081169,맘마미아!,2008-09-03,988428,2665878
20080915,3,20081243,영화는 영화다,2008-09-11,534315,875804
20080915,4,20081244,울학교 이티,2008-09-11,339684,576408
20080915,5,20081158,미러,2008-09-18,127726,128263
20080915,6,20081276,황시,2008-09-18,93055,93473
20080915,7,20081247,방콕 데인저러스,2008-09-11,85369,191598
20080915,8,20081172,꽃보다 남자,2008-09-11,73997,159394
20080915,9,20081212,20세기 소년,2008-09-11,67727,177172
20080915,10,20081199,지구,2008-09-04,67111,193869
20080922,1,20081169,맘마미아!,2008-09-03,482255,3148133
20080922,2,20081001,신기전,2008-09-04,350694,3306030
20080922,3,20080399,트럭,2008-09-25,244798,245487
20080922,4,20081243,영화는 영화다,2008-09-11,236168,1111972
20080922,5,20081332,헬보이 2 : 골든 아미,2008-09-25,212827,213395
20080922,6,20081002,멋진 하루,2008-09-25,203071,205059
20080922,7,20081244,울학교 이티,2008-09-11,63557,639965
20080922,8,20081158,미러,2008-09-18,57835,186098
20080922,9,20081276,황시,2008-09-18,33625,127098
20080922,10,20081331,동키호테,2008-09-25,31975,31975
20080929,1,20081169,맘마미아!,2008-09-03,420618,3568751
20080929,2,20072686,모던보이,2008-10-02,409717,411093
20080929,3,20080741,고고 70,2008-10-03,281950,298701
20080929,4,20081001,신기전,2008-09-04,235377,3541407
20080929,5,20080399,트럭,2008-09-25,205442,450929
20080929,6,20081334,바빌론 A.D.,2008-10-02,151579,151579
20080929,7,20081332,헬보이 2 : 골든 아미,2008-09-25,142787,356182
20080929,8,20081243,영화는 영화다,2008-09-11,129862,1241834
20080929,9,20081002,멋진 하루,2008-09-25,121910,326969
20080929,10,20081363,더 클럽,2008-10-02,46316,46316
20081006,1,20081366,이글 아이,2008-10-09,658025,658794
20081006,2,20081169,맘마미아!,2008-09-03,295653,3864404
20081006,3,20072686,모던보이,2008-10-02,246605,657698
20081006,4,20080741,고고 70,2008-10-03,202177,500878
20081006,5,20081001,신기전,2008-09-04,120858,3662265
20081006,6,20080399,트럭,2008-09-25,77198,528127
20081006,7,20081334,바빌론 A.D.,2008-10-02,66266,217845
20081006,8,20080887,비몽,2008-10-09,50816,50816
20081006,9,20081243,영화는 영화다,2008-09-11,50393,1292227
20081006,10,20081364,내 친구의 사생활,2008-10-09,43216,43216
20081013,1,20081366,이글 아이,2008-10-09,682267,1341061
20081013,2,20081391,미쓰 홍당무,2008-10-16,253670,253670
20081013,3,20081169,맘마미아!,2008-09-03,204676,4069080
20081013,4,20081390,공작부인:세기의 스캔들,2008-10-16,117481,117765
20081013,5,20072686,모던보이,2008-10-02,87469,745167
20081013,6,20080741,고고 70,2008-10-03,77256,578134
20081013,7,20081393,데스 레이스,2008-10-16,74818,74818
20081013,8,20081361,하우 투 루즈 프렌즈,2008-10-16,63508,64159
20081013,9,20081001,신기전,2008-09-04,48548,3710813
20081013,10,20050086,사과,2008-10-16,29528,32957
20081020,1,20081395,아내가 결혼했다,2008-10-23,512431,514772
20081020,2,20081366,이글 아이,2008-10-09,439748,1780809
20081020,3,20081444,바디 오브 라이즈,2008-10-23,249541,249541
20081020,4,20081391,미쓰 홍당무,2008-10-16,183542,437212
20081020,5,20081169,맘마미아!,2008-09-03,163723,4232803
20081020,6,20081390,공작부인:세기의 스캔들,2008-10-16,91434,209199
20081020,7,20081446,화피,2008-10-23,81832,81832
20081020,8,20081393,데스 레이스,2008-10-16,61210,136028
20081020,9,20081403,그 남자의 책 198쪽,2008-10-23,57554,58243
20081020,10,20081361,하우 투 루즈 프렌즈,2008-10-16,31527,95686
20081027,1,20081395,아내가 결혼했다,2008-10-23,574967,1089739
20081027,2,20081366,이글 아이,2008-10-09,284589,2065398
20081027,3,20081444,바디 오브 라이즈,2008-10-23,224487,474028
20081027,4,20081565,뱅크 잡,2008-10-30,211041,212467
20081027,5,20081169,맘마미아!,2008-09-03,119967,4352770
20081027,6,20081391,미쓰 홍당무,2008-10-16,70570,507782
20081027,7,20081445,굿바이,2008-10-30,64940,65545
20081027,8,20081485,플라이 미 투 더 문,2008-10-30,58142,58142
20081027,9,20081446,화피,2008-10-23,54783,136615
20081027,10,20081519,너를 잊지 않을 거야,2008-10-30,31179,31668
20081103,1,20081484,007 퀀텀 오브 솔러스,2008-11-05,822576,822576
20081103,2,20081395,아내가 결혼했다,2008-10-23,366664,1456403
20081103,3,20081565,뱅크 잡,2008-10-30,164878,377345
20081103,4,20081366,이글 아이,2008-10-09,134371,2199769
20081103,5,20081444,바디 오브 라이즈,2008-10-23,77813,551841
20081103,6,20081169,맘마미아!,2008-09-03,71604,4424374
20081103,7,20081485,플라이 미 투 더 문,2008-10-30,56609,114751
20081103,8,20061223,소년은 울지 않는다,2008-11-06,56449,58370
20081103,9,20081445,굿바이,2008-10-30,44959,110504
20081103,10,20080637,서양 골동 양과자점 앤티크,2008-11-13,30628,31410
20081110,1,20081484,007 퀀텀 오브 솔러스,2008-11-05,646346,1468922
20081110,2,20081611,미인도,2008-11-13,597414,601102
20081110,3,20080637,서양 골동 양과자점 앤티크,2008-11-13,457710,489120
20081110,4,20081395,아내가 결혼했다,2008-10-23,191313,1647716
20081110,5,20081565,뱅크 잡,2008-10-30,112806,490151
20081110,6,20081366,이글 아이,2008-10-09,67510,2267279
20081110,7,20081169,맘마미아!,2008-09-03,41218,4465592
20081110,8,20061223,소년은 울지 않는다,2008-11-06,31141,89511
20081110,9,20081444,바디 오브 라이즈,2008-10-23,29682,581523
20081110,10,20081485,플라이 미 투 더 문,2008-10-30,28845,143596
20081117,1,20081611,미인도,2008-11-13,688307,1289409
20081117,2,20080637,서양 골동 양과자점 앤티크,2008-11-13,394353,883473
20081117,3,20081484,007 퀀텀 오브 솔러스,2008-11-05,348648,1817570
20081117,4,20081535,눈먼자들의 도시,2008-11-20,238423,240050
20081117,5,20081623,맥스 페인,2008-11-20,137764,137764
20081117,6,20081395,아내가 결혼했다,2008-10-23,86554,1734270
20081117,7,20081618,커넥트,2008-11-20,79146,92054
20081117,8,20081565,뱅크 잡,2008-10-30,47167,537318
20081117,9,20081136,렛 미 인,2008-11-13,24222,44617
20081117,10,20081169,맘마미아!,2008-09-03,19834,4485426
20081124,1,20081611,미인도,2008-11-13,531676,1821085
20081124,2,20080890,순정만화,2008-11-27,381098,383565
20081124,3,20081535,눈먼자들의 도시,2008-11-20,265545,505595
20081124,4,20081484,007 퀀텀 오브 솔러스,2008-11-05,248708,2066278
20081124,5,20080637,서양 골동 양과자점 앤티크,2008-11-13,217008,1100481
20081124,6,20081623,맥스 페인,2008-11-20,93712,231476
20081124,7,20081672,과속스캔들,2008-12-03,88297,90374
20081124,8,20081618,커넥트,2008-11-20,77569,169623
20081124,9,20081395,아내가 결혼했다,2008-10-23,47940,1782210
20081124,10,20081169,맘마미아!,2008-09-03,18641,4504067
20081201,1,20081672,과속스캔들,2008-12-03,580700,671074
20081201,2,20081611,미인도,2008-11-13,311535,2132620
20081201,3,20080890,순정만화,2008-11-27,248192,631757
20081201,4,20080743,1724 기방난동사건,2008-12-03,191869,192885
20081201,5,20081535,눈먼자들의 도시,2008-11-20,116559,622154
20081201,6,20081484,007 퀀텀 오브 솔러스,2008-11-05,111784,2178062
20081201,7,20081681,쏘우 V,2008-12-03,102791,103075
20081201,8,20080637,서양 골동 양과자점 앤티크,2008-11-13,67384,1167865
20081201,9,20081623,맥스 페인,2008-11-20,24067,255543
20081201,10,20081618,커넥트,2008-11-20,17807,187430
20081208,1,20081672,과속스캔들,2008-12-03,935469,1606543
20081208,2,20081697,트와일라잇,2008-12-10,589875,601918
20081208,3,20081673,오스트레일리아,2008-12-10,437279,440217
20081208,4,20081611,미인도,2008-11-13,164247,2296867
20081208,5,20080890,순정만화,2008-11-27,85909,717666
20081208,6,20080743,1724 기방난동사건,2008-12-03,83194,276079
20081208,7,20081700,트로픽 썬더 ,2008-12-10,51204,51204
20081208,8,20081681,쏘우 V,2008-12-03,40268,143343
20081208,9,20081484,007 퀀텀 오브 솔러스,2008-11-05,24682,2202744
20081208,10,20081535,눈먼자들의 도시,2008-11-20,22494,644648
20081215,1,20081672,과속스캔들,2008-12-03,979018,2585561
20081215,2,20081696,잃어버린 세계를 찾아서,2008-12-17,428262,435935
20081215,3,20081686,벼랑 위의 포뇨,2008-12-17,421902,423477
20081215,4,20081697,트와일라잇,2008-12-10,406501,1008419
20081215,5,20081673,오스트레일리아,2008-12-10,319736,759953
20081215,6,20081703,예스맨,2008-12-17,268003,268003
20081215,7,20080750,달콤한 거짓말,2008-12-18,210365,214284
20081215,8,20081611,미인도,2008-11-13,41126,2337993
20081215,9,20081700,트로픽 썬더 ,2008-12-10,15481,66685
20081215,10,20081716,쌍화점,2008-12-30,13866,13866
20081222,1,20081672,과속스캔들,2008-12-03,1414087,3999648
20081222,2,20081723,지구가 멈추는 날,2008-12-24,1181013,1181655
20081222,3,20081686,벼랑 위의 포뇨,2008-12-17,582695,1006172
20081222,4,20081696,잃어버린 세계를 찾아서,2008-12-17,553271,989206
20081222,5,20081703,예스맨,2008-12-17,426199,694202
20081222,6,20081697,트와일라잇,2008-12-10,248020,1256439
20081222,7,20080750,달콤한 거짓말,2008-12-18,211010,425294
20081222,8,20081673,오스트레일리아,2008-12-10,158778,918731
20081222,9,20081718,로맨틱 아일랜드,2008-12-24,127059,128175
20081222,10,20081738,니코,2008-12-24,124532,125935
20081229,1,20081716,쌍화점,2008-12-30,1493487,1508843
20081229,2,20081672,과속스캔들,2008-12-03,1118787,5118435
20081229,3,20081744,볼트,2008-12-31,449101,454615
20081229,4,20081703,예스맨,2008-12-17,351392,1045594
20081229,5,20081686,벼랑 위의 포뇨,2008-12-17,338987,1345159
20081229,6,20081723,지구가 멈추는 날,2008-12-24,333307,1514962
20081229,7,20081696,잃어버린 세계를 찾아서,2008-12-17,311529,1300735
20081229,8,20081697,트와일라잇,2008-12-10,73145,1329584
20081229,9,20081673,오스트레일리아,2008-12-10,57906,976637
20081229,10,20080750,달콤한 거짓말,2008-12-18,40048,465342
20090105,1,20081716,쌍화점,2008-12-30,920526,2429369
20090105,2,20081672,과속스캔들,2008-12-03,687701,5806136
20090105,3,20081791,마다가스카 2,2009-01-08,445366,445554
20090105,4,20081809,트랜스포터-라스트 미션,2009-01-08,402727,414301
20090105,5,20081744,볼트,2008-12-31,170960,625575
20090105,6,20081703,예스맨,2008-12-17,170055,1215649
20090105,7,20081686,벼랑 위의 포뇨,2008-12-17,102949,1448108
20090105,8,20081790,디파이언스,2009-01-08,90634,91326
20090105,9,20081696,잃어버린 세계를 찾아서,2008-12-17,78098,1378833
20090105,10,20081723,지구가 멈추는 날,2008-12-24,47685,1562647
20090112,1,20081716,쌍화점,2008-12-30,658633,3088002
20090112,2,20081672,과속스캔들,2008-12-03,587448,6393584
20090112,3,20081791,마다가스카 2,2009-01-08,385945,831499
20090112,4,20081809,트랜스포터-라스트 미션,2009-01-08,367685,781986
20090112,5,20081703,예스맨,2008-12-17,134247,1349896
20090112,6,20081790,디파이언스,2009-01-08,109536,200862
20090112,7,20081744,볼트,2008-12-31,98179,723754
20090112,8,20081686,벼랑 위의 포뇨,2008-12-17,52872,1500980
20090112,9,20081696,잃어버린 세계를 찾아서,2008-12-17,42827,1421660
20090112,10,20090006,탑 블레이드 더 무비,2009-01-15,22227,23069
20090119,1,20090015,적벽대전 2 : 최후의 결전,2009-01-22,750402,767299
20090119,2,20071013,작전명 발키리,2009-01-22,537065,540348
20090119,3,20090014,유감스러운 도시,2009-01-22,461386,462968
20090119,4,20081672,과속스캔들,2008-12-03,410160,6803744
20090119,5,20081716,쌍화점,2008-12-30,299653,3387655
20090119,6,20081791,마다가스카 2,2009-01-08,166190,997689
20090119,7,20081809,트랜스포터-라스트 미션,2009-01-08,103578,885564
20090119,8,20090018,체인질링,2009-01-22,98343,98343
20090119,9,20090017,베드타임 스토리,2009-01-22,70285,70738
20090119,10,20081703,예스맨,2008-12-17,38994,1388890
20090126,1,20090015,적벽대전 2 : 최후의 결전,2009-01-22,1275586,2042885
20090126,2,20071013,작전명 발키리,2009-01-22,905724,1446072
20090126,3,20090014,유감스러운 도시,2009-01-22,821036,1284004
20090126,4,20081672,과속스캔들,2008-12-03,715417,7519161
20090126,5,20090019,잉크하트 : 어둠의 부활,2009-01-29,318541,319148
20090126,6,20081716,쌍화점,2008-12-30,258245,3645900
20090126,7,20090018,체인질링,2009-01-22,211241,309584
20090126,8,20081791,마다가스카 2,2009-01-08,191104,1188793
20090126,9,20090017,베드타임 스토리,2009-01-22,122427,193165
20090126,10,20090029,알파독,2009-01-29,73637,74242
20090202,1,20080870,마린보이,2009-02-05,429248,431157
20090202,2,20090015,적벽대전 2 : 최후의 결전,2009-01-22,410985,2453870
20090202,3,20081672,과속스캔들,2008-12-03,266643,7785804
20090202,4,20071013,작전명 발키리,2009-01-22,251332,1697404
20090202,5,20081727,워낭소리,2009-01-15,212777,305193
20090202,6,20090014,유감스러운 도시,2009-01-22,188414,1472418
20090202,7,20090019,잉크하트 : 어둠의 부활,2009-01-29,180571,499719
20090202,8,20090026,세븐 파운즈,2009-02-05,152037,152037
20090202,9,20090018,체인질링,2009-01-22,127881,437465
20090202,10,20090022,키친,2009-02-05,86171,86171
20090209,1,20090024,벤자민 버튼의 시간은 거꾸로 간다,2009-02-12,461720,461720
20090209,2,20090023,작전,2009-02-12,430734,442857
20090209,3,20081727,워낭소리,2009-01-15,409677,714870
20090209,4,20090012,그는 당신에게 반하지 않았다,2009-02-12,375715,376650
20090209,5,20080870,마린보이,2009-02-05,310042,741199
20090209,6,20090015,적벽대전 2 : 최후의 결전,2009-01-22,180280,2634150
20090209,7,20081672,과속스캔들,2008-12-03,170235,7956039
20090209,8,20090044,작은 영웅 데스페로,2009-02-12,149548,149548
20090209,9,20071013,작전명 발키리,2009-01-22,76047,1773451
20090209,10,20090026,세븐 파운즈,2009-02-05,67609,219646
20090216,1,20081727,워낭소리,2009-01-15,671572,1386442
20090216,2,20090024,벤자민 버튼의 시간은 거꾸로 간다,2009-02-12,497903,959623
20090216,3,20090023,작전,2009-02-12,396221,839078
20090216,4,20090042,핸드폰,2009-02-19,284880,286959
20090216,5,20090012,그는 당신에게 반하지 않았다,2009-02-12,265665,642315
20090216,6,20090025,문프린세스 : 문에이커의 비밀,2009-02-19,194482,195138
20090216,7,20090044,작은 영웅 데스페로,2009-02-12,133654,283202
20090216,8,20081672,과속스캔들,2008-12-03,106672,8062711
20090216,9,20090027,말리와 나,2009-02-19,97532,98866
20090216,10,20080870,마린보이,2009-02-05,74088,815287
20090223,1,20081727,워낭소리,2009-01-15,635559,2022001
20090223,2,20090024,벤자민 버튼의 시간은 거꾸로 간다,2009-02-12,367827,1327450
20090223,3,20090023,작전,2009-02-12,291130,1130208
20090223,4,20090042,핸드폰,2009-02-19,217885,504844
20090223,5,20090012,그는 당신에게 반하지 않았다,2009-02-12,156545,798860
20090223,6,20090063,인터내셔널,2009-02-26,148550,148550
20090223,7,20090025,문프린세스 : 문에이커의 비밀,2009-02-19,135509,330647
20090223,8,20090083,언데드,2009-02-26,123849,123849
20090223,9,20090044,작은 영웅 데스페로,2009-02-12,116683,399885
20090223,10,20090027,말리와 나,2009-02-19,79787,178653
20090302,1,20081727,워낭소리,2009-01-15,390858,2412859
20090302,2,20090043,왓치맨,2009-03-05,321949,322311
20090302,3,20090024,벤자민 버튼의 시간은 거꾸로 간다,2009-02-12,196484,1523934
20090302,4,20090023,작전,2009-02-12,184106,1314314
20090302,5,20090042,핸드폰,2009-02-19,88379,593223
20090302,6,20090012,그는 당신에게 반하지 않았다,2009-02-12,83380,882240
20090302,7,20090063,인터내셔널,2009-02-26,70988,219538
20090302,8,20090083,언데드,2009-02-26,68579,192428
20090302,9,20090068,더 레슬러,2009-03-05,39629,40581
20090302,10,20090086,킬러들의 도시,2009-03-05,32652,32652
20090309,1,20090085,슬픔보다 더 슬픈 이야기,2009-03-11,315250,316328
20090309,2,20090082,드래곤볼 에볼루션,2009-03-12,276006,278185
20090309,3,20081727,워낭소리,2009-01-15,254691,2667550
20090309,4,20090043,왓치맨,2009-03-05,204886,527197
20090309,5,20090087,뉴욕은 언제나 사랑 중,2009-03-12,149890,149890
20090309,6,20090024,벤자민 버튼의 시간은 거꾸로 간다,2009-02-12,138599,1662533
20090309,7,20090091,13일의 금요일,2009-03-12,136794,137081
20090309,8,20090023,작전,2009-02-12,131609,1445923
20090309,9,20090012,그는 당신에게 반하지 않았다,2009-02-12,39671,921911
20090309,10,20081672,과속스캔들,2008-12-03,25690,8199215
20090316,1,20090157,푸시,2009-03-19,319706,322285
20090316,2,20090161,슬럼독 밀리어네어,2009-03-19,261828,262834
20090316,3,20090169,실종,2009-03-19,249373,249373
20090316,4,20090085,슬픔보다 더 슬픈 이야기,2009-03-11,230366,546694
20090316,5,20081727,워낭소리,2009-01-15,122128,2789678
20090316,6,20090082,드래곤볼 에볼루션,2009-03-12,106742,384927
20090316,7,20090087,뉴욕은 언제나 사랑 중,2009-03-12,75432,225322
20090316,8,20090091,13일의 금요일,2009-03-12,59807,196888
20090316,9,20090043,왓치맨,2009-03-05,58067,585264
20090316,10,20090064,그랜 토리노,2009-03-19,57113,63198
20090323,1,20090161,슬럼독 밀리어네어,2009-03-19,325197,588031
20090323,2,20090157,푸시,2009-03-19,258802,581087
20090323,3,20090169,실종,2009-03-19,222392,471765
20090323,4,20090065,더 리더: 책 읽어주는 남자,2009-03-26,147484,166649
20090323,5,20090090,쇼퍼홀릭,2009-03-26,138968,147928
20090323,6,20090085,슬픔보다 더 슬픈 이야기,2009-03-11,121679,668373
20090323,7,20090174,카오스,2009-03-26,119841,121146
20090323,8,20090167,기프트,2009-03-26,98388,99064
20090323,9,20081727,워낭소리,2009-01-15,55653,2845331
20090323,10,20090064,그랜 토리노,2009-03-19,41612,104810
20090330,1,20090156,그림자 살인,2009-04-02,537312,549838
20090330,2,20090161,슬럼독 밀리어네어,2009-03-19,243871,831902
20090330,3,20090176,분노의 질주: 더 오리지널,2009-04-02,230087,230087
20090330,4,20090065,더 리더: 책 읽어주는 남자,2009-03-26,153872,320521
20090330,5,20090090,쇼퍼홀릭,2009-03-26,103908,251836
20090330,6,20090169,실종,2009-03-19,100023,571788
20090330,7,20090157,푸시,2009-03-19,99090,680177
20090330,8,20090174,카오스,2009-03-26,64456,185602
20090330,9,20090088,신부들의 전쟁,2009-04-02,61994,64742
20090330,10,20090167,기프트,2009-03-26,40653,139717
20090406,1,20090156,그림자 살인,2009-04-02,575415,1125253
20090406,2,20090176,분노의 질주: 더 오리지널,2009-04-02,255469,485556
20090406,3,20090161,슬럼독 밀리어네어,2009-03-19,143815,975717
20090406,4,20090193,우리 집에 왜 왔니,2009-04-09,123613,124526
20090406,5,20090065,더 리더: 책 읽어주는 남자,2009-03-26,83759,404280
20090406,6,20090192,용의자 X의 헌신,2009-04-09,57970,57970
20090406,7,20090190,미쓰 루시힐,2009-04-09,52535,52935
20090406,8,20090090,쇼퍼홀릭,2009-03-26,44428,296264
20090406,9,20090169,실종,2009-03-19,43623,615411
20090406,10,20090191,안나와 알렉스 : 두자매 이야기,2009-04-09,33885,34149
20090413,1,20090206,노잉,2009-04-16,452213,459787
20090413,2,20090156,그림자 살인,2009-04-02,392133,1517386
20090413,3,20090210,13구역: 얼티메이텀,2009-04-16,210372,210784
20090413,4,20090176,분노의 질주: 더 오리지널,2009-04-02,122287,607843
20090413,5,20090161,슬럼독 밀리어네어,2009-03-19,75339,1051056
20090413,6,20090193,우리 집에 왜 왔니,2009-04-09,68849,193375
20090413,7,20090207,엽문,2009-04-16,53957,54393
20090413,8,20090203,내 남자의 아내도 좋아,2009-04-15,35514,35707
20090413,9,20081737,7급 공무원,2009-04-22,35252,39065
20090413,10,20090205,더블 스파이,2009-04-16,31071,31071
20090420,1,20081737,7급 공무원,2009-04-22,708934,747999
20090420,2,20090206,노잉,2009-04-16,361032,820819
20090420,3,20090156,그림자 살인,2009-04-02,249588,1766974
20090420,4,20090210,13구역: 얼티메이텀,2009-04-16,224904,435688
20090420,5,20090195,몬스터 vs 에이리언,2009-04-23,219788,220055
20090420,6,20090176,분노의 질주: 더 오리지널,2009-04-02,57270,665113
20090420,7,20090035,똥파리,2009-04-16,46359,72545
20090420,8,20090207,엽문,2009-04-16,45943,100336
20090420,9,20090161,슬럼독 밀리어네어,2009-03-19,45705,1096761
20090420,10,20090219,제독의 연인,2009-04-23,29564,29791
20090427,1,20081003,박쥐,2009-04-30,960356,962666
20090427,2,20081737,7급 공무원,2009-04-22,789260,1537259
20090427,3,20090222,엑스맨 탄생: 울버린,2009-04-30,596887,596887
20090427,4,20090225,인사동 스캔들,2009-04-29,408084,412183
20090427,5,20090195,몬스터 vs 에이리언,2009-04-23,162569,382624
20090427,6,20090206,노잉,2009-04-16,145512,966331
20090427,7,20090156,그림자 살인,2009-04-02,92650,1859624
20090427,8,20090226,케로로 더 무비: 드래곤 워리어,2009-04-30,69391,70711
20090427,9,20090214,스테이트 오브 플레이,2009-04-30,68241,76056
20090427,10,20090210,13구역: 얼티메이텀,2009-04-16,53355,489043
20090504,1,20081737,7급 공무원,2009-04-22,921510,2458769
20090504,2,20081003,박쥐,2009-04-30,777338,1740004
20090504,3,20090222,엑스맨 탄생: 울버린,2009-04-30,553387,1150274
20090504,4,20090225,인사동 스캔들,2009-04-29,477816,889999
20090504,5,20090235,스타 트렉: 더 비기닝,2009-05-07,426520,433508
20090504,6,20090195,몬스터 vs 에이리언,2009-04-23,250439,633063
20090504,7,20090226,케로로 더 무비: 드래곤 워리어,2009-04-30,124490,195201
20090504,8,20090227,리틀 비버,2009-04-30,75686,114867
20090504,9,20090206,노잉,2009-04-16,72945,1039276
20090504,10,20090214,스테이트 오브 플레이,2009-04-30,62496,138552
20090511,1,20090234,천사와 악마,2009-05-14,775982,775982
20090511,2,20081737,7급 공무원,2009-04-22,646552,3105321
20090511,3,20090235,스타 트렉: 더 비기닝,2009-05-07,414567,848075
20090511,4,20090237,김씨표류기,2009-05-14,317456,319588
20090511,5,20081003,박쥐,2009-04-30,270261,2010265
20090511,6,20090225,인사동 스캔들,2009-04-29,178887,1068886
20090511,7,20090222,엑스맨 탄생: 울버린,2009-04-30,110386,1260660
20090511,8,20090259,옹박: 더 레전드,2009-05-14,22693,22693
20090511,9,20090195,몬스터 vs 에이리언,2009-04-23,21639,654702
20090511,10,20090265,할로윈:살인마의 탄생,2009-05-14,19404,19803
20090518,1,20090238,터미네이터 : 미래전쟁의 시작,2009-05-21,1673554,1675115
20090518,2,20090234,천사와 악마,2009-05-14,575678,1351660
20090518,3,20081737,7급 공무원,2009-04-22,440118,3545439
20090518,4,20090237,김씨표류기,2009-05-14,247670,567258
20090518,5,20090235,스타 트렉: 더 비기닝,2009-05-07,168671,1016746
20090518,6,20081003,박쥐,2009-04-30,121405,2131670
20090518,7,20090284,코렐라인,2009-05-21,99097,99097
20090518,8,20090225,인사동 스캔들,2009-04-29,52987,1121873
20090518,9,20090222,엑스맨 탄생: 울버린,2009-04-30,17585,1278245
20090518,10,20090261,잘 알지도 못하면서,2009-05-14,11640,23673
20090525,1,20090238,터미네이터 : 미래전쟁의 시작,2009-05-21,1250589,2925704
20090525,2,20090248,마더,2009-05-28,1198755,1202022
20090525,3,20090234,천사와 악마,2009-05-14,290743,1642403
20090525,4,20081737,7급 공무원,2009-04-22,237955,3783394
20090525,5,20090237,김씨표류기,2009-05-14,100380,667638
20090525,6,20090284,코렐라인,2009-05-21,66272,165369
20090525,7,20090235,스타 트렉: 더 비기닝,2009-05-07,50671,1067417
20090525,8,20081003,박쥐,2009-04-30,48614,2180284
20090525,9,20090269,에코,2009-05-28,29496,29730
20090525,10,20090225,인사동 스캔들,2009-04-29,18099,1139972
20090601,1,20090248,마더,2009-05-28,971959,2173981
20090601,2,20090282,박물관이 살아있다 2,2009-06-04,939071,942333
20090601,3,20090238,터미네이터 : 미래전쟁의 시작,2009-05-21,799334,3725038
20090601,4,20090234,천사와 악마,2009-05-14,190721,1833124
20090601,5,20081737,7급 공무원,2009-04-22,162170,3945564
20090601,6,20090284,코렐라인,2009-05-21,42609,207978
20090601,7,20090237,김씨표류기,2009-05-14,40632,708270
20090601,8,20081003,박쥐,2009-04-30,19094,2199378
20090601,9,20090269,에코,2009-05-28,14621,44351
20090601,10,20090235,스타 트렉: 더 비기닝,2009-05-07,11932,1079349
20090608,1,20090282,박물관이 살아있다 2,2009-06-04,574744,1517077
20090608,2,20090297,거북이 달린다,2009-06-11,542445,544054
20090608,3,20090248,마더,2009-05-28,424105,2598086
20090608,4,20090238,터미네이터 : 미래전쟁의 시작,2009-05-21,399576,4124614
20090608,5,20090287,펠햄 123,2009-06-11,171597,171597
20090608,6,20090288,드래그 미 투 헬,2009-06-11,128393,129201
20090608,7,20090320,블러드,2009-06-11,69971,70660
20090608,8,20090234,천사와 악마,2009-05-14,57156,1890280
20090608,9,20081737,7급 공무원,2009-04-22,56936,4002500
20090608,10,20090314,임피 원더랜드 가다,2009-06-11,19899,19899
20090615,1,20090297,거북이 달린다,2009-06-11,880639,1424693
20090615,2,20090282,박물관이 살아있다 2,2009-06-04,287094,1804171
20090615,3,20090327,여고괴담 5,2009-06-18,286215,286215
20090615,4,20090238,터미네이터 : 미래전쟁의 시작,2009-05-21,260942,4385556
20090615,5,20090248,마더,2009-05-28,219181,2817267
20090615,6,20090287,펠햄 123,2009-06-11,145569,317166
20090615,7,20090288,드래그 미 투 헬,2009-06-11,105046,234247
20090615,8,20090333,블룸 형제 사기단,2009-06-18,53808,54207
20090615,9,20090332,신주쿠 사건,2009-06-18,29186,29420
20090615,10,20090320,블러드,2009-06-11,28288,98948
20090622,1,20090303,트랜스포머: 패자의 역습,2009-06-24,2992475,2992475
20090622,2,20090297,거북이 달린다,2009-06-11,526156,1950849
20090622,3,20090327,여고괴담 5,2009-06-18,148820,435035
20090622,4,20090282,박물관이 살아있다 2,2009-06-04,89227,1893398
20090622,5,20090248,마더,2009-05-28,87141,2904408
20090622,6,20090238,터미네이터 : 미래전쟁의 시작,2009-05-21,71255,4456811
20090622,7,20090343,링스 어드벤처,2009-06-24,63800,64488
20090622,8,20090287,펠햄 123,2009-06-11,29349,346515
20090622,9,20090288,드래그 미 투 헬,2009-06-11,26382,260629
20090622,10,20090333,블룸 형제 사기단,2009-06-18,15021,69228
20090629,1,20090303,트랜스포머: 패자의 역습,2009-06-24,2210184,5202659
20090629,2,20090297,거북이 달린다,2009-06-11,451387,2402236
20090629,3,20090336,킹콩을 들다,2009-07-01,312571,327904
20090629,4,20090327,여고괴담 5,2009-06-18,130452,565487
20090629,5,20090282,박물관이 살아있다 2,2009-06-04,54152,1947550
20090629,6,20090248,마더,2009-05-28,49081,2953489
20090629,7,20090343,링스 어드벤처,2009-06-24,41803,106291
20090629,8,20090238,터미네이터 : 미래전쟁의 시작,2009-05-21,29700,4486511
20090629,9,20081454,언노운 우먼,2009-07-01,11240,12257
20090629,10,20090288,드래그 미 투 헬,2009-06-11,9143,269772
20090706,1,20090303,트랜스포머: 패자의 역습,2009-06-24,1337630,6540289
20090706,2,20090336,킹콩을 들다,2009-07-01,413646,741550
20090706,3,20090297,거북이 달린다,2009-06-11,380175,2782411
20090706,4,20090319,오감도,2009-07-09,263289,264755
20090706,5,20090345,주온-원혼의 부활,2009-07-09,192970,193234
20090706,6,20071015,아더와 미니모이-제1탄비밀원정대의출정,2009-07-09,95584,99663
20090706,7,20090327,여고괴담 5,2009-06-18,61942,627429
20090706,8,20090282,박물관이 살아있다 2,2009-06-04,23143,1970693
20090706,9,20090248,마더,2009-05-28,20221,2973710
20090706,10,20090343,링스 어드벤처,2009-06-24,18348,124639
20090713,1,20090379,해리 포터와 혼혈 왕자,2009-07-15,1690424,1690424
20090713,2,20090051,차우,2009-07-15,675943,686972
20090713,3,20090303,트랜스포머: 패자의 역습,2009-06-24,497797,7038086
20090713,4,20090336,킹콩을 들다,2009-07-01,294996,1036546
20090713,5,20090297,거북이 달린다,2009-06-11,184174,2966585
20090713,6,20090319,오감도,2009-07-09,107627,372382
20090713,7,20090345,주온-원혼의 부활,2009-07-09,89915,283149
20090713,8,20090403,극장판 도라에몽: 진구의 공룡대탐험,2009-07-15,75512,75746
20090713,9,20071015,아더와 미니모이-제1탄비밀원정대의출정,2009-07-09,20258,119921
20090713,10,20090074,해운대,2009-07-22,9802,9802
20090720,1,20090074,해운대,2009-07-22,1985336,1995138
20090720,2,20090379,해리 포터와 혼혈 왕자,2009-07-15,817556,2507980
20090720,3,20090051,차우,2009-07-15,554274,1241246
20090720,4,20090303,트랜스포머: 패자의 역습,2009-06-24,233462,7271548
20090720,5,20090336,킹콩을 들다,2009-07-01,158504,1195050
20090720,6,20090403,극장판 도라에몽: 진구의 공룡대탐험,2009-07-15,84819,160565
20090720,7,20090061,블러디 발렌타인,2009-07-22,78871,85037
20090720,8,20090297,거북이 달린다,2009-06-11,51318,3017903
20090720,9,20090345,주온-원혼의 부활,2009-07-09,18729,301878
20090720,10,20090319,오감도,2009-07-09,16034,388416
20090727,1,20090074,해운대,2009-07-22,2800670,4795808
20090727,2,20090307,국가대표,2009-07-29,945376,953517
20090727,3,20090391,업,2009-07-29,414325,415171
20090727,4,20090051,차우,2009-07-15,319035,1560281
20090727,5,20090379,해리 포터와 혼혈 왕자,2009-07-15,315055,2823035
20090727,6,20090412,명탐정 코난 : 칠흑의 추적자,2009-07-29,251792,251940
20090727,7,20090303,트랜스포머: 패자의 역습,2009-06-24,87121,7358669
20090727,8,20090336,킹콩을 들다,2009-07-01,50225,1245275
20090727,9,20090411,메디엄,2009-07-29,47689,48667
20090727,10,20090403,극장판 도라에몽: 진구의 공룡대탐험,2009-07-15,45476,206041
20090803,1,20090074,해운대,2009-07-22,2631369,7427177
20090803,2,20090307,국가대표,2009-07-29,1441448,2394965
20090803,3,20090427,지.아이.조 : 전쟁의 서막,2009-08-06,963850,963850
20090803,4,20090391,업,2009-07-29,414704,829875
20090803,5,20090389,10억,2009-08-06,277160,277160
20090803,6,20090412,명탐정 코난 : 칠흑의 추적자,2009-07-29,255624,507564
20090803,7,20090051,차우,2009-07-15,180457,1740738
20090803,8,20090379,해리 포터와 혼혈 왕자,2009-07-15,119543,2942578
20090803,9,20090303,트랜스포머: 패자의 역습,2009-06-24,29011,7387680
20090803,10,20090411,메디엄,2009-07-29,26575,75242
20090810,1,20090074,해운대,2009-07-22,1585176,9012353
20090810,2,20090307,국가대표,2009-07-29,1541644,3936609
20090810,3,20090427,지.아이.조 : 전쟁의 서막,2009-08-06,826594,1790444
20090810,4,20090408,아이스 에이지 3: 공룡시대,2009-08-12,435384,435384
20090810,5,20090426,퍼블릭 에너미,2009-08-12,290614,290614
20090810,6,20090434,불신지옥,2009-08-12,162670,164387
20090810,7,20090389,10억,2009-08-06,130454,407614
20090810,8,20090391,업,2009-07-29,127562,957437
20090810,9,20090412,명탐정 코난 : 칠흑의 추적자,2009-07-29,91598,599162
20090810,10,20090445,썸머 워즈,2009-08-13,63291,63717
20090817,1,20090307,국가대표,2009-07-29,1375519,5312128
20090817,2,20090074,해운대,2009-07-22,931025,9943378
20090817,3,20090427,지.아이.조 : 전쟁의 서막,2009-08-06,474599,2265043
20090817,4,20090408,아이스 에이지 3: 공룡시대,2009-08-12,282666,718050
20090817,5,20090304,요가학원,2009-08-20,185592,187061
20090817,6,20090459,퍼펙트 겟어웨이,2009-08-20,165195,165363
20090817,7,20090426,퍼블릭 에너미,2009-08-12,124594,415208
20090817,8,20090455,오펀: 천사의 비밀,2009-08-20,118572,120462
20090817,9,20090454,소피의 연애 매뉴얼,2009-08-20,78614,80076
20090817,10,20090434,불신지옥,2009-08-12,72657,237044
20090824,1,20090307,국가대표,2009-07-29,949772,6261900
20090824,2,20090074,해운대,2009-07-22,640893,10584271
20090824,3,20090425,블랙,2009-08-27,262864,270371
20090824,4,20090427,지.아이.조 : 전쟁의 서막,2009-08-06,243708,2508751
20090824,5,20090455,오펀: 천사의 비밀,2009-08-20,174477,294939
20090824,6,20090462,코코 샤넬,2009-08-27,116605,116929
20090824,7,20090408,아이스 에이지 3: 공룡시대,2009-08-12,106409,824459
20090824,8,20090459,퍼펙트 겟어웨이,2009-08-20,102389,267752
20090824,9,20090304,요가학원,2009-08-20,68548,255609
20090824,10,20090428,나의 로맨틱 가이드,2009-08-27,42329,44604
20090831,1,20090307,국가대표,2009-07-29,654177,6916077
20090831,2,20090074,해운대,2009-07-22,342653,10926924
20090831,3,20090425,블랙,2009-08-27,263147,533518
20090831,4,20090449,프로포즈,2009-09-03,148109,156779
20090831,5,20090427,지.아이.조 : 전쟁의 서막,2009-08-06,127897,2636648
20090831,6,20090455,오펀: 천사의 비밀,2009-08-20,121489,416428
20090831,7,20090462,코코 샤넬,2009-08-27,73254,190183
20090831,8,20090485,왼편 마지막 집,2009-09-03,57496,57496
20090831,9,20090453,드림업,2009-09-03,56594,57401
20090831,10,20090459,퍼펙트 겟어웨이,2009-08-20,37934,305686
20090907,1,20090307,국가대표,2009-07-29,404265,7320342
20090907,2,20090484,애자,2009-09-09,377161,384330
20090907,3,20090510,이태원 살인사건,2009-09-10,283557,285290
20090907,4,20090074,해운대,2009-07-22,190397,11117321
20090907,5,20090425,블랙,2009-08-27,162789,696307
20090907,6,20090449,프로포즈,2009-09-03,105757,262536
20090907,7,20090527,국가대표 완결판-못 다한 이야기,2009-09-10,80877,80877
20090907,8,20090511,하이 레인,2009-09-09,68600,68600
20090907,9,20090469,마이 시스터즈 키퍼,2009-09-10,65183,65183
20090907,10,20090501,9:나인,2009-09-09,58965,59289
20090914,1,20090484,애자,2009-09-09,512400,896730
20090914,2,20090307,국가대표,2009-07-29,216161,7536503
20090914,3,20090510,이태원 살인사건,2009-09-10,190990,476280
20090914,4,20090513,어글리 트루스,2009-09-17,148171,152784
20090914,5,20090074,해운대,2009-07-22,113837,11231158
20090914,6,20090425,블랙,2009-08-27,106812,803119
20090914,7,20090527,국가대표 완결판-못 다한 이야기,2009-09-10,99033,179910
20090914,8,20090529,S러버,2009-09-17,61787,61787
20090914,9,20090449,프로포즈,2009-09-03,49669,312205
20090914,10,20090469,마이 시스터즈 키퍼,2009-09-10,45469,110652
20090921,1,20090329,내 사랑 내 곁에,2009-09-24,652225,654339
20090921,2,20090308,불꽃처럼 나비처럼,2009-09-24,439770,447638
20090921,3,20090484,애자,2009-09-09,293599,1190329
20090921,4,20090528,페임,2009-09-24,214843,215656
20090921,5,20090307,국가대표,2009-07-29,122976,7659479
20090921,6,20090513,어글리 트루스,2009-09-17,105921,258705
20090921,7,20090527,국가대표 완결판-못 다한 이야기,2009-09-10,55340,235250
20090921,8,20090510,이태원 살인사건,2009-09-10,47340,523620
20090921,9,20090074,해운대,2009-07-22,44891,11276049
20090921,10,20090425,블랙,2009-08-27,39746,842865
20090928,1,20090329,내 사랑 내 곁에,2009-09-24,818862,1473201
20090928,2,20090308,불꽃처럼 나비처럼,2009-09-24,625200,1072838
20090928,3,20090554,써로게이트,2009-10-01,402128,402364
20090928,4,20090484,애자,2009-09-09,338031,1528360
20090928,5,20090528,페임,2009-09-24,268936,484592
20090928,6,20090555,게이머,2009-10-01,200070,203867
20090928,7,20090307,국가대표,2009-07-29,196845,7856324
20090928,8,20090572,파이널 데스티네이션 4,2009-10-01,148750,148750
20090928,9,20090556,나는 갈매기,2009-09-26,65752,89220
20090928,10,20090570,짱구는 못말려 극장판:태풍을 부르는 노래하는 엉덩이 폭탄,2009-09-24,59632,90638
20091005,1,20090329,내 사랑 내 곁에,2009-09-24,394315,1867516
20091005,2,20090308,불꽃처럼 나비처럼,2009-09-24,330073,1402911
20091005,3,20090554,써로게이트,2009-10-01,244647,647011
20091005,4,20090484,애자,2009-09-09,177538,1705898
20091005,5,20090562,정승필 실종사건,2009-10-08,172340,173048
20091005,6,20090557,호우시절,2009-10-08,141785,149088
20091005,7,20090528,페임,2009-09-24,106223,590815
20091005,8,20090307,국가대표,2009-07-29,99306,7955630
20091005,9,20090572,파이널 데스티네이션 4,2009-10-01,97325,246075
20091005,10,20090555,게이머,2009-10-01,86887,290754
20091012,1,20090579,디스트릭트 9,2009-10-15,346209,346209
20091012,2,20090308,불꽃처럼 나비처럼,2009-09-24,171692,1574603
20091012,3,20090329,내 사랑 내 곁에,2009-09-24,169794,2037310
20091012,4,20090580,나는 비와 함께 간다,2009-10-15,130836,131060
20091012,5,20090554,써로게이트,2009-10-01,114817,761828
20091012,6,20090562,정승필 실종사건,2009-10-08,114035,287083
20091012,7,20090484,애자,2009-09-09,104833,1810731
20091012,8,20090557,호우시절,2009-10-08,103152,252240
20091012,9,20090581,부산,2009-10-15,90635,90635
20091012,10,20090307,국가대표,2009-07-29,46667,8002297
20091019,1,20090605,굿모닝 프레지던트,2009-10-22,812145,815987
20091019,2,20090579,디스트릭트 9,2009-10-15,276629,622838
20091019,3,20090613,팬도럼,2009-10-22,82069,82505
20091019,4,20090308,불꽃처럼 나비처럼,2009-09-24,74545,1649148
20091019,5,20090329,내 사랑 내 곁에,2009-09-24,71933,2109243
20091019,6,20090580,나는 비와 함께 간다,2009-10-15,68273,199333
20091019,7,20090581,부산,2009-10-15,53366,144001
20091019,8,20090484,애자,2009-09-09,46954,1857685
20091019,9,20090599,뉴욕 아이 러브 유,2009-10-22,45850,46086
20091019,10,20090557,호우시절,2009-10-08,29392,281632
20091026,1,20090605,굿모닝 프레지던트,2009-10-22,844985,1660972
20091026,2,20090664,시간 여행자의 아내,2009-10-28,282655,282919
20091026,3,20090578,바스터즈: 거친 녀석들,2009-10-28,154377,154377
20091026,4,20090579,디스트릭트 9,2009-10-15,143736,766574
20091026,5,20090667,파주,2009-10-28,75944,76957
20091026,6,20090604,마이클 잭슨의 디스 이즈 잇,2009-10-28,66099,66099
20091026,7,20090613,팬도럼,2009-10-22,61156,143661
20091026,8,20090599,뉴욕 아이 러브 유,2009-10-22,23498,69584
20091026,9,20090329,내 사랑 내 곁에,2009-09-24,21126,2130369
20091026,10,20090308,불꽃처럼 나비처럼,2009-09-24,17589,1666737
20091102,1,20090605,굿모닝 프레지던트,2009-10-22,528140,2189112
20091102,2,20090664,시간 여행자의 아내,2009-10-28,257090,540009
20091102,3,20090669,집행자,2009-11-05,193348,193824
20091102,4,20090578,바스터즈: 거친 녀석들,2009-10-28,130578,284955
20091102,5,20090146,펜트하우스 코끼리,2009-11-05,97681,98327
20091102,6,20090579,디스트릭트 9,2009-10-15,63469,830043
20091102,7,20090604,마이클 잭슨의 디스 이즈 잇,2009-10-28,42983,109082
20091102,8,20090724,내 눈에 콩깍지,2009-11-05,42318,42318
20091102,9,20081729,킬 미,2009-11-05,39091,39091
20091102,10,20090667,파주,2009-10-28,38937,115894
20091109,1,20090685,2012,2009-11-12,1622677,1622677
20091109,2,20090590,청담보살,2009-11-11,555611,560502
20091109,3,20090605,굿모닝 프레지던트,2009-10-22,236921,2426033
20091109,4,20090664,시간 여행자의 아내,2009-10-28,129748,669757
20091109,5,20090669,집행자,2009-11-05,128466,322290
20091109,6,20090801,천국의 우편배달부,2009-11-12,71594,71594
20091109,7,20090146,펜트하우스 코끼리,2009-11-05,37626,135953
20091109,8,20090578,바스터즈: 거친 녀석들,2009-10-28,36838,321793
20091109,9,20090800,19-Nineteen,2009-11-12,27274,27274
20091109,10,20090604,마이클 잭슨의 디스 이즈 잇,2009-10-28,13699,122781
20091116,1,20090685,2012,2009-11-12,1642149,3264826
20091116,2,20090590,청담보살,2009-11-11,401027,961529
20091116,3,20090305,백야행,2009-11-19,351728,354092
20091116,4,20090605,굿모닝 프레지던트,2009-10-22,93576,2519609
20091116,5,20090682,솔로이스트,2009-11-19,69567,69567
20091116,6,20090664,시간 여행자의 아내,2009-10-28,46021,715778
20091116,7,20090669,집행자,2009-11-05,44596,366886
20091116,8,20090801,천국의 우편배달부,2009-11-12,18998,90592
20091116,9,20090815,홍길동의 후예,2009-11-26,18850,18850
20091116,10,20090578,바스터즈: 거친 녀석들,2009-10-28,7919,329712
20091123,1,20090685,2012,2009-11-12,1041154,4305980
20091123,2,20090678,닌자 어쌔신,2009-11-26,551791,551791
20091123,3,20090305,백야행,2009-11-19,357883,711975
20091123,4,20090815,홍길동의 후예,2009-11-26,255242,274092
20091123,5,20090590,청담보살,2009-11-11,227983,1189512
20091123,6,20090681,크리스마스 캐롤,2009-11-26,138022,138664
20091123,7,20090682,솔로이스트,2009-11-19,42528,112095
20091123,8,20090605,굿모닝 프레지던트,2009-10-22,30740,2550349
20091123,9,20090828,뉴 문,2009-12-02,24684,24684
20091123,10,20090822,바람,2009-11-26,24026,25619
20091130,1,20090828,뉴 문,2009-12-02,883831,908515
20091130,2,20090685,2012,2009-11-12,516363,4822343
20091130,3,20090678,닌자 어쌔신,2009-11-26,431480,983271
20091130,4,20090311,시크릿,2009-12-03,367764,374366
20091130,5,20090815,홍길동의 후예,2009-11-26,199233,473325
20091130,6,20090305,백야행,2009-11-19,167198,879173
20091130,7,20090681,크리스마스 캐롤,2009-11-26,102601,241265
20091130,8,20090590,청담보살,2009-11-11,84835,1274347
20091130,9,20090822,바람,2009-11-26,37873,63492
20091130,10,20090811,에반게리온: 파,2009-12-03,27019,28152
20091207,1,20090828,뉴 문,2009-12-02,670687,1579202
20091207,2,20090311,시크릿,2009-12-03,412962,787328
20091207,3,20090826,모범시민,2009-12-10,376573,376573
20091207,4,20090685,2012,2009-11-12,366315,5188658
20091207,5,20090862,여배우들,2009-12-10,255617,257340
20091207,6,20090678,닌자 어쌔신,2009-11-26,236764,1220035
20091207,7,20090815,홍길동의 후예,2009-11-26,103755,577080
20091207,8,20090681,크리스마스 캐롤,2009-11-26,76338,317603
20091207,9,20090305,백야행,2009-11-19,57446,936619
20091207,10,20090822,바람,2009-11-26,24464,87956
20091214,1,20090834,아바타,2009-12-17,1665665,1666515
20091214,2,20090826,모범시민,2009-12-10,314070,690643
20091214,3,20090828,뉴 문,2009-12-02,278827,1858029
20091214,4,20090311,시크릿,2009-12-03,213664,1000992
20091214,5,20090862,여배우들,2009-12-10,204541,461881
20091214,6,20090685,2012,2009-11-12,156272,5344930
20091214,7,20090678,닌자 어쌔신,2009-11-26,88120,1308155
20091214,8,20090875,걸프렌즈,2009-12-17,73344,75440
20091214,9,20090815,홍길동의 후예,2009-11-26,30688,607768
20091214,10,20090681,크리스마스 캐롤,2009-11-26,21812,339415
20091221,1,20090834,아바타,2009-12-17,2545075,4211590
20091221,2,20090077,전우치,2009-12-23,1775644,1783062
20091221,3,20090856,셜록 홈즈,2009-12-23,803893,803893
20091221,4,20090089,파르나서스 박사의 상상극장,2009-12-23,332341,332769
20091221,5,20090860,포켓 몬스터 DP: 아르세우스 초극의 시공으로,2009-12-24,149298,150997
20091221,6,20090826,모범시민,2009-12-10,94517,785160
20091221,7,20090828,뉴 문,2009-12-02,65041,1923070
20091221,8,20090862,여배우들,2009-12-10,43000,504881
20091221,9,20090685,2012,2009-11-12,41422,5386352
20091221,10,20090311,시크릿,2009-12-03,38452,1039444
20091228,1,20090834,아바타,2009-12-17,2427272,6638862
20091228,2,20090077,전우치,2009-12-23,1682761,3465823
20091228,3,20090856,셜록 홈즈,2009-12-23,785506,1589399
20091228,4,20090891,나인,2009-12-31,333505,335680
20091228,5,20090861,앨빈과 슈퍼밴드2,2009-12-30,321999,347121
20091228,6,20090089,파르나서스 박사의 상상극장,2009-12-23,108135,440904
20091228,7,20090860,포켓 몬스터 DP: 아르세우스 초극의 시공으로,2009-12-24,104745,255742
20091228,8,20090826,모범시민,2009-12-10,14201,799361
20091228,9,20090840,위대한 침묵,2009-12-03,10017,29532
20091228,10,20090828,뉴 문,2009-12-02,9341,1932411
20100104,1,20090834,아바타,2009-12-17,1396977,8035839
20100104,2,20090077,전우치,2009-12-23,889095,4354918
20100104,3,20090888,용서는 없다,2010-01-07,353431,360308
20100104,4,20090856,셜록 홈즈,2009-12-23,334602,1924001
20100104,5,20090861,앨빈과 슈퍼밴드2,2009-12-30,146067,493188
20100104,6,20090891,나인,2009-12-31,123570,459250
20100104,7,20090864,더 로드,2010-01-07,108792,109748
20100104,8,20090893,극장판파워레인저 엔진포스VS 와일드스피릿,2010-01-07,67438,82859
20100104,9,20090860,포켓 몬스터 DP: 아르세우스 초극의 시공으로,2009-12-24,42580,298322
20100104,10,20090821,아스트로 보이-아톰의 귀환,2010-01-13,28309,29963
20100111,1,20090834,아바타,2009-12-17,1208640,9244479
20100111,2,20090077,전우치,2009-12-23,695499,5050417
20100111,3,20090888,용서는 없다,2010-01-07,383911,744219
20100111,4,20090857,파라노말 액티비티,2010-01-13,193237,193433
20100111,5,20090821,아스트로 보이-아톰의 귀환,2010-01-13,173941,203904
20100111,6,20090856,셜록 홈즈,2009-12-23,163619,2087620
20100111,7,20090890,아빠가 여자를 좋아해,2010-01-14,108875,112405
20100111,8,20090861,앨빈과 슈퍼밴드2,2009-12-30,78611,571799
20100111,9,20090892,웨딩드레스,2010-01-14,74359,76271
20100111,10,20090864,더 로드,2010-01-07,52318,162066
20100118,1,20090834,아바타,2009-12-17,1041799,10286278
20100118,2,20090077,전우치,2009-12-23,496817,5547234
20100118,3,20090895,주유소 습격사건 2,2010-01-21,378506,380394
20100118,4,20090888,용서는 없다,2010-01-07,233057,977276
20100118,5,20090857,파라노말 액티비티,2010-01-13,157821,351254
20100118,6,20090821,아스트로 보이-아톰의 귀환,2010-01-13,123580,327484
20100118,7,20090683,500일의 썸머,2010-01-21,81456,81692
20100118,8,20090916,8인: 최후의 결사단,2010-01-21,81280,81603
20100118,9,20090856,셜록 홈즈,2009-12-23,71663,2159283
20100118,10,20090850,공주와 개구리,2010-01-21,58490,59047
20100125,1,20090834,아바타,2009-12-17,986651,11272929
20100125,2,20090914,하모니,2010-01-28,606341,609234
20100125,3,20090077,전우치,2009-12-23,323115,5870349
20100125,4,20090895,주유소 습격사건 2,2010-01-21,264172,644566
20100125,5,20090926,식객2 : 김치전쟁,2010-01-28,250198,254575
20100125,6,20090888,용서는 없다,2010-01-07,113302,1090578
20100125,7,20090897,꼬마 니콜라,2010-01-28,106703,108024
20100125,8,20090913,들어는 봤니? 모건 부부,2010-01-28,68993,68993
20100125,9,20090857,파라노말 액티비티,2010-01-13,64159,415413
20100125,10,20090821,아스트로 보이-아톰의 귀환,2010-01-13,50666,378150
20100201,1,20090904,의형제,2010-02-04,873747,889799
20100201,2,20090914,하모니,2010-01-28,718308,1327542
20100201,3,20090834,아바타,2009-12-17,640941,11913870
20100201,4,20090077,전우치,2009-12-23,152373,6022722
20100201,5,20090926,식객2 : 김치전쟁,2010-01-28,139911,394486
20100201,6,20090895,주유소 습격사건 2,2010-01-21,74244,718810
20100201,7,20090897,꼬마 니콜라,2010-01-28,73898,181922
20100201,8,20090913,들어는 봤니? 모건 부부,2010-01-28,37708,106701
20100201,9,20090888,용서는 없다,2010-01-07,30425,1121003
20100201,10,20090857,파라노말 액티비티,2010-01-13,19316,434729
20100208,1,20090904,의형제,2010-02-04,1196665,2086464
20100208,2,20090923,퍼시 잭슨과 번개 도둑,2010-02-11,536353,536353
20100208,3,20090914,하모니,2010-01-28,521951,1849493
20100208,4,20090834,아바타,2009-12-17,448946,12362816
20100208,5,20100017,공자 춘추전국시대,2010-02-11,171274,171554
20100208,6,20090718,하늘에서 음식이 내린다면,2010-02-11,139808,142071
20100208,7,20090929,울프맨,2010-02-11,129249,129249
20100208,8,20090945,발렌타인 데이,2010-02-11,81342,81342
20100208,9,20090926,식객2 : 김치전쟁,2010-01-28,37112,431598
20100208,10,20100012,원피스 극장판: 스트롱 월드,2010-02-11,35950,36379
20100215,1,20090904,의형제,2010-02-04,1401544,3488008
20100215,2,20090923,퍼시 잭슨과 번개 도둑,2010-02-11,744313,1280666
20100215,3,20090914,하모니,2010-01-28,601376,2450869
20100215,4,20090834,아바타,2009-12-17,455705,12818521
20100215,5,20090718,하늘에서 음식이 내린다면,2010-02-11,300333,442404
20100215,6,20090160,평행이론,2010-02-18,295256,296230
20100215,7,20100017,공자 춘추전국시대,2010-02-11,177338,348892
20100215,8,20090929,울프맨,2010-02-11,122393,251642
20100215,9,20090945,발렌타인 데이,2010-02-11,76331,157673
20100215,10,20100012,원피스 극장판: 스트롱 월드,2010-02-11,67453,103832
20100222,1,20090904,의형제,2010-02-04,765719,4253727
20100222,2,20090923,퍼시 잭슨과 번개 도둑,2010-02-11,345039,1625705
20100222,3,20090160,평행이론,2010-02-18,323659,619889
20100222,4,20090914,하모니,2010-01-28,277379,2728248
20100222,5,20090834,아바타,2009-12-17,220499,13039020
20100222,6,20090718,하늘에서 음식이 내린다면,2010-02-11,142737,585141
20100222,7,20090865,러블리 본즈,2010-02-25,120378,120378
20100222,8,20100077,포스 카인드,2010-02-25,100879,100879
20100222,9,20100090,클로이,2010-02-25,69563,69903
20100222,10,20100039,하치 이야기,2010-02-18,29872,89724
20100301,1,20090930,이상한 나라의 앨리스,2010-03-04,619592,620020
20100301,2,20090904,의형제,2010-02-04,554184,4807911
20100301,3,20090160,평행이론,2010-02-18,206413,826302
20100301,4,20090923,퍼시 잭슨과 번개 도둑,2010-02-11,182907,1808612
20100301,5,20090914,하모니,2010-01-28,173871,2902119
20100301,6,20090834,아바타,2009-12-17,121850,13160870
20100301,7,20100098,디어 존,2010-03-04,108364,109006
20100301,8,20100077,포스 카인드,2010-02-25,95577,196456
20100301,9,20090865,러블리 본즈,2010-02-25,80199,200577
20100301,10,20090718,하늘에서 음식이 내린다면,2010-02-11,59204,644345
20100308,1,20090930,이상한 나라의 앨리스,2010-03-04,736927,1356947
20100308,2,20090904,의형제,2010-02-04,291543,5099454
20100308,3,20100101,프롬 파리 위드 러브,2010-03-11,220495,220819
20100308,4,20090894,사랑은 너무 복잡해,2010-03-11,91652,93764
20100308,5,20090160,평행이론,2010-02-18,76314,902616
20100308,6,20090914,하모니,2010-01-28,73041,2975160
20100308,7,20100098,디어 존,2010-03-04,68167,177173
20100308,8,20100115,대병소장,2010-03-11,66347,66671
20100308,9,20090834,아바타,2009-12-17,46395,13207265
20100308,10,20100105,우리가 꿈꾸는 기적: 인빅터스,2010-03-04,36127,92468
20100315,1,20090930,이상한 나라의 앨리스,2010-03-04,415612,1772559
20100315,2,20100103,셔터 아일랜드,2010-03-18,384907,384907
20100315,3,20090939,육혈포 강도단,2010-03-18,279204,303845
20100315,4,20090904,의형제,2010-02-04,178167,5277621
20100315,5,20100101,프롬 파리 위드 러브,2010-03-11,121324,342143
20100315,6,20100075,무법자,2010-03-18,96870,97303
20100315,7,20090932,데이브레이커스,2010-03-18,87649,87973
20100315,8,20090894,사랑은 너무 복잡해,2010-03-11,81692,175456
20100315,9,20090914,하모니,2010-01-28,29242,3004402
20100315,10,20090834,아바타,2009-12-17,28374,13235639
20100322,1,20090939,육혈포 강도단,2010-03-18,356661,660506
20100322,2,20100103,셔터 아일랜드,2010-03-18,341853,726760
20100322,3,20090948,그린 존,2010-03-25,292217,292541
20100322,4,20090930,이상한 나라의 앨리스,2010-03-04,254910,2027469
20100322,5,20100107,비밀애,2010-03-25,92163,93804
20100322,6,20090904,의형제,2010-02-04,91436,5369057
20100322,7,20100116,솔로몬 케인,2010-03-25,87133,87133
20100322,8,20100075,무법자,2010-03-18,49529,146832
20100322,9,20090932,데이브레이커스,2010-03-18,40103,128076
20100322,10,20090894,사랑은 너무 복잡해,2010-03-11,33681,209137
20100329,1,20100018,타이탄,2010-04-01,1078342,1078342
20100329,2,20090939,육혈포 강도단,2010-03-18,243150,903656
20100329,3,20090948,그린 존,2010-03-25,196759,489300
20100329,4,20100103,셔터 아일랜드,2010-03-18,168502,895262
20100329,5,20090930,이상한 나라의 앨리스,2010-03-04,79715,2107184
20100329,6,20100107,비밀애,2010-03-25,55331,149135
20100329,7,20090904,의형제,2010-02-04,36137,5405194
20100329,8,20090331,폭풍전야,2010-04-01,33598,34142
20100329,9,20100116,솔로몬 케인,2010-03-25,32922,120055
20100329,10,20100141,아마존의 눈물,2010-03-25,22549,52856
20100405,1,20100018,타이탄,2010-04-01,830185,1908527
20100405,2,20100129,반가운 살인자,2010-04-08,212312,222315
20100405,3,20090939,육혈포 강도단,2010-03-18,157797,1061453
20100405,4,20100142,크레이지,2010-04-08,84430,84430
20100405,5,20090948,그린 존,2010-03-25,80280,569580
20100405,6,20100103,셔터 아일랜드,2010-03-18,71246,966508
20100405,7,20100128,프로포즈 데이,2010-04-08,57746,57746
20100405,8,20090930,이상한 나라의 앨리스,2010-03-04,29463,2136647
20100405,9,20090947,집 나온 남자들,2010-04-08,16979,16979
20100405,10,20090331,폭풍전야,2010-04-01,15136,49278
20100412,1,20100018,타이탄,2010-04-01,408908,2317435
20100412,2,20100131,베스트셀러,2010-04-15,230436,232004
20100412,3,20100129,반가운 살인자,2010-04-08,190384,412699
20100412,4,20100143,일라이,2010-04-15,117163,118179
20100412,5,20100165,블라인드 사이드,2010-04-15,83822,83822
20100412,6,20090939,육혈포 강도단,2010-03-18,80022,1141475
20100412,7,20100142,크레이지,2010-04-08,47784,132214
20100412,8,20100128,프로포즈 데이,2010-04-08,40192,97938
20100412,9,20100170,바운티 헌터,2010-04-15,31943,31943
20100412,10,20090948,그린 존,2010-03-25,21902,591482
20100419,1,20100131,베스트셀러,2010-04-15,323882,555886
20100419,2,20100018,타이탄,2010-04-01,236440,2553875
20100419,3,20100168,친정엄마,2010-04-22,134453,140494
20100419,4,20100129,반가운 살인자,2010-04-08,126119,538818
20100419,5,20100165,블라인드 사이드,2010-04-15,116178,200000
20100419,6,20100176,허트 로커,2010-04-22,102413,102863
20100419,7,20100169,킥 애스: 영웅의 탄생,2010-04-22,101706,102132
20100419,8,20100143,일라이,2010-04-15,82346,200525
20100419,9,20090939,육혈포 강도단,2010-03-18,44030,1185505
20100419,10,20100170,바운티 헌터,2010-04-15,23327,55270
20100426,1,20090933,아이언맨 2,2010-04-29,1656785,1656785
20100426,2,20090931,구르믈 버서난 달처럼,2010-04-28,509210,516837
20100426,3,20100131,베스트셀러,2010-04-15,225064,780950
20100426,4,20100168,친정엄마,2010-04-22,140581,281075
20100426,5,20100198,대한민국 1%,2010-05-05,99184,99184
20100426,6,20100165,블라인드 사이드,2010-04-15,70365,270365
20100426,7,20100018,타이탄,2010-04-01,67036,2620911
20100426,8,20100176,허트 로커,2010-04-22,55073,157936
20100426,9,20100169,킥 애스: 영웅의 탄생,2010-04-22,42266,144398
20100426,10,20100129,반가운 살인자,2010-04-08,41882,580700
20100503,1,20090933,아이언맨 2,2010-04-29,1759439,3416224
20100503,2,20090931,구르믈 버서난 달처럼,2010-04-28,552285,1069122
20100503,3,20100131,베스트셀러,2010-04-15,203262,984212
20100503,4,20100198,대한민국 1%,2010-05-05,132870,232054
20100503,5,20100168,친정엄마,2010-04-22,132427,413502
20100503,6,20100166,케로로 더 무비 5: 기적의 사차원섬,2010-04-29,77041,104626
20100503,7,20100190,드래곤 길들이기,2010-05-20,62629,63077
20100503,8,20100165,블라인드 사이드,2010-04-15,53380,323745
20100503,9,20100189,브라더스,2010-05-05,49424,52256
20100503,10,20100018,타이탄,2010-04-01,19779,2640690
20100510,1,20100188,하녀,2010-05-13,818598,821618
20100510,2,20090951,로빈 후드,2010-05-13,551031,551031
20100510,3,20090933,아이언맨 2,2010-04-29,538226,3954450
20100510,4,20090931,구르믈 버서난 달처럼,2010-04-28,207382,1276504
20100510,5,20100198,대한민국 1%,2010-05-05,75322,307376
20100510,6,20100131,베스트셀러,2010-04-15,71892,1056104
20100510,7,20100168,친정엄마,2010-04-22,41244,454746
20100510,8,20100191,시,2010-05-13,34815,37414
20100510,9,20100165,블라인드 사이드,2010-04-15,19340,343085
20100510,10,20100189,브라더스,2010-05-05,14779,67035
20100517,1,20100188,하녀,2010-05-13,911959,1733577
20100517,2,20100190,드래곤 길들이기,2010-05-20,843959,907682
20100517,3,20090951,로빈 후드,2010-05-13,691380,1242411
20100517,4,20090933,아이언맨 2,2010-04-29,352696,4307146
20100517,5,20100256,내 깡패 같은 애인,2010-05-20,273746,279279
20100517,6,20100192,나이트메어,2010-05-20,88989,88989
20100517,7,20090931,구르믈 버서난 달처럼,2010-04-28,73112,1349616
20100517,8,20100198,대한민국 1%,2010-05-05,70552,377928
20100517,9,20100191,시,2010-05-13,58961,96375
20100517,10,20100131,베스트셀러,2010-04-15,21879,1077983
20100524,1,20100193,페르시아의 왕자: 시간의 모래,2010-05-27,719883,720421
20100524,2,20100190,드래곤 길들이기,2010-05-20,502503,1410185
20100524,3,20100188,하녀,2010-05-13,355904,2089481
20100524,4,20090951,로빈 후드,2010-05-13,225452,1467863
20100524,5,20100256,내 깡패 같은 애인,2010-05-20,213142,492421
20100524,6,20090933,아이언맨 2,2010-04-29,92943,4400089
20100524,7,20100206,꿈은 이루어진다,2010-05-27,65834,69900
20100524,8,20100191,시,2010-05-13,58852,155227
20100524,9,20100198,대한민국 1%,2010-05-05,52039,429967
20100524,10,20100192,나이트메어,2010-05-20,40634,129623
20100531,1,20090927,방자전,2010-06-02,878465,882357
20100531,2,20100193,페르시아의 왕자: 시간의 모래,2010-05-27,815670,1536091
20100531,3,20100190,드래곤 길들이기,2010-05-20,614697,2024882
20100531,4,20100188,하녀,2010-05-13,140936,2230417
20100531,5,20100256,내 깡패 같은 애인,2010-05-20,140540,632961
20100531,6,20090921,엣지 오브 다크니스,2010-06-02,137528,137528
20100531,7,20100278,유령작가,2010-06-02,125407,126061
20100531,8,20090951,로빈 후드,2010-05-13,88687,1556550
20100531,9,20100191,시,2010-05-13,32416,187643
20100531,10,20100206,꿈은 이루어진다,2010-05-27,27331,97231
20100607,1,20090927,방자전,2010-06-02,789722,1672079
20100607,2,20100193,페르시아의 왕자: 시간의 모래,2010-05-27,289940,1826031
20100607,3,20100190,드래곤 길들이기,2010-05-20,261513,2286395
20100607,4,20100295,A-특공대,2010-06-10,243753,243753
20100607,5,20100292,베스트 키드,2010-06-10,154603,154603
20100607,6,20100285,섹스 앤 더 시티 2,2010-06-10,137170,137170
20100607,7,20100296,포화속으로,2010-06-16,131147,132369
20100607,8,20090921,엣지 오브 다크니스,2010-06-02,48325,185853
20100607,9,20100256,내 깡패 같은 애인,2010-05-20,47995,680956
20100607,10,20100278,유령작가,2010-06-02,40581,166642
20100614,1,20100296,포화속으로,2010-06-16,1003550,1135919
20100614,2,20090927,방자전,2010-06-02,583417,2255496
20100614,3,20100295,A-특공대,2010-06-10,299052,542805
20100614,4,20100285,섹스 앤 더 시티 2,2010-06-10,150215,287385
20100614,5,20100190,드래곤 길들이기,2010-05-20,149183,2435578
20100614,6,20100193,페르시아의 왕자: 시간의 모래,2010-05-27,118948,1944979
20100614,7,20100292,베스트 키드,2010-06-10,103789,258392
20100614,8,20100291,스트리트댄스,2010-06-16,81677,83880
20100614,9,20100311,엽문2,2010-06-16,41152,41416
20100614,10,20100332,토마스와 친구들 - 극장판 2,2010-06-10,9330,9330
20100621,1,20100296,포화속으로,2010-06-16,719782,1855701
20100621,2,20100310,나잇&데이,2010-06-24,592851,592851
20100621,3,20090927,방자전,2010-06-02,355979,2611475
20100621,4,20100295,A-특공대,2010-06-10,151509,694314
20100621,5,20100210,맨발의 꿈,2010-06-24,124436,130137
20100621,6,20100190,드래곤 길들이기,2010-05-20,96552,2532130
20100621,7,20100285,섹스 앤 더 시티 2,2010-06-10,73769,361154
20100621,8,20100335,여대생 기숙사,2010-06-23,40865,41189
20100621,9,20100291,스트리트댄스,2010-06-16,36750,120630
20100621,10,20100292,베스트 키드,2010-06-10,25602,283994
20100628,1,20100333,슈렉 포에버,2010-07-01,763135,763135
20100628,2,20100310,나잇&데이,2010-06-24,741765,1334616
20100628,3,20100296,포화속으로,2010-06-16,586443,2442144
20100628,4,20100353,파괴된 사나이,2010-07-01,424066,432416
20100628,5,20090927,방자전,2010-06-02,242078,2853553
20100628,6,20100210,맨발의 꿈,2010-06-24,132926,263063
20100628,7,20090943,스플라이스,2010-07-01,93267,93267
20100628,8,20100295,A-특공대,2010-06-10,64981,759295
20100628,9,20100339,필립모리스,2010-07-01,55098,55572
20100628,10,20100285,섹스 앤 더 시티 2,2010-06-10,29034,390188
20100705,1,20100361,이클립스,2010-07-07,1106325,1106811
20100705,2,20100333,슈렉 포에버,2010-07-01,737516,1500651
20100705,3,20100310,나잇&데이,2010-06-24,494244,1828860
20100705,4,20100296,포화속으로,2010-06-16,487277,2929421
20100705,5,20100353,파괴된 사나이,2010-07-01,394282,826698
20100705,6,20090927,방자전,2010-06-02,88008,2941561
20100705,7,20090943,스플라이스,2010-07-01,56640,149907
20100705,8,20100210,맨발의 꿈,2010-06-24,46952,310015
20100705,9,20100362,킬러 인사이드 미,2010-07-07,37660,37975
20100705,10,20100376,아더와 미니모이 2 : 셀레니아 공주 구출 작전,2010-07-08,33665,33665
20100712,1,20100209,이끼,2010-07-14,1139014,1141467
20100712,2,20100361,이클립스,2010-07-07,673455,1780266
20100712,3,20100333,슈렉 포에버,2010-07-01,394121,1894772
20100712,4,20100310,나잇&데이,2010-06-24,313212,2142072
20100712,5,20100296,포화속으로,2010-06-16,284908,3214329
20100712,6,20100353,파괴된 사나이,2010-07-01,156788,983486
20100712,7,20090927,방자전,2010-06-02,33114,2974675
20100712,8,20100210,맨발의 꿈,2010-06-24,16749,326764
20100712,9,20100362,킬러 인사이드 미,2010-07-07,11691,49666
20100712,10,20090943,스플라이스,2010-07-01,11639,161546
20100719,1,20100312,인셉션,2010-07-21,1238624,1238624
20100719,2,20100209,이끼,2010-07-14,1064111,2205578
20100719,3,20100381,마법사의 제자,2010-07-21,342335,342873
20100719,4,20100380,마음이2,2010-07-21,269197,277557
20100719,5,20100361,이클립스,2010-07-07,238377,2018643
20100719,6,20100378,명탐정 코난: 천공의 난파선,2010-07-21,227268,227416
20100719,7,20100333,슈렉 포에버,2010-07-01,201356,2096128
20100719,8,20100296,포화속으로,2010-06-16,93468,3307797
20100719,9,20100310,나잇&데이,2010-06-24,89824,2231896
20100719,10,20100353,파괴된 사나이,2010-07-01,25128,1008614
20100726,1,20100312,인셉션,2010-07-21,1411697,2650321
20100726,2,20100370,솔트,2010-07-29,1073949,1073949
20100726,3,20100209,이끼,2010-07-14,656291,2861869
20100726,4,20100326,고死 두 번째 이야기: 교생실습,2010-07-28,489868,491572
20100726,5,20090953,오션스,2010-07-28,252139,255703
20100726,6,20100380,마음이2,2010-07-21,216376,493933
20100726,7,20100378,명탐정 코난: 천공의 난파선,2010-07-21,206359,433775
20100726,8,20100381,마법사의 제자,2010-07-21,173318,516191
20100726,9,20100379,극장판 도라에몽: 진구의 인어대해전,2010-07-28,114293,115619
20100726,10,20100333,슈렉 포에버,2010-07-01,90305,2186433
20100802,1,20100312,인셉션,2010-07-21,1329878,3980199
20100802,2,20100370,솔트,2010-07-29,1112438,2186387
20100802,3,20100214,아저씨,2010-08-04,979602,984223
20100802,4,20100377,토이 스토리 3,2010-08-05,557928,558790
20100802,5,20100209,이끼,2010-07-14,377818,3239687
20100802,6,20100326,고死 두 번째 이야기: 교생실습,2010-07-28,311431,803003
20100802,7,20090953,오션스,2010-07-28,294069,549772
20100802,8,20100382,스텝 업 3D,2010-08-05,253072,255202
20100802,9,20100380,마음이2,2010-07-21,147302,641235
20100802,10,20100378,명탐정 코난: 천공의 난파선,2010-07-21,144078,577853
20100809,1,20100214,아저씨,2010-08-04,1379603,2363826
20100809,2,20100312,인셉션,2010-07-21,812071,4792270
20100809,3,20100301,악마를 보았다,2010-08-12,636219,636219
20100809,4,20100377,토이 스토리 3,2010-08-05,492059,1050849
20100809,5,20100370,솔트,2010-07-29,477529,2663916
20100809,6,20100382,스텝 업 3D,2010-08-05,239077,494279
20100809,7,20090952,내니맥피 2: 유모와마법소동,2010-08-11,121941,121941
20100809,8,20100209,이끼,2010-07-14,95555,3335242
20100809,9,20100758,오션월드 3D,2010-08-11,83000,83407
20100809,10,20090953,오션스,2010-07-28,70938,620710
20100816,1,20100214,아저씨,2010-08-04,1167402,3531228
20100816,2,20100767,라스트 에어벤더,2010-08-19,764089,764089
20100816,3,20100301,악마를 보았다,2010-08-12,574120,1210339
20100816,4,20100312,인셉션,2010-07-21,501172,5293442
20100816,5,20100377,토이 스토리 3,2010-08-05,266018,1316867
20100816,6,20100768,익스펜더블,2010-08-19,234622,235390
20100816,7,20100370,솔트,2010-07-29,177876,2841792
20100816,8,20100769,폐가,2010-08-19,136232,136830
20100816,9,20100382,스텝 업 3D,2010-08-05,128985,623264
20100816,10,20090952,내니맥피 2: 유모와마법소동,2010-08-11,71414,193355
20100823,1,20100214,아저씨,2010-08-04,926857,4458085
20100823,2,20100767,라스트 에어벤더,2010-08-19,432363,1196452
20100823,3,20100301,악마를 보았다,2010-08-12,332392,1542731
20100823,4,20100312,인셉션,2010-07-21,274453,5567895
20100823,5,20100816,피라냐,2010-08-26,263896,264120
20100823,6,20100794,프레데터스,2010-08-26,187096,187348
20100823,7,20100768,익스펜더블,2010-08-19,131281,366671
20100823,8,20100377,토이 스토리 3,2010-08-05,98083,1414950
20100823,9,20100796,아바타 3D 스페셜에디션,2010-09-04,93094,93094
20100823,10,20100769,폐가,2010-08-19,76042,212872
20100830,1,20100214,아저씨,2010-08-04,682368,5140453
20100830,2,20100766,킬러스,2010-09-02,207364,210912
20100830,3,20100301,악마를 보았다,2010-08-12,182334,1725065
20100830,4,20100816,피라냐,2010-08-26,177997,442117
20100830,5,20100312,인셉션,2010-07-21,165050,5732945
20100830,6,20100767,라스트 에어벤더,2010-08-19,134239,1330691
20100830,7,20100807,뮬란: 전사의 귀환,2010-09-02,89512,89512
20100830,8,20100808,애프터 라이프,2010-09-02,87593,87817
20100830,9,20100794,프레데터스,2010-08-26,75666,263014
20100830,10,20100300,죽이고 싶은,2010-08-26,47986,124179
20100906,1,20100305,해결사,2010-09-09,628471,635714
20100906,2,20100810,마루 밑 아리에티,2010-09-09,442853,442853
20100906,3,20100214,아저씨,2010-08-04,400323,5540776
20100906,4,20100766,킬러스,2010-09-02,93418,304330
20100906,5,20100281,김복남 살인사건의 전말,2010-09-02,83127,123892
20100906,6,20100301,악마를 보았다,2010-08-12,77661,1802726
20100906,7,20100312,인셉션,2010-07-21,73452,5806397
20100906,8,20100834,시라노; 연애조작단,2010-09-16,62141,63595
20100906,9,20100816,피라냐,2010-08-26,56606,498723
20100906,10,20100813,퀴즈왕,2010-09-16,50016,50743
20100913,1,20100833,무적자,2010-09-16,375710,381040
20100913,2,20100305,해결사,2010-09-09,372480,1008194
20100913,3,20100811,레지던트 이블 4: 끝나지 않은 전쟁 3D,2010-09-16,368732,368732
20100913,4,20100834,시라노; 연애조작단,2010-09-16,310678,374273
20100913,5,20100810,마루 밑 아리에티,2010-09-09,211593,654446
20100913,6,20100814,슈퍼  배드,2010-09-16,156588,181418
20100913,7,20100214,아저씨,2010-08-04,155809,5696585
20100913,8,20100813,퀴즈왕,2010-09-16,135350,186093
20100913,9,20100329,그랑프리,2010-09-16,61974,63856
20100913,10,20100812,캣츠 앤 독스 2,2010-09-16,23611,23611
20100920,1,20100834,시라노; 연애조작단,2010-09-16,960309,1334582
20100920,2,20100833,무적자,2010-09-16,868915,1249955
20100920,3,20100811,레지던트 이블 4: 끝나지 않은 전쟁 3D,2010-09-16,626234,994966
20100920,4,20100814,슈퍼  배드,2010-09-16,609466,790884
20100920,5,20100305,해결사,2010-09-09,605561,1613755
20100920,6,20100810,마루 밑 아리에티,2010-09-09,334794,989240
20100920,7,20100813,퀴즈왕,2010-09-16,334016,520109
20100920,8,20100214,아저씨,2010-08-04,266655,5963240
20100920,9,20100329,그랑프리,2010-09-16,92030,155886
20100920,10,20100812,캣츠 앤 독스 2,2010-09-16,75813,99424
20100927,1,20100834,시라노; 연애조작단,2010-09-16,443594,1778176
20100927,2,20100991,먹고 기도하고 사랑하라,2010-09-30,227907,227907
20100927,3,20100835,방가? 방가!,2010-09-30,199582,222931
20100927,4,20100833,무적자,2010-09-16,179237,1429192
20100927,5,20100305,해결사,2010-09-09,137620,1751375
20100927,6,20100811,레지던트 이블 4: 끝나지 않은 전쟁 3D,2010-09-16,132894,1127860
20100927,7,20100814,슈퍼  배드,2010-09-16,99962,890846
20100927,8,20100214,아저씨,2010-08-04,95909,6059149
20100927,9,20100810,마루 밑 아리에티,2010-09-09,51820,1041060
20100927,10,20100813,퀴즈왕,2010-09-16,38559,558668
20101004,1,20100834,시라노; 연애조작단,2010-09-16,381516,2159692
20101004,2,20100835,방가? 방가!,2010-09-30,277620,500551
20101004,3,20100977,적인걸: 측천무후의 비밀,2010-10-06,227408,232306
20101004,4,20100991,먹고 기도하고 사랑하라,2010-09-30,166362,394269
20101004,5,20100975,레터스 투 줄리엣,2010-10-06,161609,168329
20101004,6,20100833,무적자,2010-09-16,91140,1520332
20101004,7,20100814,슈퍼  배드,2010-09-16,77424,968270
20101004,8,20100305,해결사,2010-09-09,73291,1824666
20101004,9,20100214,아저씨,2010-08-04,67645,6126794
20101004,10,20100811,레지던트 이블 4: 끝나지 않은 전쟁 3D,2010-09-16,52831,1180691
20101011,1,20100302,심야의 F.M.,2010-10-14,332744,345300
20101011,2,20100834,시라노; 연애조작단,2010-09-16,245731,2405423
20101011,3,20100835,방가? 방가!,2010-09-30,206364,706915
20101011,4,20100979,검우강호,2010-10-14,173446,174726
20101011,5,20100975,레터스 투 줄리엣,2010-10-06,171112,339441
20101011,6,20100977,적인걸: 측천무후의 비밀,2010-10-06,156244,388550
20101011,7,20100980,22 블렛,2010-10-14,80907,81231
20101011,8,20100991,먹고 기도하고 사랑하라,2010-09-30,73367,467636
20101011,9,20100214,아저씨,2010-08-04,32582,6159376
20101011,10,20100814,슈퍼  배드,2010-09-16,29182,997452
20101018,1,20100302,심야의 F.M.,2010-10-14,425600,770900
20101018,2,20101015,파라노말 액티비티 2,2010-10-21,181938,181938
20101018,3,20100834,시라노; 연애조작단,2010-09-16,164864,2570287
20101018,4,20100835,방가? 방가!,2010-09-30,157145,864060
20101018,5,20090950,월 스트리트: 머니 네버 슬립스,2010-10-21,150301,150301
20101018,6,20100975,레터스 투 줄리엣,2010-10-06,126365,465806
20101018,7,20100979,검우강호,2010-10-14,103854,278580
20101018,8,20100977,적인걸: 측천무후의 비밀,2010-10-06,58011,446561
20101018,9,20100057,참을 수 없는,2010-10-21,48958,49408
20101018,10,20100980,22 블렛,2010-10-14,40313,121544
20101025,1,20100213,부당거래,2010-10-28,714376,714376
20101025,2,20100302,심야의 F.M.,2010-10-14,282375,1053275
20101025,3,20101006,가디언의 전설,2010-10-28,160149,160149
20101025,4,20101015,파라노말 액티비티 2,2010-10-21,141142,323080
20101025,5,20100834,시라노; 연애조작단,2010-09-16,92074,2662361
20101025,6,20100835,방가? 방가!,2010-09-30,90087,954147
20101025,7,20100975,레터스 투 줄리엣,2010-10-06,82512,548318
20101025,8,20090950,월 스트리트: 머니 네버 슬립스,2010-10-21,77458,227759
20101025,9,20101007,나탈리,2010-10-28,57093,58472
20101025,10,20100979,검우강호,2010-10-14,31331,309911
20101101,1,20100213,부당거래,2010-10-28,817278,1531654
20101101,2,20101008,레드,2010-11-03,235044,235610
20101101,3,20101009,불량남녀,2010-11-04,230366,236860
20101101,4,20100302,심야의 F.M.,2010-10-14,106553,1159828
20101101,5,20101006,가디언의 전설,2010-10-28,88257,248406
20101101,6,20101069,데블,2010-11-04,74938,74938
20101101,7,20101039,돌이킬 수 없는,2010-11-04,45450,45900
20101101,8,20101015,파라노말 액티비티 2,2010-10-21,31185,354265
20101101,9,20101038,대지진,2010-11-04,30950,31457
20101101,10,20101007,나탈리,2010-10-28,29833,88305
20101108,1,20101010,초능력자,2010-11-10,990548,996586
20101108,2,20100213,부당거래,2010-10-28,492251,2023905
20101108,3,20101070,언스토퍼블,2010-11-10,205244,210892
20101108,4,20101008,레드,2010-11-03,168855,404465
20101108,5,20101009,불량남녀,2010-11-04,166561,403421
20101108,6,20101006,가디언의 전설,2010-10-28,39350,287756
20101108,7,20100302,심야의 F.M.,2010-10-14,34050,1193878
20101108,8,20101069,데블,2010-11-04,32495,107433
20101108,9,20101038,대지진,2010-11-04,17462,48919
20101108,10,20101039,돌이킬 수 없는,2010-11-04,14491,60391
20101115,1,20101010,초능력자,2010-11-10,740423,1737009
20101115,2,20100213,부당거래,2010-10-28,329852,2353757
20101115,3,20101013,소셜 네트워크,2010-11-18,235508,252646
20101115,4,20101070,언스토퍼블,2010-11-10,167391,378283
20101115,5,20101012,페스티발,2010-11-18,125276,125276
20101115,6,20101170,렛 미 인,2010-11-18,104848,105186
20101115,7,20101011,쏘우 3D,2010-11-18,78071,79330
20101115,8,20101109,두 여자,2010-11-18,75290,75290
20101115,9,20101009,불량남녀,2010-11-04,68932,472353
20101115,10,20101008,레드,2010-11-03,67876,472341
20101122,1,20101133,스카이 라인,2010-11-24,544004,544328
20101122,2,20101010,초능력자,2010-11-10,277341,2014350
20101122,3,20101113,이층의 악당,2010-11-24,274356,278045
20101122,4,20100213,부당거래,2010-10-28,221406,2575163
20101122,5,20101013,소셜 네트워크,2010-11-18,175880,428526
20101122,6,20101012,페스티발,2010-11-18,62994,188270
20101122,7,20101070,언스토퍼블,2010-11-10,59501,437784
20101122,8,20101206,더 콘서트,2010-11-25,55098,55658
20101122,9,20101170,렛 미 인,2010-11-18,48820,154006
20101122,10,20101109,두 여자,2010-11-18,45676,120966
20101129,1,20101221,쩨쩨한 로맨스,2010-12-01,597831,605483
20101129,2,20101014,워리어스 웨이,2010-12-01,292395,296789
20101129,3,20101133,스카이 라인,2010-11-24,253389,797717
20101129,4,20101113,이층의 악당,2010-11-24,223433,501478
20101129,5,20100213,부당거래,2010-10-28,113850,2689013
20101129,6,20101010,초능력자,2010-11-10,97217,2111567
20101129,7,20101213,나니아 연대기: 새벽 출정호의 항해,2010-12-08,72181,72181
20101129,8,20101140,라스트 엑소시즘,2010-12-01,70628,70628
20101129,9,20101013,소셜 네트워크,2010-11-18,65008,493534
20101129,10,20101118,스위치,2010-12-01,55658,58645
20101206,1,20101221,쩨쩨한 로맨스,2010-12-01,589022,1194505
20101206,2,20101213,나니아 연대기: 새벽 출정호의 항해,2010-12-08,550773,622954
20101206,3,20101212,투어리스트,2010-12-09,459767,459767
20101206,4,20101200,김종욱 찾기,2010-12-08,405648,410842
20101206,5,20101014,워리어스 웨이,2010-12-01,117918,414707
20101206,6,20101113,이층의 악당,2010-11-24,79352,580830
20101206,7,20101133,스카이 라인,2010-11-24,58336,856053
20101206,8,20101138,베리드,2010-12-08,41992,45257
20101206,9,20101140,라스트 엑소시즘,2010-12-01,29832,100460
20101206,10,20100213,부당거래,2010-10-28,29598,2718611
20101213,1,20101224,해리 포터와 죽음의 성물1,2010-12-15,1110980,1110980
20101213,2,20101221,쩨쩨한 로맨스,2010-12-01,455633,1650138
20101213,3,20101200,김종욱 찾기,2010-12-08,389766,800608
20101213,4,20101212,투어리스트,2010-12-09,348987,808754
20101213,5,20101213,나니아 연대기: 새벽 출정호의 항해,2010-12-08,293163,916117
20101213,6,20101348,새미의 어드벤쳐,2010-12-15,215433,237472
20101213,7,20101227,톨스토이의 마지막 인생,2010-12-15,33792,34219
20101213,8,20101014,워리어스 웨이,2010-12-01,16249,430956
20101213,9,20101138,베리드,2010-12-08,15516,60773
20101213,10,20101113,이층의 악당,2010-11-24,14325,595155
20101220,1,20101222,황해,2010-12-22,1056010,1056010
20101220,2,20101224,해리 포터와 죽음의 성물1,2010-12-15,1018557,2129537
20101220,3,20101223,헬로우 고스트,2010-12-22,873290,888600
20101220,4,20101221,쩨쩨한 로맨스,2010-12-01,287040,1937178
20101220,5,20101348,새미의 어드벤쳐,2010-12-15,274585,512057
20101220,6,20101200,김종욱 찾기,2010-12-08,236133,1036741
20101220,7,20101213,나니아 연대기: 새벽 출정호의 항해,2010-12-08,187796,1103913
20101220,8,20101378,쓰리 데이즈,2010-12-22,158777,159669
20101220,9,20101226,극장판 포켓 몬스터 DP 「환영의 패왕 조로아크」,2010-12-23,156309,168883
20101220,10,20101212,투어리스트,2010-12-09,85833,894587
20101227,1,20101209,라스트 갓파더,2010-12-29,1313126,1313126
20101227,2,20101223,헬로우 고스트,2010-12-22,863956,1752556
20101227,3,20101222,황해,2010-12-22,752477,1808487
20101227,4,20101224,해리 포터와 죽음의 성물1,2010-12-15,450672,2580209
20101227,5,20101225,트론: 새로운 시작,2010-12-29,301221,301848
20101227,6,20101348,새미의 어드벤쳐,2010-12-15,254047,766104
20101227,7,20101226,극장판 포켓 몬스터 DP 「환영의 패왕 조로아크」,2010-12-23,116409,285292
20101227,8,20101221,쩨쩨한 로맨스,2010-12-01,92118,2029296
20101227,9,20101378,쓰리 데이즈,2010-12-22,82204,241873
20101227,10,20101200,김종욱 찾기,2010-12-08,56574,1093315
20110103,1,20101209,라스트 갓파더,2010-12-29,720418,2033544
20110103,2,20101223,헬로우 고스트,2010-12-22,537340,2289896
20110103,3,20101399,심장이 뛴다,2011-01-05,453415,481023
20110103,4,20101222,황해,2010-12-22,305162,2113649
20110103,5,20101224,해리 포터와 죽음의 성물1,2010-12-15,179331,2759540
20110103,6,20101348,새미의 어드벤쳐,2010-12-15,156122,922226
20110103,7,20101225,트론: 새로운 시작,2010-12-29,110894,412742
20110103,8,20101226,극장판 포켓 몬스터 DP 「환영의 패왕 조로아크」,2010-12-23,54527,339819
20110103,9,20102413,극장판 메탈 베이블레이드 VS 태양 작열의 침략자 솔블레이즈,2011-01-05,46127,46127
20110103,10,20100962,"울지마, 톤즈",2010-09-09,29856,303591
20110110,1,20101223,헬로우 고스트,2010-12-22,368303,2658199
20110110,2,20102421,메가마인드,2011-01-13,360727,370620
20110110,3,20101399,심장이 뛴다,2011-01-05,339619,820642
20110110,4,20101209,라스트 갓파더,2010-12-29,331434,2364978
20110110,5,20110031,러브 & 드럭스,2011-01-13,216849,216849
20110110,6,20110029,시즌 오브 더 위치: 마녀 호송단,2011-01-13,213750,213750
20110110,7,20101222,황해,2010-12-22,107545,2221194
20110110,8,20101224,해리 포터와 죽음의 성물1,2010-12-15,60660,2820200
20110110,9,20101348,새미의 어드벤쳐,2010-12-15,44663,966889
20110110,10,20110030,꿀벌 하치의 대모험,2011-01-13,38809,39333
20110117,1,20102416,글러브,2011-01-20,537993,547334
20110117,2,20102421,메가마인드,2011-01-13,320589,691209
20110117,3,20101223,헬로우 고스트,2010-12-22,254297,2912496
20110117,4,20110031,러브 & 드럭스,2011-01-13,226529,443378
20110117,5,20110029,시즌 오브 더 위치: 마녀 호송단,2011-01-13,183468,397218
20110117,6,20101399,심장이 뛴다,2011-01-05,164500,985142
20110117,7,20101209,라스트 갓파더,2010-12-29,147543,2512521
20110117,8,20119155,아프리카 마법여행,2011-01-20,37449,37720
20110117,9,20100962,"울지마, 톤즈",2010-09-09,33709,367683
20110117,10,20101222,황해,2010-12-22,33409,2254603
20110124,1,20102414,조선명탐정 : 각시투구꽃의 비밀,2011-01-27,738546,750846
20110124,2,20102417,걸리버 여행기,2011-01-27,578806,578806
20110124,3,20102416,글러브,2011-01-20,468483,1015817
20110124,4,20102415,평양성,2011-01-27,396690,400377
20110124,5,20102421,메가마인드,2011-01-13,98514,789723
20110124,6,20119277,상하이,2011-01-27,90287,90287
20110124,7,20102418,그린 호넷,2011-01-27,78031,80050
20110124,8,20101223,헬로우 고스트,2010-12-22,70906,2983402
20110124,9,20110031,러브 & 드럭스,2011-01-13,62630,506008
20110124,10,20102419,타운,2011-01-27,39196,39585
20110131,1,20102414,조선명탐정 : 각시투구꽃의 비밀,2011-01-27,1988657,2739503
20110131,2,20102417,걸리버 여행기,2011-01-27,1007709,1586515
20110131,3,20102415,평양성,2011-01-27,959844,1360221
20110131,4,20102416,글러브,2011-01-20,591347,1607164
20110131,5,20119277,상하이,2011-01-27,141661,231948
20110131,6,20102418,그린 호넷,2011-01-27,100371,180421
20110131,7,20102421,메가마인드,2011-01-13,75170,864893
20110131,8,20102419,타운,2011-01-27,47288,86873
20110131,9,20101223,헬로우 고스트,2010-12-22,31992,3015394
20110131,10,20119137,가필드 펫 포스 3D,2011-01-27,18061,34202
20110207,1,20102414,조선명탐정 : 각시투구꽃의 비밀,2011-01-27,862680,3602183
20110207,2,20101395,라푼젤,2011-02-10,306202,327387
20110207,3,20119418,생텀,2011-02-10,289622,290268
20110207,4,20102415,평양성,2011-01-27,258620,1618841
20110207,5,20102416,글러브,2011-01-20,192494,1799658
20110207,6,20102417,걸리버 여행기,2011-01-27,147251,1733766
20110207,7,20119508,친구와 연인사이,2011-02-10,140240,140240
20110207,8,20119341,아이들...,2011-02-17,82483,85924
20110207,9,20119277,상하이,2011-01-27,31563,263511
20110207,10,20119337,그대를 사랑합니다,2011-02-17,25466,30241
20110214,1,20119341,아이들...,2011-02-17,689852,775776
20110214,2,20102414,조선명탐정 : 각시투구꽃의 비밀,2011-01-27,554894,4157077
20110214,3,19820019,만추,2011-02-17,458325,462279
20110214,4,20101395,라푼젤,2011-02-10,289295,616682
20110214,5,20119429,언노운,2011-02-17,205705,205705
20110214,6,20119337,그대를 사랑합니다,2011-02-17,166006,196247
20110214,7,20119418,생텀,2011-02-10,152600,442868
20110214,8,20119508,친구와 연인사이,2011-02-10,106457,246697
20110214,9,20119358,127시간,2011-02-17,104088,123975
20110214,10,20102415,평양성,2011-01-27,81519,1700360
20110221,1,20119341,아이들...,2011-02-17,622744,1398520
20110221,2,20102414,조선명탐정 : 각시투구꽃의 비밀,2011-01-27,322013,4479090
20110221,3,20119577,블랙 스완,2011-02-24,318079,318079
20110221,4,20119420,아이 엠 넘버 포,2011-02-24,302379,302917
20110221,5,19820019,만추,2011-02-17,268281,730560
20110221,6,20101395,라푼젤,2011-02-10,226431,843113
20110221,7,20119429,언노운,2011-02-17,198214,403919
20110221,8,20119337,그대를 사랑합니다,2011-02-17,189338,385585
20110221,9,20119427,메카닉,2011-02-24,123023,123847
20110221,10,20119556,알파 앤 오메가,2011-02-24,116784,117388
20110228,1,20119577,블랙 스완,2011-02-24,590272,908351
20110228,2,20119341,아이들...,2011-02-17,363679,1762199
20110228,3,20119420,아이 엠 넘버 포,2011-02-24,286657,589574
20110228,4,20119430,컨트롤러,2011-03-03,257618,257618
20110228,5,20119337,그대를 사랑합니다,2011-02-17,242690,628275
20110228,6,20102414,조선명탐정 : 각시투구꽃의 비밀,2011-01-27,226782,4705872
20110228,7,20119630,랭고,2011-03-03,190622,191727
20110228,8,20101395,라푼젤,2011-02-10,137047,980160
20110228,9,20119429,언노운,2011-02-17,102773,506692
20110228,10,19820019,만추,2011-02-17,95392,825952
20110307,1,20119707,월드 인베이젼,2011-03-10,522475,522475
20110307,2,20119577,블랙 스완,2011-02-24,339993,1248344
20110307,3,20119337,그대를 사랑합니다,2011-02-17,215526,843801
20110307,4,20119511,사랑이 무서워,2011-03-10,161901,174066
20110307,5,20119630,랭고,2011-03-03,143490,335217
20110307,6,20119430,컨트롤러,2011-03-03,97725,355343
20110307,7,20119341,아이들...,2011-02-17,84499,1846698
20110307,8,2009A362,파이터,2011-03-10,83969,83969
20110307,9,20102414,조선명탐정 : 각시투구꽃의 비밀,2011-01-27,61035,4766907
20110307,10,20119420,아이 엠 넘버 포,2011-02-24,56286,645860
20110314,1,20119707,월드 인베이젼,2011-03-10,399917,922392
20110314,2,20119637,킹스 스피치,2011-03-17,232763,259457
20110314,3,20119577,블랙 스완,2011-02-24,202477,1450821
20110314,4,20119337,그대를 사랑합니다,2011-02-17,191480,1035281
20110314,5,20119768,레드 라이딩 후드,2011-03-17,189855,189855
20110314,6,20119511,사랑이 무서워,2011-03-10,149089,323155
20110314,7,20119667,굿모닝 에브리원,2011-03-17,85373,86940
20110314,8,20119802,비스틀리,2011-03-17,82030,82727
20110314,9,20119419,웨이 백,2011-03-17,60417,60877
20110314,10,20119630,랭고,2011-03-03,54993,390210
20110321,1,20119637,킹스 스피치,2011-03-17,259777,519234
20110321,2,20119707,월드 인베이젼,2011-03-10,247032,1169424
20110321,3,20119337,그대를 사랑합니다,2011-02-17,200654,1235935
20110321,4,20119720,마이 블랙 미니드레스,2011-03-24,162503,166571
20110321,5,20119768,레드 라이딩 후드,2011-03-17,130427,320282
20110321,6,20119577,블랙 스완,2011-02-24,106280,1557101
20110321,7,20119618,위험한 상견례,2011-03-31,106011,112344
20110321,8,20119667,굿모닝 에브리원,2011-03-17,78297,165237
20110321,9,20119511,사랑이 무서워,2011-03-10,61199,384354
20110321,10,20119717,로맨틱 헤븐,2011-03-24,52470,54088
20110328,1,20119618,위험한 상견례,2011-03-31,575971,688315
20110328,2,20119637,킹스 스피치,2011-03-17,174175,693409
20110328,3,20119337,그대를 사랑합니다,2011-02-17,155180,1391115
20110328,4,20119772,줄리아의 눈,2011-03-31,110919,118069
20110328,5,20119720,마이 블랙 미니드레스,2011-03-24,108053,274624
20110328,6,20119707,월드 인베이젼,2011-03-10,105079,1274503
20110328,7,20119771,내 이름은 칸,2011-03-24,69556,109407
20110328,8,20119806,미트 페어런츠 3,2011-03-31,50931,51304
20110328,9,20119856,베니싱,2011-03-31,50088,50088
20110328,10,20119577,블랙 스완,2011-02-24,48528,1605629
20110404,1,20119618,위험한 상견례,2011-03-31,690319,1378634
20110404,2,20119337,그대를 사랑합니다,2011-02-17,117495,1508610
20110404,3,20119771,내 이름은 칸,2011-03-24,115064,224471
20110404,4,20119854,써커 펀치,2011-04-07,113652,113652
20110404,5,20119772,줄리아의 눈,2011-03-31,89022,207091
20110404,6,20119637,킹스 스피치,2011-03-17,80704,774113
20110404,7,20119855,라스트 나잇,2011-04-07,72988,72988
20110404,8,20119721,황당한 외계인: 폴,2011-04-07,46349,46349
20110404,9,20119720,마이 블랙 미니드레스,2011-03-24,33236,307860
20110404,10,20119707,월드 인베이젼,2011-03-10,28666,1303169
20110411,1,20119618,위험한 상견례,2011-03-31,453960,1832594
20110411,2,20119974,수상한 고객들,2011-04-14,321365,329327
20110411,3,20119852,한나,2011-04-14,141633,141633
20110411,4,20119771,내 이름은 칸,2011-03-24,92582,317053
20110411,5,20119989,나는 아빠다,2011-04-14,85646,87528
20110411,6,20119337,그대를 사랑합니다,2011-02-17,78495,1587105
20110411,7,20119972,노미오와 줄리엣,2011-04-14,77766,78081
20110411,8,20119855,라스트 나잇,2011-04-07,40303,113291
20110411,9,20119854,써커 펀치,2011-04-07,39126,152778
20110411,10,20119772,줄리아의 눈,2011-03-31,26689,233780
20110418,1,20110185,분노의 질주: 언리미티드,2011-04-20,484333,484333
20110418,2,20119974,수상한 고객들,2011-04-14,378296,707623
20110418,3,20119618,위험한 상견례,2011-03-31,309692,2142286
20110418,4,20119627,세상에서 가장 아름다운 이별,2011-04-20,126584,139288
20110418,5,20119972,노미오와 줄리엣,2011-04-14,69887,147968
20110418,6,20110071,제인 에어,2011-04-20,69214,69494
20110418,7,20119989,나는 아빠다,2011-04-14,61539,149067
20110418,8,20119852,한나,2011-04-14,57768,199401
20110418,9,20119771,내 이름은 칸,2011-03-24,43324,360377
20110418,10,20110172,더 라이트: 악마는 있다,2011-04-20,39031,39031
20110425,1,20110211,토르: 천둥의 신,2011-04-28,631652,631652
20110425,2,20110185,분노의 질주: 언리미티드,2011-04-20,507898,992231
20110425,3,20119974,수상한 고객들,2011-04-14,248062,955685
20110425,4,20119618,위험한 상견례,2011-03-31,233428,2375714
20110425,5,20119529,적과의 동침,2011-04-27,155823,166635
20110425,6,20119627,세상에서 가장 아름다운 이별,2011-04-20,117261,256549
20110425,7,20119619,체포왕,2011-05-04,59971,62727
20110425,8,20110193,써니,2011-05-04,57579,59731
20110425,9,20110071,제인 에어,2011-04-20,47220,116714
20110425,10,20110171,마오의 라스트 댄서,2011-04-28,27098,29592
20110502,1,20110211,토르: 천둥의 신,2011-04-28,631289,1262941
20110502,2,20110193,써니,2011-05-04,573141,632872
20110502,3,20110221,소스 코드,2011-05-04,546155,546544
20110502,4,20110185,분노의 질주: 언리미티드,2011-04-20,330661,1322892
20110502,5,20119619,체포왕,2011-05-04,329296,392023
20110502,6,20110250,짱구는 못말려 극장판 : 초시공! 태풍을 부르는 나의 신부,2011-05-05,209562,225119
20110502,7,20119618,위험한 상견례,2011-03-31,109140,2484854
20110502,8,20119974,수상한 고객들,2011-04-14,77192,1032877
20110502,9,20110261,썬더일레븐 극장판 : 최강군단 오우거의 습격,2011-05-05,77153,77153
20110502,10,20119529,적과의 동침,2011-04-27,56332,222967
20110509,1,20110193,써니,2011-05-04,1138108,1770980
20110509,2,20110221,소스 코드,2011-05-04,527270,1073814
20110509,3,20110211,토르: 천둥의 신,2011-04-28,373212,1636153
20110509,4,20119619,체포왕,2011-05-04,330679,722702
20110509,5,20110185,분노의 질주: 언리미티드,2011-04-20,238483,1561375
20110509,6,20110250,짱구는 못말려 극장판 : 초시공! 태풍을 부르는 나의 신부,2011-05-05,118741,343860
20110509,7,20119618,위험한 상견례,2011-03-31,62886,2547740
20110509,8,20110292,옥보단 3D,2011-05-12,58627,58627
20110509,9,20110311,천녀유혼,2011-05-12,47943,48591
20110509,10,20110261,썬더일레븐 극장판 : 최강군단 오우거의 습격,2011-05-05,44870,122023
20110516,1,20110294,캐리비안의 해적: 낯선 조류,2011-05-19,1432666,1432666
20110516,2,20110193,써니,2011-05-04,882566,2653546
20110516,3,20110221,소스 코드,2011-05-04,154272,1228086
20110516,4,20119619,체포왕,2011-05-04,106156,828858
20110516,5,20110501,삼국지: 명장 관우,2011-05-19,75699,75699
20110516,6,20110211,토르: 천둥의 신,2011-04-28,52197,1688350
20110516,7,20110185,분노의 질주: 언리미티드,2011-04-20,49787,1611162
20110516,8,20110289,회초리,2011-05-19,44682,49657
20110516,9,20110292,옥보단 3D,2011-05-12,23880,82507
20110516,10,20110311,천녀유혼,2011-05-12,16247,64838
20110523,1,20110511,쿵푸팬더 2,2011-05-26,1673640,1673640
20110523,2,20110294,캐리비안의 해적: 낯선 조류,2011-05-19,958550,2391216
20110523,3,20110193,써니,2011-05-04,764165,3417711
20110523,4,20119527,헤드,2011-05-26,43059,43059
20110523,5,20110221,소스 코드,2011-05-04,41586,1269672
20110523,6,20110501,삼국지: 명장 관우,2011-05-19,41033,116732
20110523,7,20119619,체포왕,2011-05-04,36426,865284
20110523,8,20110289,회초리,2011-05-19,20222,69879
20110523,9,20119628,마마,2011-06-01,16458,17391
20110523,10,20110185,분노의 질주: 언리미티드,2011-04-20,9674,1620836
20110530,1,20110511,쿵푸팬더 2,2011-05-26,1243873,2917513
20110530,2,20110561,엑스맨: 퍼스트 클래스,2011-06-02,766233,767779
20110530,3,20110193,써니,2011-05-04,677730,4095441
20110530,4,20110294,캐리비안의 해적: 낯선 조류,2011-05-19,415682,2806898
20110530,5,20119628,마마,2011-06-01,110693,128084
20110530,6,20110502,레지던트,2011-06-02,42697,42697
20110530,7,20119527,헤드,2011-05-26,16960,60019
20110530,8,20110313,모비딕,2011-06-09,11661,11661
20110530,9,20119618,위험한 상견례,2011-03-31,9240,2578242
20110530,10,20110501,삼국지: 명장 관우,2011-05-19,7860,124592
20110606,1,20110511,쿵푸팬더 2,2011-05-26,1197528,4115041
20110606,2,20110561,엑스맨: 퍼스트 클래스,2011-06-02,781930,1549709
20110606,3,20110193,써니,2011-05-04,629910,4725351
20110606,4,20110294,캐리비안의 해적: 낯선 조류,2011-05-19,248079,3054977
20110606,5,20110313,모비딕,2011-06-09,241806,253467
20110606,6,20110233,화이트: 저주의 멜로디,2011-06-09,213660,214360
20110606,7,20119628,마마,2011-06-01,85507,213591
20110606,8,20110571,프리스트,2011-06-09,66735,66735
20110606,9,20110182,스크림 4G,2011-06-09,28939,30942
20110606,10,20110502,레지던트,2011-06-02,23168,65865
20110613,1,20110193,써니,2011-05-04,456639,5181990
20110613,2,20110561,엑스맨: 퍼스트 클래스,2011-06-02,414201,1963910
20110613,3,20110511,쿵푸팬더 2,2011-05-26,389811,4504852
20110613,4,20110656,슈퍼 에이트,2011-06-16,274847,274847
20110613,5,20110233,화이트: 저주의 멜로디,2011-06-09,237388,451748
20110613,6,20110655,그린랜턴: 반지의 선택,2011-06-16,145605,145605
20110613,7,20110313,모비딕,2011-06-09,130432,383899
20110613,8,20110581,링컨 차를 타는 변호사,2011-06-16,108526,111232
20110613,9,20110798,러브 앤 프렌즈,2011-06-16,57500,57808
20110613,10,20110294,캐리비안의 해적: 낯선 조류,2011-05-19,52697,3107674
20110620,1,20110193,써니,2011-05-04,545185,5727175
20110620,2,20110561,엑스맨: 퍼스트 클래스,2011-06-02,374969,2338879
20110620,3,20110511,쿵푸팬더 2,2011-05-26,330698,4835550
20110620,4,20110251,풍산개,2011-06-23,284230,285814
20110620,5,20110656,슈퍼 에이트,2011-06-16,167105,441952
20110620,6,20110233,화이트: 저주의 멜로디,2011-06-09,164626,616374
20110620,7,20110581,링컨 차를 타는 변호사,2011-06-16,149725,260957
20110620,8,20110660,정무문 : 100대 1의 전설,2011-06-22,91001,91325
20110620,9,20110655,그린랜턴: 반지의 선택,2011-06-16,64582,210187
20110620,10,20110798,러브 앤 프렌즈,2011-06-16,43152,100960
20110627,1,20110659,트랜스포머 3,2011-06-29,3356316,3356316
20110627,2,20110193,써니,2011-05-04,417251,6144426
20110627,3,20110251,풍산개,2011-06-23,201747,487561
20110627,4,20110561,엑스맨: 퍼스트 클래스,2011-06-02,123563,2462442
20110627,5,20110511,쿵푸팬더 2,2011-05-26,117920,4953470
20110627,6,20110233,화이트: 저주의 멜로디,2011-06-09,90528,706902
20110627,7,20110581,링컨 차를 타는 변호사,2011-06-16,44834,305791
20110627,8,20110656,슈퍼 에이트,2011-06-16,25589,467541
20110627,9,20110660,정무문 : 100대 1의 전설,2011-06-22,21293,112618
20110627,10,20110988,음모자,2011-06-30,11982,12196
20110704,1,20110659,트랜스포머 3,2011-06-29,2554616,5910932
20110704,2,20110193,써니,2011-05-04,447608,6592034
20110704,3,20110296,고양이: 죽음을 보는 두 개의 눈,2011-07-07,364352,366128
20110704,4,20110251,풍산개,2011-06-23,150424,637985
20110704,5,20110511,쿵푸팬더 2,2011-05-26,84242,5037712
20110704,6,20110233,화이트: 저주의 멜로디,2011-06-09,65280,772182
20110704,7,20110561,엑스맨: 퍼스트 클래스,2011-06-02,57197,2519639
20110704,8,20111101,고 녀석 맛나겠다,2011-07-07,43093,43307
20110704,9,20110581,링컨 차를 타는 변호사,2011-06-16,16913,322704
20110704,10,20110988,음모자,2011-06-30,14487,26683
20110711,1,20111009,해리 포터와 죽음의 성물2,2011-07-13,1745554,1745554
20110711,2,20110659,트랜스포머 3,2011-06-29,1031804,6942736
20110711,3,20110193,써니,2011-05-04,334248,6926282
20110711,4,20110296,고양이: 죽음을 보는 두 개의 눈,2011-07-07,229543,595671
20110711,5,20090922,빨간모자의 진실 2,2011-07-13,113625,117975
20110711,6,20119515,고지전,2011-07-20,70268,70718
20110711,7,20110251,풍산개,2011-06-23,61543,699528
20110711,8,20110290,퀵,2011-07-20,57499,58445
20110711,9,20111351,포인트 블랭크,2011-07-13,37852,38995
20110711,10,20110511,쿵푸팬더 2,2011-05-26,19883,5057595
20110718,1,20111009,해리 포터와 죽음의 성물2,2011-07-13,1269435,3014989
20110718,2,20119515,고지전,2011-07-20,760291,831009
20110718,3,20110290,퀵,2011-07-20,580813,639258
20110718,4,20110659,트랜스포머 3,2011-06-29,436320,7379056
20110718,5,20111249,카 2,2011-07-20,212343,221069
20110718,6,20110193,써니,2011-05-04,174858,7101140
20110718,7,20111034,바니버디,2011-07-20,101401,101401
20110718,8,20110296,고양이: 죽음을 보는 두 개의 눈,2011-07-07,65160,660831
20110718,9,20090922,빨간모자의 진실 2,2011-07-13,37045,155020
20110718,10,20110279,마당을 나온 암탉,2011-07-28,13912,34952
20110725,1,20119515,고지전,2011-07-20,812906,1643915
20110725,2,20110290,퀵,2011-07-20,804026,1443284
20110725,3,20111009,해리 포터와 죽음의 성물2,2011-07-13,746512,3761501
20110725,4,20111113,퍼스트 어벤져,2011-07-28,322828,322828
20110725,5,20110279,마당을 나온 암탉,2011-07-28,302824,337776
20110725,6,20110657,리오,2011-07-27,276185,284074
20110725,7,20110659,트랜스포머 3,2011-06-29,243296,7622352
20110725,8,20111249,카 2,2011-07-20,145483,366552
20110725,9,20110193,써니,2011-05-04,120283,7221423
20110725,10,20111702,극장판 도라에몽: 진구와 철인군단 날아라 천사들,2011-07-28,71292,71292
20110801,1,20119513,7광구,2011-08-04,1387509,1397840
20110801,2,20110290,퀵,2011-07-20,906517,2349801
20110801,3,20119515,고지전,2011-07-20,851394,2495309
20110801,4,20110279,마당을 나온 암탉,2011-07-28,551994,889770
20110801,5,20111009,해리 포터와 죽음의 성물2,2011-07-13,487957,4249458
20110801,6,20110911,명탐정 코난 : 침묵의 15분,2011-08-03,330663,331081
20110801,7,20110657,리오,2011-07-27,299357,583431
20110801,8,20111113,퍼스트 어벤져,2011-07-28,177027,499855
20110801,9,20110659,트랜스포머 3,2011-06-29,145932,7768284
20110801,10,20110193,써니,2011-05-04,96966,7318389
20110808,1,20110302,최종병기 활,2011-08-10,1322912,1422331
20110808,2,20119513,7광구,2011-08-04,650412,2048252
20110808,3,20110297,블라인드,2011-08-10,597693,628209
20110808,4,20110290,퀵,2011-07-20,453969,2803770
20110808,5,20110279,마당을 나온 암탉,2011-07-28,402113,1291883
20110808,6,20111540,개구쟁이 스머프,2011-08-11,338113,338113
20110808,7,20119515,고지전,2011-07-20,326546,2821855
20110808,8,20110911,명탐정 코난 : 침묵의 15분,2011-08-03,191876,522957
20110808,9,20111757,카우보이 & 에이리언,2011-08-11,175350,175350
20110808,10,20111009,해리 포터와 죽음의 성물2,2011-07-13,108737,4358195
20110815,1,20110302,최종병기 활,2011-08-10,1810872,3233203
20110815,2,20110896,혹성탈출: 진화의 시작,2011-08-17,950537,1028652
20110815,3,20110297,블라인드,2011-08-10,755852,1384061
20110815,4,20111540,개구쟁이 스머프,2011-08-11,443043,781156
20110815,5,20110279,마당을 나온 암탉,2011-07-28,418050,1709933
20110815,6,20110290,퀵,2011-07-20,232472,3036242
20110815,7,20119513,7광구,2011-08-04,177184,2225436
20110815,8,20110899,세 얼간이,2011-08-18,117172,120291
20110815,9,20119515,고지전,2011-07-20,103935,2925790
20110815,10,20110911,명탐정 코난 : 침묵의 15분,2011-08-03,102491,625448
20110822,1,20110302,최종병기 활,2011-08-10,1176127,4409330
20110822,2,20110896,혹성탈출: 진화의 시작,2011-08-17,771367,1800019
20110822,3,20110297,블라인드,2011-08-10,484253,1868314
20110822,4,20110279,마당을 나온 암탉,2011-07-28,219454,1929387
20110822,5,20111540,개구쟁이 스머프,2011-08-11,175235,956391
20110822,6,20110899,세 얼간이,2011-08-18,99759,220050
20110822,7,20110290,퀵,2011-07-20,67854,3104096
20110822,8,20112141,돈비 어프레이드 : 어둠 속의 속삭임,2011-08-25,51964,52910
20110822,9,20111692,행오버 2,2011-08-25,37221,37741
20110822,10,20112121,내 여자친구의 결혼식,2011-08-25,36384,36384
20110829,1,20110302,최종병기 활,2011-08-10,780632,5189962
20110829,2,20110896,혹성탈출: 진화의 시작,2011-08-17,444501,2244520
20110829,3,20110301,푸른소금,2011-08-31,394101,401659
20110829,4,20110297,블라인드,2011-08-10,293202,2161516
20110829,5,20111671,콜롬비아나,2011-08-31,261032,302098
20110829,6,20110279,마당을 나온 암탉,2011-07-28,92029,2021416
20110829,7,20112272,가문의 영광4 - 가문의 수난,2011-09-07,80377,80377
20110829,8,20110899,세 얼간이,2011-08-18,66250,286300
20110829,9,20111540,개구쟁이 스머프,2011-08-11,54140,1010531
20110829,10,20110303,통증,2011-09-07,35519,38327
20110905,1,20112272,가문의 영광4 - 가문의 수난,2011-09-07,782098,862475
20110905,2,20110302,최종병기 활,2011-08-10,607808,5797770
20110905,3,20110303,통증,2011-09-07,223214,261541
20110905,4,20111571,파퍼씨네 펭귄들,2011-09-07,210613,211261
20110905,5,20110896,혹성탈출: 진화의 시작,2011-08-17,206039,2450559
20110905,6,20110301,푸른소금,2011-08-31,174611,576270
20110905,7,20112082,챔프,2011-09-07,145565,172314
20110905,8,20111671,콜롬비아나,2011-08-31,135812,437910
20110905,9,20110297,블라인드,2011-08-10,99336,2260852
20110905,10,20112050,파이널 데스티네이션5,2011-09-08,94632,94632
20110912,1,20112272,가문의 영광4 - 가문의 수난,2011-09-07,1265424,2127899
20110912,2,20110302,최종병기 활,2011-08-10,1016308,6814078
20110912,3,20111571,파퍼씨네 펭귄들,2011-09-07,509782,721043
20110912,4,20110303,통증,2011-09-07,340624,602165
20110912,5,20112082,챔프,2011-09-07,300741,473055
20110912,6,20110896,혹성탈출: 진화의 시작,2011-08-17,272772,2723331
20110912,7,20110301,푸른소금,2011-08-31,167281,743551
20110912,8,20111671,콜롬비아나,2011-08-31,140609,578519
20110912,9,20112050,파이널 데스티네이션5,2011-09-08,133262,227894
20110912,10,20111536,쥴리의 육지 대모험,2011-09-08,107100,157395
20110919,1,20112534,도가니,2011-09-22,905988,1005094
20110919,2,20110302,최종병기 활,2011-08-10,283292,7097370
20110919,3,20112272,가문의 영광4 - 가문의 수난,2011-09-07,179446,2307345
20110919,4,20112175,컨테이젼,2011-09-22,149435,149435
20110919,5,20111571,파퍼씨네 펭귄들,2011-09-07,145783,866826
20110919,6,20111893,킬러 엘리트,2011-09-22,97070,102075
20110919,7,20110303,통증,2011-09-07,77684,679849
20110919,8,20110613,의뢰인,2011-09-29,69304,69304
20110919,9,20112082,챔프,2011-09-07,48309,521364
20110919,10,20111914,카운트다운,2011-09-29,42335,42335
20110926,1,20112534,도가니,2011-09-22,1675525,2680619
20110926,2,20110613,의뢰인,2011-09-29,638953,708257
20110926,3,20111914,카운트다운,2011-09-29,201038,243373
20110926,4,20110302,최종병기 활,2011-08-10,181891,7279261
20110926,5,20111892,어브덕션,2011-09-29,92970,93420
20110926,6,20112303,코쿠리코 언덕에서,2011-09-29,87579,87579
20110926,7,20112175,컨테이젼,2011-09-22,64935,214370
20110926,8,20111571,파퍼씨네 펭귄들,2011-09-07,57692,924518
20110926,9,20111893,킬러 엘리트,2011-09-22,51538,153613
20110926,10,20112272,가문의 영광4 - 가문의 수난,2011-09-07,47048,2354393
20111003,1,20112534,도가니,2011-09-22,1181712,3862331
20111003,2,20110613,의뢰인,2011-09-29,844044,1552301
20111003,3,20111914,카운트다운,2011-09-29,180582,423955
20111003,4,20110302,최종병기 활,2011-08-10,126636,7405897
20111003,5,20112552,투혼,2011-10-06,115854,133242
20111003,6,20112303,코쿠리코 언덕에서,2011-09-29,91312,178891
20111003,7,20112173,리얼 스틸,2011-10-12,80943,80943
20111003,8,20111892,어브덕션,2011-09-29,56108,149528
20111003,9,20111571,파퍼씨네 펭귄들,2011-09-07,49391,973909
20111003,10,20112651,삼총사 3D,2011-10-12,45890,48498
20111010,1,20112173,리얼 스틸,2011-10-12,732113,813056
20111010,2,20112534,도가니,2011-09-22,489791,4352122
20111010,3,20110613,의뢰인,2011-09-29,486229,2038530
20111010,4,20112651,삼총사 3D,2011-10-12,338230,386728
20111010,5,20112552,투혼,2011-10-06,62017,195259
20111010,6,20112695,완득이,2011-10-20,58908,67065
20111010,7,20112589,오직 그대만,2011-10-20,48340,48340
20111010,8,20110302,최종병기 활,2011-08-10,41713,7447610
20111010,9,20111914,카운트다운,2011-09-29,40361,464316
20111010,10,20112221,히트,2011-10-13,25841,29802
20111017,1,20112173,리얼 스틸,2011-10-12,737705,1550761
20111017,2,20112695,완득이,2011-10-20,577413,644478
20111017,3,20112589,오직 그대만,2011-10-20,365944,414284
20111017,4,20110613,의뢰인,2011-09-29,240416,2278946
20111017,5,20112534,도가니,2011-09-22,201885,4554007
20111017,6,20112651,삼총사 3D,2011-10-12,193663,580391
20111017,7,20112693,파라노말 액티비티 3,2011-10-20,72238,72238
20111017,8,20112221,히트,2011-10-13,64624,94426
20111017,9,20110302,최종병기 활,2011-08-10,15446,7463056
20111017,10,20112552,투혼,2011-10-06,13143,208402
20111024,1,20112695,완득이,2011-10-20,952729,1597207
20111024,2,20112173,리얼 스틸,2011-10-12,581706,2132467
20111024,3,20112589,오직 그대만,2011-10-20,351857,766141
20111024,4,20112704,인 타임,2011-10-27,249084,249084
20111024,5,20110613,의뢰인,2011-09-29,93867,2372813
20111024,6,20112534,도가니,2011-09-22,82588,4636595
20111024,7,20112651,삼총사 3D,2011-10-12,67622,648013
20111024,8,20112821,프렌즈 위드 베네핏,2011-10-27,57552,57552
20111024,9,20112693,파라노말 액티비티 3,2011-10-20,47998,120236
20111024,10,20110322,오늘,2011-10-27,40053,42824
20111031,1,20112695,완득이,2011-10-20,1044485,2641692
20111031,2,20112173,리얼 스틸,2011-10-12,443333,2575800
20111031,3,20110612,커플즈,2011-11-02,221931,229697
20111031,4,20112704,인 타임,2011-10-27,203102,452186
20111031,5,20112589,오직 그대만,2011-10-20,165733,931874
20111031,6,20113001,Mr.아이돌,2011-11-03,49777,56506
20111031,7,20112763,헬프,2011-11-03,46697,58029
20111031,8,20112822,청원,2011-11-02,34791,40785
20111031,9,20112208,더 킥,2011-11-03,32190,34636
20111031,10,20112553,쟈니 잉글리쉬2 : 네버다이,2011-11-02,25918,25918
20111107,1,20112695,완득이,2011-10-20,917044,3558736
20111107,2,20111987,신들의 전쟁,2011-11-10,599448,599986
20111107,3,20112173,리얼 스틸,2011-10-12,346765,2922565
20111107,4,20111928,너는 펫,2011-11-10,252959,257428
20111107,5,20112762,티끌모아 로맨스,2011-11-10,190097,202138
20111107,6,20112704,인 타임,2011-10-27,104754,556940
20111107,7,20110612,커플즈,2011-11-02,98596,328293
20111107,8,20112589,오직 그대만,2011-10-20,72386,1004260
20111107,9,20112763,헬프,2011-11-03,41759,99788
20111107,10,20110322,오늘,2011-10-27,37206,95031
20111114,1,20112695,완득이,2011-10-20,701247,4259983
20111114,2,20111987,신들의 전쟁,2011-11-10,439328,1039314
20111114,3,20112311,머니볼,2011-11-17,282378,282378
20111114,4,20112173,리얼 스틸,2011-10-12,275057,3197622
20111114,5,20111928,너는 펫,2011-11-10,193490,450918
20111114,6,20112762,티끌모아 로맨스,2011-11-10,147353,349491
20111114,7,20112707,타워 하이스트,2011-11-17,57490,57490
20111114,8,20112934,완벽한 파트너,2011-11-17,50461,52301
20111114,9,20112704,인 타임,2011-10-27,41277,598217
20111114,10,20110322,오늘,2011-10-27,36111,131142
20111121,1,20112695,완득이,2011-10-20,500402,4760385
20111121,2,20110906,특수본,2011-11-24,422147,434205
20111121,3,20112311,머니볼,2011-11-17,225890,508268
20111121,4,20111987,신들의 전쟁,2011-11-10,210536,1249850
20111121,5,20112173,리얼 스틸,2011-10-12,206533,3404155
20111121,6,20112972,아더 크리스마스,2011-11-25,192994,193630
20111121,7,20110905,브레이킹 던 part1,2011-11-30,94392,94392
20111121,8,20111928,너는 펫,2011-11-10,71974,522892
20111121,9,20112762,티끌모아 로맨스,2011-11-10,61438,410929
20111121,10,20113306,50/50,2011-11-24,55516,56167
20111128,1,20110905,브레이킹 던 part1,2011-11-30,704720,799112
20111128,2,20113381,오싹한 연애,2011-12-01,499592,506337
20111128,3,20110906,특수본,2011-11-24,418793,852998
20111128,4,20112695,완득이,2011-10-20,291827,5052212
20111128,5,20112972,아더 크리스마스,2011-11-25,178010,371640
20111128,6,20112173,리얼 스틸,2011-10-12,117474,3521629
20111128,7,20112311,머니볼,2011-11-17,97062,605330
20111128,8,20111987,신들의 전쟁,2011-11-10,74363,1324213
20111128,9,20113306,50/50,2011-11-24,47293,103460
20111128,10,20111928,너는 펫,2011-11-10,18642,541534
20111205,1,20113381,오싹한 연애,2011-12-01,905777,1412114
20111205,2,20112542,틴틴 : 유니콘호의 비밀,2011-12-07,483421,485577
20111205,3,20110905,브레이킹 던 part1,2011-11-30,437182,1236294
20111205,4,20110906,특수본,2011-11-24,192334,1045332
20111205,5,20112695,완득이,2011-10-20,172675,5224887
20111205,6,20112972,아더 크리스마스,2011-11-25,150508,522148
20111205,7,20113307,블리츠,2011-12-07,46460,46596
20111205,8,20112173,리얼 스틸,2011-10-12,44671,3566300
20111205,9,20113312,결정적 한방,2011-12-07,40272,40596
20111205,10,20112311,머니볼,2011-11-17,26412,631742
20111212,1,20112207,미션임파서블:고스트프로토콜,2011-12-15,1734613,1734613
20111212,2,20113381,오싹한 연애,2011-12-01,756298,2168412
20111212,3,20112542,틴틴 : 유니콘호의 비밀,2011-12-07,215714,701291
20111212,4,20113311,앨빈과 슈퍼밴드3,2011-12-15,188014,188014
20111212,5,20110905,브레이킹 던 part1,2011-11-30,183810,1420104
20111212,6,20112695,완득이,2011-10-20,71433,5296320
20111212,7,20110906,특수본,2011-11-24,65467,1110799
20111212,8,20113260,퍼펙트 게임,2011-12-21,61133,61275
20111212,9,20112972,아더 크리스마스,2011-11-25,54524,576672
20111212,10,20113312,결정적 한방,2011-12-07,18268,58864
20111219,1,20112207,미션임파서블:고스트프로토콜,2011-12-15,1954844,3689457
20111219,2,20110295,마이 웨이,2011-12-21,1015850,1022995
20111219,3,20112621,셜록홈즈 : 그림자 게임,2011-12-21,682087,682647
20111219,4,20113260,퍼펙트 게임,2011-12-21,424575,485850
20111219,5,20113381,오싹한 연애,2011-12-01,385790,2554202
20111219,6,20113311,앨빈과 슈퍼밴드3,2011-12-15,200260,388274
20111219,7,20112709,극장판 포켓몬스터 베스트 위시「비크티니와 백의 영웅 레시라무」,2011-12-22,144048,145708
20111219,8,20112708,극장판 포켓몬스터 베스트 위시 「비크티니와 흑의 영웅 제크로무」,2011-12-22,126003,126111
20111219,9,20112542,틴틴 : 유니콘호의 비밀,2011-12-07,74494,775785
20111219,10,20112972,아더 크리스마스,2011-11-25,38166,614838
20111226,1,20112207,미션임파서블:고스트프로토콜,2011-12-15,1638978,5328435
20111226,2,20112621,셜록홈즈 : 그림자 게임,2011-12-21,760214,1442861
20111226,3,20110295,마이 웨이,2011-12-21,716548,1739543
20111226,4,20113260,퍼펙트 게임,2011-12-21,409566,895416
20111226,5,20113381,오싹한 연애,2011-12-01,268858,2823060
20111226,6,20113271,프렌즈: 몬스터섬의비밀 ,2011-12-29,198516,202909
20111226,7,19940256,라이온 킹,1994-07-02,170961,171285
20111226,8,20112709,극장판 포켓몬스터 베스트 위시「비크티니와 백의 영웅 레시라무」,2011-12-22,140251,285959
20111226,9,20113311,앨빈과 슈퍼밴드3,2011-12-15,128015,516289
20111226,10,20112708,극장판 포켓몬스터 베스트 위시 「비크티니와 흑의 영웅 제크로무」,2011-12-22,108959,235070
20120102,1,20112207,미션임파서블:고스트프로토콜,2011-12-15,932490,6260925
20120102,2,20112621,셜록홈즈 : 그림자 게임,2011-12-21,459726,1902587
20120102,3,20113671,원더풀 라디오,2012-01-05,394454,403271
20120102,4,20110295,마이 웨이,2011-12-21,287251,2026794
20120102,5,20113260,퍼펙트 게임,2011-12-21,280886,1176302
20120102,6,20113271,프렌즈: 몬스터섬의비밀 ,2011-12-29,222231,425140
20120102,7,20113381,오싹한 연애,2011-12-01,129798,2952858
20120102,8,20113652,다크아워,2012-01-05,116655,116655
20120102,9,19940256,라이온 킹,1994-07-02,107640,278925
20120102,10,20112709,극장판 포켓몬스터 베스트 위시「비크티니와 백의 영웅 레시라무」,2011-12-22,63255,349214
20120109,1,20113862,장화신은 고양이,2012-01-12,715223,715223
20120109,2,20112207,미션임파서블:고스트프로토콜,2011-12-15,599770,6860695
20120109,3,20113671,원더풀 라디오,2012-01-05,405165,808436
20120109,4,20112621,셜록홈즈 : 그림자 게임,2011-12-21,262917,2165504
20120109,5,20110882,밀레니엄 : 여자를 증오한 남자들,2012-01-11,230824,230824
20120109,6,20113260,퍼펙트 게임,2011-12-21,217841,1394143
20120109,7,20110295,마이 웨이,2011-12-21,96840,2123634
20120109,8,20113811,코알라 키드 : 영웅의 탄생,2012-01-12,81544,88594
20120109,9,20113271,프렌즈: 몬스터섬의비밀 ,2011-12-29,73550,498690
20120109,10,20113883,초한지 - 천하대전,2012-01-11,70088,71445
20120116,1,20113743,댄싱퀸,2012-01-18,628690,639056
20120116,2,20113862,장화신은 고양이,2012-01-12,499742,1214965
20120116,3,20113535,부러진 화살,2012-01-18,464970,482982
20120116,4,20113653,잃어버린 세계를 찾아서 2: 신비의 섬,2012-01-19,377324,377324
20120116,5,20112207,미션임파서블:고스트프로토콜,2011-12-15,275746,7136441
20120116,6,20113951,페이스메이커,2012-01-18,177498,194417
20120116,7,20113636,네버엔딩 스토리,2012-01-18,133488,141108
20120116,8,20110882,밀레니엄 : 여자를 증오한 남자들,2012-01-11,121765,352589
20120116,9,20113671,원더풀 라디오,2012-01-05,113451,921887
20120116,10,20113472,우리는 동물원을 샀다,2012-01-18,105271,108134
20120123,1,20113743,댄싱퀸,2012-01-18,1482010,2121066
20120123,2,20113535,부러진 화살,2012-01-18,1409426,1892408
20120123,3,20113653,잃어버린 세계를 찾아서 2: 신비의 섬,2012-01-19,663627,1040951
20120123,4,20113862,장화신은 고양이,2012-01-12,660879,1875844
20120123,5,20100215,점박이:한반도의 공룡3D,2012-01-26,369804,369804
20120123,6,20112207,미션임파서블:고스트프로토콜,2011-12-15,308195,7444636
20120123,7,20113951,페이스메이커,2012-01-18,238639,433056
20120123,8,20113472,우리는 동물원을 샀다,2012-01-18,147172,255306
20120123,9,20113636,네버엔딩 스토리,2012-01-18,128497,269605
20120123,10,20110882,밀레니엄 : 여자를 증오한 남자들,2012-01-11,73343,425932
20120130,1,20113557,범죄와의 전쟁: 나쁜놈들 전성시대,2012-02-02,1094735,1103246
20120130,2,20113535,부러진 화살,2012-01-18,775921,2668329
20120130,3,20113743,댄싱퀸,2012-01-18,643302,2764368
20120130,4,20100215,점박이:한반도의 공룡3D,2012-01-26,299676,669480
20120130,5,20113643,파파,2012-02-01,279615,295738
20120130,6,20113862,장화신은 고양이,2012-01-12,156352,2032196
20120130,7,20113911,해피 피트 2,2012-02-02,110633,110957
20120130,8,20113653,잃어버린 세계를 찾아서 2: 신비의 섬,2012-01-19,93043,1133994
20120130,9,20112207,미션임파서블:고스트프로토콜,2011-12-15,49013,7493649
20120130,10,20113881,하이힐을 신고 달리는 여자,2012-02-02,39613,40246
20120206,1,20113557,범죄와의 전쟁: 나쁜놈들 전성시대,2012-02-02,1402581,2505827
20120206,2,20113743,댄싱퀸,2012-01-18,471568,3235936
20120206,3,20113535,부러진 화살,2012-01-18,459843,3128172
20120206,4,20113920,토르: 마법망치의 전설,2012-02-09,209106,212158
20120206,5,20113643,파파,2012-02-01,188868,484606
20120206,6,20100215,점박이:한반도의 공룡3D,2012-01-26,142173,811653
20120206,7,19990216,스타워즈:에피소드1 보이지 않는 위험 ,1999-06-26,71567,71777
20120206,8,20124099,워 호스,2012-02-09,65774,66098
20120206,9,20124134,팅커 테일러 솔저 스파이,2012-02-09,56435,56435
20120206,10,20113911,해피 피트 2,2012-02-02,52229,163186
20120213,1,20113557,범죄와의 전쟁: 나쁜놈들 전성시대,2012-02-02,914116,3419943
20120213,2,20110249,하울링,2012-02-16,640760,645514
20120213,3,20113743,댄싱퀸,2012-01-18,358620,3594556
20120213,4,20113535,부러진 화살,2012-01-18,226938,3355110
20120213,5,20113920,토르: 마법망치의 전설,2012-02-09,204198,416356
20120213,6,20124021,더 그레이,2012-02-16,184424,184684
20120213,7,20100215,점박이:한반도의 공룡3D,2012-01-26,89325,900978
20120213,8,20113643,파파,2012-02-01,82140,566746
20120213,9,20113890,고스트 라이더 : 복수의 화신,2012-02-16,79483,79786
20120213,10,20113975,우먼 인 블랙,2012-02-16,71428,71752
20120220,1,20110249,하울링,2012-02-16,606984,1252498
20120220,2,20113557,범죄와의 전쟁: 나쁜놈들 전성시대,2012-02-02,597095,4017038
20120220,3,20124420,맨 온 렛지,2012-02-22,330234,337364
20120220,4,20113743,댄싱퀸,2012-01-18,269044,3863600
20120220,5,20113920,토르: 마법망치의 전설,2012-02-09,170365,586721
20120220,6,20124746,언더월드 4: 어웨이크닝,2012-02-22,141376,141376
20120220,7,20124021,더 그레이,2012-02-16,94678,279362
20120220,8,20113535,부러진 화살,2012-01-18,81061,3436171
20120220,9,20100215,점박이:한반도의 공룡3D,2012-01-26,66190,967168
20120220,10,20113912,철의 여인,2012-02-23,56953,56953
20120227,1,20113916,러브픽션,2012-02-29,1011693,1022640
20120227,2,20113557,범죄와의 전쟁: 나쁜놈들 전성시대,2012-02-02,415134,4432172
20120227,3,20124096,디스 민즈 워,2012-02-29,337871,340282
20120227,4,20110249,하울링,2012-02-16,299044,1551542
20120227,5,20124420,맨 온 렛지,2012-02-22,213355,550719
20120227,6,20113743,댄싱퀸,2012-01-18,149672,4013272
20120227,7,20113920,토르: 마법망치의 전설,2012-02-09,140702,727423
20120227,8,20124449,세이프 하우스,2012-02-29,117030,117030
20120227,9,20124609,액트 오브 밸러: 최정예 특수부대 ,2012-02-29,96948,100611
20120227,10,20113912,철의 여인,2012-02-23,56675,113628
20120305,1,20124050,화차,2012-03-08,688931,695269
20120305,2,20113916,러브픽션,2012-02-29,469770,1492410
20120305,3,20124629,존 카터: 바숨 전쟁의 서막 ,2012-03-08,415966,416666
20120305,4,20124096,디스 민즈 워,2012-02-29,249257,589539
20120305,5,20113557,범죄와의 전쟁: 나쁜놈들 전성시대,2012-02-02,174034,4606206
20120305,6,20110249,하울링,2012-02-16,53080,1604622
20120305,7,20124449,세이프 하우스,2012-02-29,40575,157605
20120305,8,20124420,맨 온 렛지,2012-02-22,35973,586692
20120305,9,20113743,댄싱퀸,2012-01-18,34853,4048125
20120305,10,20124609,액트 오브 밸러: 최정예 특수부대 ,2012-02-29,31200,131811
20120312,1,20124050,화차,2012-03-08,883690,1578959
20120312,2,20124629,존 카터: 바숨 전쟁의 서막 ,2012-03-08,266698,683364
20120312,3,20124666,크로니클,2012-03-15,236997,241373
20120312,4,20113916,러브픽션,2012-02-29,176351,1668761
20120312,5,20111774,가비,2012-03-15,166449,170230
20120312,6,20124874,서약,2012-03-14,165272,165272
20120312,7,20124096,디스 민즈 워,2012-02-29,147382,736921
20120312,8,20124074,건축학개론,2012-03-22,80957,80957
20120312,9,20113557,범죄와의 전쟁: 나쁜놈들 전성시대,2012-02-02,76323,4682529
20120312,10,20124932,저스티스,2012-03-15,28997,29301
20120319,1,20124074,건축학개론,2012-03-22,636018,716975
20120319,2,20124050,화차,2012-03-08,556493,2135452
20120319,3,20124142,언터처블: 1%의 우정,2012-03-22,441691,443512
20120319,4,20124629,존 카터: 바숨 전쟁의 서막 ,2012-03-08,124029,807393
20120319,5,20124666,크로니클,2012-03-15,118031,359404
20120319,6,20124096,디스 민즈 워,2012-02-29,94199,831120
20120319,7,20111774,가비,2012-03-15,83556,253786
20120319,8,20124874,서약,2012-03-14,62580,227852
20120319,9,20113916,러브픽션,2012-02-29,49873,1718634
20120319,10,20124873,콘트라밴드,2012-03-22,37197,37197
20120326,1,20124074,건축학개론,2012-03-22,892838,1609813
20120326,2,20124717,타이탄의 분노,2012-03-29,555402,555402
20120326,3,20124142,언터처블: 1%의 우정,2012-03-22,497400,940912
20120326,4,20124051,시체가 돌아왔다,2012-03-29,364256,369135
20120326,5,20124050,화차,2012-03-08,215361,2350813
20120326,6,20124096,디스 민즈 워,2012-02-29,33147,864267
20120326,7,20124629,존 카터: 바숨 전쟁의 서막 ,2012-03-08,27721,835114
20120326,8,20124666,크로니클,2012-03-15,22026,381430
20120326,9,20111774,가비,2012-03-15,14797,268583
20120326,10,20124873,콘트라밴드,2012-03-22,14290,51487
20120402,1,20124074,건축학개론,2012-03-22,724255,2334068
20120402,2,20124142,언터처블: 1%의 우정,2012-03-22,351196,1292108
20120402,3,20124051,시체가 돌아왔다,2012-03-29,337434,706569
20120402,4,20124127,헝거게임: 판엠의 불꽃,2012-04-05,316335,317760
20120402,5,20124717,타이탄의 분노,2012-03-29,282148,837550
20120402,6,19980074,타이타닉,1998-02-20,139221,140296
20120402,7,20124050,화차,2012-03-08,67779,2418592
20120402,8,20125106,코난: 암흑의 시대,2012-04-05,23823,24037
20120402,9,20124032,간기남,2012-04-11,8554,8554
20120402,10,20124096,디스 민즈 워,2012-02-29,8474,872741
20120409,1,20112134,배틀쉽,2012-04-11,1197533,1197533
20120409,2,20124074,건축학개론,2012-03-22,585305,2919373
20120409,3,20124032,간기남,2012-04-11,388660,397214
20120409,4,20124142,언터처블: 1%의 우정,2012-03-22,211433,1503541
20120409,5,20124127,헝거게임: 판엠의 불꽃,2012-04-05,187591,505351
20120409,6,20124051,시체가 돌아왔다,2012-03-29,175490,882059
20120409,7,19980074,타이타닉,1998-02-20,129163,269459
20120409,8,19920231,미녀와 야수,1992-07-04,96405,96729
20120409,9,20068590,인류멸망 보고서,2012-04-11,72024,73916
20120409,10,20124717,타이탄의 분노,2012-03-29,47701,885251
20120416,1,20112134,배틀쉽,2012-04-11,755231,1952764
20120416,2,20124032,간기남,2012-04-11,450410,847624
20120416,3,20124074,건축학개론,2012-03-22,399976,3319349
20120416,4,20124142,언터처블: 1%의 우정,2012-03-22,133147,1636688
20120416,5,20124051,시체가 돌아왔다,2012-03-29,82402,964461
20120416,6,20124127,헝거게임: 판엠의 불꽃,2012-04-05,80014,585365
20120416,7,19980074,타이타닉,1998-02-20,66996,336455
20120416,8,19920231,미녀와 야수,1992-07-04,43974,140703
20120416,9,20125126,킹메이커,2012-04-19,34776,35146
20120416,10,20113201,하트 브레이커,2012-04-19,29390,30392
20120423,1,20124721,어벤져스,2012-04-26,1638507,1639329
20120423,2,20124066,은교,2012-04-25,550734,554655
20120423,3,20124074,건축학개론,2012-03-22,306865,3626214
20120423,4,20124032,간기남,2012-04-11,245069,1092693
20120423,5,20112134,배틀쉽,2012-04-11,223365,2176129
20120423,6,20125427,짱구는 못말려 극장판: 태풍을 부르는 황금스파이 대작전,2012-04-26,92885,92885
20120423,7,20124142,언터처블: 1%의 우정,2012-03-22,53023,1689711
20120423,8,20124127,헝거게임: 판엠의 불꽃,2012-04-05,19986,605351
20120423,9,20124051,시체가 돌아왔다,2012-03-29,19785,984246
20120423,10,19980074,타이타닉,1998-02-20,18956,355411
20120430,1,20124721,어벤져스,2012-04-26,2369840,4009169
20120430,2,20124045,코리아,2012-05-03,582890,597134
20120430,3,20124066,은교,2012-04-25,468425,1023080
20120430,4,20125426,백설공주,2012-05-03,278427,286273
20120430,5,20124074,건축학개론,2012-03-22,256752,3882966
20120430,6,20113889,로렉스,2012-05-03,201154,201851
20120430,7,20125427,짱구는 못말려 극장판: 태풍을 부르는 황금스파이 대작전,2012-04-26,138255,231140
20120430,8,20124032,간기남,2012-04-11,117508,1210201
20120430,9,20112134,배틀쉽,2012-04-11,59161,2235290
20120430,10,20124142,언터처블: 1%의 우정,2012-03-22,21258,1710969
20120507,1,20124721,어벤져스,2012-04-26,1448425,5457594
20120507,2,20124045,코리아,2012-05-03,632396,1229530
20120507,3,20125866,다크 섀도우,2012-05-10,375807,377580
20120507,4,20124066,은교,2012-04-25,205787,1228867
20120507,5,20125426,백설공주,2012-05-03,192582,478855
20120507,6,20124074,건축학개론,2012-03-22,128796,4011762
20120507,7,20113554,내 아내의 모든 것,2012-05-17,95342,96628
20120507,8,20113889,로렉스,2012-05-03,59732,261583
20120507,9,20125427,짱구는 못말려 극장판: 태풍을 부르는 황금스파이 대작전,2012-04-26,28915,260055
20120507,10,20124032,간기남,2012-04-11,27950,1238151
20120514,1,20124721,어벤져스,2012-04-26,896013,6353607
20120514,2,20113554,내 아내의 모든 것,2012-05-17,684625,781253
20120514,3,20124064,돈의 맛,2012-05-17,569317,570020
20120514,4,20124045,코리아,2012-05-03,393654,1623184
20120514,5,20125866,다크 섀도우,2012-05-10,177297,554877
20120514,6,20124066,은교,2012-04-25,92657,1321524
20120514,7,20125426,백설공주,2012-05-03,79439,558294
20120514,8,20124074,건축학개론,2012-03-22,70330,4082092
20120514,9,20125907,콜드 라잇 오브 데이,2012-05-17,61555,61879
20120514,10,20113889,로렉스,2012-05-03,28888,290471
20120521,1,20113885,맨 인 블랙 3,2012-05-24,1212904,1218464
20120521,2,20113554,내 아내의 모든 것,2012-05-17,1042828,1824081
20120521,3,20124721,어벤져스,2012-04-26,399885,6753492
20120521,4,20124064,돈의 맛,2012-05-17,383159,953179
20120521,5,20124045,코리아,2012-05-03,156660,1779844
20120521,6,20113745,스노우 화이트 앤 더 헌츠맨,2012-05-30,72016,72016
20120521,7,20125806,극장판 썬더일레븐GO : 궁극의 우정 그리폰,2012-05-24,41736,41844
20120521,8,20125866,다크 섀도우,2012-05-10,24072,578949
20120521,9,20125907,콜드 라잇 오브 데이,2012-05-17,22925,84804
20120521,10,20124066,은교,2012-04-25,18685,1340209
20120528,1,20113885,맨 인 블랙 3,2012-05-24,1241311,2459775
20120528,2,20113554,내 아내의 모든 것,2012-05-17,967607,2791688
20120528,3,20124065,차형사,2012-05-30,449796,454931
20120528,4,20113745,스노우 화이트 앤 더 헌츠맨,2012-05-30,381400,453416
20120528,5,20110312,미확인 동영상 : 절대클릭금지,2012-05-30,352341,354022
20120528,6,20124721,어벤져스,2012-04-26,256231,7009723
20120528,7,20124064,돈의 맛,2012-05-17,180069,1133248
20120528,8,20124045,코리아,2012-05-03,81578,1861422
20120528,9,20124136,마다가스카3 : 이번엔 서커스다!,2012-06-06,42190,42190
20120528,10,20125806,극장판 썬더일레븐GO : 궁극의 우정 그리폰,2012-05-24,40066,81910
20120604,1,20113533,후궁 : 제왕의 첩,2012-06-06,975504,990388
20120604,2,20113554,내 아내의 모든 것,2012-05-17,640902,3432590
20120604,3,20124136,마다가스카3 : 이번엔 서커스다!,2012-06-06,596314,638504
20120604,4,20113885,맨 인 블랙 3,2012-05-24,562629,3022404
20120604,5,20125086,프로메테우스,2012-06-06,549248,550455
20120604,6,20124065,차형사,2012-05-30,409156,864087
20120604,7,20110312,미확인 동영상 : 절대클릭금지,2012-05-30,393003,747025
20120604,8,20113745,스노우 화이트 앤 더 헌츠맨,2012-05-30,153266,606682
20120604,9,20124721,어벤져스,2012-04-26,43272,7052995
20120604,10,20124064,돈의 맛,2012-05-17,25757,1159005
20120611,1,20113533,후궁 : 제왕의 첩,2012-06-06,734772,1725160
20120611,2,20113554,내 아내의 모든 것,2012-05-17,395993,3828583
20120611,3,20124136,마다가스카3 : 이번엔 서커스다!,2012-06-06,365651,1004155
20120611,4,20125086,프로메테우스,2012-06-06,252148,802603
20120611,5,20124065,차형사,2012-05-30,238029,1102116
20120611,6,20124946,락아웃: 익스트림미션,2012-06-14,237852,238193
20120611,7,20113885,맨 인 블랙 3,2012-05-24,215448,3237852
20120611,8,20110312,미확인 동영상 : 절대클릭금지,2012-05-30,92780,839805
20120611,9,20125646,사다코 3D : 죽음의 동영상,2012-06-14,87861,88075
20120611,10,20126617,더 씽,2012-06-14,33566,33566
20120618,1,20113533,후궁 : 제왕의 첩,2012-06-06,468204,2193364
20120618,2,20113532,미쓰GO,2012-06-21,330474,332687
20120618,3,20113554,내 아내의 모든 것,2012-05-17,324880,4153463
20120618,4,20124136,마다가스카3 : 이번엔 서커스다!,2012-06-06,274460,1278615
20120618,5,20124055,아부의 왕,2012-06-21,267256,271163
20120618,6,20124946,락아웃: 익스트림미션,2012-06-14,174523,412716
20120618,7,20124065,차형사,2012-05-30,160815,1262931
20120618,8,20125086,프로메테우스,2012-06-06,128590,931193
20120618,9,20113885,맨 인 블랙 3,2012-05-24,115016,3352868
20120618,10,20126413,페이스 블라인드,2012-06-21,53038,53238
20120625,1,20126077,어메이징 스파이더맨,2012-06-28,1696133,1701489
20120625,2,20113533,후궁 : 제왕의 첩,2012-06-06,265541,2458905
20120625,3,20113554,내 아내의 모든 것,2012-05-17,242215,4395678
20120625,4,20113532,미쓰GO,2012-06-21,221230,553917
20120625,5,20124136,마다가스카3 : 이번엔 서커스다!,2012-06-06,167707,1446322
20120625,6,20124055,아부의 왕,2012-06-21,161968,433131
20120625,7,20126566,캐빈 인 더 우즈,2012-06-28,127281,131502
20120625,8,20124065,차형사,2012-05-30,67421,1330352
20120625,9,20124946,락아웃: 익스트림미션,2012-06-14,45372,458088
20120625,10,20125086,프로메테우스,2012-06-06,35829,967022
20120702,1,20126077,어메이징 스파이더맨,2012-06-28,1668110,3369599
20120702,2,20124062,연가시,2012-07-05,1326499,1329306
20120702,3,20113554,내 아내의 모든 것,2012-05-17,130767,4526445
20120702,4,20113533,후궁 : 제왕의 첩,2012-06-06,116668,2575573
20120702,5,20127108,모모와 다락방의 수상한 요괴들,2012-07-05,110403,115388
20120702,6,20124136,마다가스카3 : 이번엔 서커스다!,2012-06-06,101855,1548177
20120702,7,20113821,더 레이븐,2012-07-05,87565,87868
20120702,8,20126566,캐빈 인 더 우즈,2012-06-28,80728,212230
20120702,9,20126686,미드나잇 인 파리,2012-07-05,76076,80703
20120702,10,20124055,아부의 왕,2012-06-21,53412,486543
20120709,1,20124062,연가시,2012-07-05,1903029,3232335
20120709,2,20126077,어메이징 스파이더맨,2012-06-28,1033525,4403124
20120709,3,20125916,두 개의 달,2012-07-12,236976,239401
20120709,4,20113391,나는 공무원이다,2012-07-12,155080,157435
20120709,5,20127108,모모와 다락방의 수상한 요괴들,2012-07-05,132847,248235
20120709,6,20126686,미드나잇 인 파리,2012-07-05,116510,197213
20120709,7,20126745,리미트리스,2012-07-12,71452,76706
20120709,8,20124136,마다가스카3 : 이번엔 서커스다!,2012-06-06,61364,1609541
20120709,9,20113821,더 레이븐,2012-07-05,55322,143190
20120709,10,20113554,내 아내의 모든 것,2012-05-17,52441,4578886
20120716,1,20112703,다크 나이트 라이즈,2012-07-19,2434082,2434082
20120716,2,20124062,연가시,2012-07-05,943625,4175960
20120716,3,20126077,어메이징 스파이더맨,2012-06-28,381868,4784992
20120716,4,20127306,명탐정 코난: 11번째 스트라이커,2012-07-19,204364,204490
20120716,5,20125916,두 개의 달,2012-07-12,159216,398617
20120716,6,20124058,5백만불의 사나이,2012-07-19,79594,79794
20120716,7,20126686,미드나잇 인 파리,2012-07-05,71021,268234
20120716,8,20113391,나는 공무원이다,2012-07-12,56645,214080
20120716,9,20127108,모모와 다락방의 수상한 요괴들,2012-07-05,46154,294389
20120716,10,20126745,리미트리스,2012-07-12,40864,117570
20120723,1,20124034,도둑들,2012-07-25,2858081,2866756
20120723,2,20112703,다크 나이트 라이즈,2012-07-19,1822201,4256283
20120723,3,20126667,아이스 에이지 4: 대륙 이동설,2012-07-25,468293,470750
20120723,4,20124062,연가시,2012-07-05,238436,4414396
20120723,5,20124349,무서운 이야기,2012-07-25,138188,141068
20120723,6,20127306,명탐정 코난: 11번째 스트라이커,2012-07-19,125386,329876
20120723,7,20126077,어메이징 스파이더맨,2012-06-28,60978,4845970
20120723,8,20127266,극장판 도라에몽: 진구와 기적의 섬 애니멀 어드벤처,2012-07-25,57479,58337
20120723,9,20125916,두 개의 달,2012-07-12,26167,424784
20120723,10,20126686,미드나잇 인 파리,2012-07-05,25836,294070
20120730,1,20124034,도둑들,2012-07-25,4017061,6883817
20120730,2,20112703,다크 나이트 라이즈,2012-07-19,1268611,5524894
20120730,3,20126667,아이스 에이지 4: 대륙 이동설,2012-07-25,723897,1194647
20120730,4,20126406,새미의 어드벤쳐 2,2012-08-01,546924,550144
20120730,5,20127306,명탐정 코난: 11번째 스트라이커,2012-07-19,129303,459179
20120730,6,20124349,무서운 이야기,2012-07-25,127237,268305
20120730,7,20124062,연가시,2012-07-05,85460,4499856
20120730,8,20127266,극장판 도라에몽: 진구와 기적의 섬 애니멀 어드벤처,2012-07-25,82763,141100
20120730,9,20124080,나는 왕이로소이다,2012-08-08,81608,84120
20120730,10,20127086,락 오브 에이지,2012-08-02,64680,67691
20120806,1,20124034,도둑들,2012-07-25,2353543,9237360
20120806,2,20124067,바람과 함께 사라지다,2012-08-08,1327282,1343468
20120806,3,20112703,다크 나이트 라이즈,2012-07-19,548711,6073605
20120806,4,20126406,새미의 어드벤쳐 2,2012-08-01,417188,967332
20120806,5,20124080,나는 왕이로소이다,2012-08-08,406463,490583
20120806,6,20126667,아이스 에이지 4: 대륙 이동설,2012-07-25,258542,1453189
20120806,7,20127887,빌리와 용감한 녀석들 3D,2012-08-08,123097,123247
20120806,8,20124349,무서운 이야기,2012-07-25,47470,315775
20120806,9,20127306,명탐정 코난: 11번째 스트라이커,2012-07-19,40787,499966
20120806,10,20126448,스텝업4 : 레볼루션,2012-08-15,22245,22245
20120813,1,20124034,도둑들,2012-07-25,1890118,11127478
20120813,2,20124067,바람과 함께 사라지다,2012-08-08,1835198,3178666
20120813,3,20125647,토탈 리콜,2012-08-15,780741,782661
20120813,4,20124049,R2B: 리턴투베이스,2012-08-15,719990,726796
20120813,5,20126448,스텝업4 : 레볼루션,2012-08-15,349299,371544
20120813,6,20126406,새미의 어드벤쳐 2,2012-08-01,322852,1290184
20120813,7,20124080,나는 왕이로소이다,2012-08-08,233362,723945
20120813,8,20112703,다크 나이트 라이즈,2012-07-19,219893,6293498
20120813,9,20126667,아이스 에이지 4: 대륙 이동설,2012-07-25,138105,1591294
20120813,10,20127887,빌리와 용감한 녀석들 3D,2012-08-08,102720,225967
20120820,1,20125920,이웃사람,2012-08-22,1094405,1095695
20120820,2,20124034,도둑들,2012-07-25,967445,12094923
20120820,3,20124067,바람과 함께 사라지다,2012-08-08,928428,4107094
20120820,4,20124049,R2B: 리턴투베이스,2012-08-15,332680,1059476
20120820,5,20125647,토탈 리콜,2012-08-15,329106,1111767
20120820,6,20126448,스텝업4 : 레볼루션,2012-08-15,301630,673174
20120820,7,20126406,새미의 어드벤쳐 2,2012-08-01,111108,1401292
20120820,8,20112703,다크 나이트 라이즈,2012-07-19,65909,6359407
20120820,9,20124080,나는 왕이로소이다,2012-08-08,54226,778171
20120820,10,20127887,빌리와 용감한 녀석들 3D,2012-08-08,49406,275373
20120827,1,20125920,이웃사람,2012-08-22,819129,1914824
20120827,2,20124063,공모자들,2012-08-29,745259,749563
20120827,3,20124034,도둑들,2012-07-25,496501,12591424
20120827,4,20124067,바람과 함께 사라지다,2012-08-08,488594,4595688
20120827,5,20125338,링컨: 뱀파이어 헌터,2012-08-30,235784,237769
20120827,6,20126448,스텝업4 : 레볼루션,2012-08-15,175987,849161
20120827,7,20124049,R2B: 리턴투베이스,2012-08-15,113401,1172877
20120827,8,20125647,토탈 리콜,2012-08-15,94720,1206487
20120827,9,20128271,577 프로젝트,2012-08-30,60291,62526
20120827,10,20126406,새미의 어드벤쳐 2,2012-08-01,37167,1438459
20120903,1,20126409,본 레거시,2012-09-06,619938,619938
20120903,2,20124063,공모자들,2012-08-29,566833,1316396
20120903,3,20125920,이웃사람,2012-08-22,384157,2298981
20120903,4,20128143,익스펜더블 2,2012-09-06,278804,279193
20120903,5,20124034,도둑들,2012-07-25,245520,12836944
20120903,6,20124067,바람과 함께 사라지다,2012-08-08,238348,4834036
20120903,7,20125338,링컨: 뱀파이어 헌터,2012-08-30,95594,333363
20120903,8,20126448,스텝업4 : 레볼루션,2012-08-15,82672,931833
20120903,9,20124934,피에타,2012-09-06,68176,68492
20120903,10,20128271,577 프로젝트,2012-08-30,27851,90377
20120910,1,20124079,"광해, 왕이 된 남자",2012-09-13,1272584,1279367
20120910,2,20127401,레지던트 이블 5 : 최후의 심판,2012-09-13,304410,304821
20120910,3,20126409,본 레거시,2012-09-06,293777,913715
20120910,4,20124934,피에타,2012-09-06,285096,353588
20120910,5,20124063,공모자들,2012-08-29,218550,1534946
20120910,6,20128143,익스펜더블 2,2012-09-06,137134,416327
20120910,7,20125920,이웃사람,2012-08-22,117142,2416123
20120910,8,20124034,도둑들,2012-07-25,86555,12923499
20120910,9,20127494,늑대아이,2012-09-13,83874,85940
20120910,10,20124067,바람과 함께 사라지다,2012-08-08,64459,4898495
20120917,1,20124079,"광해, 왕이 된 남자",2012-09-13,1948500,3227867
20120917,2,20124400,간첩,2012-09-20,414518,415416
20120917,3,20127401,레지던트 이블 5 : 최후의 심판,2012-09-13,196561,501382
20120917,4,20124934,피에타,2012-09-06,152154,505742
20120917,5,20126409,본 레거시,2012-09-06,84346,998061
20120917,6,20129092,테드: 황금도시 파이티티를 찾아서,2012-09-20,83929,100922
20120917,7,20127494,늑대아이,2012-09-13,83815,169755
20120917,8,20124063,공모자들,2012-08-29,83571,1618517
20120917,9,20128143,익스펜더블 2,2012-09-06,24822,441149
20120917,10,20124034,도둑들,2012-07-25,21322,12944821
20120924,1,20124079,"광해, 왕이 된 남자",2012-09-13,2006448,5234315
20120924,2,20128447,테이큰 2,2012-09-27,959697,962301
20120924,3,20124400,간첩,2012-09-20,425064,840480
20120924,4,20127634,메리다와 마법의 숲,2012-09-27,218383,223887
20120924,5,20129166,19곰 테드,2012-09-27,83148,83148
20120924,6,20124934,피에타,2012-09-06,65206,570948
20120924,7,20113887,점쟁이들,2012-10-03,53364,53628
20120924,8,20127401,레지던트 이블 5 : 최후의 심판,2012-09-13,49096,550478
20120924,9,20127494,늑대아이,2012-09-13,47387,217142
20120924,10,20129092,테드: 황금도시 파이티티를 찾아서,2012-09-20,26943,127865
20121001,1,20124079,"광해, 왕이 된 남자",2012-09-13,2986123,8220438
20121001,2,20128447,테이큰 2,2012-09-27,1132191,2094492
20121001,3,20127634,메리다와 마법의 숲,2012-09-27,739204,963091
20121001,4,20113887,점쟁이들,2012-10-03,563826,617454
20121001,5,20124400,간첩,2012-09-20,415244,1255724
20121001,6,20129166,19곰 테드,2012-09-27,134091,217239
20121001,7,20127494,늑대아이,2012-09-13,80390,297532
20121001,8,20129092,테드: 황금도시 파이티티를 찾아서,2012-09-20,74171,202036
20121001,9,20124934,피에타,2012-09-06,26438,597386
20121001,10,20124034,도둑들,2012-07-25,18987,12979237
20121008,1,20124079,"광해, 왕이 된 남자",2012-09-13,1124184,9344622
20121008,2,20113886,회사원,2012-10-11,583166,583166
20121008,3,20128270,루퍼,2012-10-11,245307,248227
20121008,4,20113887,점쟁이들,2012-10-03,227433,844887
20121008,5,20128447,테이큰 2,2012-09-27,173070,2267562
20121008,6,20129626,위험한 관계,2012-10-11,139244,139370
20121008,7,20127634,메리다와 마법의 숲,2012-09-27,109488,1072579
20121008,8,20124400,간첩,2012-09-20,46271,1301995
20121008,9,20129166,19곰 테드,2012-09-27,39610,256849
20121008,10,20129766,프랑켄위니,2012-10-11,29930,30327
20121015,1,20124079,"광해, 왕이 된 남자",2012-09-13,911806,10256428
20121015,2,20124057,용의자X,2012-10-18,623131,634282
20121015,3,20113886,회사원,2012-10-11,386986,970152
20121015,4,20128270,루퍼,2012-10-11,203497,451724
20121015,5,20129626,위험한 관계,2012-10-11,115851,255221
20121015,6,20113887,점쟁이들,2012-10-03,90931,935818
20121015,7,20127634,메리다와 마법의 숲,2012-09-27,66454,1139033
20121015,8,20120021,조조-황제의 반란,2012-10-18,48684,49133
20121015,9,20129407,로우리스: 나쁜 영웅들,2012-10-18,41467,46815
20121015,10,20128447,테이큰 2,2012-09-27,36702,2304264
20121022,1,20113461,007 스카이폴,2012-10-26,871179,871787
20121022,2,20124079,"광해, 왕이 된 남자",2012-09-13,688283,10944711
20121022,3,20124057,용의자X,2012-10-18,599339,1233621
20121022,4,20124070,강철대오:구국의 철가방,2012-10-25,152090,158820
20121022,5,20113886,회사원,2012-10-11,121445,1091597
20121022,6,20128270,루퍼,2012-10-11,95857,547581
20121022,7,20127634,메리다와 마법의 숲,2012-09-27,47467,1186500
20121022,8,20129079,파라노말 액티비티4,2012-10-25,42948,43270
20121022,9,20129626,위험한 관계,2012-10-11,38034,293255
20121022,10,20120021,조조-황제의 반란,2012-10-18,24291,73424
20121029,1,20124054,늑대소년,2012-10-31,1291916,1294417
20121029,2,20113461,007 스카이폴,2012-10-26,822520,1694307
20121029,3,20124079,"광해, 왕이 된 남자",2012-09-13,474079,11418790
20121029,4,20124057,용의자X,2012-10-18,228469,1462090
20121029,5,20129790,아르고,2012-10-31,77394,79985
20121029,6,20124075,내가 살인범이다,2012-11-08,58673,59519
20121029,7,20124070,강철대오:구국의 철가방,2012-10-25,57067,215887
20121029,8,20127634,메리다와 마법의 숲,2012-09-27,24987,1211487
20121029,9,20124917,복숭아나무,2012-10-31,21969,24048
20121029,10,20128270,루퍼,2012-10-11,20352,567933
20121105,1,20124054,늑대소년,2012-10-31,2309459,3603876
20121105,2,20124075,내가 살인범이다,2012-11-08,667258,726777
20121105,3,20113461,007 스카이폴,2012-10-26,425606,2119913
20121105,4,20124079,"광해, 왕이 된 남자",2012-09-13,316049,11734839
20121105,5,20120562,업사이드 다운,2012-11-08,125873,126343
20121105,6,20124057,용의자X,2012-10-18,72449,1534539
20121105,7,20129790,아르고,2012-10-31,48434,128419
20121105,8,20120362,나우이즈굿 ,2012-11-08,34048,34752
20121105,9,20120942,밀림의 왕자 레오2,2012-11-08,25725,25725
20121105,10,20124070,강철대오:구국의 철가방,2012-10-25,14432,230319
20121126,1,20088506,26년,2012-11-29,790733,803108
20121126,2,20124054,늑대소년,2012-10-31,504066,6519584
20121126,3,20126469,브레이킹 던 part2,2012-11-15,449864,2390602
20121126,4,20124075,내가 살인범이다,2012-11-08,361863,2471287
20121126,5,20124348,돈 크라이 마미,2012-11-22,344994,883111
20121126,6,20126407,가디언즈,2012-11-29,304816,361662
20121126,7,20125406,음치 클리닉 ,2012-11-29,163894,206145
20121126,8,20127546,남영동1985,2012-11-22,117772,305791
20121126,9,20124079,"광해, 왕이 된 남자",2012-09-13,102807,12167292
20121126,10,20120430,철가방 우수氏,2012-11-22,26889,69097
20121203,1,20088506,26년,2012-11-29,1012627,1815735
20121203,2,20124936,나의 PS 파트너 ,2012-12-06,556213,565510
20121203,3,20126407,가디언즈,2012-11-29,316152,677814
20121203,4,20126469,브레이킹 던 part2,2012-11-15,187909,2578511
20121203,5,20123161,늑대소년-확장판,2012-12-06,183010,183010
20121203,6,20124075,내가 살인범이다,2012-11-08,177063,2648350
20121203,7,20124054,늑대소년,2012-10-31,107691,6627275
20121203,8,20125406,음치 클리닉 ,2012-11-29,97450,303595
20121203,9,20124348,돈 크라이 마미,2012-11-22,73615,956726
20121203,10,20124079,"광해, 왕이 된 남자",2012-09-13,59972,12227264
20121210,1,20125048,호빗: 뜻밖의 여정,2012-12-13,1081448,1081448
20121210,2,20088506,26년,2012-11-29,741876,2557611
20121210,3,20124936,나의 PS 파트너 ,2012-12-06,659608,1225118
20121210,4,20126407,가디언즈,2012-11-29,221856,899670
20121210,5,20123161,늑대소년-확장판,2012-12-06,189029,372039
20121210,6,20112561,원 데이,2012-12-13,98827,103120
20121210,7,20124075,내가 살인범이다,2012-11-08,71681,2720031
20121210,8,20126469,브레이킹 던 part2,2012-11-15,69551,2648062
20121210,9,20122192,극장판 파워레인저: 캡틴포스 VS 미라클포스 199 히어로 대결전 ,2012-12-13,51644,63039
20121210,10,20124079,"광해, 왕이 된 남자",2012-09-13,46890,12274154
20121217,1,20128274,레미제라블,2012-12-19,1264835,1265550
20121217,2,20125048,호빗: 뜻밖의 여정,2012-12-13,906682,1988130
20121217,3,20124399,반창꼬,2012-12-19,673156,703150
20121217,4,20128687,가문의 영광5 - 가문의 귀환,2012-12-19,522076,528845
20121217,5,20124936,나의 PS 파트너 ,2012-12-06,359283,1584401
20121217,6,20088506,26년,2012-11-29,316943,2874554
20121217,7,20129388,주먹왕 랄프,2012-12-19,255824,289445
20121217,8,20128247,극장판 포켓몬스터 베스트위시「큐레무 VS 성검사 케르디오」,2012-12-19,187680,190986
20121217,9,20123217,극장판 포켓몬스터 베스트위시「메로엣타의 반짝반짝 음악회」,2012-12-19,159127,159425
20121217,10,20126407,가디언즈,2012-11-29,101537,1001207
20121224,1,20128274,레미제라블,2012-12-19,1690294,2955844
20121224,2,20124039,타워,2012-12-25,1678011,1694586
20121224,3,20124399,반창꼬,2012-12-19,893740,1596890
20121224,4,20125048,호빗: 뜻밖의 여정,2012-12-13,545054,2533184
20121224,5,20128687,가문의 영광5 - 가문의 귀환,2012-12-19,432414,961259
20121224,6,20129388,주먹왕 랄프,2012-12-19,280683,570128
20121224,7,20122523,니코: 산타비행단의 모험,2012-12-25,204801,207052
20121224,8,20126388,잠베지아: 신비한 나무섬의 비밀,2012-12-25,184379,205143
20121224,9,20124936,나의 PS 파트너 ,2012-12-06,182896,1767297
20121224,10,20128247,극장판 포켓몬스터 베스트위시「큐레무 VS 성검사 케르디오」,2012-12-19,125529,316515
20121231,1,20124039,타워,2012-12-25,1845118,3539704
20121231,2,20128274,레미제라블,2012-12-19,1252627,4208471
20121231,3,20124399,반창꼬,2012-12-19,624922,2221812
20121231,4,20128386,라이프 오브 파이,2013-01-01,605711,610801
20121231,5,20125048,호빗: 뜻밖의 여정,2012-12-13,242809,2775993
20121231,6,20129388,주먹왕 랄프,2012-12-19,231996,802124
20121231,7,20126388,잠베지아: 신비한 나무섬의 비밀,2012-12-25,185607,390750
20121231,8,20128687,가문의 영광5 - 가문의 귀환,2012-12-19,171938,1133197
20121231,9,20122523,니코: 산타비행단의 모험,2012-12-25,164593,371645
20121231,10,20124936,나의 PS 파트너 ,2012-12-06,55296,1822593
20130107,1,20124935,박수건달,2013-01-09,1021193,1029662
20130107,2,20124039,타워,2012-12-25,915348,4455052
20130107,3,20128274,레미제라블,2012-12-19,618366,4826837
20130107,4,20128386,라이프 오브 파이,2013-01-01,409025,1019826
20130107,5,20124024,클라우드 아틀라스,2013-01-09,296098,299825
20130107,6,20124399,반창꼬,2012-12-19,192383,2414195
20130107,7,20122803,파이스토리 : 악당상어 소탕작전,2013-01-10,151009,151223
20130107,8,20126583,마이 리틀 히어로,2013-01-09,114367,121366
20130107,9,20129388,주먹왕 랄프,2012-12-19,91204,893328
20130107,10,20126388,잠베지아: 신비한 나무섬의 비밀,2012-12-25,64141,454891
20130114,1,20124935,박수건달,2013-01-09,1471392,2501054
20130114,2,20128274,레미제라블,2012-12-19,491611,5318448
20130114,3,20124039,타워,2012-12-25,486578,4941630
20130114,4,20123333,잭 리처,2013-01-17,464588,465281
20130114,5,20129156,몬스터 호텔,2013-01-17,390552,393584
20130114,6,20121861,더 임파서블,2013-01-17,333189,339718
20130114,7,20128386,라이프 오브 파이,2013-01-01,296781,1316607
20130114,8,20124024,클라우드 아틀라스,2013-01-09,126834,426659
20130114,9,20122803,파이스토리 : 악당상어 소탕작전,2013-01-10,97037,248260
20130114,10,20126583,마이 리틀 히어로,2013-01-09,56109,177475
20130121,1,20127593,7번방의 선물,2013-01-23,1731352,1740047
20130121,2,20124935,박수건달,2013-01-09,1017100,3518154
20130121,3,20123681,뽀로로 극장판 슈퍼썰매 대모험,2013-01-23,356506,358706
20130121,4,20129156,몬스터 호텔,2013-01-17,329239,722823
20130121,5,20128274,레미제라블,2012-12-19,323369,5641817
20130121,6,20123333,잭 리처,2013-01-17,278123,743404
20130121,7,20121861,더 임파서블,2013-01-17,223439,563157
20130121,8,20124039,타워,2012-12-25,201339,5142969
20130121,9,20128386,라이프 오브 파이,2013-01-01,166992,1483599
20130121,10,20048799,명탐정 코난:은빛 날개의 마술사,2013-01-24,101521,102044
20130128,1,20127593,7번방의 선물,2013-01-23,2451850,4191897
20130128,2,20124083,베를린,2013-01-30,2248142,2251289
20130128,3,20124935,박수건달,2013-01-09,308542,3826696
20130128,4,20123681,뽀로로 극장판 슈퍼썰매 대모험,2013-01-23,300040,658746
20130128,5,20129156,몬스터 호텔,2013-01-17,145438,868261
20130128,6,20128274,레미제라블,2012-12-19,144105,5785922
20130128,7,20128386,라이프 오브 파이,2013-01-01,67072,1550671
20130128,8,20048799,명탐정 코난:은빛 날개의 마술사,2013-01-24,63327,165371
20130128,9,20121861,더 임파서블,2013-01-17,54738,617895
20130128,10,20123333,잭 리처,2013-01-17,37315,780719
20130204,1,20127593,7번방의 선물,2013-01-23,2089485,6281382
20130204,2,20124083,베를린,2013-01-30,1929417,4180706
20130204,3,20123387,다이하드: 굿 데이 투 다이,2013-02-06,625114,625440
20130204,4,20125990,남쪽으로 튀어,2013-02-06,391617,402593
20130204,5,20123681,뽀로로 극장판 슈퍼썰매 대모험,2013-01-23,97531,756277
20130204,6,20123421,눈의 여왕,2013-02-07,82403,85087
20130204,7,20124935,박수건달,2013-01-09,57654,3884350
20130204,8,20128274,레미제라블,2012-12-19,49092,5835014
20130204,9,20010292,몬스터 주식회사,2001-12-20,34291,34617
20130204,10,20128386,라이프 오브 파이,2013-01-01,17870,1568541
20130211,1,20127593,7번방의 선물,2013-01-23,2586162,8867544
20130211,2,20124083,베를린,2013-01-30,1799325,5980031
20130211,3,20123387,다이하드: 굿 데이 투 다이,2013-02-06,672402,1297842
20130211,4,20125990,남쪽으로 튀어,2013-02-06,369978,772571
20130211,5,20126087,남자사용설명서,2013-02-14,259180,266899
20130211,6,20133981,헨젤과 그레텔: 마녀 사냥꾼 3D,2013-02-14,177245,177571
20130211,7,20123421,눈의 여왕,2013-02-07,160890,245977
20130211,8,20123681,뽀로로 극장판 슈퍼썰매 대모험,2013-01-23,110871,867148
20130211,9,20123644,해양경찰 마르코,2013-02-14,95762,96846
20130211,10,20123484,실버라이닝 플레이북,2013-02-14,65362,70730
20130218,1,20127593,7번방의 선물,2013-01-23,1519485,10387029
20130218,2,20124401,신세계,2013-02-21,1030517,1038731
20130218,3,20124083,베를린,2013-01-30,627764,6607795
20130218,4,20126087,남자사용설명서,2013-02-14,187813,454712
20130218,5,20128747,분노의 윤리학,2013-02-21,142321,145433
20130218,6,20123387,다이하드: 굿 데이 투 다이,2013-02-06,124406,1422248
20130218,7,20133924,빌리와 용감한 녀석들 2 ,2013-02-21,110144,110358
20130218,8,20133981,헨젤과 그레텔: 마녀 사냥꾼 3D,2013-02-14,83946,261517
20130218,9,20123821,더 자이언트,2013-02-21,63596,66888
20130218,10,20123644,해양경찰 마르코,2013-02-14,62794,159640
20130225,1,20124401,신세계,2013-02-21,1491325,2530056
20130225,2,20127593,7번방의 선물,2013-01-23,1317885,11704914
20130225,3,20123641,잭 더 자이언트 킬러,2013-02-28,659848,659848
20130225,4,20124083,베를린,2013-01-30,389889,6997684
20130225,5,20120467,스토커,2013-02-28,237874,240634
20130225,6,20122843,차이니즈 조디악,2013-02-27,214428,217232
20130225,7,20133924,빌리와 용감한 녀석들 2 ,2013-02-21,170201,280559
20130225,8,20123821,더 자이언트,2013-02-21,82166,149054
20130225,9,20128747,분노의 윤리학,2013-02-21,70550,215983
20130225,10,20126087,남자사용설명서,2013-02-14,47751,502463
20130304,1,20124401,신세계,2013-02-21,839629,3369685
20130304,2,20127593,7번방의 선물,2013-01-23,473447,12178361
20130304,3,20134407,사이코메트리,2013-03-07,289783,295146
20130304,4,20122625,오즈 그레이트 앤드 파워풀,2013-03-07,228686,228686
20130304,5,20123641,잭 더 자이언트 킬러,2013-02-28,226135,885983
20130304,6,20120467,스토커,2013-02-28,103111,343745
20130304,7,20124083,베를린,2013-01-30,102631,7100315
20130304,8,20122843,차이니즈 조디악,2013-02-27,78773,296005
20130304,9,20129262,제로 다크 서티,2013-03-07,70165,72222
20130304,10,20133924,빌리와 용감한 녀석들 2 ,2013-02-21,21991,302550
20130311,1,20124401,신세계,2013-02-21,591907,3961592
20130311,2,20135241,웜 바디스,2013-03-14,504656,504980
20130311,3,20129368,파파로티,2013-03-14,431391,453480
20130311,4,20127593,7번방의 선물,2013-01-23,308402,12486763
20130311,5,20134407,사이코메트리,2013-03-07,192026,487172
20130311,6,20122625,오즈 그레이트 앤드 파워풀,2013-03-07,98253,326939
20130311,7,20134581,링컨,2013-03-14,69758,72246
20130311,8,20123641,잭 더 자이언트 킬러,2013-02-28,59136,945119
20130311,9,20124083,베를린,2013-01-30,46445,7146760
20130311,10,20134102,글래디에이터: 로마 영웅 탄생의 비밀 3D,2013-03-14,34084,35681
20130318,1,20128690,연애의 온도,2013-03-21,638320,646729
20130318,2,20129368,파파로티,2013-03-14,529463,982943
20130318,3,20135241,웜 바디스,2013-03-14,422607,927587
20130318,4,20124401,신세계,2013-02-21,355775,4317367
20130318,5,20127593,7번방의 선물,2013-01-23,168937,12655700
20130318,6,20126306,장고:분노의 추적자,2013-03-21,142577,144413
20130318,7,20122231,안나 카레니나,2013-03-21,60973,61807
20130318,8,20134983,원피스 극장판 Z,2013-03-21,50567,51564
20130318,9,20134581,링컨,2013-03-14,47444,119690
20130318,10,20134407,사이코메트리,2013-03-07,39322,526494
20130325,1,20113972,지.아이.조 2,2013-03-28,829854,832169
20130325,2,20128690,연애의 온도,2013-03-21,642896,1289625
20130325,3,20129368,파파로티,2013-03-14,373840,1356783
20130325,4,20124401,신세계,2013-02-21,198980,4516347
20130325,5,20135241,웜 바디스,2013-03-14,182041,1109628
20130325,6,20126306,장고:분노의 추적자,2013-03-21,84808,229221
20130325,7,20127593,7번방의 선물,2013-01-23,82702,12738402
20130325,8,20122231,안나 카레니나,2013-03-21,46682,108489
20130325,9,20134701,웃는 남자,2013-03-28,36998,37384
20130325,10,20134983,원피스 극장판 Z,2013-03-21,28385,79949
20130401,1,20113972,지.아이.조 2,2013-03-28,741172,1573341
20130401,2,20126671,런닝맨,2013-04-04,568642,575433
20130401,3,20128690,연애의 온도,2013-03-21,367786,1657411
20130401,4,20129368,파파로티,2013-03-14,244302,1601085
20130401,5,20124401,신세계,2013-02-21,117304,4633651
20130401,6,20135241,웜 바디스,2013-03-14,54665,1164293
20130401,7,20127593,7번방의 선물,2013-01-23,47679,12786081
20130401,8,20134869,호스트,2013-04-04,34564,34828
20130401,9,20120108,지슬 - 끝나지 않은 세월2,2013-03-21,30897,89487
20130401,10,20135581,호프 스프링즈,2013-04-04,28920,31767
20130408,1,20125333,전설의 주먹,2013-04-10,655170,676804
20130408,2,20134181,오블리비언,2013-04-11,628427,628427
20130408,3,20126671,런닝맨,2013-04-04,463692,1039125
20130408,4,20113972,지.아이.조 2,2013-03-28,212372,1785713
20130408,5,20128690,연애의 온도,2013-03-21,138374,1795785
20130408,6,20129368,파파로티,2013-03-14,86022,1687107
20130408,7,20124401,신세계,2013-02-21,36737,4670388
20130408,8,20136783,꼬마영웅 경찰차 프로디,2013-04-11,29380,29812
20130408,9,20120108,지슬 - 끝나지 않은 세월2,2013-03-21,20541,110028
20130408,10,20135581,호프 스프링즈,2013-04-04,17822,49589
20130415,1,20134181,오블리비언,2013-04-11,589668,1218095
20130415,2,20125333,전설의 주먹,2013-04-10,566482,1243286
20130415,3,20126671,런닝맨,2013-04-04,240976,1280101
20130415,4,20123201,노리개,2013-04-18,101423,103691
20130415,5,20136138,송 포 유,2013-04-18,93116,94666
20130415,6,20113972,지.아이.조 2,2013-03-28,57870,1843583
20130415,7,20136662,뷰티풀 크리처스,2013-04-18,56897,56897
20130415,8,20134603,로마 위드 러브,2013-04-18,56847,60540
20130415,9,20128690,연애의 온도,2013-03-21,51989,1847774
20130415,10,20129368,파파로티,2013-03-14,23236,1710343
20130422,1,20121621,아이언맨 3,2013-04-25,2625256,2625256
20130422,2,20125333,전설의 주먹,2013-04-10,299768,1543054
20130422,3,20134181,오블리비언,2013-04-11,212931,1431026
20130422,4,20126671,런닝맨,2013-04-04,97154,1377255
20130422,5,20136741,짱구는 못말려 극장판:태풍을 부르는 나와 우주의 프린세스,2013-04-25,77805,78716
20130422,6,20136138,송 포 유,2013-04-18,74404,169070
20130422,7,20123201,노리개,2013-04-18,54327,158018
20130422,8,20134603,로마 위드 러브,2013-04-18,51439,111979
20130422,9,20120381,피노키오: 당나귀 섬의 비밀,2013-04-25,35229,37117
20130422,10,20136921,에반게리온: Q,2013-04-25,32592,32792
20130429,1,20121621,아이언맨 3,2013-04-25,3247792,5873048
20130429,2,20121549,전국노래자랑,2013-05-01,446002,457420
20130429,3,20125333,전설의 주먹,2013-04-10,141075,1684129
20130429,4,20136741,짱구는 못말려 극장판:태풍을 부르는 나와 우주의 프린세스,2013-04-25,109114,187830
20130429,5,20134181,오블리비언,2013-04-11,64810,1495836
20130429,6,20030072,니모를 찾아서,2003-06-05,60596,60922
20130429,7,20126671,런닝맨,2013-04-04,35470,1412725
20130429,8,20134603,로마 위드 러브,2013-04-18,34532,146511
20130429,9,20137422,폭풍우 치는 밤에: 비밀 친구,2013-05-01,31458,32214
20130429,10,20136138,송 포 유,2013-04-18,28908,197978
20130506,1,20121621,아이언맨 3,2013-04-25,1569669,7442717
20130506,2,20120426,고령화 가족,2013-05-09,513699,516629
20130506,3,20121549,전국노래자랑,2013-05-01,336826,794246
20130506,4,20135362,크루즈 패밀리,2013-05-16,62312,63198
20130506,5,20125333,전설의 주먹,2013-04-10,48203,1732332
20130506,6,20137082,스니치,2013-05-09,29605,29843
20130506,7,20136741,짱구는 못말려 극장판:태풍을 부르는 나와 우주의 프린세스,2013-04-25,24593,212423
20130506,8,20134603,로마 위드 러브,2013-04-18,19276,165787
20130506,9,20134181,오블리비언,2013-04-11,17169,1513005
20130506,10,20136138,송 포 유,2013-04-18,11133,209111
20130513,1,20121621,아이언맨 3,2013-04-25,1031852,8474569
20130513,2,20122784,몽타주,2013-05-16,643646,653258
20130513,3,20136219,위대한 개츠비,2013-05-16,620107,620107
20130513,4,20120426,고령화 가족,2013-05-09,470236,986865
20130513,5,20135362,크루즈 패밀리,2013-05-16,330350,393548
20130513,6,20128691,미나문방구,2013-05-16,211559,222178
20130513,7,20121549,전국노래자랑,2013-05-01,136181,930427
20130513,8,20137082,스니치,2013-05-09,11564,41407
20130513,9,20125333,전설의 주먹,2013-04-10,11134,1743466
20130513,10,20134603,로마 위드 러브,2013-04-18,7537,173324
20130520,1,20135221,분노의 질주: 더 맥시멈,2013-05-22,814366,818102
20130520,2,20122784,몽타주,2013-05-16,734549,1387807
20130520,3,20136219,위대한 개츠비,2013-05-16,427324,1047431
20130520,4,20121621,아이언맨 3,2013-04-25,344380,8818949
20130520,5,20135362,크루즈 패밀리,2013-05-16,162927,556475
20130520,6,20120426,고령화 가족,2013-05-09,113550,1100415
20130520,7,20128691,미나문방구,2013-05-16,80104,302282
20130520,8,20134562,비포 미드나잇,2013-05-22,68234,68560
20130520,9,20123329,스타트렉 다크니스,2013-05-30,58875,63939
20130520,10,20121549,전국노래자랑,2013-05-01,27067,957494
20130527,1,20135221,분노의 질주: 더 맥시멈,2013-05-22,639599,1457701
20130527,2,20123329,스타트렉 다크니스,2013-05-30,614005,677944
20130527,3,20122784,몽타주,2013-05-16,511035,1898842
20130527,4,20137426,애프터 어스,2013-05-30,395956,395956
20130527,5,20136219,위대한 개츠비,2013-05-16,259252,1306683
20130527,6,20121621,아이언맨 3,2013-04-25,149850,8968799
20130527,7,20135362,크루즈 패밀리,2013-05-16,115627,672102
20130527,8,20134562,비포 미드나잇,2013-05-22,54317,122877
20130527,9,20120426,고령화 가족,2013-05-09,36438,1136853
20130527,10,20127597,뜨거운 안녕,2013-05-30,34510,36769
20130603,1,20126672,은밀하게 위대하게,2013-06-05,3482356,3491280
20130603,2,20123329,스타트렉 다크니스,2013-05-30,582757,1260701
20130603,3,20136058,무서운 이야기 2,2013-06-05,344250,347307
20130603,4,20135221,분노의 질주: 더 맥시멈,2013-05-22,251336,1709037
20130603,5,20122784,몽타주,2013-05-16,162139,2060981
20130603,6,20135362,크루즈 패밀리,2013-05-16,147292,819394
20130603,7,20137426,애프터 어스,2013-05-30,128654,524610
20130603,8,20137963,백악관 최후의 날,2013-06-05,112874,113206
20130603,9,20136219,위대한 개츠비,2013-05-16,85219,1391902
20130603,10,20138201,극장판 썬더일레븐 GO VS 골판지 전사 W,2013-06-05,30210,30210
20130610,1,20126672,은밀하게 위대하게,2013-06-05,1776513,5267793
20130610,2,20137961,맨 오브 스틸,2013-06-13,1205635,1205635
20130610,3,20123329,스타트렉 다크니스,2013-05-30,206204,1466905
20130610,4,20136058,무서운 이야기 2,2013-06-05,118373,465680
20130610,5,20135221,분노의 질주: 더 맥시멈,2013-05-22,65578,1774615
20130610,6,20135362,크루즈 패밀리,2013-05-16,50575,869969
20130610,7,20137963,백악관 최후의 날,2013-06-05,48275,161481
20130610,8,20122784,몽타주,2013-05-16,28919,2089900
20130610,9,20136219,위대한 개츠비,2013-05-16,27036,1418938
20130610,10,20134562,비포 미드나잇,2013-05-22,15856,163434
20130617,1,20122122,월드 워 Z,2013-06-20,1544005,1546643
20130617,2,20126672,은밀하게 위대하게,2013-06-05,908182,6175975
20130617,3,20137961,맨 오브 스틸,2013-06-13,693601,1899236
20130617,4,20123329,스타트렉 다크니스,2013-05-30,88670,1555575
20130617,5,20138141,더 콜,2013-06-20,49611,51246
20130617,6,20120103,닥터,2013-06-20,43702,45162
20130617,7,20126253,토토의 움직이는 숲,2013-06-20,33876,34127
20130617,8,20136058,무서운 이야기 2,2013-06-05,28157,493837
20130617,9,20135362,크루즈 패밀리,2013-05-16,27844,897813
20130617,10,20138712,꼭두각시,2013-06-20,21027,21432
20130624,1,20122122,월드 워 Z,2013-06-20,1642251,3188894
20130624,2,20129114,더 웹툰: 예고살인,2013-06-27,474264,482996
20130624,3,20126672,은밀하게 위대하게,2013-06-05,464390,6640365
20130624,4,20137815,화이트 하우스 다운,2013-06-27,337380,337988
20130624,5,20137961,맨 오브 스틸,2013-06-13,227317,2126553
20130624,6,20138141,더 콜,2013-06-20,35152,86398
20130624,7,20123329,스타트렉 다크니스,2013-05-30,34934,1590509
20130624,8,20126253,토토의 움직이는 숲,2013-06-20,26281,60408
20130624,9,19930176,쥬라기 공원,1993-07-17,23702,25065
20130624,10,20138884,빅 웨딩,2013-06-27,21157,21371
20130701,1,20122783,감시자들,2013-07-03,1774952,1786422
20130701,2,20122122,월드 워 Z,2013-06-20,1089851,4278745
20130701,3,20129114,더 웹툰: 예고살인,2013-06-27,389945,872941
20130701,4,20136862,론 레인저,2013-07-04,252106,252106
20130701,5,20126672,은밀하게 위대하게,2013-06-05,215420,6855785
20130701,6,20137815,화이트 하우스 다운,2013-06-27,192097,530085
20130701,7,20137961,맨 오브 스틸,2013-06-13,47985,2174538
20130701,8,20139263,쿵후팬더: 영웅의 탄생,2013-07-04,40558,40665
20130701,9,19930176,쥬라기 공원,1993-07-17,15027,40092
20130701,10,20138884,빅 웨딩,2013-06-27,11044,32415
20130708,1,20122783,감시자들,2013-07-03,1754159,3540581
20130708,2,20136961,퍼시픽 림,2013-07-11,1372344,1372741
20130708,3,20122122,월드 워 Z,2013-06-20,613074,4891819
20130708,4,20129114,더 웹툰: 예고살인,2013-06-27,218837,1091778
20130708,5,20136862,론 레인저,2013-07-04,118721,370827
20130708,6,20126672,은밀하게 위대하게,2013-06-05,77137,6932922
20130708,7,20137815,화이트 하우스 다운,2013-06-27,36539,566624
20130708,8,20139263,쿵후팬더: 영웅의 탄생,2013-07-04,30322,70987
20130708,9,20139723,사이드 이펙트,2013-07-11,23240,23440
20130708,10,20124082,미스터 고,2013-07-17,17058,17058
20130715,1,20122783,감시자들,2013-07-03,1034399,4574980
20130715,2,20136962,레드: 더 레전드,2013-07-18,965121,965121
20130715,3,20136961,퍼시픽 림,2013-07-11,813898,2186639
20130715,4,20124082,미스터 고,2013-07-17,713913,730971
20130715,5,20122122,월드 워 Z,2013-06-20,239181,5131000
20130715,6,20129114,더 웹툰: 예고살인,2013-06-27,77487,1169265
20130715,7,20137549,터보,2013-07-25,72805,73131
20130715,8,20139141,토니 스토리: 깡통제국의 비밀,2013-07-18,41100,43372
20130715,9,20126672,은밀하게 위대하게,2013-06-05,17818,6950740
20130715,10,20136862,론 레인저,2013-07-04,16149,386976
20130722,1,20136962,레드: 더 레전드,2013-07-18,1222803,2187924
20130722,2,20137121,더 울버린,2013-07-25,776747,776747
20130722,3,20122783,감시자들,2013-07-03,628337,5203317
20130722,4,20137549,터보,2013-07-25,467868,540999
20130722,5,20124082,미스터 고,2013-07-17,400747,1131718
20130722,6,20136961,퍼시픽 림,2013-07-11,271586,2458225
20130722,7,20136052,더 테러 라이브,2013-07-31,125988,126640
20130722,8,20122122,월드 워 Z,2013-06-20,87825,5218825
20130722,9,20139383,극장판 도라에몽: 진구의 비밀도구 박물관,2013-07-25,54682,56098
20130722,10,20129114,더 웹툰: 예고살인,2013-06-27,25185,1194450
20130729,1,20126674,설국열차,2013-08-01,3296205,3303869
20130729,2,20136052,더 테러 라이브,2013-07-31,1714202,1840842
20130729,3,20137549,터보,2013-07-25,843399,1384398
20130729,4,20136962,레드: 더 레전드,2013-07-18,571217,2759141
20130729,5,20136761,개구쟁이 스머프 2,2013-08-01,438269,439597
20130729,6,20122783,감시자들,2013-07-03,256454,5459771
20130729,7,20137121,더 울버린,2013-07-25,254556,1031303
20130729,8,20124082,미스터 고,2013-07-17,171532,1303250
20130729,9,20136961,퍼시픽 림,2013-07-11,73648,2531873
20130729,10,20139383,극장판 도라에몽: 진구의 비밀도구 박물관,2013-07-25,54800,110898
20130805,1,20126674,설국열차,2013-08-01,3149522,6453391
20130805,2,20136052,더 테러 라이브,2013-07-31,1995112,3835954
20130805,3,20138202,에픽 : 숲속의 전설 ,2013-08-07,405590,413307
20130805,4,20137549,터보,2013-07-25,309794,1694192
20130805,5,20136761,개구쟁이 스머프 2,2013-08-01,286248,725845
20130805,6,20058720,명탐정 코난 : 수평선상의 음모,2013-08-07,204491,205111
20130805,7,20136962,레드: 더 레전드,2013-07-18,182282,2941423
20130805,8,20124937,감기,2013-08-14,126094,126095
20130805,9,20122783,감시자들,2013-07-03,40618,5500389
20130805,10,20137121,더 울버린,2013-07-25,34924,1066227
20130812,1,20136049,숨바꼭질,2013-08-14,2109227,2126114
20130812,2,20126674,설국열차,2013-08-01,1736807,8190198
20130812,3,20124937,감기,2013-08-14,1722068,1848163
20130812,4,20136052,더 테러 라이브,2013-07-31,1197407,5033361
20130812,5,20138202,에픽 : 숲속의 전설 ,2013-08-07,390919,804226
20130812,6,20137549,터보,2013-07-25,172716,1866908
20130812,7,20058720,명탐정 코난 : 수평선상의 음모,2013-08-07,154576,359687
20130812,8,20136761,개구쟁이 스머프 2,2013-08-01,146659,872504
20130812,9,20136962,레드: 더 레전드,2013-07-18,44950,2986373
20130812,10,20130569,슈퍼윙스 3D,2013-08-14,31823,32449
20130819,1,20136049,숨바꼭질,2013-08-14,1952083,4078197
20130819,2,20138881,나우 유 씨 미 : 마술사기단,2013-08-22,1066907,1068915
20130819,3,20124937,감기,2013-08-14,844476,2692639
20130819,4,20126674,설국열차,2013-08-01,613789,8803987
20130819,5,20136052,더 테러 라이브,2013-07-31,372387,5405748
20130819,6,20138202,에픽 : 숲속의 전설 ,2013-08-07,141333,945559
20130819,7,20138421,R.I.P.D. : 알.아이.피.디.,2013-08-22,73875,74201
20130819,8,20139072,일대종사,2013-08-22,49706,51288
20130819,9,20137549,터보,2013-07-25,48496,1915404
20130819,10,20136761,개구쟁이 스머프 2,2013-08-01,43090,915594
20130826,1,20138881,나우 유 씨 미 : 마술사기단,2013-08-22,1087451,2156366
20130826,2,20136049,숨바꼭질,2013-08-14,1019706,5097903
20130826,3,20137811,엘리시움,2013-08-29,705948,707972
20130826,4,20124937,감기,2013-08-14,327981,3020620
20130826,5,20126674,설국열차,2013-08-01,322662,9126649
20130826,6,20139265,잡스,2013-08-29,159142,159775
20130826,7,20136052,더 테러 라이브,2013-07-31,142464,5548212
20130826,8,20122089,슈퍼배드 2,2013-09-12,80295,80295
20130826,9,20131681,드래곤볼Z : 신들의 전쟁,2013-08-29,33838,34252
20130826,10,20139072,일대종사,2013-08-22,29969,81257
20130902,1,20124086,스파이,2013-09-05,987510,1001007
20130902,2,20138881,나우 유 씨 미 : 마술사기단,2013-08-22,453335,2609701
20130902,3,20137811,엘리시움,2013-08-29,432868,1140840
20130902,4,20136049,숨바꼭질,2013-08-14,410773,5508676
20130902,5,20126674,설국열차,2013-08-01,115110,9241759
20130902,6,20124937,감기,2013-08-14,87180,3107800
20130902,7,20122089,슈퍼배드 2,2013-09-12,83539,163834
20130902,8,20132082,바람이 분다,2013-09-05,77237,78026
20130902,9,20139265,잡스,2013-08-29,57544,217319
20130902,10,20136052,더 테러 라이브,2013-07-31,32489,5580701
20130909,1,20126091,관상,2013-09-11,2592394,2599688
20130909,2,20124086,스파이,2013-09-05,654593,1655600
20130909,3,20129588,섀도우 헌터스: 뼈의 도시,2013-09-12,210536,211514
20130909,4,20135001,몬스터 대학교,2013-09-12,185235,197880
20130909,5,20137562,퍼시 잭슨과 괴물의 바다,2013-09-12,172955,173218
20130909,6,20122089,슈퍼배드 2,2013-09-12,156795,320629
20130909,7,20138881,나우 유 씨 미 : 마술사기단,2013-08-22,77630,2687331
20130909,8,20136049,숨바꼭질,2013-08-14,73266,5581942
20130909,9,20137811,엘리시움,2013-08-29,60514,1201354
20130909,10,20126674,설국열차,2013-08-01,37982,9279741
20130916,1,20126091,관상,2013-09-11,4274402,6874090
20130916,2,20124086,스파이,2013-09-05,1187902,2843502
20130916,3,20131381,컨저링,2013-09-17,797650,802439
20130916,4,20135001,몬스터 대학교,2013-09-12,439802,637682
20130916,5,20122089,슈퍼배드 2,2013-09-12,395602,716231
20130916,6,20129588,섀도우 헌터스: 뼈의 도시,2013-09-12,285219,496733
20130916,7,20137562,퍼시 잭슨과 괴물의 바다,2013-09-12,284599,457817
20130916,8,20126674,설국열차,2013-08-01,42218,9321959
20130916,9,20131001,프리버즈: 밍쿠와 찌아의 도시 대탈출,2013-09-17,38812,39103
20130916,10,20138881,나우 유 씨 미 : 마술사기단,2013-08-22,26079,2713410
20130923,1,20126091,관상,2013-09-11,1172917,8047007
20130923,2,20131381,컨저링,2013-09-17,757419,1559858
20130923,3,20124086,스파이,2013-09-05,401176,3244678
20130923,4,20131630,히든 카드,2013-09-26,120640,120640
20130923,5,20135001,몬스터 대학교,2013-09-12,110961,748643
20130923,6,20122089,슈퍼배드 2,2013-09-12,103392,819623
20130923,7,20129588,섀도우 헌터스: 뼈의 도시,2013-09-12,64392,561125
20130923,8,20137562,퍼시 잭슨과 괴물의 바다,2013-09-12,54460,512277
20130923,9,20131541,블루 재스민,2013-09-25,52572,54741
20130923,10,20134582,소원,2013-10-02,46819,46974
20130930,1,20123381,깡철이,2013-10-02,777878,779900
20130930,2,20134582,소원,2013-10-02,764487,811461
20130930,3,20126091,관상,2013-09-11,666309,8713316
20130930,4,20131381,컨저링,2013-09-17,483572,2043430
20130930,5,20124086,스파이,2013-09-05,161144,3405822
20130930,6,20130783,프리즈너스,2013-10-02,139888,141307
20130930,7,20122089,슈퍼배드 2,2013-09-12,74854,894477
20130930,8,20135001,몬스터 대학교,2013-09-12,72631,821274
20130930,9,20132261,로덴시아: 마법왕국의 전설,2013-10-02,58347,58347
20130930,10,20128079,정글번치 : 빙산으로의 귀환,2013-10-02,40778,42032
20131007,1,20123383,화이: 괴물을 삼킨 아이,2013-10-09,1208035,1213925
20131007,2,20134582,소원,2013-10-02,908088,1719549
20131007,3,20123381,깡철이,2013-10-02,339672,1119572
20131007,4,20126091,관상,2013-09-11,305311,9018627
20131007,5,20131381,컨저링,2013-09-17,179244,2222674
20131007,6,20132120,러시 : 더 라이벌,2013-10-09,80429,87149
20131007,7,20122089,슈퍼배드 2,2013-09-12,46549,941026
20131007,8,20130783,프리즈너스,2013-10-02,40945,182252
20131007,9,20135001,몬스터 대학교,2013-09-12,38939,860213
20131007,10,20132261,로덴시아: 마법왕국의 전설,2013-10-02,29761,88108
20131014,1,20139221,그래비티,2013-10-17,825484,827980
20131014,2,20123383,화이: 괴물을 삼킨 아이,2013-10-09,704511,1918436
20131014,3,20134582,소원,2013-10-02,560384,2279933
20131014,4,20122785,롤러코스터,2013-10-17,181129,182540
20131014,5,20123384,밤의 여왕,2013-10-17,169173,171731
20131014,6,20126091,관상,2013-09-11,83896,9102523
20131014,7,20123381,깡철이,2013-10-02,77895,1197467
20131014,8,20131381,컨저링,2013-09-17,36615,2259289
20131014,9,20132120,러시 : 더 라이벌,2013-10-09,32447,119596
20131014,10,20132821,캡틴 필립스,2013-10-23,15452,15453
20131021,1,20139221,그래비티,2013-10-17,910652,1738632
20131021,2,20129606,공범,2013-10-24,764596,769135
20131021,3,20123383,화이: 괴물을 삼킨 아이,2013-10-09,334040,2252476
20131021,4,20134582,소원,2013-10-02,262247,2542180
20131021,5,20132821,캡틴 필립스,2013-10-23,136564,152017
20131021,6,20120428,톱스타,2013-10-24,117018,117844
20131021,7,20134124,배우는 배우다,2013-10-24,83802,85298
20131021,8,20122785,롤러코스터,2013-10-17,80313,262853
20131021,9,20123384,밤의 여왕,2013-10-17,75544,247275
20131021,10,20126091,관상,2013-09-11,18585,9121108
20131028,1,20138355,토르: 다크 월드,2013-10-30,1053070,1053070
20131028,2,20139221,그래비티,2013-10-17,577380,2316012
20131028,3,20129606,공범,2013-10-24,570166,1339301
20131028,4,20138223,노브레싱,2013-10-30,280171,284619
20131028,5,20122786,응징자,2013-10-30,146346,147971
20131028,6,20123383,화이: 괴물을 삼킨 아이,2013-10-09,118117,2370593
20131028,7,20134582,소원,2013-10-02,105658,2647838
20131028,8,20132821,캡틴 필립스,2013-10-23,67060,219077
20131028,9,20120428,톱스타,2013-10-24,46156,164000
20131028,10,20134144,화이트 고릴라,2013-10-31,30773,30973
20131104,1,20138355,토르: 다크 월드,2013-10-30,968750,2021820
20131104,2,20127595,동창생,2013-11-06,683542,689609
20131104,3,20139221,그래비티,2013-10-17,390931,2706943
20131104,4,20129606,공범,2013-10-24,307832,1647133
20131104,5,20138223,노브레싱,2013-10-30,126393,411012
20131104,6,20139601,더 퍼지,2013-11-06,100317,100531
20131104,7,20122786,응징자,2013-10-30,40169,188140
20131104,8,20134582,소원,2013-10-02,39790,2687628
20131104,9,20133760,세이프 헤이븐,2013-11-06,23305,24389
20131104,10,20134144,화이트 고릴라,2013-10-31,22055,53028
20131111,1,20137044,친구 2,2013-11-14,1374420,1379655
20131111,2,20138355,토르: 다크 월드,2013-10-30,586141,2607961
20131111,3,20134801,더 파이브,2013-11-14,309895,314299
20131111,4,20127595,동창생,2013-11-06,277970,967579
20131111,5,20139221,그래비티,2013-10-17,234155,2941098
20131111,6,20129606,공범,2013-10-24,99765,1746898
20131111,7,20133152,카운슬러,2013-11-14,80580,80817
20131111,8,20139601,더 퍼지,2013-11-06,34822,135353
20131111,9,20138223,노브레싱,2013-10-30,32707,443719
20131111,10,20131245,블랙 가스펠,2013-11-14,21998,23765
20131118,1,20137044,친구 2,2013-11-14,957510,2337165
20131118,2,20138544,헝거게임: 캣칭 파이어,2013-11-21,473926,474315
20131118,3,20136061,결혼전야,2013-11-21,377141,394179
20131118,4,20134801,더 파이브,2013-11-14,303387,617686
20131118,5,20138355,토르: 다크 월드,2013-10-30,300569,2908530
20131118,6,20133701,하늘에서 음식이 내린다면 2,2013-11-21,264204,264204
20131118,7,20139221,그래비티,2013-10-17,136110,3077208
20131118,8,20127595,동창생,2013-11-06,64573,1032152
20131118,9,20133152,카운슬러,2013-11-14,45577,126394
20131118,10,20129606,공범,2013-10-24,17740,1764638
20131125,1,20136061,결혼전야,2013-11-21,447364,841543
20131125,2,20124402,열한시,2013-11-28,445566,449061
20131125,3,20137044,친구 2,2013-11-14,415602,2752767
20131125,4,20138544,헝거게임: 캣칭 파이어,2013-11-21,394902,869217
20131125,5,20110881,창수,2013-11-28,253281,256230
20131125,6,20133701,하늘에서 음식이 내린다면 2,2013-11-21,228067,492271
20131125,7,20138355,토르: 다크 월드,2013-10-30,106632,3015162
20131125,8,20134801,더 파이브,2013-11-14,97309,714995
20131125,9,20132824,리딕,2013-11-28,93569,93783
20131125,10,20139221,그래비티,2013-10-17,63649,3140857
20131202,1,20135428,어바웃 타임,2013-12-05,544719,569872
20131202,2,20124402,열한시,2013-11-28,335352,784413
20131202,3,20135657,인시디어스: 두번째 집,2013-12-05,273173,273173
20131202,4,20136061,결혼전야,2013-11-21,256289,1097832
20131202,5,20138544,헝거게임: 캣칭 파이어,2013-11-21,181600,1050817
20131202,6,20133701,하늘에서 음식이 내린다면 2,2013-11-21,173056,665327
20131202,7,20137044,친구 2,2013-11-14,167497,2920264
20131202,8,20110881,창수,2013-11-28,148760,404990
20131202,9,20135370,이스케이프 플랜,2013-12-05,132956,133194
20131202,10,20134268,버틀러: 대통령의 집사,2013-11-28,54503,108222
20131209,1,20134267,호빗: 스마우그의 폐허,2013-12-12,970853,970853
20131209,2,20134123,집으로 가는 길,2013-12-11,813928,821365
20131209,3,20135428,어바웃 타임,2013-12-05,812711,1382583
20131209,4,20135657,인시디어스: 두번째 집,2013-12-05,235513,508686
20131209,5,20135370,이스케이프 플랜,2013-12-05,127853,261047
20131209,6,20133701,하늘에서 음식이 내린다면 2,2013-11-21,119881,785208
20131209,7,20136061,결혼전야,2013-11-21,93632,1191464
20131209,8,20124402,열한시,2013-11-28,77673,862086
20131209,9,20138544,헝거게임: 캣칭 파이어,2013-11-21,64077,1114894
20131209,10,20137044,친구 2,2013-11-14,44534,2964798
20131216,1,20134803,변호인,2013-12-18,1733598,1751796
20131216,2,20134267,호빗: 스마우그의 폐허,2013-12-12,676753,1647606
20131216,3,20135428,어바웃 타임,2013-12-05,656690,2039273
20131216,4,20134123,집으로 가는 길,2013-12-11,609095,1430460
20131216,5,20139981,캐치미,2013-12-18,290486,300906
20131216,6,20134984,다이노소어 어드벤처 3D,2013-12-19,199719,200320
20131216,7,20136308,비행기,2013-12-19,103123,103386
20131216,8,20135427,세이빙 산타,2013-12-19,91998,95023
20131216,9,20135657,인시디어스: 두번째 집,2013-12-05,65058,573744
20131216,10,20135370,이스케이프 플랜,2013-12-05,31285,292332
20131223,1,20134803,변호인,2013-12-18,3145173,4896969
20131223,2,20124938,용의자,2013-12-24,1808646,1827610
20131223,3,20135428,어바웃 타임,2013-12-05,692007,2731280
20131223,4,20134267,호빗: 스마우그의 폐허,2013-12-12,406963,2054569
20131223,5,20134206,썬더와 마법저택,2013-12-24,343060,345758
20131223,6,20134123,집으로 가는 길,2013-12-11,288188,1718648
20131223,7,20134984,다이노소어 어드벤처 3D,2013-12-19,264569,464889
20131223,8,20139981,캐치미,2013-12-18,167100,468006
20131223,9,20135427,세이빙 산타,2013-12-19,114647,209670
20131223,10,20136308,비행기,2013-12-19,89737,193123
20131230,1,20134803,변호인,2013-12-18,2962186,7859155
20131230,2,20124938,용의자,2013-12-24,1273443,3101053
20131230,3,20131246,엔더스 게임,2013-12-31,516994,555340
20131230,4,20134046,월터의 상상은 현실이 된다,2013-12-31,494339,507687
20131230,5,20134206,썬더와 마법저택,2013-12-24,408446,754204
20131230,6,20135428,어바웃 타임,2013-12-05,363066,3094346
20131230,7,20135369,저스틴,2013-12-31,202781,204779
20131230,8,20134267,호빗: 스마우그의 폐허,2013-12-12,167447,2222016
20131230,9,20134984,다이노소어 어드벤처 3D,2013-12-19,118994,583883
20131230,10,20134123,집으로 가는 길,2013-12-11,109338,1827986
20140106,1,20134803,변호인,2013-12-18,1403945,9263100
20140106,2,20124938,용의자,2013-12-24,620128,3721181
20140106,3,20134533,타잔 3D,2014-01-09,343669,344884
20140106,4,20138224,플랜맨,2014-01-09,331728,345027
20140106,5,20134046,월터의 상상은 현실이 된다,2013-12-31,264998,772685
20140106,6,20136812,더 울프 오브 월스트리트,2014-01-09,232703,233029
20140106,7,20134592,"극장판 포켓몬스터 베스트위시: 신의 속도 게노세크트, 뮤츠의 각성",2014-01-09,224407,225600
20140106,8,20135428,어바웃 타임,2013-12-05,173960,3268306
20140106,9,20134206,썬더와 마법저택,2013-12-24,125933,880137
20140106,10,20131246,엔더스 게임,2013-12-31,87277,642617
20140113,1,20136803,겨울왕국,2014-01-16,1198918,1202329
20140113,2,20134803,변호인,2013-12-18,898587,10161687
20140113,3,20124938,용의자,2013-12-24,342192,4063373
20140113,4,20138224,플랜맨,2014-01-09,257283,602310
20140113,5,20136337,잭 라이언 : 코드네임 쉐도우,2014-01-16,253308,254207
20140113,6,20136812,더 울프 오브 월스트리트,2014-01-09,247533,480562
20140113,7,20134533,타잔 3D,2014-01-09,206318,551202
20140113,8,20134046,월터의 상상은 현실이 된다,2013-12-31,128648,901333
20140113,9,20135428,어바웃 타임,2013-12-05,93101,3361407
20140113,10,20134592,"극장판 포켓몬스터 베스트위시: 신의 속도 게노세크트, 뮤츠의 각성",2014-01-09,85836,311436
20140120,1,20136803,겨울왕국,2014-01-16,1927076,3129405
20140120,2,20131102,수상한 그녀,2014-01-22,1134897,1165760
20140120,3,20139881,피끓는 청춘,2014-01-22,919761,921882
20140120,4,20137043,남자가 사랑할 때,2014-01-22,633540,638072
20140120,5,20134803,변호인,2013-12-18,507428,10669115
20140120,6,20136812,더 울프 오브 월스트리트,2014-01-09,72519,553081
20140120,7,20136337,잭 라이언 : 코드네임 쉐도우,2014-01-16,65092,319299
20140120,8,20124938,용의자,2013-12-24,64372,4127745
20140120,9,20136860,극장판 가면라이더 VS 파워레인저 슈퍼히어로 대전,2014-01-23,41056,41056
20140120,10,20134533,타잔 3D,2014-01-09,39659,590861
20140127,1,20136803,겨울왕국,2014-01-16,2888672,6018077
20140127,2,20131102,수상한 그녀,2014-01-22,2774433,3940193
20140127,3,20137043,남자가 사랑할 때,2014-01-22,694222,1332294
20140127,4,20139881,피끓는 청춘,2014-01-22,583831,1505713
20140127,5,20134803,변호인,2013-12-18,479150,11148265
20140127,6,20126090,조선미녀삼총사,2014-01-29,399539,404808
20140127,7,20136800,넛잡: 땅콩 도둑들,2014-01-29,301932,306217
20140127,8,20147250,폴리스 스토리 2014,2014-01-29,121594,122645
20140127,9,20133585,인사이드 르윈 ,2014-01-29,35157,38262
20140127,10,20147161,디노타샤: 공룡대탐험,2014-01-29,20729,20729
20140203,1,20131102,수상한 그녀,2014-01-22,1822664,5762857
20140203,2,20136803,겨울왕국,2014-01-16,1782935,7801012
20140203,3,20137043,남자가 사랑할 때,2014-01-22,427986,1760280
20140203,4,20147096,프랑켄슈타인: 불멸의 영웅,2014-02-06,230766,230988
20140203,5,20122787,또 하나의 약속,2014-02-06,167092,175817
20140203,6,20134803,변호인,2013-12-18,163184,11311449
20140203,7,20139881,피끓는 청춘,2014-01-22,142818,1648531
20140203,8,20136800,넛잡: 땅콩 도둑들,2014-01-29,127128,433345
20140203,9,20136445,레고 무비,2014-02-06,113342,113342
20140203,10,20126090,조선미녀삼총사,2014-01-29,68947,473755
20140210,1,20131102,수상한 그녀,2014-01-22,1211407,6974264
20140210,2,20136803,겨울왕국,2014-01-16,1158082,8959094
20140210,3,20134587,로보캅,2014-02-13,602342,603244
20140210,4,20130561,관능의 법칙,2014-02-13,334411,351692
20140210,5,20122787,또 하나의 약속,2014-02-06,183124,358941
20140210,6,20137043,남자가 사랑할 때,2014-01-22,172822,1933102
20140210,7,20136043,신이 보낸 사람,2014-02-13,119955,124999
20140210,8,20068659,명탐정 코난 : 탐정들의 진혼가 ,2014-02-13,93717,94260
20140210,9,20147096,프랑켄슈타인: 불멸의 영웅,2014-02-06,64155,295143
20140210,10,20136445,레고 무비,2014-02-06,51103,164445
20140217,1,20131102,수상한 그녀,2014-01-22,732570,7706834
20140217,2,20136803,겨울왕국,2014-01-16,666097,9625191
20140217,3,20134028,폼페이: 최후의 날,2014-02-20,542610,542999
20140217,4,20139401,찌라시: 위험한 소문,2014-02-20,535882,538439
20140217,5,20134587,로보캅,2014-02-13,294343,897587
20140217,6,20130561,관능의 법칙,2014-02-13,258249,609941
20140217,7,20136043,신이 보낸 사람,2014-02-13,149211,274210
20140217,8,20122787,또 하나의 약속,2014-02-06,84884,443825
20140217,9,20136887,아메리칸 허슬,2014-02-20,82619,85322
20140217,10,20068659,명탐정 코난 : 탐정들의 진혼가 ,2014-02-13,60871,155131
20140224,1,20147299,논스톱,2014-02-27,823737,824063
20140224,2,20134028,폼페이: 최후의 날,2014-02-20,585393,1128392
20140224,3,20131102,수상한 그녀,2014-01-22,501835,8208669
20140224,4,20139401,찌라시: 위험한 소문,2014-02-20,491256,1029695
20140224,5,20136803,겨울왕국,2014-01-16,426763,10051954
20140224,6,20136866,노예 12년,2014-02-27,117957,122009
20140224,7,20130561,관능의 법칙,2014-02-13,112237,722178
20140224,8,20136043,신이 보낸 사람,2014-02-13,82683,356893
20140224,9,20134587,로보캅,2014-02-13,76833,974420
20140224,10,20147430,모뉴먼츠 맨: 세기의 작전,2014-02-27,54789,55115
20140303,1,20147247,300: 제국의 부활,2014-03-06,782873,782873
20140303,2,20147299,논스톱,2014-02-27,640363,1464426
20140303,3,20131102,수상한 그녀,2014-01-22,232135,8440804
20140303,4,20134028,폼페이: 최후의 날,2014-02-20,181996,1310388
20140303,5,20136866,노예 12년,2014-02-27,177529,299538
20140303,6,20139401,찌라시: 위험한 소문,2014-02-20,151645,1181340
20140303,7,20136803,겨울왕국,2014-01-16,150988,10202942
20140303,8,20130561,관능의 법칙,2014-02-13,41680,763858
20140303,9,20136043,신이 보낸 사람,2014-02-13,37579,394472
20140303,10,20133603,다이애나,2014-03-06,37532,39326
20140310,1,20147247,300: 제국의 부활,2014-03-06,546025,1328898
20140310,2,20138226,우아한 거짓말,2014-03-13,504588,517558
20140310,3,20147299,논스톱,2014-02-27,360555,1824981
20140310,4,20136060,몬스터,2014-03-13,355124,357490
20140310,5,20131102,수상한 그녀,2014-01-22,127291,8568095
20140310,6,20136866,노예 12년,2014-02-27,120585,420123
20140310,7,20136803,겨울왕국,2014-01-16,60681,10263623
20140310,8,20147693,원 챈스,2014-03-13,56909,58634
20140310,9,20134028,폼페이: 최후의 날,2014-02-20,53770,1364158
20140310,10,20139401,찌라시: 위험한 소문,2014-02-20,36030,1217370
20140317,1,20133602,노아,2014-03-20,1131606,1133153
20140317,2,20138226,우아한 거짓말,2014-03-13,541074,1058632
20140317,3,20147247,300: 제국의 부활,2014-03-06,209429,1538327
20140317,4,20147299,논스톱,2014-02-27,188892,2013873
20140317,5,20136060,몬스터,2014-03-13,139713,497203
20140317,6,20147727,그랜드 부다페스트 호텔,2014-03-20,82130,83171
20140317,7,20136866,노예 12년,2014-02-27,58968,479091
20140317,8,20131102,수상한 그녀,2014-01-22,54536,8622631
20140317,9,20136803,겨울왕국,2014-01-16,20202,10283825
20140317,10,20147649,벨과 세바스찬,2014-03-20,19892,21875
20140324,1,20147790,캡틴 아메리카: 윈터 솔져,2014-03-26,1473941,1473941
20140324,2,20133602,노아,2014-03-20,607592,1740745
20140324,3,20138226,우아한 거짓말,2014-03-13,326268,1384900
20140324,4,20147727,그랜드 부다페스트 호텔,2014-03-20,185326,268497
20140324,5,20147299,논스톱,2014-02-27,59001,2072874
20140324,6,20147247,300: 제국의 부활,2014-03-06,47871,1586198
20140324,7,20136060,몬스터,2014-03-13,24996,522199
20140324,8,20131102,수상한 그녀,2014-01-22,19703,8642334
20140324,9,20136736,초원의 왕 도제,2014-03-27,16650,17494
20140324,10,20136866,노예 12년,2014-02-27,15168,494259
20140331,1,20147790,캡틴 아메리카: 윈터 솔져,2014-03-26,1137964,2611905
20140331,2,20133602,노아,2014-03-20,217105,1957850
20140331,3,20138226,우아한 거짓말,2014-03-13,166055,1550955
20140331,4,20147727,그랜드 부다페스트 호텔,2014-03-20,156021,424518
20140331,5,20147612,쓰리데이즈 투 킬,2014-04-03,144230,144619
20140331,6,20147953,론 서바이버 ,2014-04-02,101352,118285
20140331,7,20147971,짱구는 못말려 극장판：엄청 맛있어! B급 음식 서바이벌!,2014-04-03,46459,47476
20140331,8,20147678,어거스트: 가족의 초상,2014-04-03,37866,40518
20140331,9,20124047,백프로,2014-04-03,28019,29136
20140331,10,20147299,논스톱,2014-02-27,10770,2083644
20140407,1,20147790,캡틴 아메리카: 윈터 솔져,2014-03-26,712862,3324767
20140407,2,20129787,방황하는 칼날,2014-04-10,452509,458016
20140407,3,20147609,헤라클레스 : 레전드 비긴즈,2014-04-10,158448,158686
20140407,4,20147968,선 오브 갓,2014-04-10,124627,132717
20140407,5,20147727,그랜드 부다페스트 호텔,2014-03-20,114654,539172
20140407,6,20134585,가시,2014-04-10,92209,95270
20140407,7,20147612,쓰리데이즈 투 킬,2014-04-03,75204,219823
20140407,8,20133602,노아,2014-03-20,62197,2020047
20140407,9,20147953,론 서바이버 ,2014-04-02,61683,179968
20140407,10,20138226,우아한 거짓말,2014-03-13,53943,1604898
20140414,1,20147790,캡틴 아메리카: 윈터 솔져,2014-03-26,381252,3706019
20140414,2,20129787,방황하는 칼날,2014-04-10,344178,802194
20140414,3,20147283,다이버전트,2014-04-16,275576,278421
20140414,4,20147968,선 오브 갓,2014-04-10,125814,258531
20140414,5,20148232,니드 포 스피드,2014-04-16,81623,81887
20140414,6,20147727,그랜드 부다페스트 호텔,2014-03-20,74831,614003
20140414,7,20134122,한공주,2014-04-17,58788,60934
20140414,8,20147609,헤라클레스 : 레전드 비긴즈,2014-04-10,54275,212961
20140414,9,20147948,페이스 오브 러브,2014-04-16,40811,46097
20140414,10,20134585,가시,2014-04-10,38470,133740
20140421,1,20135661,어메이징 스파이더맨 2,2014-04-23,1668149,1668770
20140421,2,20147790,캡틴 아메리카: 윈터 솔져,2014-03-26,176230,3882249
20140421,3,20129787,방황하는 칼날,2014-04-10,157111,959305
20140421,4,20133601,천재 강아지 미스터 피바디,2014-04-24,132766,136048
20140421,5,20147283,다이버전트,2014-04-16,121054,399475
20140421,6,20134122,한공주,2014-04-17,81070,142004
20140421,7,20147727,그랜드 부다페스트 호텔,2014-03-20,62320,676323
20140421,8,20147968,선 오브 갓,2014-04-10,50589,309120
20140421,9,20147948,페이스 오브 러브,2014-04-16,24994,71091
20140421,10,20148232,니드 포 스피드,2014-04-16,20905,102792
20140428,1,20139183,역린,2014-04-30,1691469,1697086
20140428,2,20135661,어메이징 스파이더맨 2,2014-04-23,1240277,2909047
20140428,3,20139164,표적,2014-04-30,850415,853013
20140428,4,20138962,리오 2,2014-05-01,248197,251095
20140428,5,20133601,천재 강아지 미스터 피바디,2014-04-24,79434,215482
20140428,6,20147790,캡틴 아메리카: 윈터 솔져,2014-03-26,52441,3934690
20140428,7,20134122,한공주,2014-04-17,43744,185748
20140428,8,20147727,그랜드 부다페스트 호텔,2014-03-20,39150,715473
20140428,9,20129787,방황하는 칼날,2014-04-10,30084,989389
20140428,10,20147283,다이버전트,2014-04-16,21984,421459
20140505,1,20139183,역린,2014-04-30,1517429,3214515
20140505,2,20139164,표적,2014-04-30,1188957,2041970
20140505,3,20135661,어메이징 스파이더맨 2,2014-04-23,1040423,3949470
20140505,4,20138962,리오 2,2014-05-01,403078,654173
20140505,5,20133601,천재 강아지 미스터 피바디,2014-04-24,140306,355788
20140505,6,20147683,라스트베가스,2014-05-08,105603,114403
20140505,7,20147727,그랜드 부다페스트 호텔,2014-03-20,30443,745916
20140505,8,20134122,한공주,2014-04-17,25346,211094
20140505,9,20147790,캡틴 아메리카: 윈터 솔져,2014-03-26,24508,3959198
20140505,10,20148277,몬스터 왕국,2014-05-01,20544,35549
20140512,1,20133322,인간중독,2014-05-14,645475,647066
20140512,2,20147874,고질라,2014-05-15,527883,527883
20140512,3,20139164,표적,2014-04-30,513420,2555390
20140512,4,20139183,역린,2014-04-30,433934,3648449
20140512,5,20130522,트랜센던스,2014-05-14,419932,420321
20140512,6,20135661,어메이징 스파이더맨 2,2014-04-23,187049,4136519
20140512,7,20138962,리오 2,2014-05-01,60256,714429
20140512,8,20147683,라스트베가스,2014-05-08,49910,164313
20140512,9,20133601,천재 강아지 미스터 피바디,2014-04-24,17059,372847
20140512,10,20147727,그랜드 부다페스트 호텔,2014-03-20,12093,758009
20140519,1,20147669,엑스맨: 데이즈 오브 퓨처 패스트,2014-05-22,1755285,1755849
20140519,2,20133322,인간중독,2014-05-14,488459,1135525
20140519,3,20139164,표적,2014-04-30,224536,2779926
20140519,4,20130522,트랜센던스,2014-05-14,224024,644345
20140519,5,20147874,고질라,2014-05-15,164136,692019
20140519,6,20139183,역린,2014-04-30,151836,3800285
20140519,7,20134586,도희야,2014-05-22,69423,72393
20140519,8,20148748,그녀,2014-05-22,57087,57357
20140519,9,20148129,더 바디,2014-05-22,42757,46128
20140519,10,20138962,리오 2,2014-05-01,35325,749754
20140526,1,20147669,엑스맨: 데이즈 오브 퓨처 패스트,2014-05-22,1349315,3105164
20140526,2,20130442,끝까지 간다,2014-05-29,622081,644556
20140526,3,20148383,말레피센트,2014-05-29,488845,488845
20140526,4,20133322,인간중독,2014-05-14,240278,1375803
20140526,5,20148686,오큘러스,2014-05-29,163552,163766
20140526,6,20148648,극장판 루팡 3세 VS 명탐정 코난,2014-05-29,93299,94586
20140526,7,20148748,그녀,2014-05-22,90455,147812
20140526,8,20139164,표적,2014-04-30,56992,2836918
20140526,9,20130522,트랜센던스,2014-05-14,45604,689949
20140526,10,20139183,역린,2014-04-30,39126,3839411
20140602,1,20148807,엣지 오브 투모로우,2014-06-04,1969667,1971733
20140602,2,20130442,끝까지 간다,2014-05-29,896036,1540592
20140602,3,20147669,엑스맨: 데이즈 오브 퓨처 패스트,2014-05-22,851771,3956935
20140602,4,20148383,말레피센트,2014-05-29,604825,1093670
20140602,5,20132482,우는 남자,2014-06-04,467107,472340
20140602,6,20136062,하이힐,2014-06-03,225784,227546
20140602,7,20148648,극장판 루팡 3세 VS 명탐정 코난,2014-05-29,113272,207858
20140602,8,20148686,오큘러스,2014-05-29,93264,257030
20140602,9,20148748,그녀,2014-05-22,68386,216198
20140602,10,20133322,인간중독,2014-05-14,50280,1426083
20140609,1,20148807,엣지 오브 투모로우,2014-06-04,1074252,3045985
20140609,2,20130442,끝까지 간다,2014-05-29,582069,2122661
20140609,3,20134591,황제를 위하여,2014-06-11,315923,317363
20140609,4,20147669,엑스맨: 데이즈 오브 퓨처 패스트,2014-05-22,219040,4175975
20140609,5,20148383,말레피센트,2014-05-29,192391,1286061
20140609,6,20132482,우는 남자,2014-06-04,106902,579242
20140609,7,20136062,하이힐,2014-06-03,84853,312399
20140609,8,20133641,경주,2014-06-12,36537,38319
20140609,9,20148748,그녀,2014-05-22,32796,248994
20140609,10,20148834,베스트 오퍼,2014-06-12,20863,23169
20140616,1,20148807,엣지 오브 투모로우,2014-06-04,877144,3923129
20140616,2,20130442,끝까지 간다,2014-05-29,576225,2698886
20140616,3,20148795,미녀와 야수,2014-06-18,208729,208943
20140616,4,20134591,황제를 위하여,2014-06-11,206863,524226
20140616,5,20147669,엑스맨: 데이즈 오브 퓨처 패스트,2014-05-22,112991,4288966
20140616,6,20148877,그레이스 오브 모나코,2014-06-18,110074,111857
20140616,7,20148728,창문 넘어 도망친 100세 노인,2014-06-18,110073,111958
20140616,8,20148383,말레피센트,2014-05-29,92897,1378958
20140616,9,20148994,님포매니악 볼륨1,2014-06-18,26547,27505
20140616,10,20148748,그녀,2014-05-22,25186,274180
20140623,1,20122021,트랜스포머: 사라진 시대,2014-06-25,2639754,2639754
20140623,2,20148807,엣지 오브 투모로우,2014-06-04,426152,4349281
20140623,3,20130442,끝까지 간다,2014-05-29,386407,3085293
20140623,4,20148795,미녀와 야수,2014-06-18,76668,285611
20140623,5,20148728,창문 넘어 도망친 100세 노인,2014-06-18,70264,182222
20140623,6,20148877,그레이스 오브 모나코,2014-06-18,67352,179209
20140623,7,20134591,황제를 위하여,2014-06-11,57239,581465
20140623,8,20147669,엑스맨: 데이즈 오브 퓨처 패스트,2014-05-22,21047,4310013
20140623,9,20148748,그녀,2014-05-22,19861,294041
20140623,10,20148383,말레피센트,2014-05-29,16186,1395144
20140630,1,20122021,트랜스포머: 사라진 시대,2014-06-25,1517485,4157239
20140630,2,20139201,신의 한 수,2014-07-03,1179035,1183248
20140630,3,20147931,소녀괴담,2014-07-02,293253,293679
20140630,4,20148807,엣지 오브 투모로우,2014-06-04,253123,4602404
20140630,5,20130442,끝까지 간다,2014-05-29,248310,3333603
20140630,6,20148728,창문 넘어 도망친 100세 노인,2014-06-18,41076,223298
20140630,7,20148877,그레이스 오브 모나코,2014-06-18,37552,216761
20140630,8,20149271,나쁜 이웃들 ,2014-07-03,25907,26793
20140630,9,20148795,미녀와 야수,2014-06-18,25350,310961
20140630,10,20148748,그녀,2014-05-22,15303,309344
20140707,1,20148973,혹성탈출: 반격의 서막,2014-07-10,1524107,1524533
20140707,2,20139201,신의 한 수,2014-07-03,1180366,2363614
20140707,3,20122021,트랜스포머: 사라진 시대,2014-06-25,752660,4909899
20140707,4,20148745,좋은 친구들,2014-07-10,223502,227657
20140707,5,20147931,소녀괴담,2014-07-02,164570,458249
20140707,6,20130442,끝까지 간다,2014-05-29,80871,3414474
20140707,7,20148807,엣지 오브 투모로우,2014-06-04,75832,4678236
20140707,8,20149288,더 시그널,2014-07-09,73431,74748
20140707,9,20149271,나쁜 이웃들 ,2014-07-03,13881,40674
20140707,10,20148728,창문 넘어 도망친 100세 노인,2014-06-18,12383,235681
20140714,1,20148973,혹성탈출: 반격의 서막,2014-07-10,1620601,3145134
20140714,2,20139201,신의 한 수,2014-07-03,832645,3196259
20140714,3,20122021,트랜스포머: 사라진 시대,2014-06-25,309403,5219302
20140714,4,20149394,주온 : 끝의 시작,2014-07-16,291439,291655
20140714,5,20148745,좋은 친구들,2014-07-10,150725,378382
20140714,6,20149511,분신사바 2,2014-07-16,62680,62894
20140714,7,20130442,끝까지 간다,2014-05-29,28156,3442630
20140714,8,20149288,더 시그널,2014-07-09,27171,101919
20140714,9,20147931,소녀괴담,2014-07-02,21026,479275
20140714,10,20149462,천하무적 키코리키,2014-07-17,18987,19122
20140721,1,20123501,군도: 민란의 시대,2014-07-23,3089736,3103069
20140721,2,20131248,드래곤 길들이기 2,2014-07-23,901525,903070
20140721,3,20148973,혹성탈출: 반격의 서막,2014-07-10,637723,3782857
20140721,4,20139201,신의 한 수,2014-07-03,304370,3500629
20140721,5,20149394,주온 : 끝의 시작,2014-07-16,103801,395456
20140721,6,20122021,트랜스포머: 사라진 시대,2014-06-25,66722,5286024
20140721,7,20148745,좋은 친구들,2014-07-10,27652,406034
20140721,8,20136926,프란시스 하,2014-07-17,22682,41595
20140721,9,20149511,분신사바 2,2014-07-16,15777,78671
20140721,10,20148830,마담 프루스트의 비밀정원,2014-07-24,13203,13923
20140728,1,20129370,명량,2014-07-30,4755139,4767617
20140728,2,20123501,군도: 민란의 시대,2014-07-23,1370515,4473584
20140728,3,20131248,드래곤 길들이기 2,2014-07-23,1211929,2114999
20140728,4,20149317,가디언즈 오브 갤럭시,2014-07-31,583074,583682
20140728,5,20148973,혹성탈출: 반격의 서막,2014-07-10,199360,3982217
20140728,6,20139201,신의 한 수,2014-07-03,63341,3563970
20140728,7,20149758,터키,2014-07-31,60629,62245
20140728,8,20148830,마담 프루스트의 비밀정원,2014-07-24,32860,46783
20140728,9,20136064,해적: 바다로 간 산적,2014-08-06,27327,32839
20140728,10,20136926,프란시스 하,2014-07-17,14929,56524
20140804,1,20129370,명량,2014-07-30,6038438,10806055
20140804,2,20136064,해적: 바다로 간 산적,2014-08-06,1779536,1812375
20140804,3,20131248,드래곤 길들이기 2,2014-07-23,575531,2690530
20140804,4,20149317,가디언즈 오브 갤럭시,2014-07-31,452112,1035794
20140804,5,20123501,군도: 민란의 시대,2014-07-23,267697,4741281
20140804,6,20149567,명탐정 코난 : 이차원의 저격수,2014-08-06,208425,209650
20140804,7,20149568,허큘리스,2014-08-06,69252,69252
20140804,8,20149758,터키,2014-07-31,41614,103859
20140804,9,20148830,마담 프루스트의 비밀정원,2014-07-24,33191,79974
20140804,10,20148973,혹성탈출: 반격의 서막,2014-07-10,19270,4001487
20140811,1,20129370,명량,2014-07-30,3831181,14637236
20140811,2,20136064,해적: 바다로 간 산적,2014-08-06,2482806,4295181
20140811,3,20134082,해무(海霧),2014-08-13,922714,933265
20140811,4,20149846,"안녕, 헤이즐",2014-08-13,225026,229903
20140811,5,20131248,드래곤 길들이기 2,2014-07-23,221325,2911855
20140811,6,20149978,비행기 2: 소방구조대,2014-08-13,194444,196547
20140811,7,20149317,가디언즈 오브 갤럭시,2014-07-31,178095,1213889
20140811,8,20149567,명탐정 코난 : 이차원의 저격수,2014-08-06,140336,349986
20140811,9,20149629,비긴 어게인,2014-08-13,94610,102576
20140811,10,20041524,극장판 포켓몬스터 AG - 아름다운 소원의 별 지라치,2014-08-13,54914,55671
20140818,1,20129370,명량,2014-07-30,1638606,16275842
20140818,2,20136064,해적: 바다로 간 산적,2014-08-06,1637135,5932316
20140818,3,20134082,해무(海霧),2014-08-13,413585,1346850
20140818,4,20149846,"안녕, 헤이즐",2014-08-13,313513,543416
20140818,5,20149629,비긴 어게인,2014-08-13,233431,336007
20140818,6,20149818,익스펜더블 3,2014-08-20,115665,116960
20140818,7,20149978,비행기 2: 소방구조대,2014-08-13,85320,281867
20140818,8,20149099,더 기버: 기억전달자,2014-08-20,78814,79925
20140818,9,20131248,드래곤 길들이기 2,2014-07-23,69947,2981802
20140818,10,20149317,가디언즈 오브 갤럭시,2014-07-31,68021,1281910
20140825,1,20136064,해적: 바다로 간 산적,2014-08-06,1109714,7042030
20140825,2,20149811,인투 더 스톰,2014-08-28,711927,713799
20140825,3,20129370,명량,2014-07-30,673918,16949760
20140825,4,20149629,비긴 어게인,2014-08-13,477737,813744
20140825,5,20148132,닌자터틀,2014-08-28,309977,313781
20140825,6,20149846,"안녕, 헤이즐",2014-08-13,178259,721675
20140825,7,20134082,해무(海霧),2014-08-13,114724,1461574
20140825,8,20149140,브릭 맨션: 통제불능 범죄구역,2014-08-27,65124,66054
20140825,9,20149831,더 퍼지 : 거리의 반란,2014-08-27,43687,50280
20140825,10,20149818,익스펜더블 3,2014-08-20,32376,149336
20140901,1,20134804,타짜-신의 손,2014-09-03,1180268,1193816
20140901,2,20135656,루시,2014-09-03,892958,896014
20140901,3,20134594,두근두근 내 인생,2014-09-03,607858,620940
20140901,4,20149811,인투 더 스톰,2014-08-28,457440,1171239
20140901,5,20136064,해적: 바다로 간 산적,2014-08-06,453498,7495528
20140901,6,20149629,비긴 어게인,2014-08-13,357248,1170992
20140901,7,20129370,명량,2014-07-30,214236,17163996
20140901,8,20149930,스텝 업: 올 인,2014-09-03,206011,209980
20140901,9,20148132,닌자터틀,2014-08-28,60085,373866
20140901,10,20149970,마야,2014-09-04,51172,54271
20140908,1,20134804,타짜-신의 손,2014-09-03,1913735,3107551
20140908,2,20135656,루시,2014-09-03,899668,1795682
20140908,3,20136064,해적: 바다로 간 산적,2014-08-06,867144,8362672
20140908,4,20134594,두근두근 내 인생,2014-09-03,853975,1474915
20140908,5,20149811,인투 더 스톰,2014-08-28,716292,1887531
20140908,6,20149629,비긴 어게인,2014-08-13,691697,1862689
20140908,7,20129370,명량,2014-07-30,355411,17519407
20140908,8,20149930,스텝 업: 올 인,2014-09-03,281514,491494
20140908,9,20149970,마야,2014-09-04,158038,212309
20140908,10,20140181,극장판 도라에몽: 진구의 아프리카 모험 ~베코와 5인의 탐험대~,2014-09-04,109758,154764
20140915,1,20140431,메이즈 러너,2014-09-18,717373,720357
20140915,2,20149629,비긴 어게인,2014-08-13,575024,2437713
20140915,3,20134804,타짜-신의 손,2014-09-03,469924,3577475
20140915,4,20136064,해적: 바다로 간 산적,2014-08-06,139185,8501857
20140915,5,20135656,루시,2014-09-03,132295,1927977
20140915,6,20149811,인투 더 스톰,2014-08-28,128936,2016467
20140915,7,20140524,툼스톤,2014-09-18,126281,126670
20140915,8,20134594,두근두근 내 인생,2014-09-03,104904,1579819
20140915,9,20129370,명량,2014-07-30,54014,17573421
20140915,10,20149930,스텝 업: 올 인,2014-09-03,53115,544609
20140922,1,20140431,메이즈 러너,2014-09-18,892810,1613167
20140922,2,20149629,비긴 어게인,2014-08-13,470809,2908522
20140922,3,20134804,타짜-신의 손,2014-09-03,261712,3839187
20140922,4,20140524,툼스톤,2014-09-18,94409,221079
20140922,5,20136064,해적: 바다로 간 산적,2014-08-06,90604,8592461
20140922,6,20140247,베리 굿 걸,2014-09-25,75223,75381
20140922,7,20149811,인투 더 스톰,2014-08-28,50706,2067173
20140922,8,20135656,루시,2014-09-03,38769,1966746
20140922,9,20134594,두근두근 내 인생,2014-09-03,36506,1616325
20140922,10,20129370,명량,2014-07-30,24493,17597914
20140929,1,20134589,제보자,2014-10-02,677000,692540
20140929,2,20135386,슬로우 비디오,2014-10-02,648858,657497
20140929,3,20140431,메이즈 러너,2014-09-18,599843,2213010
20140929,4,20141113,애나벨,2014-10-02,413833,413833
20140929,5,20149629,비긴 어게인,2014-08-13,305531,3214053
20140929,6,20136863,마담 뺑덕,2014-10-02,280169,283162
20140929,7,20141281,"극장판 파워레인저 다이노포스VS고버스터즈 공룡 대결전! ~안녕, 영원한 친구여!~",2014-10-02,102071,104749
20140929,8,20134804,타짜-신의 손,2014-09-03,87823,3927010
20140929,9,20141028,정글히어로,2014-10-02,50735,50861
20140929,10,20136064,해적: 바다로 간 산적,2014-08-06,33113,8625574
20141006,1,20147930,나의 사랑 나의 신부,2014-10-08,781457,787492
20141006,2,20134589,제보자,2014-10-02,566295,1258835
20141006,3,20141261,드라큘라: 전설의 시작,2014-10-08,555406,555406
20141006,4,20135386,슬로우 비디오,2014-10-02,366005,1023502
20141006,5,20141113,애나벨,2014-10-02,336486,750319
20141006,6,20140431,메이즈 러너,2014-09-18,317010,2530020
20141006,7,20136863,마담 뺑덕,2014-10-02,142391,425553
20141006,8,20149629,비긴 어게인,2014-08-13,119526,3333579
20141006,9,20148927,맨홀,2014-10-08,103613,107544
20141006,10,20141281,"극장판 파워레인저 다이노포스VS고버스터즈 공룡 대결전! ~안녕, 영원한 친구여!~",2014-10-02,72367,177116
20141013,1,20147930,나의 사랑 나의 신부,2014-10-08,654282,1441774
20141013,2,20141261,드라큘라: 전설의 시작,2014-10-08,424435,979841
20141013,3,20134589,제보자,2014-10-02,296861,1555696
20141013,4,20140431,메이즈 러너,2014-09-18,167641,2697661
20141013,5,20140458,노벰버 맨,2014-10-16,159292,159479
20141013,6,20141113,애나벨,2014-10-02,132183,882502
20141013,7,20135386,슬로우 비디오,2014-10-02,116822,1140324
20141013,8,20149984,컬러풀 웨딩즈,2014-10-16,102358,106046
20141013,9,20149629,비긴 어게인,2014-08-13,55138,3388717
20141013,10,20134804,타짜-신의 손,2014-09-03,41293,4011788
20141020,1,20140425,나를 찾아줘,2014-10-23,493175,496766
20141020,2,20148842,우리는 형제입니다,2014-10-23,407364,411204
20141020,3,20147930,나의 사랑 나의 신부,2014-10-08,397232,1839006
20141020,4,20141261,드라큘라: 전설의 시작,2014-10-08,228537,1208378
20141020,5,20139964,레드카펫,2014-10-23,147920,150961
20141020,6,20134589,제보자,2014-10-02,142800,1698496
20141020,7,20140458,노벰버 맨,2014-10-16,80748,240227
20141020,8,20140431,메이즈 러너,2014-09-18,80042,2777703
20141020,9,20149984,컬러풀 웨딩즈,2014-10-16,65694,171740
20141020,10,20149910,보이후드,2014-10-23,51976,52310
20141027,1,20140425,나를 찾아줘,2014-10-23,729653,1226419
20141027,2,20148842,우리는 형제입니다,2014-10-23,396462,807666
20141027,3,20148626,나의 독재자,2014-10-30,264048,273945
20141027,4,20147930,나의 사랑 나의 신부,2014-10-08,222031,2061037
20141027,5,20139964,레드카펫,2014-10-23,123833,274794
20141027,6,20141261,드라큘라: 전설의 시작,2014-10-08,95400,1303778
20141027,7,20149910,보이후드,2014-10-23,74150,126460
20141027,8,20134589,제보자,2014-10-02,47098,1745594
20141027,9,20141961,내가 잠들기 전에,2014-10-30,32887,35433
20141027,10,20140431,메이즈 러너,2014-09-18,29955,2807658
20141103,1,20149120,인터스텔라,2014-11-06,1903213,1905207
20141103,2,20147129,패션왕,2014-11-06,332661,336530
20141103,3,20140425,나를 찾아줘,2014-10-23,326071,1552490
20141103,4,20148842,우리는 형제입니다,2014-10-23,127742,935408
20141103,5,20148626,나의 독재자,2014-10-30,91756,365701
20141103,6,20147930,나의 사랑 나의 신부,2014-10-08,64548,2125585
20141103,7,20142301,박스트롤,2014-11-06,49501,50518
20141103,8,20139964,레드카펫,2014-10-23,36121,310915
20141103,9,20149910,보이후드,2014-10-23,30477,156937
20141103,10,20141261,드라큘라: 전설의 시작,2014-10-08,16787,1320565
20141110,1,20149120,인터스텔라,2014-11-06,2938598,4843805
20141110,2,20136802,카트,2014-11-13,394687,423543
20141110,3,20147129,패션왕,2014-11-06,203805,540335
20141110,4,20140425,나를 찾아줘,2014-10-23,123319,1675809
20141110,5,20142023,아더 우먼,2014-11-13,49268,51983
20141110,6,20142301,박스트롤,2014-11-06,34632,85150
20141110,7,20148842,우리는 형제입니다,2014-10-23,29141,964549
20141110,8,20142321,울브스,2014-11-13,28731,28904
20141110,9,20148626,나의 독재자,2014-10-30,16799,382500
20141110,10,20142481,왓 이프,2014-11-13,15623,20183
20141117,1,20149120,인터스텔라,2014-11-06,2021877,6865682
20141117,2,20140402,헝거게임: 모킹제이,2014-11-20,479948,480551
20141117,3,20140694,퓨리,2014-11-20,464039,468756
20141117,4,20136802,카트,2014-11-13,245187,668730
20141117,5,20136312,아빠를 빌려드립니다,2014-11-20,100669,104601
20141117,6,20140425,나를 찾아줘,2014-10-23,45639,1721448
20141117,7,20147129,패션왕,2014-11-06,43101,583436
20141117,8,20142023,아더 우먼,2014-11-13,23357,75340
20141117,9,20143565,부니 베어: 롤라 구출 대모험,2014-11-20,23189,23627
20141117,10,20142321,울브스,2014-11-13,13071,41975
20141124,1,20149120,인터스텔라,2014-11-06,1452773,8318455
20141124,2,20134590,빅매치,2014-11-27,552297,563799
20141124,3,20140694,퓨리,2014-11-20,549380,1018136
20141124,4,20140402,헝거게임: 모킹제이,2014-11-20,291665,772216
20141124,5,20149287,덤 앤 더머 투,2014-11-27,126736,130008
20141124,6,20136802,카트,2014-11-13,102232,770962
20141124,7,20141111,"님아, 그 강을 건너지 마오",2014-11-27,63440,68848
20141124,8,20136312,아빠를 빌려드립니다,2014-11-20,48975,153576
20141124,9,20142843,꾸뻬씨의 행복여행,2014-11-27,46479,49618
20141124,10,20140425,나를 찾아줘,2014-10-23,24524,1745972
20141201,1,20149120,인터스텔라,2014-11-06,783049,9101504
20141201,2,20140842,엑소더스: 신들과 왕들,2014-12-03,772852,773552
20141201,3,20134590,빅매치,2014-11-27,382335,946134
20141201,4,20140694,퓨리,2014-11-20,236800,1254936
20141201,5,20141111,"님아, 그 강을 건너지 마오",2014-11-27,172033,240881
20141201,6,20134588,덕수리 5형제,2014-12-04,120904,124728
20141201,7,20040756,하울의 움직이는 성,2004-12-23,72704,2506065
20141201,8,20140402,헝거게임: 모킹제이,2014-11-20,63722,835938
20141201,9,20149287,덤 앤 더머 투,2014-11-27,51124,181132
20141201,10,20142843,꾸뻬씨의 행복여행,2014-11-27,40155,89773
20141208,1,20141111,"님아, 그 강을 건너지 마오",2014-11-27,816526,1057407
20141208,2,20149120,인터스텔라,2014-11-06,598988,9700492
20141208,3,20140842,엑소더스: 신들과 왕들,2014-12-03,597776,1371328
20141208,4,20143543,사랑에 대한 모든 것,2014-12-10,197742,198068
20141208,5,20134590,빅매치,2014-11-27,195042,1141176
20141208,6,20142421,"러브, 로지",2014-12-10,187414,194113
20141208,7,20140694,퓨리,2014-11-20,94012,1348948
20141208,8,20143639,뽀로로 극장판 눈요정 마을 대모험, ,83343,83469
20141208,9,20040756,하울의 움직이는 성,2004-12-23,81955,2588020
20141208,10,20134588,덕수리 5형제,2014-12-04,76575,201303
20141215,1,20137048,국제시장,2014-12-17,1528813,1555055
20141215,2,20141111,"님아, 그 강을 건너지 마오",2014-11-27,1342947,2400354
20141215,3,20140226,호빗: 다섯 군대 전투,2014-12-17,1317889,1320184
20141215,4,20149120,인터스텔라,2014-11-06,237948,9938440
20141215,5,20140842,엑소더스: 신들과 왕들,2014-12-03,125698,1497026
20141215,6,20142421,"러브, 로지",2014-12-10,78437,272550
20141215,7,20143639,뽀로로 극장판 눈요정 마을 대모험, ,65266,148735
20141215,8,20143543,사랑에 대한 모든 것,2014-12-10,60710,258778
20141215,9,20134590,빅매치,2014-11-27,33491,1174667
20141215,10,20040756,하울의 움직이는 성,2004-12-23,21608,2609628
20141222,1,20137048,국제시장,2014-12-17,2726548,4281603
20141222,2,20149265,기술자들,2014-12-24,1414685,1423723
20141222,3,20141111,"님아, 그 강을 건너지 마오",2014-11-27,1150111,3550465
20141222,4,20140226,호빗: 다섯 군대 전투,2014-12-17,1018162,2338346
20141222,5,20147176,상의원,2014-12-24,537780,551803
20141222,6,20143344,눈의 여왕 2: 트롤의 마법거울,2014-12-24,376657,378073
20141222,7,20143422,숲속으로,2014-12-24,267194,267624
20141222,8,20143602,일곱난쟁이,2014-12-24,130226,133411
20141222,9,20149120,인터스텔라,2014-11-06,126439,10064879
20141222,10,20143639,뽀로로 극장판 눈요정 마을 대모험, ,67768,216503
20141229,1,20137048,국제시장,2014-12-17,3471300,7752903
20141229,2,20143642,테이큰 3,2015-01-01,1109140,1109140
20141229,3,20149859,마다가스카의 펭귄,2014-12-31,856527,859778
20141229,4,20149265,기술자들,2014-12-24,825700,2249423
20141229,5,20141111,"님아, 그 강을 건너지 마오",2014-11-27,816584,4367049
20141229,6,20140226,호빗: 다섯 군대 전투,2014-12-17,382472,2720818
20141229,7,20147176,상의원,2014-12-24,210050,761853
20141229,8,20143344,눈의 여왕 2: 트롤의 마법거울,2014-12-24,206209,584282
20141229,9,20130574,개를 훔치는 완벽한 방법,2014-12-31,146247,155810
20141229,10,20149120,인터스텔라,2014-11-06,111043,10175922
20150105,1,20137048,국제시장,2014-12-17,1935900,9688803
20150105,2,20143642,테이큰 3,2015-01-01,660994,1770134
20150105,3,20149859,마다가스카의 펭귄,2014-12-31,511596,1371374
20150105,4,20141111,"님아, 그 강을 건너지 마오",2014-11-27,277139,4644188
20150105,5,20149265,기술자들,2014-12-24,257092,2506515
20150105,6,20149948,언브로큰,2015-01-07,202321,202647
20150105,7,20144523,패딩턴,2015-01-07,185206,194886
20150105,8,20147947,워킹걸,2015-01-07,106080,108449
20150105,9,20140226,호빗: 다섯 군대 전투,2014-12-17,95820,2816638
20150105,10,20144481,타임 패러독스,2015-01-07,59394,64837
20150112,1,20137048,국제시장,2014-12-17,1410889,11099692
20150112,2,20142407,오늘의 연애,2015-01-14,967715,973400
20150112,3,20131262,허삼관,2015-01-14,580858,582932
20150112,4,20143541,박물관이 살아있다 : 비밀의 무덤,2015-01-14,554504,555870
20150112,5,20149859,마다가스카의 펭귄,2014-12-31,219699,1591073
20150112,6,20143642,테이큰 3,2015-01-01,202965,1973099
20150112,7,20142962,극장판 포켓몬스터 XY : 파괴의 포켓몬과 디안시,2015-01-14,177033,178035
20150112,8,20143754,아메리칸 스나이퍼,2015-01-14,155910,158459
20150112,9,20141111,"님아, 그 강을 건너지 마오",2014-11-27,102270,4746458
20150112,10,20144523,패딩턴,2015-01-07,97651,292537
20150119,1,20136888,강남 1970,2015-01-21,995536,1003805
20150119,2,20137048,국제시장,2014-12-17,906781,12006473
20150119,3,20149951,빅 히어로,2015-01-21,835582,840271
20150119,4,20142407,오늘의 연애,2015-01-14,579655,1553055
20150119,5,20143541,박물관이 살아있다 : 비밀의 무덤,2015-01-14,346606,902476
20150119,6,20131262,허삼관,2015-01-14,273362,856294
20150119,7,20143754,아메리칸 스나이퍼,2015-01-14,98644,257103
20150119,8,20143253,존 윅,2015-01-21,90580,92569
20150119,9,20149859,마다가스카의 펭귄,2014-12-31,55709,1646782
20150119,10,20145521,엑스 마키나,2015-01-21,54851,55192
20150126,1,20149951,빅 히어로,2015-01-21,899227,1739498
20150126,2,20136888,강남 1970,2015-01-21,765152,1768957
20150126,3,20137048,국제시장,2014-12-17,712846,12719319
20150126,4,20148553,내 심장을 쏴라,2015-01-28,271523,273599
20150126,5,20142407,오늘의 연애,2015-01-14,248642,1801697
20150126,6,20143541,박물관이 살아있다 : 비밀의 무덤,2015-01-14,153969,1056445
20150126,7,20144102,워터 디바이너,2015-01-28,95527,101128
20150126,8,20131262,허삼관,2015-01-14,83048,939342
20150126,9,20145041,더 이퀄라이저,2015-01-28,55012,62869
20150126,10,20144507,빅 아이즈,2015-01-28,54745,55091
20150202,1,20148188,쎄시봉,2015-02-05,634928,642244
20150202,2,20149951,빅 히어로,2015-01-21,510776,2250274
20150202,3,20137048,국제시장,2014-12-17,402767,13122086
20150202,4,20136888,강남 1970,2015-01-21,312265,2081222
20150202,5,20149037,주피터 어센딩,2015-02-05,253291,253291
20150202,6,20148553,내 심장을 쏴라,2015-01-28,98181,371780
20150202,7,20020168,센과 치히로의 행방불명,2002-06-27,84361,85317
20150202,8,20156441,최강전사 미니특공대 : 새로운 악당의 습격,2015-02-05,82624,83630
20150202,9,20142407,오늘의 연애,2015-01-14,77313,1879010
20150202,10,20143541,박물관이 살아있다 : 비밀의 무덤,2015-01-14,41123,1097568
20150209,1,20149570,조선명탐정 : 사라진 놉의 딸,2015-02-11,953305,961507
20150209,2,20140110,킹스맨 : 시크릿 에이전트,2015-02-11,707111,713529
20150209,3,20148188,쎄시봉,2015-02-05,449501,1091745
20150209,4,20137048,국제시장,2014-12-17,229648,13351734
20150209,5,20149951,빅 히어로,2015-01-21,225146,2475420
20150209,6,20144322,도라에몽 : 스탠 바이 미,2015-02-12,152309,157146
20150209,7,20155881,오즈의 마법사: 돌아온 도로시,2015-02-12,100978,103494
20150209,8,20136888,강남 1970,2015-01-21,85699,2166921
20150209,9,20155761,명탐정 코난 : 코난 실종사건 - 사상 최악의 이틀,2015-02-12,78544,80140
20150209,10,20142561,7번째 아들,2015-02-11,74439,74742
20150216,1,20149570,조선명탐정 : 사라진 놉의 딸,2015-02-11,2190161,3151668
20150216,2,20140110,킹스맨 : 시크릿 에이전트,2015-02-11,1629563,2343092
20150216,3,20137048,국제시장,2014-12-17,726581,14078315
20150216,4,20141962,이미테이션 게임,2015-02-17,678802,683219
20150216,5,20148188,쎄시봉,2015-02-05,500101,1591846
20150216,6,20149951,빅 히어로,2015-01-21,224947,2700367
20150216,7,20144322,도라에몽 : 스탠 바이 미,2015-02-12,201408,358554
20150216,8,20149401,스폰지밥 3D,2015-02-18,190134,190348
20150216,9,20155881,오즈의 마법사: 돌아온 도로시,2015-02-12,119669,223163
20150216,10,20155761,명탐정 코난 : 코난 실종사건 - 사상 최악의 이틀,2015-02-12,117047,197187
20150223,1,20140110,킹스맨 : 시크릿 에이전트,2015-02-11,1032436,3375528
20150223,2,20141962,이미테이션 게임,2015-02-17,561174,1244393
20150223,3,20149570,조선명탐정 : 사라진 놉의 딸,2015-02-11,526688,3678356
20150223,4,20147613,그레이의 50가지 그림자,2015-02-26,246806,246806
20150223,5,20156161,백 투 더 비기닝,2015-02-26,196694,197346
20150223,6,20137048,국제시장,2014-12-17,120375,14198690
20150223,7,20149401,스폰지밥 3D,2015-02-18,105515,295863
20150223,8,20144322,도라에몽 : 스탠 바이 미,2015-02-12,103502,462056
20150223,9,20148188,쎄시봉,2015-02-05,101369,1693215
20150223,10,20144621,기생수 파트1,2015-02-26,91101,91817
20150302,1,20140110,킹스맨 : 시크릿 에이전트,2015-02-11,812630,4188158
20150302,2,20136063,순수의 시대,2015-03-05,319906,324305
20150302,3,20141962,이미테이션 게임,2015-02-17,303008,1547401
20150302,4,20148841,헬머니,2015-03-05,229191,232137
20150302,5,20149570,조선명탐정 : 사라진 놉의 딸,2015-02-11,154542,3832898
20150302,6,20144801,버드맨,2015-03-05,117447,119054
20150302,7,20147613,그레이의 50가지 그림자,2015-02-26,96822,343628
20150302,8,20144621,기생수 파트1,2015-02-26,74406,166223
20150302,9,20156161,백 투 더 비기닝,2015-02-26,59679,257025
20150302,10,20145085,세인트 빈센트,2015-03-05,54947,63024
20150309,1,20140110,킹스맨 : 시크릿 에이전트,2015-02-11,632271,4820429
20150309,2,20148461,살인의뢰,2015-03-12,492072,496535
20150309,3,20156402,채피,2015-03-12,374152,375155
20150309,4,20145141,위플래쉬,2015-03-12,264299,294597
20150309,5,20148841,헬머니,2015-03-05,182338,414475
20150309,6,20141602,소셜포비아,2015-03-12,151360,154595
20150309,7,20141962,이미테이션 게임,2015-02-17,129264,1676665
20150309,8,20136063,순수의 시대,2015-03-05,122944,447249
20150309,9,20144801,버드맨,2015-03-05,59647,178701
20150309,10,20156704,드래곤 블레이드,2015-03-12,39176,39439
20150316,1,20145141,위플래쉬,2015-03-12,530575,825172
20150316,2,20140110,킹스맨 : 시크릿 에이전트,2015-02-11,513647,5334076
20150316,3,20156841,신데렐라,2015-03-19,345733,353695
20150316,4,20148461,살인의뢰,2015-03-12,284072,780607
20150316,5,20157041,런 올 나이트,2015-03-19,179397,180472
20150316,6,20156402,채피,2015-03-12,169295,544450
20150316,7,20148841,헬머니,2015-03-05,78838,493313
20150316,8,20141602,소셜포비아,2015-03-12,78351,232946
20150316,9,20141962,이미테이션 게임,2015-02-17,39911,1716576
20150316,10,20156904,추억의 마니,2015-03-19,22038,22799
20150323,1,20148845,스물,2015-03-25,1121776,1137123
20150323,2,20145141,위플래쉬,2015-03-12,413156,1238328
20150323,3,20140110,킹스맨 : 시크릿 에이전트,2015-02-11,365109,5699185
20150323,4,20156841,신데렐라,2015-03-19,227007,580702
20150323,5,20144461,인서전트,2015-03-25,210878,211267
20150323,6,20157041,런 올 나이트,2015-03-19,91933,272405
20150323,7,20148461,살인의뢰,2015-03-12,61675,842282
20150323,8,20156402,채피,2015-03-12,24838,569288
20150323,9,20148841,헬머니,2015-03-05,23505,516818
20150323,10,20141602,소셜포비아,2015-03-12,13776,246722
20150330,1,20143580,분노의 질주: 더 세븐,2015-04-01,1170353,1170353
20150330,2,20148845,스물,2015-03-25,1065047,2202170
20150330,3,20140110,킹스맨 : 시크릿 에이전트,2015-02-11,214633,5913818
20150330,4,20145141,위플래쉬,2015-03-12,210026,1448354
20150330,5,20156841,신데렐라,2015-03-19,94891,675593
20150330,6,20144461,인서전트,2015-03-25,63037,274304
20150330,7,20157121,송 원,2015-04-01,32812,34132
20150330,8,20157394,팔로우,2015-04-02,23008,24310
20150330,9,20157584,윈드랜드,2015-04-02,19419,20418
20150330,10,20157041,런 올 나이트,2015-03-19,16199,288604
20150406,1,20143580,분노의 질주: 더 세븐,2015-04-01,958956,2129309
20150406,2,20148845,스물,2015-03-25,512666,2714836
20150406,3,20140703,장수상회,2015-04-09,346817,356558
20150406,4,20140110,킹스맨 : 시크릿 에이전트,2015-02-11,102279,6016097
20150406,5,20145141,위플래쉬,2015-03-12,77443,1525797
20150406,6,20133682,화장,2015-04-09,63544,66010
20150406,7,20145281,코블러,2015-04-08,26818,28415
20150406,8,20156841,신데렐라,2015-03-19,26640,702233
20150406,9,20141085,한 번 더 해피엔딩,2015-04-08,26309,27059
20150406,10,20142884,엘리노어 릭비: 그 남자 그 여자,2015-04-09,20401,21839
20150413,1,20143580,분노의 질주: 더 세븐,2015-04-01,733096,2862405
20150413,2,20140703,장수상회,2015-04-09,436510,793068
20150413,3,20148845,스물,2015-03-25,249661,2964497
20150413,4,20140110,킹스맨 : 시크릿 에이전트,2015-02-11,82559,6098656
20150413,5,20157904,더 건맨,2015-04-16,81189,81594
20150413,6,20133682,화장,2015-04-09,56322,122332
20150413,7,20156977,위자,2015-04-16,54803,55143
20150413,8,20145141,위플래쉬,2015-03-12,38930,1564727
20150413,9,20158091,유고와 라라: 하늘고래와 구름섬 대모험,2015-04-09,21349,38432
20150413,10,20142884,엘리노어 릭비: 그 남자 그 여자,2015-04-09,17057,38896
20150420,1,20148493,어벤져스: 에이지 오브 울트론,2015-04-23,3444438,3444438
20150420,2,20143580,분노의 질주: 더 세븐,2015-04-01,268622,3131027
20150420,3,20140703,장수상회,2015-04-09,207009,1000077
20150420,4,20148845,스물,2015-03-25,66969,3031466
20150420,5,20158461,짱구는 못말려 극장판 : 정면승부! 로봇아빠의 역습,2015-04-23,52331,52457
20150420,6,20140110,킹스맨 : 시크릿 에이전트,2015-02-11,27365,6126021
20150420,7,20156321,약장수,2015-04-23,25183,27559
20150420,8,20157904,더 건맨,2015-04-16,24777,106371
20150420,9,20157021,"땡큐, 대디",2015-04-23,19196,23487
20150420,10,20156977,위자,2015-04-16,16851,71994
20150427,1,20148493,어벤져스: 에이지 오브 울트론,2015-04-23,3567167,7011605
20150427,2,20149266,차이나타운,2015-04-29,622715,624364
20150427,3,20143512,위험한 상견례 2,2015-04-29,209587,211159
20150427,4,20140703,장수상회,2015-04-09,79827,1079904
20150427,5,20100211,다이노 타임,2015-04-30,77231,78134
20150427,6,20143580,분노의 질주: 더 세븐,2015-04-01,75201,3206228
20150427,7,20158069,노아의 방주: 남겨진 녀석들,2015-04-30,69913,75576
20150427,8,20158428,빌리와 용감한 녀석들 3,2015-04-30,38651,39480
20150427,9,20145042,스틸 앨리스,2015-04-29,34813,37655
20150427,10,20158461,짱구는 못말려 극장판 : 정면승부! 로봇아빠의 역습,2015-04-23,33667,86124
20150504,1,20148493,어벤져스: 에이지 오브 울트론,2015-04-23,2365817,9377422
20150504,2,20149266,차이나타운,2015-04-29,599276,1223640
20150504,3,20143512,위험한 상견례 2,2015-04-29,206635,417794
20150504,4,20100211,다이노 타임,2015-04-30,160980,239114
20150504,5,20158704,언프렌디드: 친구삭제,2015-05-07,146121,146335
20150504,6,20158069,노아의 방주: 남겨진 녀석들,2015-04-30,129848,205424
20150504,7,20149062,연애의 맛,2015-05-07,123799,126184
20150504,8,20158461,짱구는 못말려 극장판 : 정면승부! 로봇아빠의 역습,2015-04-23,60728,146852
20150504,9,20140703,장수상회,2015-04-09,59688,1139592
20150504,10,20158428,빌리와 용감한 녀석들 3,2015-04-30,53466,92946
20150511,1,20149569,악의 연대기,2015-05-14,857941,860266
20150511,2,20144741,매드 맥스: 분노의 도로,2015-05-14,802101,802101
20150511,3,20148493,어벤져스: 에이지 오브 울트론,2015-04-23,648101,10025523
20150511,4,20149266,차이나타운,2015-04-29,199453,1423093
20150511,5,20149062,연애의 맛,2015-05-07,78057,204241
20150511,6,20158704,언프렌디드: 친구삭제,2015-05-07,65397,211732
20150511,7,20143512,위험한 상견례 2,2015-04-29,45970,463764
20150511,8,20100211,다이노 타임,2015-04-30,34150,273264
20150511,9,20158670,위아영,2015-05-14,29376,29660
20150511,10,20071066,말할 수 없는 비밀,2008-01-10,20200,145157
20150518,1,20144741,매드 맥스: 분노의 도로,2015-05-14,1037620,1839721
20150518,2,20149569,악의 연대기,2015-05-14,738807,1599073
20150518,3,20158621,스파이,2015-05-21,637532,649349
20150518,4,20142402,간신,2015-05-21,479223,485137
20150518,5,20148493,어벤져스: 에이지 오브 울트론,2015-04-23,286039,10311562
20150518,6,20140145,홈,2015-05-21,141048,144154
20150518,7,20149266,차이나타운,2015-04-29,43674,1466767
20150518,8,20158670,위아영,2015-05-14,19758,49418
20150518,9,20145042,스틸 앨리스,2015-04-29,8564,102160
20150518,10,20149062,연애의 맛,2015-05-07,8450,212691
20150525,1,20144741,매드 맥스: 분노의 도로,2015-05-14,1106864,2946585
20150525,2,20158621,스파이,2015-05-21,908329,1557678
20150525,3,20149569,악의 연대기,2015-05-14,442548,2041621
20150525,4,20142402,간신,2015-05-21,396542,881679
20150525,5,20130566,무뢰한,2015-05-27,266351,272044
20150525,6,20159748,투모로우랜드,2015-05-27,213763,214089
20150525,7,20140145,홈,2015-05-21,186220,330374
20150525,8,20148493,어벤져스: 에이지 오브 울트론,2015-04-23,157659,10469221
20150525,9,20159141,피치 퍼펙트: 언프리티 걸즈,2015-05-28,52449,56590
20150525,10,20159655,사이코패스,2015-05-28,16441,16595
20150601,1,20144682,샌 안드레아스,2015-06-03,921215,923450
20150601,2,20144741,매드 맥스: 분노의 도로,2015-05-14,486606,3433191
20150601,3,20158621,스파이,2015-05-21,428158,1985836
20150601,4,20142402,간신,2015-05-21,133421,1015100
20150601,5,20149569,악의 연대기,2015-05-14,107300,2148921
20150601,6,20130566,무뢰한,2015-05-27,102404,374448
20150601,7,20136869,은밀한 유혹,2015-06-04,92750,95892
20150601,8,20159748,투모로우랜드,2015-05-27,45569,259658
20150601,9,20159573,령 : 저주받은 사진,2015-06-04,27775,28162
20150601,10,20140145,홈,2015-05-21,23491,353865
20150608,1,20098169,쥬라기 월드,2015-06-11,1808930,1808930
20150608,2,20144682,샌 안드레아스,2015-06-03,541284,1464734
20150608,3,20144741,매드 맥스: 분노의 도로,2015-05-14,247930,3681121
20150608,4,20158621,스파이,2015-05-21,228324,2214160
20150608,5,20142402,간신,2015-05-21,67656,1082756
20150608,6,20136869,은밀한 유혹,2015-06-04,40634,136526
20150608,7,20149569,악의 연대기,2015-05-14,35650,2184571
20150608,8,20130566,무뢰한,2015-05-27,28310,402758
20150608,9,20140207,꼬마 유령,2015-06-11,10062,10595
20150608,10,20159573,령 : 저주받은 사진,2015-06-04,6759,34921
20150615,1,20098169,쥬라기 월드,2015-06-11,1607276,3416206
20150615,2,20148855,극비수사,2015-06-18,1163147,1169800
20150615,3,20141224,경성학교: 사라진 소녀들,2015-06-18,257352,258027
20150615,4,20144682,샌 안드레아스,2015-06-03,204950,1669684
20150615,5,20144741,매드 맥스: 분노의 도로,2015-05-14,111617,3792738
20150615,6,20158621,스파이,2015-05-21,86738,2300898
20150615,7,20156970,심야식당,2015-06-18,40094,40903
20150615,8,20142402,간신,2015-05-21,24517,1107273
20150615,9,20136057,소수의견,2015-06-24,10370,10370
20150615,10,20136869,은밀한 유혹,2015-06-04,8628,145154
20150622,1,20134798,연평해전,2015-06-24,1431041,1438287
20150622,2,20098169,쥬라기 월드,2015-06-11,1029962,4446168
20150622,3,20148855,극비수사,2015-06-18,1021891,2191691
20150622,4,20136057,소수의견,2015-06-24,205104,215474
20150622,5,20142856,나의 절친 악당들,2015-06-25,94391,96765
20150622,6,20156749,19곰 테드 2,2015-06-25,89705,89840
20150622,7,20141224,경성학교: 사라진 소녀들,2015-06-18,86896,344923
20150622,8,20144682,샌 안드레아스,2015-06-03,42823,1712507
20150622,9,20156970,심야식당,2015-06-18,42591,83494
20150622,10,20144741,매드 맥스: 분노의 도로,2015-05-14,33191,3825929
20150629,1,20134798,연평해전,2015-06-24,1794154,3232441
20150629,2,20141384,터미네이터 제니시스,2015-07-02,1493216,1493216
20150629,3,20098169,쥬라기 월드,2015-06-11,560645,5006813
20150629,4,20148855,극비수사,2015-06-18,438042,2629733
20150629,5,20136057,소수의견,2015-06-24,121748,337222
20150629,6,20156749,19곰 테드 2,2015-06-25,65963,155803
20150629,7,20142856,나의 절친 악당들,2015-06-25,33092,129857
20150629,8,20150255,리틀드래곤 코코넛,2015-07-02,27635,29257
20150629,9,20156970,심야식당,2015-06-18,25423,108917
20150629,10,20159001,라자루스,2015-07-02,16936,17102
20150706,1,20134798,연평해전,2015-06-24,1463341,4695782
20150706,2,20141384,터미네이터 제니시스,2015-07-02,1140841,2634057
20150706,3,20151225,인사이드 아웃,2015-07-09,748079,750015
20150706,4,20148844,손님,2015-07-09,586784,589783
20150706,5,20098169,쥬라기 월드,2015-06-11,357683,5364496
20150706,6,20150741,인시디어스 3,2015-07-09,236465,236638
20150706,7,20148855,극비수사,2015-06-18,186796,2816529
20150706,8,20151002,우먼 인 골드,2015-07-09,49534,54014
20150706,9,20136057,소수의견,2015-06-24,34845,372067
20150706,10,20150522,러덜리스,2015-07-09,23726,26733
20150713,1,20151225,인사이드 아웃,2015-07-09,1315987,2066002
20150713,2,20134798,연평해전,2015-06-24,888993,5584775
20150713,3,20158241,픽셀,2015-07-16,469770,469770
20150713,4,20141384,터미네이터 제니시스,2015-07-02,455051,3089108
20150713,5,20150741,인시디어스 3,2015-07-09,408547,645185
20150713,6,20148844,손님,2015-07-09,208404,798187
20150713,7,20098169,쥬라기 월드,2015-06-11,142144,5506640
20150713,8,20141060,쓰리 썸머 나잇,2015-07-15,60623,62162
20150713,9,20156301,다크 플레이스,2015-07-15,50446,51192
20150713,10,20151002,우먼 인 골드,2015-07-09,42935,96949
20150720,1,20148851,암살,2015-07-22,3359718,3370006
20150720,2,20151225,인사이드 아웃,2015-07-09,1133020,3199022
20150720,3,20134798,연평해전,2015-06-24,346123,5930898
20150720,4,20150501,극장판 요괴워치: 탄생의 비밀이다냥!,2015-07-22,276528,276961
20150720,5,20158241,픽셀,2015-07-16,175757,645527
20150720,6,20150741,인시디어스 3,2015-07-09,153193,798378
20150720,7,20141384,터미네이터 제니시스,2015-07-02,119448,3208556
20150720,8,20098169,쥬라기 월드,2015-06-11,34224,5540864
20150720,9,20148844,손님,2015-07-09,27896,826083
20150720,10,20060204,포켓몬 레인저와 바다의 왕자 마나피,2006-07-20,25328,159704
20150727,1,20148851,암살,2015-07-22,3202520,6572526
20150727,2,20157881,미션 임파서블: 로그네이션,2015-07-30,2462444,2462604
20150727,3,20145361,미니언즈,2015-07-29,1022705,1024155
20150727,4,20151225,인사이드 아웃,2015-07-09,864756,4063778
20150727,5,20150501,극장판 요괴워치: 탄생의 비밀이다냥!,2015-07-22,188001,464962
20150727,6,20134798,연평해전,2015-06-24,93981,6024879
20150727,7,20158241,픽셀,2015-07-16,35676,681203
20150727,8,20140241,고녀석 맛나겠다2 : 함께라서 행복해,2015-07-29,28828,30095
20150727,9,20150741,인시디어스 3,2015-07-09,26438,824816
20150727,10,20141384,터미네이터 제니시스,2015-07-02,22682,3231238
20150803,1,20148048,베테랑,2015-08-05,2742795,2761634
20150803,2,20148851,암살,2015-07-22,2401205,8973731
20150803,3,20157881,미션 임파서블: 로그네이션,2015-07-30,2258685,4721289
20150803,4,20145361,미니언즈,2015-07-29,784481,1808636
20150803,5,20151225,인사이드 아웃,2015-07-09,474999,4538777
20150803,6,20151964,명탐정 코난 : 화염의 해바라기,2015-08-05,263481,263696
20150803,7,20150501,극장판 요괴워치: 탄생의 비밀이다냥!,2015-07-22,67737,532699
20150803,8,20140241,고녀석 맛나겠다2 : 함께라서 행복해,2015-07-29,16984,47079
20150803,9,20152372,아마조니아,2015-08-05,14933,17319
20150803,10,20134798,연평해전,2015-06-24,12109,6036988
20150810,1,20148048,베테랑,2015-08-05,3882104,6643738
20150810,2,20148851,암살,2015-07-22,1677311,10651042
20150810,3,20157881,미션 임파서블: 로그네이션,2015-07-30,893876,5615165
20150810,4,20145361,미니언즈,2015-07-29,461839,2270475
20150810,5,20130021,"협녀, 칼의 기억",2015-08-13,330887,333371
20150810,6,20143513,미쓰 와이프,2015-08-13,315794,328382
20150810,7,20151225,인사이드 아웃,2015-07-09,243885,4782662
20150810,8,20151964,명탐정 코난 : 화염의 해바라기,2015-08-05,150984,414680
20150810,9,20158062,숀더쉽,2015-08-13,53941,60188
20150810,10,20143572,뷰티 인사이드,2015-08-20,17592,28239
20150817,1,20148048,베테랑,2015-08-05,2400249,9043987
20150817,2,20148851,암살,2015-07-22,938980,11590022
20150817,3,20143572,뷰티 인사이드,2015-08-20,601590,629829
20150817,4,20157881,미션 임파서블: 로그네이션,2015-07-30,307308,5922473
20150817,5,20157531,판타스틱 4,2015-08-20,299828,300066
20150817,6,20143513,미쓰 와이프,2015-08-13,288232,616614
20150817,7,20145361,미니언즈,2015-07-29,222160,2492635
20150817,8,20151225,인사이드 아웃,2015-07-09,110185,4892847
20150817,9,20158481,퇴마: 무녀굴,2015-08-20,88988,90057
20150817,10,20130021,"협녀, 칼의 기억",2015-08-13,81645,415016
20150824,1,20148048,베테랑,2015-08-05,1770109,10814096
20150824,2,20143572,뷰티 인사이드,2015-08-20,761020,1390849
20150824,3,20148851,암살,2015-07-22,603057,12193079
20150824,4,20155826,치외법권,2015-08-27,251058,253676
20150824,5,20143513,미쓰 와이프,2015-08-13,232430,849044
20150824,6,20157881,미션 임파서블: 로그네이션,2015-07-30,153476,6075949
20150824,7,20152866,아메리칸 울트라,2015-08-27,122427,123541
20150824,8,20157531,판타스틱 4,2015-08-20,92259,392325
20150824,9,20145361,미니언즈,2015-07-29,90302,2582937
20150824,10,20151225,인사이드 아웃,2015-07-09,48887,4941734
20150831,1,20155702,앤트맨,2015-09-03,1312724,1314502
20150831,2,20148048,베테랑,2015-08-05,1067704,11881800
20150831,3,20143572,뷰티 인사이드,2015-08-20,400245,1791094
20150831,4,20148851,암살,2015-07-22,301408,12494487
20150831,5,20143511,오피스,2015-09-03,254339,267118
20150831,6,20143513,미쓰 와이프,2015-08-13,94545,943589
20150831,7,20155826,치외법권,2015-08-27,86087,339763
20150831,8,20152869,갤로우즈,2015-09-03,64557,66033
20150831,9,20153385,히트맨: 에이전트 47,2015-09-03,43833,44917
20150831,10,20157881,미션 임파서블: 로그네이션,2015-07-30,41523,6117472
20150907,1,20155702,앤트맨,2015-09-03,1061625,2376127
20150907,2,20148048,베테랑,2015-08-05,615579,12497379
20150907,3,20143572,뷰티 인사이드,2015-08-20,200275,1991369
20150907,4,20143510,함정,2015-09-10,192441,200762
20150907,5,20143511,오피스,2015-09-03,156807,423925
20150907,6,20148851,암살,2015-07-22,146796,12641283
20150907,7,20151521,셀프/리스,2015-09-10,89810,90048
20150907,8,20143513,미쓰 와이프,2015-08-13,30233,973822
20150907,9,20154162,스트레이트 아웃 오브 컴턴,2015-09-10,25863,26255
20150907,10,20152869,갤로우즈,2015-09-03,21614,87647
20150914,1,20148846,사도,2015-09-16,1799019,1810510
20150914,2,20150622,메이즈 러너: 스코치 트라이얼,2015-09-16,1070704,1078272
20150914,3,20155702,앤트맨,2015-09-03,321959,2698086
20150914,4,20148048,베테랑,2015-08-05,289467,12786846
20150914,5,20143510,함정,2015-09-10,51667,252429
20150914,6,20153470,극장판 도라에몽 : 진구의 우주영웅기~스페이스 히어로즈~,2015-09-17,48299,49952
20150914,7,20143572,뷰티 인사이드,2015-08-20,48273,2039642
20150914,8,20148851,암살,2015-07-22,38100,12679383
20150914,9,20151521,셀프/리스,2015-09-10,20029,110077
20150914,10,20156557,탐정 : 더 비기닝,2015-09-24,18425,22841
20150921,1,20148846,사도,2015-09-16,1780009,3590519
20150921,2,20150622,메이즈 러너: 스코치 트라이얼,2015-09-16,818459,1896731
20150921,3,20156557,탐정 : 더 비기닝,2015-09-24,605873,628714
20150921,4,20152022,인턴,2015-09-24,387684,391708
20150921,5,20140193,서부전선,2015-09-24,293805,294480
20150921,6,20148048,베테랑,2015-08-05,229413,13016259
20150921,7,20151421,에베레스트,2015-09-24,152597,154193
20150921,8,20155702,앤트맨,2015-09-03,91353,2789439
20150921,9,20151815,뮨: 달의 요정,2015-09-24,59973,61784
20150921,10,20153022,더 매직: 리틀톰과 도둑공주,2015-09-24,25025,26190
20150928,1,20148846,사도,2015-09-16,1980480,5570999
20150928,2,20156557,탐정 : 더 비기닝,2015-09-24,1376030,2004744
20150928,3,20152022,인턴,2015-09-24,1071478,1463186
20150928,4,20150622,메이즈 러너: 스코치 트라이얼,2015-09-16,711323,2608054
20150928,5,20148048,베테랑,2015-08-05,324808,13341067
20150928,6,20140193,서부전선,2015-09-24,284393,578873
20150928,7,20151815,뮨: 달의 요정,2015-09-24,180028,241812
20150928,8,20151421,에베레스트,2015-09-24,161630,315823
20150928,9,20153022,더 매직: 리틀톰과 도둑공주,2015-09-24,51599,77789
20150928,10,20155702,앤트맨,2015-09-03,49478,2838917
20151005,1,20151383,마션,2015-10-08,1807573,1814925
20151005,2,20152022,인턴,2015-09-24,808900,2272086
20151005,3,20142855,성난 변호사,2015-10-08,547983,556305
20151005,4,20148846,사도,2015-09-16,442034,6013033
20151005,5,20156557,탐정 : 더 비기닝,2015-09-24,407983,2412727
20151005,6,20150562,팬,2015-10-08,144351,144820
20151005,7,20150622,메이즈 러너: 스코치 트라이얼,2015-09-16,113233,2721287
20151005,8,20148048,베테랑,2015-08-05,56695,13397762
20151005,9,20151815,뮨: 달의 요정,2015-09-24,49448,291260
20151005,10,20140193,서부전선,2015-09-24,25511,604384
20151012,1,20151383,마션,2015-10-08,1296077,3111002
20151012,2,20152022,인턴,2015-09-24,520913,2792999
20151012,3,20142855,성난 변호사,2015-10-08,396350,952655
20151012,4,20148846,사도,2015-09-16,162444,6175477
20151012,5,20156557,탐정 : 더 비기닝,2015-09-24,158253,2570980
20151012,6,20153201,트랜스포터: 리퓰드,2015-10-15,114872,115086
20151012,7,20155639,더 비지트,2015-10-15,38246,38395
20151012,8,20156553,비밀,2015-10-15,36807,37750
20151012,9,20150562,팬,2015-10-08,35285,180105
20151012,10,20155562,아델라인 : 멈춰진 시간,2015-10-15,23984,24266
20151019,1,20151383,마션,2015-10-08,837400,3948402
20151019,2,20157464,더 폰,2015-10-22,714279,729024
20151019,3,20145504,특종: 량첸살인기,2015-10-22,378874,401536
20151019,4,20152022,인턴,2015-09-24,370492,3163491
20151019,5,20142855,성난 변호사,2015-10-08,149222,1101877
20151019,6,20145501,돌연변이,2015-10-22,73311,76844
20151019,7,20148846,사도,2015-09-16,53573,6229050
20151019,8,20156557,탐정 : 더 비기닝,2015-09-24,47903,2618883
20151019,9,20153201,트랜스포터: 리퓰드,2015-10-15,43088,158174
20151019,10,20155562,아델라인 : 멈춰진 시간,2015-10-15,14505,38771
20151026,1,20157464,더 폰,2015-10-22,654715,1383739
20151026,2,20157465,그놈이다,2015-10-28,626114,628141
20151026,3,20151383,마션,2015-10-08,536931,4485333
20151026,4,20152022,인턴,2015-09-24,248393,3411884
20151026,5,20145504,특종: 량첸살인기,2015-10-22,182938,584474
20151026,6,20155101,하늘을 걷는 남자,2015-10-28,156338,157192
20151026,7,20152745,맨 프롬 UNCLE,2015-10-28,78767,78767
20151026,8,20149961,미안해 사랑해 고마워,2015-10-28,33320,36065
20151026,9,20142855,성난 변호사,2015-10-08,22260,1124137
20151026,10,20145501,돌연변이,2015-10-22,19530,96374
20151102,1,20145503,검은 사제들,2015-11-05,1603105,1604713
20151102,2,20157465,그놈이다,2015-10-28,327564,955705
20151102,3,20151383,마션,2015-10-08,256769,4742102
20151102,4,20157464,더 폰,2015-10-22,179911,1563650
20151102,5,20152871,스파이 브릿지,2015-11-05,154373,158727
20151102,6,20152022,인턴,2015-09-24,128700,3540584
20151102,7,20155277,더 셰프,2015-11-05,122859,124901
20151102,8,20155101,하늘을 걷는 남자,2015-10-28,70424,227616
20151102,9,20050082,이터널 선샤인,2005-11-10,54989,227599
20151102,10,20156383,아더와 미니모이 3: 두 세계의 전쟁,2015-11-05,38411,38915
20151109,1,20145503,검은 사제들,2015-11-05,1896269,3500982
20151109,2,20157432,007 스펙터,2015-11-11,1184344,1185137
20151109,3,20151383,마션,2015-10-08,99584,4841686
20151109,4,20050082,이터널 선샤인,2005-11-10,84542,312141
20151109,5,20152871,스파이 브릿지,2015-11-05,84429,243156
20151109,6,20157465,그놈이다,2015-10-28,75791,1031496
20151109,7,20155277,더 셰프,2015-11-05,52374,177275
20151109,8,20152022,인턴,2015-09-24,45397,3585981
20151109,9,20157464,더 폰,2015-10-22,27233,1590883
20151109,10,20156360,개구리왕국,2015-11-12,24631,24821
20151116,1,20149314,내부자들,2015-11-19,1587746,1605806
20151116,2,20145503,검은 사제들,2015-11-05,947691,4448673
20151116,3,20157432,007 스펙터,2015-11-11,477771,1662908
20151116,4,20151481,헝거게임: 더 파이널,2015-11-18,437842,438644
20151116,5,20050082,이터널 선샤인,2005-11-10,61140,373281
20151116,6,20155690,프리덤,2015-11-19,31978,35221
20151116,7,20151383,마션,2015-10-08,31094,4872780
20151116,8,20152871,스파이 브릿지,2015-11-05,18272,261428
20151116,9,20156360,개구리왕국,2015-11-12,17727,42548
20151116,10,20152022,인턴,2015-09-24,16950,3602931
20151123,1,20149314,내부자들,2015-11-19,1983620,3589426
20151123,2,20145503,검은 사제들,2015-11-05,449159,4897832
20151123,3,20156748,열정같은소리하고있네,2015-11-25,335817,340996
20151123,4,20151481,헝거게임: 더 파이널,2015-11-18,240397,679041
20151123,5,20140144,도리화가,2015-11-25,227808,228253
20151123,6,20157432,007 스펙터,2015-11-11,115228,1778136
20151123,7,20157175,괴물의 아이,2015-11-25,106304,108868
20151123,8,20157883,극장판 파워레인저 트레인포스 VS 다이노포스 THE MOVIE,2015-11-26,48668,50147
20151123,9,20050082,이터널 선샤인,2005-11-10,38022,411303
20151123,10,20156570,크림슨 피크,2015-11-25,31496,31888
20151130,1,20149314,내부자들,2015-11-19,1361416,4950842
20151130,2,20144683,하트 오브 더 씨,2015-12-03,338954,338954
20151130,3,20145503,검은 사제들,2015-11-05,274882,5172714
20151130,4,20156748,열정같은소리하고있네,2015-11-25,206501,547497
20151130,5,20157501,극적인 하룻밤,2015-12-03,179408,180126
20151130,6,20151481,헝거게임: 더 파이널,2015-11-18,87572,766613
20151130,7,20140144,도리화가,2015-11-25,72466,300719
20151130,8,20157175,괴물의 아이,2015-11-25,64453,173321
20151130,9,20153083,사우스포,2015-12-03,52142,64836
20151130,10,20155423,시카리오: 암살자의 도시,2015-12-03,51134,52082
20151207,1,20149314,내부자들,2015-11-19,1007509,5958351
20151207,2,20144683,하트 오브 더 씨,2015-12-03,389160,728114
20151207,3,20145503,검은 사제들,2015-11-05,218559,5391273
20151207,4,20156807,뽀로로 극장판 컴퓨터 왕국 대모험,2015-12-10,159968,161861
20151207,5,20155202,레전드,2015-12-10,143811,144025
20151207,6,20157501,극적인 하룻밤,2015-12-03,120864,300990
20151207,7,20156748,열정같은소리하고있네,2015-11-25,92052,639549
20151207,8,20155423,시카리오: 암살자의 도시,2015-12-03,57004,109086
20151207,9,20157096,보루토 - 나루토 더 무비,2015-12-10,40775,40883
20151207,10,20156275,파더 앤 도터,2015-12-10,38974,46792
20151214,1,20136068,히말라야,2015-12-16,1511005,1531164
20151214,2,20154141,스타워즈: 깨어난 포스,2015-12-17,1071659,1071659
20151214,3,20145171,대호,2015-12-16,723245,738722
20151214,4,20149314,내부자들,2015-11-19,496934,6455285
20151214,5,20156807,뽀로로 극장판 컴퓨터 왕국 대모험,2015-12-10,121728,283589
20151214,6,20144683,하트 오브 더 씨,2015-12-03,78609,806723
20151214,7,20145503,검은 사제들,2015-11-05,46499,5437772
20151214,8,20155202,레전드,2015-12-10,34129,178154
20151214,9,20157501,극적인 하룻밤,2015-12-03,18893,319883
20151214,10,20157096,보루토 - 나루토 더 무비,2015-12-10,18832,59715
20151221,1,20136068,히말라야,2015-12-16,2689578,4220742
20151221,2,20154141,스타워즈: 깨어난 포스,2015-12-17,1428464,2500123
20151221,3,20145171,대호,2015-12-16,677438,1416160
20151221,4,20154242,몬스터 호텔 2,2015-12-24,659813,663624
20151221,5,20149314,내부자들,2015-11-19,466041,6921326
20151221,6,20155563,어린왕자,2015-12-23,308924,314057
20151221,7,20153702,포켓몬 더 무비 XY 후파: 광륜의 초마신,2015-12-23,164737,165058
20151221,8,20150752,스누피: 더 피너츠 무비,2015-12-24,115117,117886
20151221,9,20156807,뽀로로 극장판 컴퓨터 왕국 대모험,2015-12-10,73775,357364
20151221,10,20030404,러브 액츄얼리,2003-12-05,47159,276345
20151228,1,20136068,히말라야,2015-12-16,2157289,6378031
20151228,2,20150025,내부자들: 디 오리지널,2015-12-31,830405,831433
20151228,3,20157042,셜록: 유령신부,2016-01-02,665162,665162
20151228,4,20154141,스타워즈: 깨어난 포스,2015-12-17,621930,3122053
20151228,5,20154242,몬스터 호텔 2,2015-12-24,614855,1278479
20151228,6,20144442,조선마술사,2015-12-30,512028,513287
20151228,7,20145171,대호,2015-12-16,297776,1713936
20151228,8,20155563,어린왕자,2015-12-23,208175,522232
20151228,9,20149314,내부자들,2015-11-19,146795,7068121
20151228,10,20157197,라스트 위치 헌터,2015-12-30,105167,105596
20160104,1,20136068,히말라야,2015-12-16,706607,7084638
20160104,2,20150025,내부자들: 디 오리지널,2015-12-31,698669,1530102
20160104,3,20155422,굿 다이노,2016-01-07,548926,550196
20160104,4,20157042,셜록: 유령신부,2016-01-02,496041,1161203
20160104,5,20142641,나를 잊지 말아요,2016-01-07,300558,301956
20160104,6,20153087,포인트 브레이크,2016-01-07,186699,187475
20160104,7,20154242,몬스터 호텔 2,2015-12-24,174970,1453449
20160104,8,20154141,스타워즈: 깨어난 포스,2015-12-17,110744,3232797
20160104,9,20150024,짱구는 못말려 극장판: 나의 이사 이야기 선인장 대습격,2016-01-07,100308,100983
20160104,10,20144442,조선마술사,2015-12-30,99413,612700
20160111,1,20154001,레버넌트: 죽음에서 돌아온 자,2016-01-14,819387,821953
20160111,2,20155422,굿 다이노,2016-01-07,462758,1012954
20160111,3,20136068,히말라야,2015-12-16,389728,7474366
20160111,4,20068576,그날의 분위기,2016-01-14,351563,355331
20160111,5,20150025,내부자들: 디 오리지널,2015-12-31,321321,1851423
20160111,6,20157158,구스범스,2016-01-14,173393,182577
20160111,7,20142641,나를 잊지 말아요,2016-01-07,112389,414345
20160111,8,20157042,셜록: 유령신부,2016-01-02,99874,1261077
20160111,9,20153087,포인트 브레이크,2016-01-07,91975,279450
20160111,10,20150024,짱구는 못말려 극장판: 나의 이사 이야기 선인장 대습격,2016-01-07,68839,169822
20160118,1,20154001,레버넌트: 죽음에서 돌아온 자,2016-01-14,698841,1520794
20160118,2,20158483,오빠생각,2016-01-21,482539,502090
20160118,3,20155422,굿 다이노,2016-01-07,237970,1250924
20160118,4,20068576,그날의 분위기,2016-01-14,223189,578520
20160118,5,20136068,히말라야,2015-12-16,177410,7651776
20160118,6,20159199,빅쇼트,2016-01-21,170993,171895
20160118,7,20150025,내부자들: 디 오리지널,2015-12-31,138074,1989497
20160118,8,20157158,구스범스,2016-01-14,103326,285903
20160118,9,20150566,극장판 꼬마버스 타요의 에이스 구출작전,2016-01-21,67755,68553
20160118,10,20150461,스티브 잡스,2016-01-21,42079,42317
20160125,1,20151803,쿵푸팬더3,2016-01-28,1600804,1602030
20160125,2,20158483,오빠생각,2016-01-21,406896,908986
20160125,3,20154001,레버넌트: 죽음에서 돌아온 자,2016-01-14,357061,1877855
20160125,4,20157466,"로봇, 소리",2016-01-27,265871,298761
20160125,5,20159199,빅쇼트,2016-01-21,179397,351292
20160125,6,20136068,히말라야,2015-12-16,73803,7725579
20160125,7,20155422,굿 다이노,2016-01-07,70942,1321866
20160125,8,20068576,그날의 분위기,2016-01-14,66302,644822
20160125,9,20150025,내부자들: 디 오리지널,2015-12-31,65613,2055110
20160125,10,20150566,극장판 꼬마버스 타요의 에이스 구출작전,2016-01-21,41262,109815
20160201,1,20145507,검사외전,2016-02-03,3328446,3336512
20160201,2,20151803,쿵푸팬더3,2016-01-28,875643,2477673
20160201,3,20159059,앨빈과 슈퍼밴드: 악동 어드벤처,2016-02-04,79228,82078
20160201,4,20157466,"로봇, 소리",2016-01-27,79149,377910
20160201,5,20158483,오빠생각,2016-01-21,74718,983704
20160201,6,20154001,레버넌트: 죽음에서 돌아온 자,2016-01-14,69126,1946981
20160201,7,20150942,캐롤,2016-02-04,62317,66403
20160201,8,20159199,빅쇼트,2016-01-21,48447,399739
20160201,9,20159657,최강전사 미니특공대: 영웅의 탄생,2016-02-04,36790,37617
20160201,10,20150025,내부자들: 디 오리지널,2015-12-31,15016,2070126
20160208,1,20145507,검사외전,2016-02-03,4746769,8083281
20160208,2,20151803,쿵푸팬더3,2016-01-28,1217126,3694799
20160208,3,20159059,앨빈과 슈퍼밴드: 악동 어드벤처,2016-02-04,184945,267023
20160208,4,20150942,캐롤,2016-02-04,154309,220712
20160208,5,20150725,극장판 아이엠스타 : 꿈의 오디션!,2016-02-11,100651,101425
20160208,6,20153781,데드풀,2016-02-17,88585,88585
20160208,7,20157466,"로봇, 소리",2016-01-27,88552,466462
20160208,8,20158483,오빠생각,2016-01-21,76399,1060103
20160208,9,20159657,최강전사 미니특공대: 영웅의 탄생,2016-02-04,71707,109324
20160208,10,20150903,번개맨,2016-02-11,50930,53366
20160215,1,20153781,데드풀,2016-02-17,1621603,1710188
20160215,2,20145507,검사외전,2016-02-03,966019,9049300
20160215,3,20150977,좋아해줘,2016-02-17,473302,478003
20160215,4,20155501,주토피아,2016-02-17,415731,420826
20160215,5,20158482,동주,2016-02-17,226992,230414
20160215,6,20151803,쿵푸팬더3,2016-01-28,203876,3898675
20160215,7,20150942,캐롤,2016-02-04,58266,278978
20160215,8,20155020,대니쉬 걸,2016-02-17,51012,53132
20160215,9,20150725,극장판 아이엠스타 : 꿈의 오디션!,2016-02-11,28482,129907
20160215,10,20151111,빌리와 용감한 녀석들: 치킨 히어로,2016-02-17,21913,22234
20160222,1,20161364,귀향,2016-02-24,1099215,1109948
20160222,2,20153781,데드풀,2016-02-17,951485,2661673
20160222,3,20155501,주토피아,2016-02-17,733484,1154310
20160222,4,20145507,검사외전,2016-02-03,416529,9465829
20160222,5,20158482,동주,2016-02-17,390075,620489
20160222,6,20150977,좋아해줘,2016-02-17,265108,743111
20160222,7,20151021,순정,2016-02-24,162183,182958
20160222,8,20145502,남과 여,2016-02-25,120374,123381
20160222,9,20150565,스포트라이트,2016-02-24,95248,97960
20160222,10,20161745,제 5침공,2016-02-25,86973,87122
20160229,1,20161364,귀향,2016-02-24,1495680,2605628
20160229,2,20155501,주토피아,2016-02-17,741777,1896087
20160229,3,20159162,갓 오브 이집트,2016-03-03,501984,502287
20160229,4,20153781,데드풀,2016-02-17,464338,3126011
20160229,5,20158482,동주,2016-02-17,302073,922562
20160229,6,20145507,검사외전,2016-02-03,198970,9664799
20160229,7,20150565,스포트라이트,2016-02-24,128791,226751
20160229,8,20161630,13시간,2016-03-03,96213,96884
20160229,9,20150977,좋아해줘,2016-02-17,92593,835704
20160229,10,20145502,남과 여,2016-02-25,68689,192070
20160307,1,20161364,귀향,2016-02-24,536992,3142620
20160307,2,20155501,주토피아,2016-02-17,446822,2342909
20160307,3,20151884,런던 해즈 폴른,2016-03-10,310467,310751
20160307,4,20145396,널 기다리며,2016-03-10,300838,303148
20160307,5,20159162,갓 오브 이집트,2016-03-03,286091,788378
20160307,6,20153781,데드풀,2016-02-17,125053,3251064
20160307,7,20158482,동주,2016-02-17,113964,1036526
20160307,8,20158529,조이,2016-03-10,101721,104458
20160307,9,20150565,스포트라이트,2016-02-24,42536,269287
20160307,10,20161630,13시간,2016-03-03,41740,138624
20160314,1,20155501,주토피아,2016-02-17,470084,2812993
20160314,2,20151884,런던 해즈 폴른,2016-03-10,299282,610033
20160314,3,20161364,귀향,2016-02-24,281744,3424364
20160314,4,20145396,널 기다리며,2016-03-10,248692,551840
20160314,5,20159162,갓 오브 이집트,2016-03-03,110171,898549
20160314,6,20158482,동주,2016-02-17,70388,1106914
20160314,7,20161968,오 마이 그랜파,2016-03-17,55408,56754
20160314,8,20158529,조이,2016-03-10,54468,158926
20160314,9,20153781,데드풀,2016-02-17,52497,3303561
20160314,10,20161881,부활,2016-03-17,33114,34051
20160321,1,20152781,배트맨 대 슈퍼맨: 저스티스의 시작,2016-03-24,1386658,1386658
20160321,2,20155501,주토피아,2016-02-17,364262,3177255
20160321,3,20159643,글로리데이,2016-03-24,109246,112242
20160321,4,20161364,귀향,2016-02-24,107027,3531391
20160321,5,20151884,런던 해즈 폴른,2016-03-10,97035,707068
20160321,6,20145396,널 기다리며,2016-03-10,70428,622268
20160321,7,20161881,부활,2016-03-17,58892,92943
20160321,8,20158482,동주,2016-02-17,31839,1138753
20160321,9,20162381,일사각오,2016-03-17,21364,38359
20160321,10,20159162,갓 오브 이집트,2016-03-03,20042,918591
20160328,1,20152781,배트맨 대 슈퍼맨: 저스티스의 시작,2016-03-24,604749,1991407
20160328,2,20155501,주토피아,2016-02-17,421874,3599129
20160328,3,20150902,대배우,2016-03-30,127891,128693
20160328,4,20162161,미스컨덕트,2016-03-30,112208,112422
20160328,5,20159643,글로리데이,2016-03-24,60563,172805
20160328,6,20161881,부활,2016-03-17,41902,134845
20160328,7,20161364,귀향,2016-02-24,40462,3571853
20160328,8,20162001,포레스트: 죽음의 숲,2016-03-30,39886,40136
20160328,9,20161905,나의 그리스식 웨딩 2,2016-03-30,28180,29922
20160328,10,20161594,마음이 외치고 싶어해,2016-03-30,27319,32635
20160404,1,20152782,"날, 보러와요",2016-04-07,352883,355369
20160404,2,20155501,주토피아,2016-02-17,305089,3904218
20160404,3,20162065,클로버필드 10번지,2016-04-07,234412,236569
20160404,4,20152781,배트맨 대 슈퍼맨: 저스티스의 시작,2016-03-24,185200,2176607
20160404,5,20161964,독수리 에디,2016-04-07,125396,140454
20160404,6,20150902,대배우,2016-03-30,36708,165401
20160404,7,20162161,미스컨덕트,2016-03-30,33139,145561
20160404,8,20161870,트럼보,2016-04-07,27155,33339
20160404,9,19960126,비포 선라이즈,1996-03-30,21215,21832
20160404,10,20161881,부활,2016-03-17,20983,155828
20160411,1,20142621,시간이탈자,2016-04-13,544604,546820
20160411,2,20152782,"날, 보러와요",2016-04-07,450505,805874
20160411,3,20155501,주토피아,2016-02-17,328439,4232657
20160411,4,20158984,헌츠맨: 윈터스 워,2016-04-13,303967,303967
20160411,5,20145506,해어화,2016-04-13,238247,243404
20160411,6,20162065,클로버필드 10번지,2016-04-07,96539,333108
20160411,7,20161964,독수리 에디,2016-04-07,71259,211713
20160411,8,20152781,배트맨 대 슈퍼맨: 저스티스의 시작,2016-03-24,63528,2240135
20160411,9,19990140,인생은 아름다워,1999-03-06,31281,38120
20160411,10,20162431,극장판 프랭키와 친구들: 생명의 나무,2016-04-13,25900,28654
20160418,1,20142621,시간이탈자,2016-04-13,397637,944457
20160418,2,20159641,위대한 소원,2016-04-21,194811,202973
20160418,3,20155501,주토피아,2016-02-17,193193,4425850
20160418,4,20152782,"날, 보러와요",2016-04-07,186593,992467
20160418,5,20145506,해어화,2016-04-13,159575,402979
20160418,6,20158984,헌츠맨: 윈터스 워,2016-04-13,122336,426303
20160418,7,20162621,파라노말 액티비티: 더 고스트 디멘션,2016-04-21,44775,45091
20160418,8,19990140,인생은 아름다워,1999-03-06,41851,79971
20160418,9,20162321,트리플 9,2016-04-20,38495,39613
20160418,10,20162065,클로버필드 10번지,2016-04-07,20861,353969
20160425,1,20159364,캡틴 아메리카: 시빌 워,2016-04-27,3933530,3934515
20160425,2,20142621,시간이탈자,2016-04-13,185770,1130227
20160425,3,20155501,주토피아,2016-02-17,115963,4541813
20160425,4,20159641,위대한 소원,2016-04-21,83617,286590
20160425,5,20152782,"날, 보러와요",2016-04-07,59092,1051559
20160425,6,20145506,해어화,2016-04-13,57690,460669
20160425,7,19990140,인생은 아름다워,1999-03-06,24060,104031
20160425,8,20070458,냉정과 열정사이,2003-10-10,16555,38139
20160425,9,20162299,시크릿 인 데어 아이즈,2016-04-27,15414,15633
20160425,10,20158984,헌츠맨: 윈터스 워,2016-04-13,14436,440739
20160502,1,20159364,캡틴 아메리카: 시빌 워,2016-04-27,3412453,7346968
20160502,2,20142406,탐정 홍길동: 사라진 마을,2016-05-04,789498,793291
20160502,3,20162704,극장판 안녕 자두야,2016-05-04,212664,213743
20160502,4,20162300,매직브러시,2016-05-04,145703,148561
20160502,5,20155501,주토피아,2016-02-17,124740,4666553
20160502,6,20162542,다이노소어 어드벤처 : 백악기 공룡대백과,2016-05-04,90268,90756
20160502,7,20162461,다이노X 탐험대,2016-05-04,74608,75546
20160502,8,20142621,시간이탈자,2016-04-13,61360,1191587
20160502,9,20159641,위대한 소원,2016-04-21,17454,304044
20160502,10,20145506,해어화,2016-04-13,16967,477636
20160509,1,20140194,곡성,2016-05-12,2316050,2319396
20160509,2,20159364,캡틴 아메리카: 시빌 워,2016-04-27,895180,8242148
20160509,3,20142406,탐정 홍길동: 사라진 마을,2016-05-04,412513,1205804
20160509,4,20162627,다이버전트 시리즈: 얼리전트,2016-05-12,75912,76122
20160509,5,20143509,엽기적인 그녀 2,2016-05-12,55240,56691
20160509,6,20162704,극장판 안녕 자두야,2016-05-04,50126,263869
20160509,7,20163137,나의 소녀시대,2016-05-12,46067,46544
20160509,8,20155501,주토피아,2016-02-17,28472,4695025
20160509,9,20162300,매직브러시,2016-05-04,18117,166678
20160509,10,20162542,다이노소어 어드벤처 : 백악기 공룡대백과,2016-05-04,16172,106928
20160516,1,20140194,곡성,2016-05-12,2229302,4548698
20160516,2,20159364,캡틴 아메리카: 시빌 워,2016-04-27,318086,8560234
20160516,3,20156207,앵그리버드 더 무비,2016-05-19,259016,260113
20160516,4,20156559,계춘할망,2016-05-19,200481,212695
20160516,5,20142406,탐정 홍길동: 사라진 마을,2016-05-04,177631,1383435
20160516,6,20163018,싱 스트리트,2016-05-19,163365,171359
20160516,7,20163137,나의 소녀시대,2016-05-12,134599,181143
20160516,8,20163182,하드코어 헨리,2016-05-19,36949,37827
20160516,9,20162627,다이버전트 시리즈: 얼리전트,2016-05-12,24592,100714
20160516,10,20143509,엽기적인 그녀 2,2016-05-12,15336,72027
20160523,1,20150523,엑스맨: 아포칼립스,2016-05-25,1641638,1643413
20160523,2,20140194,곡성,2016-05-12,1142173,5690871
20160523,3,20156207,앵그리버드 더 무비,2016-05-19,189402,449515
20160523,4,20163018,싱 스트리트,2016-05-19,177345,348704
20160523,5,20156559,계춘할망,2016-05-19,170408,383103
20160523,6,20163137,나의 소녀시대,2016-05-12,126542,307685
20160523,7,20159364,캡틴 아메리카: 시빌 워,2016-04-27,90266,8650500
20160523,8,20142406,탐정 홍길동: 사라진 마을,2016-05-04,40606,1424041
20160523,9,20162569,오베라는 남자,2016-05-25,36630,44179
20160523,10,20163322,동급생,2016-05-19,8967,19788
20160530,1,20144444,아가씨,2016-06-01,1820600,1825314
20160530,2,20150523,엑스맨: 아포칼립스,2016-05-25,857755,2501168
20160530,3,20140194,곡성,2016-05-12,612984,6303855
20160530,4,20163215,미 비포 유,2016-06-01,235520,240843
20160530,5,20163018,싱 스트리트,2016-05-19,115790,464494
20160530,6,20156207,앵그리버드 더 무비,2016-05-19,107811,557326
20160530,7,20158242,무서운 이야기 3 : 화성에서 온 소녀,2016-06-01,69792,70661
20160530,8,20156559,계춘할망,2016-05-19,66255,449358
20160530,9,20163137,나의 소녀시대,2016-05-12,56380,364065
20160530,10,20162925,더 보이,2016-06-01,38114,38814
20160606,1,20144444,아가씨,2016-06-01,1312107,3137421
20160606,2,20162967,정글북,2016-06-09,842092,847460
20160606,3,20158150,워크래프트: 전쟁의 서막,2016-06-09,671746,671900
20160606,4,20162941,컨저링 2,2016-06-09,558680,561084
20160606,5,20150523,엑스맨: 아포칼립스,2016-05-25,391503,2892671
20160606,6,20140194,곡성,2016-05-12,377145,6681000
20160606,7,20163215,미 비포 유,2016-06-01,259802,500645
20160606,8,20156207,앵그리버드 더 무비,2016-05-19,103306,660632
20160606,9,20163018,싱 스트리트,2016-05-19,61035,525529
20160606,10,20163137,나의 소녀시대,2016-05-12,30164,394229
20160613,1,20162967,정글북,2016-06-09,854007,1701467
20160613,2,20162941,컨저링 2,2016-06-09,686395,1247479
20160613,3,20144444,아가씨,2016-06-01,573998,3711419
20160613,4,20159645,특별수사: 사형수의 편지,2016-06-16,506932,537876
20160613,5,20158150,워크래프트: 전쟁의 서막,2016-06-09,372910,1044810
20160613,6,20150385,닌자터틀 : 어둠의 히어로,2016-06-16,176485,178591
20160613,7,20163215,미 비포 유,2016-06-01,151441,652086
20160613,8,20140194,곡성,2016-05-12,119754,6800754
20160613,9,20150523,엑스맨: 아포칼립스,2016-05-25,38195,2930866
20160613,10,20163164,본 투 비 블루,2016-06-09,23284,49161
20160620,1,20150782,인디펜던스 데이 : 리써전스,2016-06-22,986517,986517
20160620,2,20162967,정글북,2016-06-09,514338,2215805
20160620,3,20159645,특별수사: 사형수의 편지,2016-06-16,464460,1002336
20160620,4,20162941,컨저링 2,2016-06-09,397222,1644701
20160620,5,20144444,아가씨,2016-06-01,344806,4056225
20160620,6,20140704,비밀은 없다,2016-06-23,192245,193706
20160620,7,20163215,미 비포 유,2016-06-01,123379,775465
20160620,8,20158150,워크래프트: 전쟁의 서막,2016-06-09,99241,1144051
20160620,9,20163202,크리미널,2016-06-22,70653,74159
20160620,10,20140194,곡성,2016-05-12,52582,6853336
20160627,1,20150972,굿바이 싱글,2016-06-29,879035,908954
20160627,2,20163661,레전드 오브 타잔,2016-06-29,552146,552146
20160627,3,20154906,사냥,2016-06-29,532757,533586
20160627,4,20150782,인디펜던스 데이 : 리써전스,2016-06-22,406384,1392901
20160627,5,20162967,정글북,2016-06-09,261828,2477633
20160627,6,20159645,특별수사: 사형수의 편지,2016-06-16,195861,1198197
20160627,7,20162941,컨저링 2,2016-06-09,168756,1813457
20160627,8,20144444,아가씨,2016-06-01,159038,4215263
20160627,9,20163215,미 비포 유,2016-06-01,94813,870278
20160627,10,20090683,500일의 썸머,2010-01-21,58391,201567
20160704,1,20159644,봉이 김선달,2016-07-06,1038643,1048515
20160704,2,20159058,도리를 찾아서,2016-07-06,1012798,1015002
20160704,3,20150972,굿바이 싱글,2016-06-29,823729,1732683
20160704,4,20163661,레전드 오브 타잔,2016-06-29,261193,813339
20160704,5,20150203,나우 유 씨 미 2,2016-07-13,197969,197969
20160704,6,20154906,사냥,2016-06-29,103495,637081
20160704,7,20150782,인디펜던스 데이 : 리써전스,2016-06-22,95591,1488492
20160704,8,20162941,컨저링 2,2016-06-09,87044,1900501
20160704,9,20162967,정글북,2016-06-09,53350,2530983
20160704,10,20090683,500일의 썸머,2010-01-21,51153,252720
20160711,1,20150203,나우 유 씨 미 2,2016-07-13,1539756,1737725
20160711,2,20159644,봉이 김선달,2016-07-06,754517,1803032
20160711,3,20159058,도리를 찾아서,2016-07-06,745490,1760492
20160711,4,20156564,부산행,2016-07-20,560447,560848
20160711,5,20150972,굿바이 싱글,2016-06-29,306271,2038954
20160711,6,20165201,언더 워터,2016-07-13,216126,216400
20160711,7,20163661,레전드 오브 타잔,2016-06-29,41121,854460
20160711,8,20158982,트릭,2016-07-13,30144,30622
20160711,9,20162941,컨저링 2,2016-06-09,23812,1924313
20160711,10,20163961,데몰리션,2016-07-13,23687,25229
20160718,1,20156564,부산행,2016-07-20,4756585,5317433
20160718,2,20150203,나우 유 씨 미 2,2016-07-13,979325,2717050
20160718,3,20159058,도리를 찾아서,2016-07-06,272244,2032736
20160718,4,20161286,아이스 에이지: 지구 대충돌,2016-07-20,242530,243025
20160718,5,20159644,봉이 김선달,2016-07-06,203330,2006362
20160718,6,20164521,극장판 요괴워치: 염라대왕과 5개의 이야기다냥!,2016-07-20,137964,138629
20160718,7,20165201,언더 워터,2016-07-13,129296,345696
20160718,8,20150972,굿바이 싱글,2016-06-29,64812,2103766
20160718,9,20165130,나의 산티아고,2016-07-14,22046,36786
20160718,10,20166845,BIFAN2016 판타스틱 단편 걸작선 1, ,21500,21500
20160725,1,20156564,부산행,2016-07-20,3095401,8412834
20160725,2,20156250,인천상륙작전,2016-07-27,2622589,2626571
20160725,3,20161907,제이슨 본,2016-07-27,1544113,1544267
20160725,4,20159058,도리를 찾아서,2016-07-06,331462,2364198
20160725,5,20150203,나우 유 씨 미 2,2016-07-13,315394,3032444
20160725,6,20161286,아이스 에이지: 지구 대충돌,2016-07-20,222637,465662
20160725,7,20164521,극장판 요괴워치: 염라대왕과 5개의 이야기다냥!,2016-07-20,127099,265728
20160725,8,20165561,빅,2016-07-27,113860,115083
20160725,9,20159644,봉이 김선달,2016-07-06,37298,2043660
20160725,10,20165201,언더 워터,2016-07-13,36782,382478
20160801,1,20156250,인천상륙작전,2016-07-27,2618983,5245554
20160801,2,20150979,덕혜옹주,2016-08-03,1700787,1706465
20160801,3,20156564,부산행,2016-07-20,1629987,10042821
20160801,4,20152963,수어사이드 스쿼드,2016-08-03,1416968,1416968
20160801,5,20156082,마이펫의 이중생활,2016-08-03,984033,986738
20160801,6,20161907,제이슨 본,2016-07-27,816636,2360903
20160801,7,20162002,명탐정 코난: 순흑의 악몽,2016-08-03,335171,336466
20160801,8,20159058,도리를 찾아서,2016-07-06,200793,2564991
20160801,9,20161286,아이스 에이지: 지구 대충돌,2016-07-20,81728,547390
20160801,10,20150203,나우 유 씨 미 2,2016-07-13,63852,3096296
20160808,1,20154910,터널,2016-08-10,2567243,2582032
20160808,2,20150979,덕혜옹주,2016-08-03,1843859,3550324
20160808,3,20156250,인천상륙작전,2016-07-27,984565,6230119
20160808,4,20156564,부산행,2016-07-20,749498,10792319
20160808,5,20156082,마이펫의 이중생활,2016-08-03,734352,1721090
20160808,6,20150968,국가대표 2,2016-08-10,387013,407063
20160808,7,20152963,수어사이드 스쿼드,2016-08-03,376972,1793940
20160808,8,20161907,제이슨 본,2016-07-27,178367,2539270
20160808,9,20162002,명탐정 코난: 순흑의 악몽,2016-08-03,122744,459210
20160808,10,20165961,슈퍼 프렌즈,2016-08-10,47354,56102
20160815,1,20154910,터널,2016-08-10,2503489,5085521
20160815,2,20150979,덕혜옹주,2016-08-03,1282364,4832688
20160815,3,20150567,스타트렉 비욘드,2016-08-17,672807,678401
20160815,4,20156250,인천상륙작전,2016-07-27,532116,6762235
20160815,5,20156082,마이펫의 이중생활,2016-08-03,524948,2246038
20160815,6,20156564,부산행,2016-07-20,431264,11223583
20160815,7,20150968,국가대표 2,2016-08-10,238300,645363
20160815,8,20148460,서울역,2016-08-17,119668,121578
20160815,9,20152963,수어사이드 스쿼드,2016-08-03,88778,1882718
20160815,10,20165281,마이 리틀 자이언트,2016-08-10,55382,100675
20160822,1,20154910,터널,2016-08-10,1195025,6280546
20160822,2,20163217,라이트 아웃,2016-08-24,521878,534423
20160822,3,20150979,덕혜옹주,2016-08-03,473581,5306269
20160822,4,20150567,스타트렉 비욘드,2016-08-17,335196,1013597
20160822,5,20162404,고스트버스터즈,2016-08-25,248402,248876
20160822,6,20156564,부산행,2016-07-20,200086,11423669
20160822,7,20156250,인천상륙작전,2016-07-27,191956,6954191
20160822,8,20156082,마이펫의 이중생활,2016-08-03,191299,2437337
20160822,9,20166901,플로렌스,2016-08-24,88347,89966
20160822,10,20150901,올레,2016-08-25,49437,50358
20160829,1,20154910,터널,2016-08-10,662369,6942915
20160829,2,20163217,라이트 아웃,2016-08-24,454232,988655
20160829,3,20167261,메카닉: 리크루트,2016-08-31,414825,415453
20160829,4,20162404,고스트버스터즈,2016-08-25,230594,479470
20160829,5,20150979,덕혜옹주,2016-08-03,222624,5528893
20160829,6,20150567,스타트렉 비욘드,2016-08-17,113735,1127332
20160829,7,20156564,부산행,2016-07-20,108197,11531866
20160829,8,20156250,인천상륙작전,2016-07-27,79166,7033357
20160829,9,20156082,마이펫의 이중생활,2016-08-03,76768,2514105
20160829,10,20167563,이퀄스,2016-08-31,56058,56266
20160905,1,20159646,밀정,2016-09-07,2160774,2174116
20160905,2,20159648,"고산자, 대동여지도",2016-09-07,291884,300540
20160905,3,20162968,거울나라의 앨리스,2016-09-07,191070,192844
20160905,4,20154910,터널,2016-08-10,133135,7076050
20160905,5,20167261,메카닉: 리크루트,2016-08-31,101077,516530
20160905,6,20163217,라이트 아웃,2016-08-24,92383,1081038
20160905,7,20166541,달빛궁궐,2016-09-07,60286,63353
20160905,8,20166721,장난감이 살아있다,2016-09-07,57918,59308
20160905,9,20165941,로빈슨 크루소,2016-09-07,45916,50214
20160905,10,20150979,덕혜옹주,2016-08-03,39774,5568667
20160912,1,20159646,밀정,2016-09-07,3875726,6049842
20160912,2,20167839,벤허,2016-09-14,895159,897428
20160912,3,20163294,매그니피센트 7,2016-09-14,679695,679695
20160912,4,20159648,"고산자, 대동여지도",2016-09-07,551960,852500
20160912,5,20162968,거울나라의 앨리스,2016-09-07,254766,447610
20160912,6,20167154,드림 쏭,2016-09-14,162268,168630
20160912,7,20166541,달빛궁궐,2016-09-07,74728,138081
20160912,8,20166721,장난감이 살아있다,2016-09-07,71924,131232
20160912,9,20165941,로빈슨 크루소,2016-09-07,64646,114860
20160912,10,20168721,아이엠스타 뮤직어워드,2016-09-14,60667,61382
20160919,1,20159646,밀정,2016-09-07,854163,6904005
20160919,2,20167839,벤허,2016-09-14,332359,1229787
20160919,3,20163294,매그니피센트 7,2016-09-14,202091,881786
20160919,4,20169122,아이 엠 어 히어로,2016-09-21,138699,149031
20160919,5,20159648,"고산자, 대동여지도",2016-09-07,97063,949563
20160919,6,20162968,거울나라의 앨리스,2016-09-07,55188,502798
20160919,7,20168885,브리짓 존스의 베이비,2016-09-28,45743,48568
20160919,8,20168891,설리: 허드슨강의 기적,2016-09-28,44146,44449
20160919,9,20168401,카페 소사이어티,2016-09-14,37444,94240
20160919,10,20167154,드림 쏭,2016-09-14,35995,204625
20160926,1,20153443,아수라,2016-09-28,1793509,1802691
20160926,2,20164501,미스 페레그린과 이상한 아이들의 집,2016-09-28,741088,742460
20160926,3,20159646,밀정,2016-09-07,388431,7292436
20160926,4,20168885,브리짓 존스의 베이비,2016-09-28,285313,333881
20160926,5,20168891,설리: 허드슨강의 기적,2016-09-28,248764,293213
20160926,6,20167839,벤허,2016-09-14,113209,1342996
20160926,7,20169122,아이 엠 어 히어로,2016-09-21,52114,201145
20160926,8,20160143,피터와 드래곤,2016-09-28,38945,39791
20160926,9,20163294,매그니피센트 7,2016-09-14,37049,918835
20160926,10,20167481,맨 인 더 다크,2016-10-05,29849,33807
20161003,1,20164501,미스 페레그린과 이상한 아이들의 집,2016-09-28,1255626,1998086
20161003,2,20153443,아수라,2016-09-28,668833,2471524
20161003,3,20167481,맨 인 더 다크,2016-10-05,534202,568009
20161003,4,20168885,브리짓 존스의 베이비,2016-09-28,291302,625183
20161003,5,20168891,설리: 허드슨강의 기적,2016-09-28,239731,532944
20161003,6,20159646,밀정,2016-09-07,166388,7458824
20161003,7,20153444,럭키,2016-10-13,133102,142686
20161003,8,20160143,피터와 드래곤,2016-09-28,48485,88276
20161003,9,20167839,벤허,2016-09-14,45984,1388980
20161003,10,20161589,죽여주는 여자,2016-10-06,42302,43974
20161010,1,20153444,럭키,2016-10-13,1860011,2002697
20161010,2,20164501,미스 페레그린과 이상한 아이들의 집,2016-09-28,493561,2491647
20161010,3,20167481,맨 인 더 다크,2016-10-05,326270,894279
20161010,4,20168885,브리짓 존스의 베이비,2016-09-28,135621,760804
20161010,5,20153443,아수라,2016-09-28,105648,2577172
20161010,6,20168891,설리: 허드슨강의 기적,2016-09-28,74897,607841
20161010,7,20168501,바스티유 데이,2016-10-13,69291,70034
20161010,8,20160203,어카운턴트,2016-10-13,48715,48715
20161010,9,20163041,자백,2016-10-13,40629,58244
20161010,10,20161589,죽여주는 여자,2016-10-06,39963,83937
20161017,1,20153444,럭키,2016-10-13,2338624,4341321
20161017,2,20156007,인페르노,2016-10-19,468021,473052
20161017,3,20164501,미스 페레그린과 이상한 아이들의 집,2016-09-28,174930,2666577
20161017,4,20167481,맨 인 더 다크,2016-10-05,92053,986332
20161017,5,20151022,걷기왕,2016-10-20,58990,62206
20161017,6,20040734,노트북,2004-11-26,43681,470017
20161017,7,20168885,브리짓 존스의 베이비,2016-09-28,43124,803928
20161017,8,20163041,자백,2016-10-13,32229,90473
20161017,9,20168501,바스티유 데이,2016-10-13,23598,93632
20161017,10,20160203,어카운턴트,2016-10-13,18994,67709
20161024,1,20163181,닥터 스트레인지,2016-10-26,2399372,2399372
20161024,2,20153444,럭키,2016-10-13,1297730,5639051
20161024,3,20150564,혼숨,2016-10-26,182410,182648
20161024,4,20156007,인페르노,2016-10-19,152390,625442
20161024,5,20040734,노트북,2004-11-26,48461,518478
20161024,6,20164501,미스 페레그린과 이상한 아이들의 집,2016-09-28,38576,2705153
20161024,7,20151022,걷기왕,2016-10-20,20060,82266
20161024,8,20163041,자백,2016-10-13,18329,108802
20161024,9,20162545,"무현, 두 도시 이야기",2016-10-26,16935,17115
20161024,10,20160781,쿠보와 전설의 악기,2016-10-26,15814,16254
20161031,1,20163181,닥터 스트레인지,2016-10-26,1567067,3966439
20161031,2,20153444,럭키,2016-10-13,744936,6383987
20161031,3,20150564,혼숨,2016-10-26,90380,273028
20161031,4,20162545,"무현, 두 도시 이야기",2016-10-26,53202,70317
20161031,5,20156007,인페르노,2016-10-19,49807,675249
20161031,6,20161527,로스트 인 더스트,2016-11-03,47166,48498
20161031,7,20160862,선생님의 일기,2016-11-02,46234,51217
20161031,8,20040734,노트북,2004-11-26,43890,562368
20161031,9,20161796,극장판 파워레인저: 닌자포스 VS 트레인포스 닌자 인 원더랜드,2016-11-03,40294,41116
20161031,10,20161165,무한대를 본 남자,2016-11-03,22943,23069
20161107,1,20163181,닥터 스트레인지,2016-10-26,858995,4825434
20161107,2,20163521,스플릿,2016-11-09,429327,439419
20161107,3,20153444,럭키,2016-10-13,420609,6804596
20161107,4,20161843,위자: 저주의 시작,2016-11-09,210984,210984
20161107,5,20162504,감바의 대모험,2016-11-10,54522,56949
20161107,6,20162545,"무현, 두 도시 이야기",2016-10-26,52965,123282
20161107,7,20162147,세상에서 고양이가 사라진다면,2016-11-09,45366,48438
20161107,8,20040734,노트북,2004-11-26,28970,591338
20161107,9,20161527,로스트 인 더스트,2016-11-03,26132,74630
20161107,10,20161796,극장판 파워레인저: 닌자포스 VS 트레인포스 닌자 인 원더랜드,2016-11-03,19670,60786
20161114,1,20162365,신비한 동물사전,2016-11-16,1936408,1936408
20161114,2,20163181,닥터 스트레인지,2016-10-26,365761,5191195
20161114,3,20154905,가려진 시간,2016-11-16,340516,358451
20161114,4,20163521,스플릿,2016-11-09,231580,670999
20161114,5,20153444,럭키,2016-10-13,128993,6933589
20161114,6,20161843,위자: 저주의 시작,2016-11-09,102877,313861
20161114,7,20162629,하이큐!! 끝과 시작,2016-11-16,49187,49187
20161114,8,20162504,감바의 대모험,2016-11-10,35019,91968
20161114,9,20162545,"무현, 두 도시 이야기",2016-10-26,30982,154264
20161114,10,20162928,카페 6,2016-11-16,20309,20906
20161121,1,20162365,신비한 동물사전,2016-11-16,1457523,3393931
20161121,2,20154661,형,2016-11-23,1017292,1037807
20161121,3,20163181,닥터 스트레인지,2016-10-26,188859,5380054
20161121,4,20154905,가려진 시간,2016-11-16,130407,488858
20161121,5,20163521,스플릿,2016-11-09,75693,746692
20161121,6,20161162,블레어 위치,2016-11-23,38171,38525
20161121,7,20153444,럭키,2016-10-13,35595,6969184
20161121,8,20163903,리틀메딕: 몸속탐험대,2016-11-24,32488,32688
20161121,9,20162545,"무현, 두 도시 이야기",2016-10-26,20092,174356
20161121,10,20163824,미스 사이공 : 25주년 특별 공연,2016-11-24,17158,17347
20161128,1,20154661,형,2016-11-23,1122275,2160082
20161128,2,20162365,신비한 동물사전,2016-11-16,803007,4196938
20161128,3,20153741,미씽: 사라진 여자,2016-11-30,701466,706271
20161128,4,20166363,잭 리처: 네버 고 백,2016-11-30,453515,457952
20161128,5,20161605,언더월드: 블러드 워,2016-11-30,57863,57863
20161128,6,20163181,닥터 스트레인지,2016-10-26,56179,5436233
20161128,7,20160472,두 남자,2016-11-30,47670,49954
20161128,8,20163903,리틀메딕: 몸속탐험대,2016-11-24,30111,62799
20161128,9,20154905,가려진 시간,2016-11-16,18019,506877
20161128,10,20163824,미스 사이공 : 25주년 특별 공연,2016-11-24,15757,33104
20161205,1,20144641,판도라,2016-12-07,1441716,1459251
20161205,2,20167904,라라랜드,2016-12-07,563104,563430
20161205,3,20154661,형,2016-11-23,525417,2685499
20161205,4,20153741,미씽: 사라진 여자,2016-11-30,343012,1049283
20161205,5,20162365,신비한 동물사전,2016-11-16,276786,4473724
20161205,6,20163884,아기배달부 스토크,2016-12-07,163038,166629
20161205,7,20162382,원피스 필름 골드,2016-12-08,140014,140401
20161205,8,20166363,잭 리처: 네버 고 백,2016-11-30,133931,591883
20161205,9,20161605,언더월드: 블러드 워,2016-11-30,13225,71088
20161205,10,20152371,"당신, 거기 있어줄래요",2016-12-14,11352,11626
20161212,1,20144641,판도라,2016-12-07,1654397,3113648
20161212,2,20167904,라라랜드,2016-12-07,734130,1297560
20161212,3,20152371,"당신, 거기 있어줄래요",2016-12-14,600132,611758
20161212,4,20154661,형,2016-11-23,243806,2929305
20161212,5,20162365,신비한 동물사전,2016-11-16,137536,4611260
20161212,6,20163884,아기배달부 스토크,2016-12-07,121514,288143
20161212,7,20153741,미씽: 사라진 여자,2016-11-30,90252,1139535
20161212,8,20162382,원피스 필름 골드,2016-12-08,65499,205900
20161212,9,20155223,목숨 건 연애,2016-12-14,34371,37650
20161212,10,20164388,스노우타임,2016-12-15,20714,21676
20161219,1,20161725,마스터,2016-12-21,2988307,3002188
20161219,2,20144641,판도라,2016-12-07,822265,3935913
20161219,3,20167904,라라랜드,2016-12-07,647317,1944877
20161219,4,20162025,씽,2016-12-21,561795,567014
20161219,5,20152371,"당신, 거기 있어줄래요",2016-12-14,383394,995152
20161219,6,20162183,포켓몬 더 무비 XY&Z 「볼케니온 : 기계왕국의 비밀」,2016-12-22,142314,144200
20161219,7,20154661,형,2016-11-23,46297,2975602
20161219,8,20165285,극장판 도라에몽: 신 진구의 버스 오브 재팬,2016-12-21,42182,43229
20161219,9,20162365,신비한 동물사전,2016-11-16,41366,4652626
20161219,10,20163884,아기배달부 스토크,2016-12-07,31330,319473
20161226,1,20161725,마스터,2016-12-21,2439431,5441619
20161226,2,20163183,로그 원: 스타워즈 스토리,2016-12-28,769332,769938
20161226,3,20162025,씽,2016-12-21,611313,1178327
20161226,4,20167904,라라랜드,2016-12-07,527760,2472637
20161226,5,20144641,판도라,2016-12-07,465917,4401830
20161226,6,20152371,"당신, 거기 있어줄래요",2016-12-14,148293,1143445
20161226,7,20162727,루돌프와 많이있어,2016-12-28,117695,119420
20161226,8,20162183,포켓몬 더 무비 XY&Z 「볼케니온 : 기계왕국의 비밀」,2016-12-22,94252,238452
20161226,9,20161872,너의 이름은.,2017-01-04,73199,74181
20161226,10,20165543,하이큐!! 승자와 패자,2016-12-28,21873,22733
20170102,1,20161872,너의 이름은.,2017-01-04,1108284,1182465
20170102,2,20161725,마스터,2016-12-21,1076481,6518100
20170102,3,20161084,패신저스,2017-01-04,503992,504393
20170102,4,20162025,씽,2016-12-21,410744,1589071
20170102,5,20167904,라라랜드,2016-12-07,256308,2728945
20170102,6,20165153,눈의 여왕 3: 눈과 불의 마법대결,2017-01-04,240694,242171
20170102,7,20150966,사랑하기 때문에,2017-01-04,229757,246167
20170102,8,20163183,로그 원: 스타워즈 스토리,2016-12-28,209150,979088
20170102,9,20144641,판도라,2016-12-07,143856,4545686
20170102,10,20151181,여교사,2017-01-04,84669,86439
20170109,1,20161872,너의 이름은.,2017-01-04,1306909,2489374
20170109,2,20165443,모아나,2017-01-12,672028,673220
20170109,3,20161725,마스터,2016-12-21,513122,7031222
20170109,4,20168381,얼라이드,2017-01-11,334159,337889
20170109,5,20164421,어쌔신 크리드,2017-01-11,304520,305310
20170109,6,20167904,라라랜드,2016-12-07,195159,2924104
20170109,7,20161084,패신저스,2017-01-04,150490,654883
20170109,8,20162025,씽,2016-12-21,120986,1710057
20170109,9,20165153,눈의 여왕 3: 눈과 불의 마법대결,2017-01-04,103921,346092
20170109,10,20150966,사랑하기 때문에,2017-01-04,83381,329548
20170116,1,20151229,더 킹,2017-01-18,1845666,1852899
20170116,2,20151228,공조,2017-01-18,1140497,1153989
20170116,3,20165443,모아나,2017-01-12,577786,1251006
20170116,4,20161872,너의 이름은.,2017-01-04,562978,3052352
20170116,5,20163845,터닝메카드W: 블랙미러의 부활,2017-01-18,276158,276701
20170116,6,20168381,얼라이드,2017-01-11,123781,461670
20170116,7,20161725,마스터,2016-12-21,102373,7133595
20170116,8,20167904,라라랜드,2016-12-07,99348,3023452
20170116,9,20164421,어쌔신 크리드,2017-01-11,46829,352139
20170116,10,20168664,반지의 제왕 : 두개의 탑 (확장판),2017-01-18,20174,20174
20170123,1,20151228,공조,2017-01-18,2641053,3795042
20170123,2,20151229,더 킹,2017-01-18,1982460,3835359
20170123,3,20165443,모아나,2017-01-12,477756,1728762
20170123,4,20168688,레지던트 이블: 파멸의 날,2017-01-25,409142,409543
20170123,5,20161872,너의 이름은.,2017-01-04,314979,3367331
20170123,6,20167904,라라랜드,2016-12-07,98662,3122114
20170123,7,20163845,터닝메카드W: 블랙미러의 부활,2017-01-18,86062,362763
20170123,8,20168154,딥워터 호라이즌,2017-01-25,67078,68381
20170123,9,20167285,짱구는 못말려 극장판: 폭풍수면! 꿈꾸는 세계 대돌격,2017-01-25,59189,61897
20170123,10,20168381,얼라이드,2017-01-11,38008,499678
20170130,1,20151228,공조,2017-01-18,2477348,6272390
20170130,2,20151229,더 킹,2017-01-18,1155996,4991355
20170130,3,20165443,모아나,2017-01-12,417274,2146036
20170130,4,20179281,컨택트,2017-02-02,355525,358342
20170130,5,20168688,레지던트 이블: 파멸의 날,2017-01-25,298459,708002
20170130,6,20161872,너의 이름은.,2017-01-04,187326,3554657
20170130,7,20167904,라라랜드,2016-12-07,88362,3210476
20170130,8,20163845,터닝메카드W: 블랙미러의 부활,2017-01-18,60092,422855
20170130,9,20167285,짱구는 못말려 극장판: 폭풍수면! 꿈꾸는 세계 대돌격,2017-01-25,55064,116961
20170130,10,20167324,라이언,2017-02-01,54187,59439
20170206,1,20150964,조작된 도시,2017-02-09,1065429,1072450
20170206,2,20151228,공조,2017-01-18,989485,7261875
20170206,3,20167716,트리플 엑스 리턴즈,2017-02-08,367329,368339
20170206,4,20151229,더 킹,2017-01-18,280286,5271641
20170206,5,20179281,컨택트,2017-02-02,205649,563991
20170206,6,20165443,모아나,2017-01-12,118329,2264365
20170206,7,20161141,50가지 그림자: 심연,2017-02-09,109366,109366
20170206,8,20167644,발레리나,2017-02-09,92707,94689
20170206,9,20178881,명탐정 코난: 에피소드 원-작아진 명탐정,2017-02-08,81707,81707
20170206,10,20162873,레고 배트맨 무비,2017-02-09,76382,105962
20170213,1,20166421,재심,2017-02-15,1013032,1022790
20170213,2,20150964,조작된 도시,2017-02-09,901814,1974264
20170213,3,20151228,공조,2017-01-18,405535,7667410
20170213,4,20163580,그레이트 월,2017-02-15,370926,371126
20170213,5,20161744,트롤,2017-02-16,213728,215706
20170213,6,20167362,더 큐어,2017-02-15,125873,126456
20170213,7,20167716,트리플 엑스 리턴즈,2017-02-08,96934,465273
20170213,8,20161141,50가지 그림자: 심연,2017-02-09,63985,173351
20170213,9,20167644,발레리나,2017-02-09,62809,157498
20170213,10,20167906,마이펫 오지,2017-02-16,62709,63703
20170220,1,20170241,23 아이덴티티,2017-02-22,966630,966904
20170220,2,20166421,재심,2017-02-15,864428,1887218
20170220,3,20150964,조작된 도시,2017-02-09,405275,2379539
20170220,4,20161723,싱글라이더,2017-02-22,260431,262306
20170220,5,20161744,트롤,2017-02-16,251346,467052
20170220,6,20166101,존 윅 - 리로드,2017-02-22,177605,179158
20170220,7,20151228,공조,2017-01-18,128918,7796328
20170220,8,20163580,그레이트 월,2017-02-15,117557,488683
20170220,9,20167922,핵소 고지,2017-02-22,116366,121682
20170220,10,20156562,루시드 드림,2017-02-22,80030,85247
20170227,1,20161827,로건,2017-03-01,1079212,1079865
20170227,2,20150971,해빙,2017-03-01,908624,909888
20170227,3,20170241,23 아이덴티티,2017-02-22,560438,1527342
20170227,4,20166421,재심,2017-02-15,379706,2266924
20170227,5,20161744,트롤,2017-02-16,175600,642652
20170227,6,20150964,조작된 도시,2017-02-09,112850,2492389
20170227,7,20158799,눈길,2017-03-01,86704,89721
20170227,8,20161723,싱글라이더,2017-02-22,76357,338663
20170227,9,20166101,존 윅 - 리로드,2017-02-22,68529,247687
20170227,10,20165927,문라이트,2017-02-22,64593,105284
20170306,1,20168183,콩: 스컬 아일랜드,2017-03-08,1007566,1011350
20170306,2,20161827,로건,2017-03-01,691456,1771321
20170306,3,20150971,해빙,2017-03-01,232306,1142194
20170306,4,20170241,23 아이덴티티,2017-02-22,120122,1647464
20170306,5,20166421,재심,2017-02-15,114237,2381161
20170306,6,20167904,라라랜드,2016-12-07,52489,3414504
20170306,7,20168750,파도가 지나간 자리,2017-03-08,36809,38111
20170306,8,20165927,문라이트,2017-02-22,35786,141070
20170306,9,20158799,눈길,2017-03-01,29099,118820
20170306,10,20161744,트롤,2017-02-16,26610,669262
20170313,1,20164721,미녀와 야수,2017-03-16,1570601,1571430
20170313,2,20168183,콩: 스컬 아일랜드,2017-03-08,537839,1549189
20170313,3,20161827,로건,2017-03-01,311646,2082967
20170313,4,20167905,비정규직 특수요원,2017-03-16,113490,114741
20170313,5,20150971,해빙,2017-03-01,55675,1197869
20170313,6,20167904,라라랜드,2016-12-07,39000,3453504
20170313,7,20166421,재심,2017-02-15,34092,2415253
20170313,8,20168750,파도가 지나간 자리,2017-03-08,29915,68026
20170313,9,20170241,23 아이덴티티,2017-02-22,26426,1673890
20170313,10,20178942,스페이스 비트윈 어스,2017-03-16,21748,22200
20170320,1,20164721,미녀와 야수,2017-03-16,1533234,3104664
20170320,2,20162181,프리즌,2017-03-23,1225852,1243668
20170320,3,20167902,보통사람,2017-03-23,252955,255227
20170320,4,20167363,히든 피겨스,2017-03-23,125133,139283
20170320,5,20168183,콩: 스컬 아일랜드,2017-03-08,125081,1674270
20170320,6,20161827,로건,2017-03-01,72784,2155751
20170320,7,20167905,비정규직 특수요원,2017-03-16,32061,146802
20170320,8,20167904,라라랜드,2016-12-07,20300,3473804
20170320,9,20179442,밤의 해변에서 혼자,2017-03-23,19808,20209
20170320,10,20171801,극장판 암살교실 : 365일의 시간,2017-03-23,18276,18560
20170327,1,20164721,미녀와 야수,2017-03-16,992707,4097371
20170327,2,20162181,프리즌,2017-03-23,971156,2214824
20170327,3,20163194,공각기동대 : 고스트 인 더 쉘,2017-03-29,569701,569701
20170327,4,20151230,원라인,2017-03-29,281706,291031
20170327,5,20167363,히든 피겨스,2017-03-23,148204,287487
20170327,6,20167902,보통사람,2017-03-23,111470,366697
20170327,7,20167005,데스노트: 더 뉴 월드,2017-03-29,22420,22822
20170327,8,20167364,미스 슬로운,2017-03-29,20776,22194
20170327,9,20179442,밤의 해변에서 혼자,2017-03-23,20516,40725
20170327,10,20168183,콩: 스컬 아일랜드,2017-03-08,14706,1688976
20170403,1,20164721,미녀와 야수,2017-03-16,524657,4622028
20170403,2,20162181,프리즌,2017-03-23,460910,2675734
20170403,3,20171381,라이프,2017-04-05,329709,331156
20170403,4,20163194,공각기동대 : 고스트 인 더 쉘,2017-03-29,165635,735336
20170403,5,20167901,어느날,2017-04-05,160291,162956
20170403,6,20151230,원라인,2017-03-29,121668,412699
20170403,7,20161923,시간위의 집,2017-04-05,93345,98433
20170403,8,20167363,히든 피겨스,2017-03-23,78569,366056
20170403,9,20171781,패트리어트 데이,2017-04-06,48279,58122
20170403,10,20162607,슈퍼 버드,2017-04-06,16874,18039
20170410,1,20167542,분노의 질주: 더 익스트림,2017-04-12,1428392,1428592
20170410,2,20151227,아빠는 딸,2017-04-12,274221,278414
20170410,3,20164721,미녀와 야수,2017-03-16,242693,4864721
20170410,4,20162181,프리즌,2017-03-23,174400,2850134
20170410,5,20171381,라이프,2017-04-05,104002,435158
20170410,6,20167901,어느날,2017-04-05,57751,220707
20170410,7,20167363,히든 피겨스,2017-03-23,37489,403545
20170410,8,20161923,시간위의 집,2017-04-05,27269,125702
20170410,9,20163194,공각기동대 : 고스트 인 더 쉘,2017-03-29,22258,757594
20170410,10,20151230,원라인,2017-03-29,17417,430116
20170417,1,20167542,분노의 질주: 더 익스트림,2017-04-12,1152871,2581463
20170417,2,20151227,아빠는 딸,2017-04-12,263223,541637
20170417,3,20164721,미녀와 야수,2017-03-16,158460,5023181
20170417,4,20162181,프리즌,2017-03-23,70396,2920530
20170417,5,20179662,파워레인져스: 더 비기닝,2017-04-20,61552,62029
20170417,6,20172541,오두막,2017-04-20,29277,29329
20170417,7,20167363,히든 피겨스,2017-03-23,24746,428291
20170417,8,20171381,라이프,2017-04-05,22381,457539
20170417,9,20149317,가디언즈 오브 갤럭시,2014-07-31,18802,1329992
20170417,10,20172125,파운더,2017-04-20,18586,19866
20170424,1,20162871,특별시민,2017-04-26,899870,904244
20170424,2,20161726,임금님의 사건수첩,2017-04-26,711329,722337
20170424,3,20167542,분노의 질주: 더 익스트림,2017-04-12,617861,3199324
20170424,4,20161665,스머프: 비밀의 숲,2017-04-28,158638,159854
20170424,5,20151227,아빠는 딸,2017-04-12,88015,629652
20170424,6,20164721,미녀와 야수,2017-03-16,70930,5094111
20170424,7,20174165,극장판 또봇: 로봇군단의 습격,2017-04-27,54865,57193
20170424,8,20173301,"서서평, 천천히 평온하게",2017-04-26,37369,40346
20170424,9,20172541,오두막,2017-04-20,19999,49328
20170424,10,20175142,극장판 쿠로코의 농구 라스트 게임,2017-04-27,14730,14730
20170501,1,20163603,가디언즈 오브 갤럭시 VOL. 2,2017-05-03,1723836,1723838
20170501,2,20162722,보안관,2017-05-03,1243019,1260145
20170501,3,20174061,보스 베이비,2017-05-03,1205369,1207265
20170501,4,20161726,임금님의 사건수첩,2017-04-26,770710,1493047
20170501,5,20162871,특별시민,2017-04-26,429840,1334084
20170501,6,20167542,분노의 질주: 더 익스트림,2017-04-12,392230,3591554
20170501,7,20161665,스머프: 비밀의 숲,2017-04-28,226305,386159
20170501,8,20173061,슈퍼 빼꼼: 스파이 대작전,2017-05-03,74592,77067
20170501,9,20174165,극장판 또봇: 로봇군단의 습격,2017-04-27,70906,128099
20170501,10,20164721,미녀와 야수,2017-03-16,38193,5132304
20170508,1,20179382,에이리언: 커버넌트,2017-05-09,958712,959957
20170508,2,20162722,보안관,2017-05-03,946420,2206565
20170508,3,20174061,보스 베이비,2017-05-03,714756,1922021
20170508,4,20163603,가디언즈 오브 갤럭시 VOL. 2,2017-05-03,701847,2425685
20170508,5,20156708,석조저택 살인사건,2017-05-09,288169,291889
20170508,6,20170321,목소리의 형태,2017-05-09,193525,202626
20170508,7,20161726,임금님의 사건수첩,2017-04-26,119671,1612718
20170508,8,20167542,분노의 질주: 더 익스트림,2017-04-12,54213,3645767
20170508,9,20173961,킹 아서: 제왕의 검,2017-05-17,47879,50750
20170508,10,20161665,스머프: 비밀의 숲,2017-04-28,34456,420615
20170515,1,20175262,겟 아웃,2017-05-17,1003725,1003999
20170515,2,20164844,불한당: 나쁜 놈들의 세상,2017-05-17,571012,589914
20170515,3,20162722,보안관,2017-05-03,302902,2509467
20170515,4,20174061,보스 베이비,2017-05-03,288173,2210194
20170515,5,20179382,에이리언: 커버넌트,2017-05-09,284970,1244927
20170515,6,20173961,킹 아서: 제왕의 검,2017-05-17,279139,329889
20170515,7,20163603,가디언즈 오브 갤럭시 VOL. 2,2017-05-03,238129,2663814
20170515,8,20170321,목소리의 형태,2017-05-09,56214,258840
20170515,9,20156708,석조저택 살인사건,2017-05-09,54155,346044
20170515,10,20161726,임금님의 사건수첩,2017-04-26,18502,1631220
20170522,1,20170982,캐리비안의 해적: 죽은 자는 말이 없다,2017-05-24,1526655,1526655
20170522,2,20175262,겟 아웃,2017-05-17,718809,1722808
20170522,3,20174602,노무현입니다,2017-05-25,594789,596691
20170522,4,20164844,불한당: 나쁜 놈들의 세상,2017-05-17,256352,846266
20170522,5,20174061,보스 베이비,2017-05-03,130342,2340536
20170522,6,20173961,킹 아서: 제왕의 검,2017-05-17,78309,408198
20170522,7,20162722,보안관,2017-05-03,66103,2575570
20170522,8,20163603,가디언즈 오브 갤럭시 VOL. 2,2017-05-03,58509,2722323
20170522,9,20179382,에이리언: 커버넌트,2017-05-09,51517,1296444
20170522,10,20173642,너와 100번째 사랑,2017-05-25,28481,30132
20170529,1,20168261,원더 우먼,2017-05-31,1158394,1158394
20170529,2,20170982,캐리비안의 해적: 죽은 자는 말이 없다,2017-05-24,903840,2430495
20170529,3,20169348,대립군,2017-05-31,589116,594507
20170529,4,20174602,노무현입니다,2017-05-25,580058,1176749
20170529,5,20175262,겟 아웃,2017-05-17,285943,2008751
20170529,6,20164844,불한당: 나쁜 놈들의 세상,2017-05-17,62005,908271
20170529,7,20176141,베이블레이드 버스트 갓 : 갓 발키리의 탄생,2017-06-01,48986,49448
20170529,8,20174061,보스 베이비,2017-05-03,45440,2385976
20170529,9,20173642,너와 100번째 사랑,2017-05-25,29014,59146
20170529,10,20174803,7번째 내가 죽던 날,2017-05-31,24808,25947
20170605,1,20166488,미이라,2017-06-06,2383951,2384201
20170605,2,20168261,원더 우먼,2017-05-31,701536,1859930
20170605,3,20162343,악녀,2017-06-08,457326,458838
20170605,4,20170982,캐리비안의 해적: 죽은 자는 말이 없다,2017-05-24,450921,2881416
20170605,5,20174602,노무현입니다,2017-05-25,391073,1567822
20170605,6,20169348,대립군,2017-05-31,198133,792640
20170605,7,20175262,겟 아웃,2017-05-17,97118,2105869
20170605,8,20176141,베이블레이드 버스트 갓 : 갓 발키리의 탄생,2017-06-01,53687,103135
20170605,9,20174061,보스 베이비,2017-05-03,46745,2432721
20170605,10,20174821,바다 탐험대 옥토넛 시즌4: 더 파이널,2017-06-01,37587,61644
20170612,1,20166488,미이라,2017-06-06,856684,3240885
20170612,2,20166384,하루,2017-06-15,561452,565894
20170612,3,20162343,악녀,2017-06-08,468222,927060
20170612,4,20168261,원더 우먼,2017-05-31,220109,2080039
20170612,5,20174602,노무현입니다,2017-05-25,155168,1722990
20170612,6,20170982,캐리비안의 해적: 죽은 자는 말이 없다,2017-05-24,125668,3007084
20170612,7,20175423,나의 붉은고래,2017-06-15,41121,45432
20170612,8,20176741,꼬마참새 리차드: 아프리카 원정대,2017-06-15,30640,33477
20170612,9,20169348,대립군,2017-05-31,23117,815757
20170612,10,20172241,꼬마돼지 베이브의 대모험,2017-06-15,20652,21755
20170619,1,20166967,트랜스포머: 최후의 기사,2017-06-21,1750613,1750613
20170619,2,20166384,하루,2017-06-15,423258,989152
20170619,3,20166488,미이라,2017-06-06,321569,3562454
20170619,4,20162343,악녀,2017-06-08,200439,1127499
20170619,5,20174602,노무현입니다,2017-05-25,75065,1798055
20170619,6,20168261,원더 우먼,2017-05-31,61535,2141574
20170619,7,20176201,더 서클,2017-06-22,49088,50118
20170619,8,20170982,캐리비안의 해적: 죽은 자는 말이 없다,2017-05-24,32509,3039593
20170619,9,20175982,다크 하우스,2017-06-22,28839,28965
20170619,10,20175821,언더더씨,2017-06-22,22351,22351
20170626,1,20178982,박열,2017-06-28,1164624,1180561
20170626,2,20166967,트랜스포머: 최후의 기사,2017-06-21,667525,2418138
20170626,3,20159647,리얼,2017-06-28,373295,373721
20170626,4,20166384,하루,2017-06-15,122706,1111858
20170626,5,20158485,옥자,2017-06-29,111993,116847
20170626,6,20166488,미이라,2017-06-06,98827,3661281
20170626,7,20162343,악녀,2017-06-08,65389,1192888
20170626,8,20176961,지랄발광 17세,2017-06-28,38063,39721
20170626,9,20174602,노무현입니다,2017-05-25,33138,1831193
20170626,10,20176201,더 서클,2017-06-22,18498,68616
20170703,1,20167303,스파이더맨: 홈 커밍,2017-07-05,3561853,3563946
20170703,2,20178982,박열,2017-06-28,661679,1842240
20170703,3,20166967,트랜스포머: 최후의 기사,2017-06-21,148742,2566880
20170703,4,20158485,옥자,2017-06-29,98298,215145
20170703,5,20159647,리얼,2017-06-28,74709,448430
20170703,6,20176961,지랄발광 17세,2017-06-28,31679,71400
20170703,7,20166488,미이라,2017-06-06,16802,3678083
20170703,8,20166384,하루,2017-06-15,15906,1127764
20170703,9,20020186,헤드윅,2002-08-09,12248,31740
20170703,10,20174602,노무현입니다,2017-05-25,11130,1842323
20170710,1,20167303,스파이더맨: 홈 커밍,2017-07-05,2338880,5902826
20170710,2,20178982,박열,2017-06-28,369975,2212215
20170710,3,20175522,카3: 새로운 도전,2017-07-13,283998,288762
20170710,4,20177501,플립,2017-07-12,133859,134623
20170710,5,20174801,내 사랑,2017-07-12,81520,85996
20170710,6,20081056,다크 나이트,2008-08-06,61170,4148762
20170710,7,20158485,옥자,2017-06-29,53307,268452
20170710,8,20176562,예수는 역사다,2017-07-13,43743,47752
20170710,9,20166967,트랜스포머: 최후의 기사,2017-06-21,40243,2607123
20170710,10,20162869,택시운전사,2017-08-02,36643,36825
20170717,1,20164621,덩케르크,2017-07-20,1349619,1349619
20170717,2,20167303,스파이더맨: 홈 커밍,2017-07-05,952434,6855260
20170717,3,20177181,47 미터,2017-07-19,437933,439979
20170717,4,20175522,카3: 새로운 도전,2017-07-13,143582,432344
20170717,5,20178321,극장판 짱구는 못말려 : 습격!! 외계인 덩덩이,2017-07-20,136901,137959
20170717,6,20177501,플립,2017-07-12,133293,267916
20170717,7,20178982,박열,2017-06-28,126656,2338871
20170717,8,20174801,내 사랑,2017-07-12,83191,169187
20170717,9,20176562,예수는 역사다,2017-07-13,58636,106388
20170717,10,20177761,오즈: 신기한 마법가루,2017-07-20,49997,54998
20170724,1,20161481,군함도,2017-07-26,4061784,4070080
20170724,2,20173403,슈퍼배드 3,2017-07-26,1225565,1225839
20170724,3,20164621,덩케르크,2017-07-20,829873,2179492
20170724,4,20167303,스파이더맨: 홈 커밍,2017-07-05,276739,7131999
20170724,5,20177181,47 미터,2017-07-19,132922,572901
20170724,6,20178321,극장판 짱구는 못말려 : 습격!! 외계인 덩덩이,2017-07-20,99157,237116
20170724,7,20177501,플립,2017-07-12,60801,328717
20170724,8,20174801,내 사랑,2017-07-12,45056,214243
20170724,9,20175522,카3: 새로운 도전,2017-07-13,40368,472712
20170724,10,20176562,예수는 역사다,2017-07-13,29497,135885
20170731,1,20162869,택시운전사,2017-08-02,4275383,4361047
20170731,2,20161481,군함도,2017-07-26,2010569,6080649
20170731,3,20173403,슈퍼배드 3,2017-07-26,1390488,2616327
20170731,4,20164621,덩케르크,2017-07-20,414316,2593808
20170731,5,20170124,명탐정 코난:진홍의 연가,2017-08-02,310270,311932
20170731,6,20167303,스파이더맨: 홈 커밍,2017-07-05,108767,7240766
20170731,7,20178321,극장판 짱구는 못말려 : 습격!! 외계인 덩덩이,2017-07-20,79538,316654
20170731,8,20174801,내 사랑,2017-07-12,39297,253540
20170731,9,20179186,이모티: 더 무비,2017-08-02,28099,28250
20170731,10,20177501,플립,2017-07-12,20580,349297
20170807,1,20162869,택시운전사,2017-08-02,3576763,7937810
20170807,2,20162442,청년경찰,2017-08-09,1917987,1948171
20170807,3,20161081,애나벨 : 인형의 주인,2017-08-10,931723,934774
20170807,4,20173403,슈퍼배드 3,2017-07-26,411960,3028287
20170807,5,20161481,군함도,2017-07-26,385344,6465993
20170807,6,20178641,빅풋 주니어,2017-08-09,128805,131838
20170807,7,20164621,덩케르크,2017-07-20,122999,2716807
20170807,8,20170124,명탐정 코난:진홍의 연가,2017-08-02,102224,414156
20170807,9,20179085,극장판 도라에몽: 진구의 남극 꽁꽁 대모험,2017-08-10,82630,84133
20170807,10,20178762,파리로 가는 길,2017-08-03,32447,53208
20170814,1,20162869,택시운전사,2017-08-02,2415174,10352984
20170814,2,20162442,청년경찰,2017-08-09,1958233,3906404
20170814,3,20179901,혹성탈출: 종의 전쟁,2017-08-15,1534996,1540913
20170814,4,20161081,애나벨 : 인형의 주인,2017-08-10,818832,1753606
20170814,5,20151003,장산범,2017-08-17,635757,643962
20170814,6,20173403,슈퍼배드 3,2017-07-26,223548,3251835
20170814,7,20178641,빅풋 주니어,2017-08-09,124567,256405
20170814,8,20161481,군함도,2017-07-26,88427,6554420
20170814,9,20179085,극장판 도라에몽: 진구의 남극 꽁꽁 대모험,2017-08-10,69485,153618
20170814,10,20179187,공범자들,2017-08-17,60268,65970
20170821,1,20162869,택시운전사,2017-08-02,1015448,11368432
20170821,2,20164174,브이아이피,2017-08-23,938689,940323
20170821,3,20162442,청년경찰,2017-08-09,927720,4834124
20170821,4,20151003,장산범,2017-08-17,477923,1121885
20170821,5,20179901,혹성탈출: 종의 전쟁,2017-08-15,405876,1946789
20170821,6,20161081,애나벨 : 인형의 주인,2017-08-10,144331,1897937
20170821,7,20179187,공범자들,2017-08-17,83378,149348
20170821,8,20170022,다크타워: 희망의 탑,2017-08-23,80298,80298
20170821,9,20173403,슈퍼배드 3,2017-07-26,56076,3307911
20170821,10,20178641,빅풋 주니어,2017-08-09,43818,300223
20170828,1,20171962,킬러의 보디가드,2017-08-30,760861,776937
20170828,2,20162442,청년경찰,2017-08-09,543177,5377301
20170828,3,20162869,택시운전사,2017-08-02,494552,11862984
20170828,4,20164174,브이아이피,2017-08-23,375160,1315483
20170828,5,20158047,발레리안: 천 개 행성의 도시,2017-08-30,361820,370138
20170828,6,20151003,장산범,2017-08-17,164919,1286804
20170828,7,20179491,아토믹 블론드,2017-08-30,113097,114649
20170828,8,20179407,로마의 휴일,2017-08-30,106350,111457
20170828,9,20179901,혹성탈출: 종의 전쟁,2017-08-15,90158,2036947
20170828,10,20179187,공범자들,2017-08-17,57251,206599
20170904,1,20154909,살인자의 기억법,2017-09-06,1189512,1191407
20170904,2,20179696,그것,2017-09-06,571977,572427
20170904,3,20171962,킬러의 보디가드,2017-08-30,496490,1273427
20170904,4,20162869,택시운전사,2017-08-02,205035,12068019
20170904,5,20162442,청년경찰,2017-08-09,199562,5576863
20170904,6,20158047,발레리안: 천 개 행성의 도시,2017-08-30,121183,491321
20170904,7,20171022,극장판 에그엔젤 코코밍: 푸르밍과 두근두근 코코밍 세계,2017-09-07,87345,87890
20170904,8,20164174,브이아이피,2017-08-23,49470,1364953
20170904,9,20171923,저수지 게임,2017-09-07,45037,47139
20170904,10,20179491,아토믹 블론드,2017-08-30,36246,150895
20170911,1,20154909,살인자의 기억법,2017-09-06,872471,2063878
20170911,2,20171090,베이비 드라이버,2017-09-14,420819,422056
20170911,3,20177541,아메리칸 메이드,2017-09-14,266362,266362
20170911,4,20179696,그것,2017-09-06,237362,809789
20170911,5,20171962,킬러의 보디가드,2017-08-30,222971,1496398
20170911,6,20162869,택시운전사,2017-08-02,84657,12152676
20170911,7,20162442,청년경찰,2017-08-09,61773,5638636
20170911,8,20171923,저수지 게임,2017-09-07,46522,93661
20170911,9,20170607,몬스터 콜,2017-09-14,42605,46897
20170911,10,20171022,극장판 에그엔젤 코코밍: 푸르밍과 두근두근 코코밍 세계,2017-09-07,32988,120878
20170918,1,20174142,아이 캔 스피크,2017-09-21,705111,726329
20170918,2,20154909,살인자의 기억법,2017-09-06,409721,2473599
20170918,3,20171090,베이비 드라이버,2017-09-14,296106,718162
20170918,4,20177541,아메리칸 메이드,2017-09-14,119499,385861
20170918,5,20171962,킬러의 보디가드,2017-08-30,100821,1597219
20170918,6,20179696,그것,2017-09-06,63120,872909
20170918,7,20173945,인비저블 게스트,2017-09-21,42888,44460
20170918,8,20168241,잃어버린 도시 Z,2017-09-21,35320,35565
20170918,9,20170607,몬스터 콜,2017-09-14,28203,75100
20170918,10,20162869,택시운전사,2017-08-02,24077,12176753
20170925,1,20175222,킹스맨: 골든 서클,2017-09-27,2345909,2350671
20170925,2,20174142,아이 캔 스피크,2017-09-21,923023,1649352
20170925,3,20154909,살인자의 기억법,2017-09-06,149259,2622858
20170925,4,20172142,극장판 요괴워치: 하늘을 나는 고래와 더블세계다냥!,2017-09-27,91636,93109
20170925,5,20171090,베이비 드라이버,2017-09-14,83417,801579
20170925,6,20170364,레고 닌자고 무비,2017-09-28,72339,75256
20170925,7,20171962,킬러의 보디가드,2017-08-30,48421,1645640
20170925,8,20173945,인비저블 게스트,2017-09-21,37114,81574
20170925,9,20166132,김광석,2017-08-30,25288,82945
20170925,10,20165450,남한산성,2017-10-03,18949,19196
20171002,1,20165450,남한산성,2017-10-03,2979863,2999059
20171002,2,20175222,킹스맨: 골든 서클,2017-09-27,2050357,4401028
20171002,3,20172742,범죄도시,2017-10-03,1776753,1807161
20171002,4,20174142,아이 캔 스피크,2017-09-21,1220250,2869602
20171002,5,20171817,넛잡 2,2017-10-03,245879,249939
20171002,6,20170964,딥,2017-10-03,167228,170363
20171002,7,20172142,극장판 요괴워치: 하늘을 나는 고래와 더블세계다냥!,2017-09-27,99105,192214
20171002,8,20170364,레고 닌자고 무비,2017-09-28,68098,143354
20171002,9,20171962,킬러의 보디가드,2017-08-30,64072,1709712
20171002,10,20172627,리틀 프린세스 소피아 : 신비한 섬,2017-09-28,32828,50611
20171009,1,20172742,범죄도시,2017-10-03,1866305,3673466
20171009,2,20165450,남한산성,2017-10-03,618596,3617655
20171009,3,20175222,킹스맨: 골든 서클,2017-09-27,410032,4811060
20171009,4,20174142,아이 캔 스피크,2017-09-21,271584,3141186
20171009,5,20154907,희생부활자,2017-10-12,241629,241629
20171009,6,20168282,블레이드 러너 2049,2017-10-12,194445,224181
20171009,7,20171817,넛잡 2,2017-10-03,106767,356706
20171009,8,20170964,딥,2017-10-03,48066,218429
20171009,9,20176767,"나는 내일, 어제의 너와 만난다",2017-10-12,47723,47874
20171009,10,20172142,극장판 요괴워치: 하늘을 나는 고래와 더블세계다냥!,2017-09-27,19160,211374
20171016,1,20172742,범죄도시,2017-10-03,1293726,4967192
20171016,2,20173694,지오스톰,2017-10-19,694758,694758
20171016,3,20164424,대장 김창수,2017-10-19,256181,260225
20171016,4,20165450,남한산성,2017-10-03,157024,3774679
20171016,5,20175222,킹스맨: 골든 서클,2017-09-27,111019,4922079
20171016,6,20174142,아이 캔 스피크,2017-09-21,82114,3223300
20171016,7,20168282,블레이드 러너 2049,2017-10-12,77223,301404
20171016,8,20154907,희생부활자,2017-10-12,76116,317745
20171016,9,20176767,"나는 내일, 어제의 너와 만난다",2017-10-12,72690,120564
20171016,10,20173806,노 게임 노 라이프 -제로-,2017-10-19,42070,42070
20171023,1,20175121,토르: 라그나로크,2017-10-25,2214446,2214586
20171023,2,20172742,범죄도시,2017-10-03,877865,5845057
20171023,3,20173694,지오스톰,2017-10-19,276216,970974
20171023,4,20171024,너의 췌장을 먹고 싶어,2017-10-25,198079,198963
20171023,5,20164424,대장 김창수,2017-10-19,98203,358428
20171023,6,20165450,남한산성,2017-10-03,51544,3826223
20171023,7,20176767,"나는 내일, 어제의 너와 만난다",2017-10-12,37427,157991
20171023,8,20174142,아이 캔 스피크,2017-09-21,34960,3258260
20171023,9,20175208,뷰티풀 투모로우,2017-10-26,26830,26830
20171023,10,20173806,노 게임 노 라이프 -제로-,2017-10-19,20053,62123
20171030,1,20175121,토르: 라그나로크,2017-10-25,1356454,3571040
20171030,2,20172603,부라더,2017-11-02,712294,731562
20171030,3,20172742,범죄도시,2017-10-03,523941,6368998
20171030,4,20169643,침묵,2017-11-02,300393,302647
20171030,5,20171024,너의 췌장을 먹고 싶어,2017-10-25,146584,345547
20171030,6,20173724,직쏘,2017-11-02,75984,76656
20171030,7,20173694,지오스톰,2017-10-19,54348,1025322
20171030,8,20070454,원스,2007-09-20,21826,255424
20171030,9,20164424,대장 김창수,2017-10-19,18643,377071
20171030,10,20175208,뷰티풀 투모로우,2017-10-26,16885,43715
20171106,1,20175121,토르: 라그나로크,2017-10-25,711922,4282962
20171106,2,20172603,부라더,2017-11-02,550804,1282366
20171106,3,20174622,해피 데스데이,2017-11-08,506375,506745
20171106,4,20172742,범죄도시,2017-10-03,308292,6677290
20171106,5,20161681,미옥,2017-11-09,192837,192862
20171106,6,20169643,침묵,2017-11-02,166287,468934
20171106,7,20175441,채비,2017-11-09,71801,74888
20171106,8,20171024,너의 췌장을 먹고 싶어,2017-10-25,65594,411141
20171106,9,20179942,러빙 빈센트,2017-11-09,49059,50654
20171106,10,20175244,극장판 파워레인저: 애니멀포스 VS 닌자포스 미래에서 온 메시지 ,2017-11-09,38162,40711
20171113,1,20168221,저스티스 리그,2017-11-15,1141912,1141912
20171113,2,20174622,해피 데스데이,2017-11-08,531144,1037889
20171113,3,20175121,토르: 라그나로크,2017-10-25,309430,4592392
20171113,4,20168754,7호실,2017-11-15,270102,271107
20171113,5,20172603,부라더,2017-11-02,170001,1452367
20171113,6,20172742,범죄도시,2017-10-03,134982,6812272
20171113,7,20179942,러빙 빈센트,2017-11-09,71107,121761
20171113,8,20175441,채비,2017-11-09,55616,130504
20171113,9,20161681,미옥,2017-11-09,43154,236016
20171113,10,20171024,너의 췌장을 먹고 싶어,2017-10-25,32693,443834
20171120,1,20165748,꾼,2017-11-22,1655893,1689144
20171120,2,20168221,저스티스 리그,2017-11-15,479457,1621369
20171120,3,20174622,해피 데스데이,2017-11-08,267838,1305727
20171120,4,20175121,토르: 라그나로크,2017-10-25,160284,4752676
20171120,5,20179942,러빙 빈센트,2017-11-09,79550,201311
20171120,6,20168754,7호실,2017-11-15,63113,334220
20171120,7,20172742,범죄도시,2017-10-03,49638,6861910
20171120,8,20172603,부라더,2017-11-02,33467,1485834
20171120,9,20175223,래빗 스쿨,2017-11-23,33322,34022
20171120,10,20175441,채비,2017-11-09,26321,156825
20171127,1,20165748,꾼,2017-11-22,1306837,2995981
20171127,2,20173581,기억의 밤,2017-11-29,566597,569748
20171127,3,20178581,오리엔트 특급 살인,2017-11-29,487760,488861
20171127,4,20161762,반드시 잡는다,2017-11-29,270275,276473
20171127,5,20168221,저스티스 리그,2017-11-15,133211,1754580
20171127,6,20179942,러빙 빈센트,2017-11-09,74323,275634
20171127,7,20040695,이프 온리,2004-10-29,73150,932686
20171127,8,20175121,토르: 라그나로크,2017-10-25,70512,4823188
20171127,9,20174622,해피 데스데이,2017-11-08,66394,1372121
20171127,10,20175223,래빗 스쿨,2017-11-23,16556,50578
20171204,1,20165748,꾼,2017-11-22,726463,3722444
20171204,2,20173581,기억의 밤,2017-11-29,535853,1105601
20171204,3,20174846,뽀로로 극장판 공룡섬 대모험,2017-12-07,320299,324234
20171204,4,20174585,메리와 마녀의 꽃,2017-12-07,309742,309989
20171204,5,20178581,오리엔트 특급 살인,2017-11-29,282935,771796
20171204,6,20173693,어쌔신: 더 비기닝,2017-12-07,150464,152787
20171204,7,20161762,반드시 잡는다,2017-11-29,137061,413534
20171204,8,20040695,이프 온리,2004-10-29,54216,986902
20171204,9,20179942,러빙 빈센트,2017-11-09,49642,325276
20171204,10,20167904,라라랜드,2016-12-07,39389,3552086
20171211,1,20170402,강철비,2017-12-14,1643489,1645140
20171211,2,20170443,스타워즈: 라스트 제다이,2017-12-14,638530,639047
20171211,3,20165748,꾼,2017-11-22,270130,3992574
20171211,4,20173581,기억의 밤,2017-11-29,247958,1353559
20171211,5,20174846,뽀로로 극장판 공룡섬 대모험,2017-12-07,233917,558151
20171211,6,20174585,메리와 마녀의 꽃,2017-12-07,183444,493433
20171211,7,20178581,오리엔트 특급 살인,2017-11-29,83866,855662
20171211,8,20173693,어쌔신: 더 비기닝,2017-12-07,48030,200817
20171211,9,20176367,극장판 숲의 요정 페어리루 ~크리스마스의 기적: 마법의 날개~,2017-12-14,39292,40142
20171211,10,20161762,반드시 잡는다,2017-11-29,32075,445609
20171218,1,20150976,신과함께-죄와 벌,2017-12-20,3548260,3558732
20171218,2,20170402,강철비,2017-12-14,1511719,3156859
20171218,3,20179462,위대한 쇼맨,2017-12-20,389625,392046
20171218,4,20170443,스타워즈: 라스트 제다이,2017-12-14,235220,874267
20171218,5,20174965,극장판 포켓몬스터 너로 정했다!,2017-12-21,188603,189774
20171218,6,20176082,몬스터 패밀리,2017-12-21,147854,151681
20171218,7,20174846,뽀로로 극장판 공룡섬 대모험,2017-12-07,102043,660194
20171218,8,20174585,메리와 마녀의 꽃,2017-12-07,33582,527015
20171218,9,20173581,기억의 밤,2017-11-29,31636,1385195
20171218,10,20176022,더 크리스마스,2017-12-21,30958,31468
20171225,1,20150976,신과함께-죄와 벌,2017-12-20,4980763,8539495
20171225,2,20170590,1987,2017-12-27,1913914,1942077
20171225,3,20170402,강철비,2017-12-14,857434,4014293
20171225,4,20179462,위대한 쇼맨,2017-12-20,422539,814585
20171225,5,20174965,극장판 포켓몬스터 너로 정했다!,2017-12-21,225481,415255
20171225,6,20176082,몬스터 패밀리,2017-12-21,189933,341614
20171225,7,20174846,뽀로로 극장판 공룡섬 대모험,2017-12-07,113549,773743
20171225,8,20176947,원더,2017-12-27,78694,81680
20171225,9,20170443,스타워즈: 라스트 제다이,2017-12-14,72280,946547
20171225,10,20177479,극장판 프리파라 모두의 동경♪ 렛츠고☆프리파리,2017-12-28,31562,36450
20180101,1,20150976,신과함께-죄와 벌,2017-12-20,2962764,11502259
20180101,2,20170590,1987,2017-12-27,2147221,4089298
20180101,3,20171909,쥬만지: 새로운 세계,2018-01-03,891970,894544
20180101,4,20177104,페르디난드,2018-01-03,354109,355767
20180101,5,20170402,강철비,2017-12-14,336435,4350728
20180101,6,20179462,위대한 쇼맨,2017-12-20,257299,1071884
20180101,7,20174965,극장판 포켓몬스터 너로 정했다!,2017-12-21,83275,498530
20180101,8,20176947,원더,2017-12-27,66005,147685
20180101,9,20176082,몬스터 패밀리,2017-12-21,52538,394152
20180101,10,20174846,뽀로로 극장판 공룡섬 대모험,2017-12-07,38931,812674
20180108,1,20170590,1987,2017-12-27,1697548,5786846
20180108,2,20150976,신과함께-죄와 벌,2017-12-20,1341787,12844046
20180108,3,20179985,코코,2018-01-11,843778,849975
20180108,4,20171909,쥬만지: 새로운 세계,2018-01-03,624447,1518991
20180108,5,20177104,페르디난드,2018-01-03,140234,496001
20180108,6,20179462,위대한 쇼맨,2017-12-20,139590,1211474
20180108,7,20173547,다운사이징,2018-01-11,125041,125427
20180108,8,20170402,강철비,2017-12-14,85503,4436231
20180108,9,20176947,원더,2017-12-27,32143,179828
20180108,10,20177602,"쏘아올린 불꽃, 밑에서 볼까? 옆에서 볼까?",2018-01-11,21833,22051
20180115,1,20175054,메이즈 러너: 데스 큐어,2018-01-17,1262230,1265956
20180115,2,20179985,코코,2018-01-11,953047,1803022
20180115,3,20176104,그것만이 내 세상,2018-01-17,898362,910369
20180115,4,20170590,1987,2017-12-27,881320,6668166
20180115,5,20150976,신과함께-죄와 벌,2017-12-20,698078,13542124
20180115,6,20171909,쥬만지: 새로운 세계,2018-01-03,165659,1684650
20180115,7,20179462,위대한 쇼맨,2017-12-20,68998,1280472
20180115,8,20177104,페르디난드,2018-01-03,27245,523246
20180115,9,20176947,원더,2017-12-27,24946,204774
20180115,10,20173547,다운사이징,2018-01-11,23387,148814
20180122,1,20176104,그것만이 내 세상,2018-01-17,1067403,1977772
20180122,2,20179985,코코,2018-01-11,753208,2556230
20180122,3,20175054,메이즈 러너: 데스 큐어,2018-01-17,687759,1953715
20180122,4,20150976,신과함께-죄와 벌,2017-12-20,406085,13948209
20180122,5,20170590,1987,2017-12-27,357767,7025933
20180122,6,20178230,커뮤터,2018-01-24,221543,223178
20180122,7,20168161,1급기밀,2018-01-24,155662,164380
20180122,8,20179462,위대한 쇼맨,2017-12-20,38807,1319279
20180122,9,20177473,비밥바룰라,2018-01-24,33733,34470
20180122,10,20178444,극장판 레이디버그: 미라클스톤의 비밀,2018-01-25,25443,26133
20180129,1,20168323,염력,2018-01-31,843118,846977
20180129,2,20176104,그것만이 내 세상,2018-01-17,814274,2792046
20180129,3,20179985,코코,2018-01-11,491374,3047604
20180129,4,20178126,인시디어스4: 라스트 키,2018-01-31,362846,363224
20180129,5,20175054,메이즈 러너: 데스 큐어,2018-01-17,252630,2206345
20180129,6,20150976,신과함께-죄와 벌,2017-12-20,247988,14196197
20180129,7,20170590,1987,2017-12-27,149471,7175404
20180129,8,20178395,12 솔져스,2018-01-31,129028,129738
20180129,9,20178230,커뮤터,2018-01-24,54267,277445
20180129,10,20179228,마야2,2018-02-01,53660,55214
20180205,1,20179205,조선명탐정: 흡혈괴마의 비밀,2018-02-08,935036,965445
20180205,2,20176104,그것만이 내 세상,2018-01-17,428622,3220668
20180205,3,20179985,코코,2018-01-11,247543,3295147
20180205,4,20178126,인시디어스4: 라스트 키,2018-01-31,157186,520410
20180205,5,20150976,신과함께-죄와 벌,2017-12-20,137752,14333949
20180205,6,20168323,염력,2018-01-31,131150,978127
20180205,7,20178672,패딩턴 2,2018-02-08,120300,126182
20180205,8,20175054,메이즈 러너: 데스 큐어,2018-01-17,79089,2285434
20180205,9,20178395,12 솔져스,2018-01-31,75913,205651
20180205,10,20170590,1987,2017-12-27,42827,7218231
20180212,1,20170561,블랙 팬서,2018-02-14,3095924,3097703
20180212,2,20179205,조선명탐정: 흡혈괴마의 비밀,2018-02-08,1110555,2076000
20180212,3,20168250,골든슬럼버,2018-02-14,976986,982631
20180212,4,20176121,흥부: 글로 세상을 바꾼 자,2018-02-14,320751,322332
20180212,5,20078561,명탐정 코난:감벽의 관,2018-02-14,156706,157917
20180212,6,20176104,그것만이 내 세상,2018-01-17,147594,3368262
20180212,7,20179985,코코,2018-01-11,136122,3431269
20180212,8,20178672,패딩턴 2,2018-02-08,101332,227514
20180212,9,20150976,신과함께-죄와 벌,2017-12-20,64161,14398110
20180212,10,20178126,인시디어스4: 라스트 키,2018-01-31,29829,550239
20180219,1,20170561,블랙 팬서,2018-02-14,1398906,4496609
20180219,2,20168250,골든슬럼버,2018-02-14,344961,1327592
20180219,3,20179205,조선명탐정: 흡혈괴마의 비밀,2018-02-08,310716,2386716
20180219,4,20177946,월요일이 사라졌다,2018-02-22,267769,267895
20180219,5,20173436,셰이프 오브 워터: 사랑의 모양,2018-02-22,157591,162560
20180219,6,20180542,50가지 그림자: 해방,2018-02-21,116592,116592
20180219,7,20176121,흥부: 글로 세상을 바꾼 자,2018-02-14,82317,404649
20180219,8,20078561,명탐정 코난:감벽의 관,2018-02-14,68370,226287
20180219,9,20178672,패딩턴 2,2018-02-08,60362,287876
20180219,10,20179985,코코,2018-01-11,57691,3488960
20180226,1,20150969,궁합,2018-02-28,921549,924228
20180226,2,20170561,블랙 팬서,2018-02-14,699366,5195975
20180226,3,20170841,리틀 포레스트,2018-02-28,672329,686573
20180226,4,20177946,월요일이 사라졌다,2018-02-22,494804,762699
20180226,5,20173436,셰이프 오브 워터: 사랑의 모양,2018-02-22,165311,327871
20180226,6,20179731,나미야 잡화점의 기적,2018-02-28,155241,157331
20180226,7,20180341,레드 스패로,2018-02-28,81068,81330
20180226,8,20180542,50가지 그림자: 해방,2018-02-21,74613,191205
20180226,9,20189663,게이트,2018-02-28,73789,75432
20180226,10,20189861,더 포스트,2018-02-28,72658,77401
20180305,1,20178781,사라진 밤,2018-03-07,652526,653978
20180305,2,20170841,리틀 포레스트,2018-02-28,436907,1123480
20180305,3,20180564,툼레이더,2018-03-08,374967,374967
20180305,4,20150969,궁합,2018-02-28,344812,1269040
20180305,5,20170561,블랙 팬서,2018-02-14,144272,5340247
20180305,6,20177946,월요일이 사라졌다,2018-02-22,109482,872181
20180305,7,20173436,셰이프 오브 워터: 사랑의 모양,2018-02-22,101270,429141
20180305,8,20178490,온리 더 브레이브,2018-03-07,37931,40003
20180305,9,20189861,더 포스트,2018-02-28,34359,111760
20180305,10,20176070,플로리다 프로젝트,2018-03-07,32766,41099
20180312,1,20170669,지금 만나러 갑니다,2018-03-14,867156,880903
20180312,2,20178781,사라진 밤,2018-03-07,455173,1109151
20180312,3,20170841,리틀 포레스트,2018-02-28,230096,1353576
20180312,4,20172244,치즈인더트랩,2018-03-14,159720,161794
20180312,5,20180302,허리케인 하이스트,2018-03-14,158894,159141
20180312,6,20180564,툼레이더,2018-03-08,141078,516045
20180312,7,20150969,궁합,2018-02-28,58401,1327441
20180312,8,20173436,셰이프 오브 워터: 사랑의 모양,2018-02-22,47010,476151
20180312,9,20178449,쓰리 빌보드,2018-03-15,37346,41074
20180312,10,20170561,블랙 팬서,2018-02-14,36213,5376460
20180319,1,20170669,지금 만나러 갑니다,2018-03-14,942843,1823746
20180319,2,20174603,퍼시픽 림: 업라이징,2018-03-21,858201,858401
20180319,3,20178781,사라진 밤,2018-03-07,178846,1287997
20180319,4,20170841,리틀 포레스트,2018-02-28,112681,1466257
20180319,5,20178522,콜 미 바이 유어 네임,2018-03-22,63259,67262
20180319,6,20180804,곤지암,2018-03-28,61369,67929
20180319,7,20172244,치즈인더트랩,2018-03-14,58793,220587
20180319,8,20181366,미니특공대X,2018-03-22,52971,53837
20180319,9,20180302,허리케인 하이스트,2018-03-14,50084,209225
20180319,10,20178449,쓰리 빌보드,2018-03-15,35366,76440
20180326,1,20180804,곤지암,2018-03-28,1299451,1367380
20180326,2,20171122,레디 플레이어 원,2018-03-28,984512,986709
20180326,3,20170669,지금 만나러 갑니다,2018-03-14,497485,2321231
20180326,4,20154908,7년의 밤,2018-03-28,413820,418122
20180326,5,20174603,퍼시픽 림: 업라이징,2018-03-21,193985,1052386
20180326,6,20178522,콜 미 바이 유어 네임,2018-03-22,57929,125191
20180326,7,20170841,리틀 포레스트,2018-02-28,29947,1496204
20180326,8,20181366,미니특공대X,2018-03-22,29395,83232
20180326,9,20178781,사라진 밤,2018-03-07,26311,1314308
20180326,10,20173962,소공녀,2018-03-22,19801,42346
20180402,1,20180804,곤지암,2018-03-28,881025,2248405
20180402,2,20171122,레디 플레이어 원,2018-03-28,739353,1726062
20180402,3,20153447,바람 바람 바람,2018-04-05,605327,616974
20180402,4,20170669,지금 만나러 갑니다,2018-03-14,204504,2525735
20180402,5,20181561,덕구,2018-04-05,130095,137852
20180402,6,20154908,7년의 밤,2018-03-28,95234,513356
20180402,7,20178424,레이디 버드,2018-04-04,45610,49752
20180402,8,20182021,번개맨과 신비의 섬,2018-04-05,35778,36416
20180402,9,20178522,콜 미 바이 유어 네임,2018-03-22,30084,155275
20180402,10,20181788,콰이어트 플레이스,2018-04-12,21788,21788
20180409,1,20176917,램페이지,2018-04-12,686618,686618
20180409,2,20153447,바람 바람 바람,2018-04-05,392663,1009637
20180409,3,20171122,레디 플레이어 원,2018-03-28,340040,2066102
20180409,4,20180804,곤지암,2018-03-28,318853,2567258
20180409,5,20181788,콰이어트 플레이스,2018-04-12,243908,265696
20180409,6,20182352,"그날, 바다",2018-04-12,177719,178265
20180409,7,20181561,덕구,2018-04-05,109909,247761
20180409,8,20170669,지금 만나러 갑니다,2018-03-14,60705,2586440
20180409,9,20165045,머니백,2018-04-12,35030,40109
20180409,10,20178424,레이디 버드,2018-04-04,27446,77198
20180416,1,20176917,램페이지,2018-04-12,572862,1259480
20180416,2,20182352,"그날, 바다",2018-04-12,207516,385781
20180416,3,20181788,콰이어트 플레이스,2018-04-12,194806,460502
20180416,4,20171122,레디 플레이어 원,2018-03-28,156482,2222584
20180416,5,20153447,바람 바람 바람,2018-04-05,149810,1159447
20180416,6,20177266,나를 기억해,2018-04-19,106442,107275
20180416,7,20180804,곤지암,2018-03-28,95119,2662377
20180416,8,20181561,덕구,2018-04-05,45043,292804
20180416,9,20182360,정글번치: 최강 악당의 등장,2018-04-19,29028,31087
20180416,10,20182701,크리미널 스쿼드,2018-04-19,21362,21562
20180423,1,20177478,어벤져스: 인피니티 워,2018-04-25,4764495,4764495
20180423,2,20176917,램페이지,2018-04-12,113177,1372657
20180423,3,20182352,"그날, 바다",2018-04-12,90514,476295
20180423,4,20181788,콰이어트 플레이스,2018-04-12,42373,502875
20180423,5,20167007,살인소설,2018-04-25,37962,38368
20180423,6,20182561,당갈,2018-04-25,36136,40846
20180423,7,20153447,바람 바람 바람,2018-04-05,32329,1191776
20180423,8,20177266,나를 기억해,2018-04-19,30923,138198
20180423,9,20171122,레디 플레이어 원,2018-03-28,23738,2246322
20180423,10,20183195,레오나르도 다 빈치,2018-04-26,17547,18140
20180430,1,20177478,어벤져스: 인피니티 워,2018-04-25,3733415,8497910
20180430,2,20189783,챔피언,2018-05-01,700520,701215
20180430,3,20182984,얼리맨,2018-05-03,65498,69245
20180430,4,20182352,"그날, 바다",2018-04-12,43225,519520
20180430,5,20182989,커다랗고 커다랗고 커다란 배,2018-05-03,41194,42182
20180430,6,20182385,매직빈,2018-05-03,37596,38796
20180430,7,20183195,레오나르도 다 빈치,2018-04-26,33078,51218
20180430,8,20177005,레슬러,2018-05-09,30072,32698
20180430,9,20182561,당갈,2018-04-25,19346,60192
20180430,10,20176069,원더스트럭,2018-05-03,13100,13987
20180507,1,20177478,어벤져스: 인피니티 워,2018-04-25,1636058,10133968
20180507,2,20177005,레슬러,2018-05-09,504073,536771
20180507,3,20189783,챔피언,2018-05-01,366339,1067554
20180507,4,20182989,커다랗고 커다랗고 커다란 배,2018-05-03,47395,89577
20180507,5,20182984,얼리맨,2018-05-03,46760,116005
20180507,6,20182561,당갈,2018-04-25,24574,84766
20180507,7,20137352,루비 스팍스,2018-05-10,18035,18699
20180507,8,20176067,"부르고뉴, 와인에서 찾은 인생",2018-05-03,16249,26191
20180507,9,20182352,"그날, 바다",2018-04-12,15145,534665
20180507,10,20182385,매직빈,2018-05-03,15081,53877
20180514,1,20176848,데드풀 2,2018-05-16,1972064,1973335
20180514,2,20177478,어벤져스: 인피니티 워,2018-04-25,556003,10689971
20180514,3,20173202,버닝,2018-05-17,277891,277891
20180514,4,20177005,레슬러,2018-05-09,187756,724527
20180514,5,20183084,피터 래빗,2018-05-16,110669,112486
20180514,6,20189783,챔피언,2018-05-01,49985,1117539
20180514,7,20182046,"안녕, 나의 소녀",2018-05-16,48655,48835
20180514,8,20183321,마징가 Z: 인피니티,2018-05-17,13588,13924
20180514,9,20182561,당갈,2018-04-25,12866,97632
20180514,10,20176067,"부르고뉴, 와인에서 찾은 인생",2018-05-03,11778,37969
20180521,1,20179383,독전,2018-05-22,1808504,1812738
20180521,2,20176848,데드풀 2,2018-05-16,1192361,3165696
20180521,3,20177478,어벤져스: 인피니티 워,2018-04-25,324243,11014214
20180521,4,20183084,피터 래빗,2018-05-16,197438,309924
20180521,5,20183801,트루스 오어 데어,2018-05-22,184357,184557
20180521,6,20173202,버닝,2018-05-17,170961,448852
20180521,7,20180789,한 솔로: 스타워즈 스토리,2018-05-24,124399,125023
20180521,8,20182046,"안녕, 나의 소녀",2018-05-16,43009,91844
20180521,9,20177005,레슬러,2018-05-09,41209,765736
20180521,10,20184513,위 베어 베어스: 베이비 베어스,2018-05-24,12110,13114
20180528,1,20179383,독전,2018-05-22,1718530,3531268
20180528,2,20176848,데드풀 2,2018-05-16,451310,3617006
20180528,3,20177478,어벤져스: 인피니티 워,2018-04-25,122232,11136446
20180528,4,20183801,트루스 오어 데어,2018-05-22,104111,288668
20180528,5,20180789,한 솔로: 스타워즈 스토리,2018-05-24,77927,202950
20180528,6,20173202,버닝,2018-05-17,54941,503793
20180528,7,20183084,피터 래빗,2018-05-16,54713,364637
20180528,8,20173865,데자뷰,2018-05-30,41446,41906
20180528,9,20176053,"스탠바이, 웬디",2018-05-30,29241,30268
20180528,10,20182046,"안녕, 나의 소녀",2018-05-16,14685,106529
20180604,1,20179086,쥬라기 월드: 폴른 킹덤,2018-06-06,3223416,3223416
20180604,2,20179383,독전,2018-05-22,973771,4505039
20180604,3,20176848,데드풀 2,2018-05-16,136449,3753455
20180604,4,20135305,극장판 포켓몬스터DP - 디아루가 VS 펄기아 VS 다크라이,2018-06-06,133846,133846
20180604,5,20185081,아이 필 프리티,2018-06-06,106305,106454
20180604,6,20184801,유전,2018-06-07,90399,90525
20180604,7,20177478,어벤져스: 인피니티 워,2018-04-25,40507,11176953
20180604,8,20184261,벅스 프렌즈,2018-06-06,26793,27390
20180604,9,20183801,트루스 오어 데어,2018-05-22,20645,309313
20180604,10,20173202,버닝,2018-05-17,17877,521670
20180611,1,20179086,쥬라기 월드: 폴른 킹덤,2018-06-06,1529747,4753163
20180611,2,20178161,탐정: 리턴즈,2018-06-13,1020490,1030320
20180611,3,20184903,오션스8,2018-06-13,616329,621060
20180611,4,20179383,독전,2018-05-22,321809,4826848
20180611,5,20185081,아이 필 프리티,2018-06-06,73047,179501
20180611,6,20184801,유전,2018-06-07,57787,148312
20180611,7,20135305,극장판 포켓몬스터DP - 디아루가 VS 펄기아 VS 다크라이,2018-06-06,39522,173368
20180611,8,20176848,데드풀 2,2018-05-16,24241,3777696
20180611,9,20172469,허스토리,2018-06-27,12634,14102
20180611,10,20184512,토니스토리2: 고철왕국의 친구들,2018-06-13,12415,12415
20180618,1,20178161,탐정: 리턴즈,2018-06-13,1002567,2032887
20180618,2,20179086,쥬라기 월드: 폴른 킹덤,2018-06-06,530282,5283445
20180618,3,20184903,오션스8,2018-06-13,426377,1047437
20180618,4,20179383,독전,2018-05-22,151297,4978145
20180618,5,20184845,미드나잇 선,2018-06-21,69741,74043
20180618,6,20184101,여중생A,2018-06-20,62732,64362
20180618,7,20185081,아이 필 프리티,2018-06-06,34095,213596
20180618,8,20184689,아일라,2018-06-21,22970,23712
20180618,9,20090834,아바타,2009-12-17,20459,13324025
20180618,10,20184801,유전,2018-06-07,19448,167760
20180625,1,20185341,마녀,2018-06-27,952428,958786
20180625,2,20178161,탐정: 리턴즈,2018-06-13,796950,2829837
20180625,3,20179086,쥬라기 월드: 폴른 킹덤,2018-06-06,305054,5588499
20180625,4,20184903,오션스8,2018-06-13,237434,1284871
20180625,5,20172469,허스토리,2018-06-27,172304,203574
20180625,6,20184721,시카리오: 데이 오브 솔다도,2018-06-27,154976,154976
20180625,7,20184845,미드나잇 선,2018-06-21,92735,166778
20180625,8,20179383,독전,2018-05-22,74960,5053105
20180625,9,20185001,빅샤크: 매직체인지,2018-06-27,58731,59507
20180625,10,20184101,여중생A,2018-06-20,24300,88662
20180702,1,20180522,앤트맨과 와스프,2018-07-04,2626042,2626042
20180702,2,20185341,마녀,2018-06-27,837916,1796702
20180702,3,20174369,변산,2018-07-04,264492,282199
20180702,4,20178161,탐정: 리턴즈,2018-06-13,231147,3060984
20180702,5,20172469,허스토리,2018-06-27,74849,278423
20180702,6,20179086,쥬라기 월드: 폴른 킹덤,2018-06-06,56453,5644952
20180702,7,20184721,시카리오: 데이 오브 솔다도,2018-06-27,53155,208131
20180702,8,20184845,미드나잇 선,2018-06-21,52744,219522
20180702,9,20184903,오션스8,2018-06-13,41921,1326792
20180702,10,20185001,빅샤크: 매직체인지,2018-06-27,37062,96569
20180709,1,20180522,앤트맨과 와스프,2018-07-04,1758345,4384387
20180709,2,20185341,마녀,2018-06-27,680175,2476877
20180709,3,20181443,스카이스크래퍼,2018-07-11,615091,615937
20180709,4,20180282,속닥속닥,2018-07-13,163278,164139
20180709,5,20174369,변산,2018-07-04,156292,438491
20180709,6,20178161,탐정: 리턴즈,2018-06-13,72002,3132986
20180709,7,20184845,미드나잇 선,2018-06-21,41319,260841
20180709,8,20172469,허스토리,2018-06-27,32336,310759
20180709,9,20185001,빅샤크: 매직체인지,2018-06-27,28339,124908
20180709,10,20182564,"오늘 밤, 로맨스 극장에서",2018-07-11,19969,24419
20180716,1,20183361,인크레더블 2,2018-07-18,1359279,1364502
20180716,2,20180522,앤트맨과 와스프,2018-07-04,818508,5202895
20180716,3,20185341,마녀,2018-06-27,523404,3000281
20180716,4,20181443,스카이스크래퍼,2018-07-11,335751,951688
20180716,5,20188042,독전: 익스텐디드 컷,2018-07-18,111528,111528
20180716,6,20185621,호텔 아르테미스,2018-07-18,64764,64950
20180716,7,20180282,속닥속닥,2018-07-13,48368,212507
20180716,8,20184845,미드나잇 선,2018-06-21,45806,306647
20180716,9,20174369,변산,2018-07-04,41765,480256
20180716,10,20186001,신은 죽지 않았다 3: 어둠 속의 빛,2018-07-19,33292,40669
20180723,1,20181181,미션 임파서블: 폴아웃,2018-07-25,3295852,3299579
20180723,2,20183361,인크레더블 2,2018-07-18,899723,2264225
20180723,3,20170942,인랑,2018-07-25,756884,759315
20180723,4,20185242,신비아파트: 금빛 도깨비와 비밀의 동굴,2018-07-25,317299,318933
20180723,5,20180522,앤트맨과 와스프,2018-07-04,202086,5404981
20180723,6,20185341,마녀,2018-06-27,163637,3163918
20180723,7,20181443,스카이스크래퍼,2018-07-11,48290,999978
20180723,8,20186121,어느 가족,2018-07-26,37403,38582
20180723,9,20188042,독전: 익스텐디드 컷,2018-07-18,25357,136885
20180723,10,20186001,신은 죽지 않았다 3: 어둠 속의 빛,2018-07-19,22378,63047
20180730,1,20186202,신과함께-인과 연,2018-08-01,6182041,6193754
20180730,2,20181181,미션 임파서블: 폴아웃,2018-07-25,2195605,5495184
20180730,3,20183361,인크레더블 2,2018-07-18,625203,2889428
20180730,4,20186501,극장판 헬로카봇 : 백악기 시대,2018-08-01,618428,621788
20180730,5,20185242,신비아파트: 금빛 도깨비와 비밀의 동굴,2018-07-25,303027,621960
20180730,6,20170942,인랑,2018-07-25,131993,891308
20180730,7,20181942,맘마미아!2,2018-08-08,68527,75214
20180730,8,20186121,어느 가족,2018-07-26,53711,92293
20180730,9,20180522,앤트맨과 와스프,2018-07-04,39820,5444801
20180730,10,20185341,마녀,2018-06-27,24487,3188405
20180806,1,20186202,신과함께-인과 연,2018-08-01,3437475,9631229
20180806,2,20179101,공작,2018-08-08,2058091,2066490
20180806,3,20181942,맘마미아!2,2018-08-08,786242,861456
20180806,4,20181181,미션 임파서블: 폴아웃,2018-07-25,657379,6152563
20180806,5,20184802,몬스터 호텔 3,2018-08-08,511134,511348
20180806,6,20187427,명탐정 코난 : 제로의 집행인,2018-08-08,281327,282149
20180806,7,20186501,극장판 헬로카봇 : 백악기 시대,2018-08-01,163553,785341
20180806,8,20183361,인크레더블 2,2018-07-18,108587,2998015
20180806,9,20185242,신비아파트: 금빛 도깨비와 비밀의 동굴,2018-07-25,45919,667879
20180806,10,20186121,어느 가족,2018-07-26,31594,123887
20180813,1,20179101,공작,2018-08-08,1975086,4041576
20180813,2,20186202,신과함께-인과 연,2018-08-01,1688614,11319843
20180813,3,20170670,목격자,2018-08-15,1344363,1365429
20180813,4,20181942,맘마미아!2,2018-08-08,720754,1582210
20180813,5,20183584,메가로돈,2018-08-15,413426,413426
20180813,6,20184802,몬스터 호텔 3,2018-08-08,393158,904506
20180813,7,20181181,미션 임파서블: 폴아웃,2018-07-25,281166,6433729
20180813,8,20187641,극장판 도라에몽: 진구의 보물섬,2018-08-15,136993,138640
20180813,9,20187427,명탐정 코난 : 제로의 집행인,2018-08-08,95108,377257
20180813,10,20186501,극장판 헬로카봇 : 백악기 시대,2018-08-01,68889,854230
20180820,1,20153446,너의 결혼식,2018-08-22,877096,901602
20180820,2,20170670,목격자,2018-08-15,831786,2197215
20180820,3,20179101,공작,2018-08-08,621046,4662622
20180820,4,20186202,신과함께-인과 연,2018-08-01,561730,11881573
20180820,5,20181942,맘마미아!2,2018-08-08,374831,1957041
20180820,6,20187647,나를 차버린 스파이,2018-08-22,155032,163992
20180820,7,20184802,몬스터 호텔 3,2018-08-08,119124,1023630
20180820,8,20183584,메가로돈,2018-08-15,102110,515536
20180820,9,20181181,미션 임파서블: 폴아웃,2018-07-25,95113,6528842
20180820,10,20187657,마일22,2018-08-23,51142,51350
20180827,1,20153446,너의 결혼식,2018-08-22,1047762,1949364
20180827,2,20185046,서치,2018-08-29,567867,570893
20180827,3,20177537,상류사회,2018-08-29,506864,508651
20180827,4,20170670,목격자,2018-08-15,256423,2453638
20180827,5,20186202,신과함께-인과 연,2018-08-01,247035,12128608
20180827,6,20179101,공작,2018-08-08,216964,4879586
20180827,7,20181942,맘마미아!2,2018-08-08,202084,2159125
20180827,8,20187647,나를 차버린 스파이,2018-08-22,71061,235053
20180827,9,20181181,미션 임파서블: 폴아웃,2018-07-25,38257,6567099
20180827,10,20139221,그래비티,2013-10-17,33356,3262924
20180903,1,20185046,서치,2018-08-29,1164746,1735639
20180903,2,20153446,너의 결혼식,2018-08-22,573427,2522791
20180903,3,20177537,상류사회,2018-08-29,208636,717287
20180903,4,20189362,업그레이드,2018-09-06,109140,109579
20180903,5,20186202,신과함께-인과 연,2018-08-01,102777,12231385
20180903,6,20181942,맘마미아!2,2018-08-08,87159,2246284
20180903,7,20179101,공작,2018-08-08,69999,4949585
20180903,8,20170670,목격자,2018-08-15,58521,2512159
20180903,9,20189261,어드리프트:우리가 함께한 바다,2018-09-06,40299,41977
20180903,10,20187647,나를 차버린 스파이,2018-08-22,22963,258016
20180910,1,20185046,서치,2018-08-29,781851,2517490
20180910,2,20156554,물괴,2018-09-12,612631,613890
20180910,3,20153446,너의 결혼식,2018-08-22,250028,2772819
20180910,4,20188581,더 프레데터,2018-09-12,149398,149398
20180910,5,20189362,업그레이드,2018-09-06,68574,178153
20180910,6,20177537,상류사회,2018-08-29,43658,760945
20180910,7,20181942,맘마미아!2,2018-08-08,33836,2280120
20180910,8,20186202,신과함께-인과 연,2018-08-01,33428,12264813
20180910,9,20179101,공작,2018-08-08,18740,4968325
20180910,10,20176122,안시성,2018-09-19,14909,14909
20180917,1,20176122,안시성,2018-09-19,1395655,1410564
20180917,2,20172204,명당,2018-09-19,752243,759842
20180917,3,20177308,협상,2018-09-19,607063,618547
20180917,4,20189262,더 넌,2018-09-19,541183,544834
20180917,5,20185046,서치,2018-08-29,218718,2736208
20180917,6,20156554,물괴,2018-09-12,88206,702096
20180917,7,20188304,극장판 요괴워치 섀도사이드: 도깨비왕의 부활,2018-09-20,45791,46616
20180917,8,20153446,너의 결혼식,2018-08-22,39407,2812226
20180917,9,20189268,루이스,2018-09-20,26330,30262
20180917,10,20188581,더 프레데터,2018-09-12,20416,169814
20180924,1,20176122,안시성,2018-09-19,3121393,4531957
20180924,2,20172204,명당,2018-09-19,1211362,1971204
20180924,3,20177308,협상,2018-09-19,1125395,1743942
20180924,4,20189262,더 넌,2018-09-19,419820,964654
20180924,5,20167903,원더풀 고스트,2018-09-26,371425,377743
20180924,6,20185046,서치,2018-08-29,182013,2918221
20180924,7,20188304,극장판 요괴워치 섀도사이드: 도깨비왕의 부활,2018-09-20,104438,151054
20180924,8,20189268,루이스,2018-09-20,59239,89501
20180924,9,20180167,에그엔젤 코코밍: 두근두근 핼러윈 파티,2018-09-22,26043,42980
20180924,10,20189746,극장판 뽀잉: 슈퍼 변신의 비밀,2018-09-20,20096,35688
20181001,1,20177221,베놈,2018-10-03,2081202,2081202
20181001,2,20179189,암수살인,2018-10-03,1595753,1612454
20181001,3,20176122,안시성,2018-09-19,602000,5133957
20181001,4,20189123,곰돌이 푸 다시 만나 행복해,2018-10-03,225803,227697
20181001,5,20177308,협상,2018-09-19,187992,1931934
20181001,6,20172204,명당,2018-09-19,95261,2066465
20181001,7,20167903,원더풀 고스트,2018-09-26,62167,439910
20181001,8,20189462,셜록 놈즈,2018-10-03,55086,59338
20181001,9,20189262,더 넌,2018-09-19,42712,1007366
20181001,10,20185046,서치,2018-08-29,26112,2944333
20181008,1,20179189,암수살인,2018-10-03,1221440,2833894
20181008,2,20177221,베놈,2018-10-03,1168257,3249459
20181008,3,20176122,안시성,2018-09-19,220333,5354290
20181008,4,20189067,미쓰백,2018-10-11,185230,193787
20181008,5,20189123,곰돌이 푸 다시 만나 행복해,2018-10-03,168167,395864
20181008,6,20180523,스타 이즈 본,2018-10-09,151471,153395
20181008,7,20180770,다이노 어드벤처2: 육해공 공룡 대백과,2018-10-09,34822,34822
20181008,8,20189462,셜록 놈즈,2018-10-03,24508,83846
20181008,9,20177308,협상,2018-09-19,21339,1953273
20181008,10,20188661,에브리데이,2018-10-11,18294,21620
20181015,1,20179189,암수살인,2018-10-03,562883,3396777
20181015,2,20177221,베놈,2018-10-03,423014,3672473
20181015,3,20186321,퍼스트맨,2018-10-18,422568,423192
20181015,4,20189067,미쓰백,2018-10-11,258791,452578
20181015,5,20180523,스타 이즈 본,2018-10-09,114306,267701
20181015,6,20189123,곰돌이 푸 다시 만나 행복해,2018-10-03,63032,458896
20181015,7,20176122,안시성,2018-09-19,59080,5413370
20181015,8,20184678,배반의 장미,2018-10-18,28878,29890
20181015,9,20187521,펭귄 하이웨이,2018-10-18,23290,25631
20181015,10,20180628,액슬,2018-10-18,11809,12152
20181022,1,20174981,창궐,2018-10-25,1002123,1008978
20181022,2,20179189,암수살인,2018-10-03,300873,3697650
20181022,3,20186321,퍼스트맨,2018-10-18,207278,630470
20181022,4,20189067,미쓰백,2018-10-11,188349,640927
20181022,5,20177221,베놈,2018-10-03,178936,3851409
20181022,6,20182403,크레이지 리치 아시안,2018-10-25,105987,106285
20181022,7,20010291,해리포터와 마법사의 돌,2001-12-13,103477,103477
20181022,8,20180523,스타 이즈 본,2018-10-09,99264,366965
20181022,9,20177538,완벽한 타인,2018-10-31,39115,42009
20181022,10,20189123,곰돌이 푸 다시 만나 행복해,2018-10-03,27142,486038
20181029,1,20177538,완벽한 타인,2018-10-31,1622593,1664602
20181029,2,20185485,보헤미안 랩소디,2018-10-31,706776,709323
20181029,3,20174981,창궐,2018-10-25,514730,1523708
20181029,4,20181404,벽 속에 숨은 마법시계,2018-10-31,169095,169342
20181029,5,20010291,해리포터와 마법사의 돌,2001-12-13,98289,201766
20181029,6,20180987,할로윈,2018-10-31,90017,90492
20181029,7,20179189,암수살인,2018-10-03,79961,3777611
20181029,8,20189067,미쓰백,2018-10-11,69853,710780
20181029,9,20180523,스타 이즈 본,2018-10-09,58175,425140
20181029,10,20182403,크레이지 리치 아시안,2018-10-25,41521,147806
20181105,1,20177538,완벽한 타인,2018-10-31,1711146,3375748
20181105,2,20185485,보헤미안 랩소디,2018-10-31,1133842,1843165
20181105,3,20170513,동네사람들,2018-11-07,349542,352215
20181105,4,20181171,바울,2018-10-31,65953,108996
20181105,5,20174981,창궐,2018-10-25,64735,1588443
20181105,6,20010291,해리포터와 마법사의 돌,2001-12-13,57967,259733
20181105,7,20179006,여곡성,2018-11-08,54872,55997
20181105,8,20181404,벽 속에 숨은 마법시계,2018-10-31,41891,211233
20181105,9,20180523,스타 이즈 본,2018-10-09,33777,458917
20181105,10,20182693,구스범스: 몬스터의 역습,2018-11-07,20914,21400
20181112,1,20176814,신비한 동물들과 그린델왈드의 범죄,2018-11-14,1519853,1519853
20181112,2,20185485,보헤미안 랩소디,2018-10-31,1294853,3138018
20181112,3,20177538,완벽한 타인,2018-10-31,974724,4350472
20181112,4,20183050,번 더 스테이지: 더 무비,2018-11-15,235068,235068
20181112,5,20170513,동네사람들,2018-11-07,93410,445625
20181112,6,20184481,성난황소,2018-11-22,71087,78606
20181112,7,20181171,바울,2018-10-31,51281,160277
20181112,8,20182935,출국,2018-11-14,36191,36975
20181112,9,20186822,너의 췌장을 먹고 싶어,2018-11-15,31710,33882
20181112,10,20189869,해피 투게더,2018-11-15,13904,15745
20181119,1,20185485,보헤미안 랩소디,2018-10-31,1506433,4644451
20181119,2,20184481,성난황소,2018-11-22,842412,921018
20181119,3,20176814,신비한 동물들과 그린델왈드의 범죄,2018-11-14,645891,2165744
20181119,4,20177538,완벽한 타인,2018-10-31,539882,4890354
20181119,5,20183050,번 더 스테이지: 더 무비,2018-11-15,63334,298402
20181119,6,20183073,베일리 어게인,2018-11-22,44142,45254
20181119,7,20181171,바울,2018-10-31,41483,201760
20181119,8,20182935,출국,2018-11-14,34432,71407
20181119,9,20182669,툴리,2018-11-22,23225,24325
20181119,10,20186822,너의 췌장을 먹고 싶어,2018-11-15,15028,48910
20181126,1,20177552,국가부도의 날,2018-11-28,1558197,1571881
20181126,2,20185485,보헤미안 랩소디,2018-10-31,1402497,6046948
20181126,3,20184481,성난황소,2018-11-22,530647,1451665
20181126,4,20177538,완벽한 타인,2018-10-31,241689,5132043
20181126,5,20181905,후드,2018-11-28,225253,227258
20181126,6,20176814,신비한 동물들과 그린델왈드의 범죄,2018-11-14,196437,2362181
20181126,7,20183073,베일리 어게인,2018-11-22,33185,78439
20181126,8,20181171,바울,2018-10-31,28077,229837
20181126,9,20183007,거미줄에 걸린 소녀,2018-11-28,24766,25172
20181126,10,20182966,투 프렌즈,2018-11-29,20065,20419
20181203,1,20177552,국가부도의 날,2018-11-28,1152417,2724298
20181203,2,20185485,보헤미안 랩소디,2018-10-31,1013235,7060183
20181203,3,20179230,도어락,2018-12-05,811749,827565
20181203,4,20189843,호두까기 인형과 4개의 왕국,2018-12-06,229766,229936
20181203,5,20178825,모털 엔진,2018-12-05,203372,203372
20181203,6,20183745,런닝맨 : 풀룰루의 역습,2018-12-05,122152,122873
20181203,7,20184481,성난황소,2018-11-22,115599,1567264
20181203,8,20177538,완벽한 타인,2018-10-31,90250,5222293
20181203,9,20181905,후드,2018-11-28,49400,276658
20181203,10,20176814,신비한 동물들과 그린델왈드의 범죄,2018-11-14,41505,2403686
20181210,1,20185485,보헤미안 랩소디,2018-10-31,882316,7942499
20181210,2,20177552,국가부도의 날,2018-11-28,811700,3535998
20181210,3,20179230,도어락,2018-12-05,599827,1427392
20181210,4,20183238,스파이더맨: 뉴 유니버스,2018-12-12,386892,390327
20181210,5,20189843,호두까기 인형과 4개의 왕국,2018-12-06,178489,408425
20181210,6,20182082,부탁 하나만 들어줘,2018-12-12,84096,87501
20181210,7,20175547,스윙키즈,2018-12-19,82008,100989
20181210,8,20178825,모털 엔진,2018-12-05,58698,262070
20181210,9,20183745,런닝맨 : 풀룰루의 역습,2018-12-05,57836,180709
20181210,10,20177538,완벽한 타인,2018-10-31,48328,5270621
20181217,1,20180290,아쿠아맨,2018-12-19,1249885,1250060
20181217,2,20168773,마약왕,2018-12-19,1202982,1210179
20181217,3,20175547,스윙키즈,2018-12-19,559956,660945
20181217,4,20185485,보헤미안 랩소디,2018-10-31,559627,8502126
20181217,5,20182421,그린치,2018-12-19,195695,199381
20181217,6,20177552,국가부도의 날,2018-11-28,187915,3723913
20181217,7,20183238,스파이더맨: 뉴 유니버스,2018-12-12,151467,541794
20181217,8,20179230,도어락,2018-12-05,118610,1546002
20181217,9,20183479,극장판 짱구는 못말려: 아뵤! 쿵후 보이즈 ~라면 대란~,2018-12-19,111789,112539
20181217,10,20183375,극장판 포켓몬스터 모두의 이야기,2018-12-19,85371,86997
20181224,1,20180290,아쿠아맨,2018-12-19,1954103,3204163
20181224,2,20186281,범블비,2018-12-25,1052442,1056143
20181224,3,20170658,PMC: 더 벙커,2018-12-26,991869,1013905
20181224,4,20185485,보헤미안 랩소디,2018-10-31,616008,9118134
20181224,5,20168773,마약왕,2018-12-19,577646,1787825
20181224,6,20175547,스윙키즈,2018-12-19,534206,1195151
20181224,7,20183785,점박이 한반도의 공룡2 : 새로운 낙원,2018-12-25,327110,333626
20181224,8,20182421,그린치,2018-12-19,259433,458814
20181224,9,20183479,극장판 짱구는 못말려: 아뵤! 쿵후 보이즈 ~라면 대란~,2018-12-19,147214,259753
20181224,10,20183238,스파이더맨: 뉴 유니버스,2018-12-12,86533,628327
20181231,1,20180290,아쿠아맨,2018-12-19,1340208,4544371
20181231,2,20189463,주먹왕 랄프 2: 인터넷 속으로,2019-01-03,753837,758353
20181231,3,20170658,PMC: 더 벙커,2018-12-26,593770,1607675
20181231,4,20185485,보헤미안 랩소디,2018-10-31,492255,9610389
20181231,5,20186281,범블비,2018-12-25,433957,1490100
20181231,6,20175547,스윙키즈,2018-12-19,232854,1428005
20181231,7,20183785,점박이 한반도의 공룡2 : 새로운 낙원,2018-12-25,187427,521053
20181231,8,20184187,언니,2019-01-01,171095,172338
20181231,9,20184105,말모이,2019-01-09,98615,151979
20181231,10,20182421,그린치,2018-12-19,84999,543813
20190107,1,20184105,말모이,2019-01-09,1032940,1184919
20190107,2,20176251,내안의 그놈,2019-01-09,744986,765380
20190107,3,20189463,주먹왕 랄프 2: 인터넷 속으로,2019-01-03,583931,1342284
20190107,4,20180290,아쿠아맨,2018-12-19,376364,4920735
20190107,5,20183915,극장판 공룡메카드: 타이니소어의 섬,2019-01-10,289224,289878
20190107,6,20185485,보헤미안 랩소디,2018-10-31,175290,9785679
20190107,7,20184574,그린 북,2019-01-09,92682,99569
20190107,8,20186281,범블비,2018-12-25,63391,1553491
20190107,9,20170658,PMC: 더 벙커,2018-12-26,57525,1665200
20190107,10,20175547,스윙키즈,2018-12-19,34868,1462873
20190114,1,20184105,말모이,2019-01-09,1039649,2224568
20190114,2,20176251,내안의 그놈,2019-01-09,831673,1597053
20190114,3,20182544,글래스,2019-01-17,339083,339707
20190114,4,20189463,주먹왕 랄프 2: 인터넷 속으로,2019-01-03,264683,1606967
20190114,5,20186324,언더독,2019-01-16,110782,122573
20190114,6,20180290,아쿠아맨,2018-12-19,98500,5019235
20190114,7,20183915,극장판 공룡메카드: 타이니소어의 섬,2019-01-10,89691,379569
20190114,8,20185485,보헤미안 랩소디,2018-10-31,81131,9866810
20190114,9,20182588,미래의 미라이,2019-01-16,74982,77985
20190114,10,20184574,그린 북,2019-01-09,73679,173248
20190121,1,20182530,극한직업,2019-01-23,3120405,3139563
20190121,2,20184105,말모이,2019-01-09,432974,2657542
20190121,3,20176251,내안의 그놈,2019-01-09,274071,1871124
20190121,4,20185124,러브 유어셀프 인 서울,2019-01-26,182103,182103
20190121,5,20189463,주먹왕 랄프 2: 인터넷 속으로,2019-01-03,128264,1735231
20190121,6,20182544,글래스,2019-01-17,112753,452460
20190121,7,20186324,언더독,2019-01-16,54264,176837
20190121,8,20185485,보헤미안 랩소디,2018-10-31,43896,9910706
20190121,9,20184574,그린 북,2019-01-09,37404,210652
20190121,10,20189385,몬스터 파크,2019-01-23,29802,30571
20190128,1,20182530,극한직업,2019-01-23,4154994,7294557
20190128,2,20180868,뺑반,2019-01-30,954106,963002
20190128,3,20186261,드래곤 길들이기 3,2019-01-30,614508,623676
20190128,4,20185478,극장판 헬로카봇: 옴파로스 섬의 비밀,2019-01-31,308337,309600
20190128,5,20184105,말모이,2019-01-09,126004,2783546
20190128,6,20185124,러브 유어셀프 인 서울,2019-01-26,117104,299207
20190128,7,20176251,내안의 그놈,2019-01-09,39678,1910802
20190128,8,20184896,가버나움,2019-01-24,32132,54001
20190128,9,20184574,그린 북,2019-01-09,29716,240368
20190128,10,20189463,주먹왕 랄프 2: 인터넷 속으로,2019-01-03,19719,1754950
20190204,1,20182530,극한직업,2019-01-23,5544306,12838863
20190204,2,20188282,알리타: 배틀 엔젤,2019-02-05,1244171,1256871
20190204,3,20180868,뺑반,2019-01-30,769192,1732194
20190204,4,20186261,드래곤 길들이기 3,2019-01-30,557360,1181036
20190204,5,20185478,극장판 헬로카봇: 옴파로스 섬의 비밀,2019-01-31,213631,523231
20190204,6,20185444,레고 무비2,2019-02-06,68501,71030
20190204,7,20184105,말모이,2019-01-09,65190,2848736
20190204,8,20185124,러브 유어셀프 인 서울,2019-01-26,43159,342366
20190204,9,20184574,그린 북,2019-01-09,37039,277407
20190204,10,20184896,가버나움,2019-01-24,33786,87787
20190211,1,20182530,극한직업,2019-01-23,1697378,14536241
20190211,2,20185881,증인,2019-02-13,703375,737138
20190211,3,20188282,알리타: 배틀 엔젤,2019-02-05,461147,1718018
20190211,4,20195915,해피 데스데이 2 유,2019-02-14,288142,288142
20190211,5,20174169,기묘한 가족,2019-02-13,203118,216254
20190211,6,20186261,드래곤 길들이기 3,2019-01-30,166638,1347674
20190211,7,20184888,메리 포핀스 리턴즈,2019-02-14,129304,130491
20190211,8,20180868,뺑반,2019-01-30,88953,1821147
20190211,9,20162003,명탐정 코난:전율의 악보,2019-02-14,83376,83376
20190211,10,20185478,극장판 헬로카봇: 옴파로스 섬의 비밀,2019-01-31,34913,558144
20190218,1,20177539,사바하,2019-02-20,1174016,1176175
20190218,2,20182530,극한직업,2019-01-23,881036,15417277
20190218,3,20185881,증인,2019-02-13,823118,1560256
20190218,4,20188282,알리타: 배틀 엔젤,2019-02-05,167328,1885346
20190218,5,20195743,신데렐라:마법 반지의 비밀,2019-02-20,131642,133151
20190218,6,20195915,해피 데스데이 2 유,2019-02-14,104255,392397
20190218,7,20186261,드래곤 길들이기 3,2019-01-30,83043,1430717
20190218,8,20020222,해리포터와 비밀의 방,2002-12-13,79301,79301
20190218,9,20185576,콜드 체이싱,2019-02-20,78016,78303
20190218,10,20184888,메리 포핀스 리턴즈,2019-02-14,69028,199519
20190225,1,20177539,사바하,2019-02-20,972326,2148501
20190225,2,20196601,항거:유관순 이야기,2019-02-27,789844,791038
20190225,3,20185881,증인,2019-02-13,728134,2288390
20190225,4,20182530,극한직업,2019-01-23,612517,16029794
20190225,5,20176442,자전차왕 엄복동,2019-02-27,152411,154330
20190225,6,20195743,신데렐라:마법 반지의 비밀,2019-02-20,134168,267319
20190225,7,20195791,"어쩌다, 결혼",2019-02-27,69804,70827
20190225,8,20186261,드래곤 길들이기 3,2019-01-30,68042,1498759
20190225,9,20180937,더 페이버릿: 여왕의 여자,2019-02-21,65411,104916
20190225,10,20188282,알리타: 배틀 엔젤,2019-02-05,60860,1946206
20190304,1,20181877,캡틴 마블,2019-03-06,3036626,3036626
20190304,2,20196601,항거:유관순 이야기,2019-02-27,251011,1042049
20190304,3,20177539,사바하,2019-02-20,192024,2340525
20190304,4,20185881,증인,2019-02-13,168901,2457291
20190304,5,20182530,극한직업,2019-01-23,148751,16178545
20190304,6,20184574,그린 북,2019-01-09,28657,372293
20190304,7,20180937,더 페이버릿: 여왕의 여자,2019-02-21,28592,133508
20190304,8,20177282,리노,2019-03-07,16303,16489
20190304,9,20176442,자전차왕 엄복동,2019-02-27,14554,168884
20190304,10,20195743,신데렐라:마법 반지의 비밀,2019-02-20,14386,281705
20190311,1,20181877,캡틴 마블,2019-03-06,1563496,4600122
20190311,2,20197283,이스케이프 룸,2019-03-14,388741,389570
20190311,3,20196601,항거:유관순 이야기,2019-02-27,86846,1128895
20190311,4,20176103,돈,2019-03-20,70131,75464
20190311,5,20182530,극한직업,2019-01-23,64686,16243231
20190311,6,20197356,라스트 미션,2019-03-14,62995,64302
20190311,7,20185881,증인,2019-02-13,61859,2519150
20190311,8,20177539,사바하,2019-02-20,49235,2389760
20190311,9,20184574,그린 북,2019-01-09,22087,394380
20190311,10,20196723,숲속왕국의 꿀벌 여왕,2019-03-14,17796,18305
20190318,1,20176103,돈,2019-03-20,1460933,1536397
20190318,2,20181877,캡틴 마블,2019-03-06,632683,5232805
20190318,3,20197846,악질경찰,2019-03-20,188341,189602
20190318,4,20197283,이스케이프 룸,2019-03-14,154892,544462
20190318,5,20175407,우상,2019-03-20,131806,137880
20190318,6,20197356,라스트 미션,2019-03-14,29174,93476
20190318,7,20198603,페이트 스테이 나이트 헤븐즈필 제2장 로스트 버터플라이,2019-03-21,23008,24340
20190318,8,20197617,정글북: 마법 원정대,2019-03-21,22534,22534
20190318,9,20184574,그린 북,2019-01-09,15491,409871
20190318,10,20196601,항거:유관순 이야기,2019-02-27,15082,1143977
20190325,1,20176103,돈,2019-03-20,1133240,2669637
20190325,2,20185352,어스,2019-03-27,936041,936427
20190325,3,20181877,캡틴 마블,2019-03-06,308146,5540951
20190325,4,20196025,덤보,2019-03-27,212836,212836
20190325,5,20183773,장난스런 키스,2019-03-27,164351,172939
20190325,6,20197846,악질경찰,2019-03-20,64847,254449
20190325,7,20175407,우상,2019-03-20,37601,175481
20190325,8,20166301,썬키스 패밀리,2019-03-27,23812,26086
20190325,9,20197483,1919 유관순,2019-03-14,22307,46858
20190325,10,20198146,콜레트,2019-03-27,21233,22341
20190401,1,20196244,샤잠!,2019-04-03,499848,500650
20190401,2,20176103,돈,2019-03-20,447713,3117350
20190401,3,20185352,어스,2019-03-27,408135,1344562
20190401,4,20183096,생일,2019-04-03,365034,375445
20190401,5,20183773,장난스런 키스,2019-03-27,145845,318784
20190401,6,20181877,캡틴 마블,2019-03-06,108991,5649942
20190401,7,20196025,덤보,2019-03-27,83417,296253
20190401,8,20197092,로망,2019-04-03,40566,46938
20190401,9,20198146,콜레트,2019-03-27,12882,35223
20190401,10,20198104,바이스,2019-04-11,8094,9652
20190408,1,20183096,생일,2019-04-03,386329,761774
20190408,2,20185406,헬보이,2019-04-10,219985,220243
20190408,3,20176103,돈,2019-03-20,185431,3302781
20190408,4,20180825,미성년,2019-04-11,137592,141588
20190408,5,20196244,샤잠!,2019-04-03,136321,636971
20190408,6,20185352,어스,2019-03-27,106340,1450902
20190408,7,20197423,공포의 묘지,2019-04-10,86527,87134
20190408,8,20183773,장난스런 키스,2019-03-27,71764,390548
20190408,9,20198104,바이스,2019-04-11,67736,77388
20190408,10,20198403,파이브 피트,2019-04-10,60449,67395
20190415,1,20183096,생일,2019-04-03,304366,1066140
20190415,2,20183454,요로나의 저주,2019-04-17,160214,161060
20190415,3,20180825,미성년,2019-04-11,106513,248101
20190415,4,20185406,헬보이,2019-04-10,91667,311910
20190415,5,20176103,돈,2019-03-20,75297,3378078
20190415,6,20198982,크게 될 놈,2019-04-18,61169,62272
20190415,7,20181877,캡틴 마블,2019-03-06,59097,5755435
20190415,8,20182501,왓칭,2019-04-17,44296,46139
20190415,9,20198104,바이스,2019-04-11,44195,121583
20190415,10,20198844,아이 엠 마더,2019-04-11,31860,83953
20190422,1,20184889,어벤져스: 엔드게임,2019-04-24,6308048,6308048
20190422,2,20198183,뽀로로 극장판 보물섬 대모험,2019-04-25,272699,275016
20190422,3,20183096,생일,2019-04-03,102239,1168379
20190422,4,20183454,요로나의 저주,2019-04-17,36065,197125
20190422,5,20180825,미성년,2019-04-11,31204,279305
20190422,6,20198982,크게 될 놈,2019-04-18,28048,90320
20190422,7,20181877,캡틴 마블,2019-03-06,27782,5783217
20190422,8,19990220,노팅 힐,1999-07-03,18539,49958
20190422,9,20176103,돈,2019-03-20,10678,3388756
20190422,10,20198104,바이스,2019-04-11,10115,131698
20190429,1,20184889,어벤져스: 엔드게임,2019-04-24,4644074,10952122
20190429,2,20185784,나의 특별한 형제,2019-05-01,626061,660849
20190429,3,20198183,뽀로로 극장판 보물섬 대모험,2019-04-25,305232,580248
20190429,4,20198598,명탐정 피카츄,2019-05-09,119716,119716
20190429,5,20197147,어글리 돌,2019-05-01,37214,37541
20190429,6,20183096,생일,2019-04-03,22632,1191011
20190429,7,20181877,캡틴 마블,2019-03-06,12839,5796056
20190429,8,20169323,안도 타다오,2019-04-25,10276,18031
20190429,9,20060347,판의 미로 - 오필리아와 세 개의 열쇠,2006-11-30,10117,482035
20190429,10,20199736,프렌즈: 둥지탈출,2019-05-01,9934,10184
20190506,1,20184889,어벤져스: 엔드게임,2019-04-24,1847217,12799339
20190506,2,20185784,나의 특별한 형제,2019-05-01,614554,1275403
20190506,3,20184082,걸캅스,2019-05-09,587444,591968
20190506,4,20198598,명탐정 피카츄,2019-05-09,334142,453858
20190506,5,20198183,뽀로로 극장판 보물섬 대모험,2019-04-25,141133,721381
20190506,6,20185384,호텔 뭄바이,2019-05-08,34394,37029
20190506,7,20188941,악인전,2019-05-15,20713,20994
20190506,8,20187981,배심원들,2019-05-15,20243,23716
20190506,9,20197147,어글리 돌,2019-05-01,13275,50816
20190506,10,20169323,안도 타다오,2019-04-25,7440,25471
20190513,1,20188941,악인전,2019-05-15,1459298,1480292
20190513,2,20184889,어벤져스: 엔드게임,2019-04-24,654108,13453447
20190513,3,20184082,걸캅스,2019-05-09,635857,1227825
20190513,4,20198598,명탐정 피카츄,2019-05-09,181270,635128
20190513,5,20187981,배심원들,2019-05-15,168462,192178
20190513,6,20185784,나의 특별한 형제,2019-05-01,155388,1430791
20190513,7,20198183,뽀로로 극장판 보물섬 대모험,2019-04-25,31085,752466
20190513,8,20185384,호텔 뭄바이,2019-05-08,24134,61163
20190513,9,20198597,교회오빠,2019-05-16,18239,21806
20190513,10,20197503,서스페리아,2019-05-16,18121,19684
20190520,1,20188941,악인전,2019-05-15,1281624,2761916
20190520,2,20183867,알라딘,2019-05-23,873717,874017
20190520,3,20184082,걸캅스,2019-05-09,310340,1538165
20190520,4,20184889,어벤져스: 엔드게임,2019-04-24,295376,13748823
20190520,5,20199448,어린 의뢰인,2019-05-22,136475,150068
20190520,6,20187981,배심원들,2019-05-15,78092,270270
20190520,7,20199822,더 보이,2019-05-23,71209,71610
20190520,8,20198598,명탐정 피카츄,2019-05-09,45292,680420
20190520,9,20185784,나의 특별한 형제,2019-05-01,31643,1462434
20190520,10,20198597,교회오빠,2019-05-16,26130,47936
20190527,1,20183782,기생충,2019-05-30,3366757,3367064
20190527,2,20183867,알라딘,2019-05-23,1275982,2149999
20190527,3,20188941,악인전,2019-05-15,518946,3280862
20190527,4,20184865,고질라: 킹 오브 몬스터,2019-05-29,298012,301152
20190527,5,20188144,0.0MHz,2019-05-29,106602,107081
20190527,6,20184889,어벤져스: 엔드게임,2019-04-24,94893,13843716
20190527,7,20184082,걸캅스,2019-05-09,80436,1618601
20190527,8,20199448,어린 의뢰인,2019-05-22,43881,193949
20190527,9,20198597,교회오빠,2019-05-16,17463,65399
20190527,10,20199822,더 보이,2019-05-23,16901,88511
20190603,1,20183782,기생충,2019-05-30,3655054,7022118
20190603,2,20183867,알라딘,2019-05-23,1749541,3899540
20190603,3,20182387,엑스맨: 다크 피닉스,2019-06-05,737179,737179
20190603,4,19880001,이웃집 토토로,2001-07-28,99470,101213
20190603,5,20198291,로켓맨,2019-06-05,72050,72451
20190603,6,20188941,악인전,2019-05-15,65792,3346654
20190603,7,20184865,고질라: 킹 오브 몬스터,2019-05-29,51710,352862
20190603,8,20199063,빅샤크2: 해저2만리,2019-06-06,42785,44189
20190603,9,20184889,어벤져스: 엔드게임,2019-04-24,31421,13875137
20190603,10,20188144,0.0MHz,2019-05-29,26441,133522
20190610,1,20183867,알라딘,2019-05-23,1426227,5325767
20190610,2,20183782,기생충,2019-05-30,1323683,8345801
20190610,3,20196657,맨 인 블랙: 인터내셔널,2019-06-12,637801,637801
20190610,4,20182387,엑스맨: 다크 피닉스,2019-06-05,107944,845123
20190610,5,20190273,천로역정: 천국을 찾아서,2019-06-13,65305,77793
20190610,6,19880001,이웃집 토토로,2001-07-28,41159,142372
20190610,7,20191401,업사이드,2019-06-13,26962,30244
20190610,8,20198291,로켓맨,2019-06-05,26252,98703
20190610,9,20190466,세상을 바꾼 변호인,2019-06-13,15396,17105
20190610,10,20184889,어벤져스: 엔드게임,2019-04-24,12483,13887620
20190617,1,20183867,알라딘,2019-05-23,1473937,6799704
20190617,2,20184047,토이 스토리 4,2019-06-20,1115107,1115831
20190617,3,20183782,기생충,2019-05-30,750531,9096332
20190617,4,20198453,롱 리브 더 킹: 목포 영웅,2019-06-19,664895,680862
20190617,5,20196657,맨 인 블랙: 인터내셔널,2019-06-12,178639,816440
20190617,6,20196655,존 윅 3: 파라벨룸,2019-06-26,71221,73138
20190617,7,20190273,천로역정: 천국을 찾아서,2019-06-13,68293,146086
20190617,8,20190885,사탄의 인형,2019-06-20,46546,46546
20190617,9,20182387,엑스맨: 다크 피닉스,2019-06-05,15909,861032
20190617,10,20190466,세상을 바꾼 변호인,2019-06-13,14274,31379
20190624,1,20183867,알라딘,2019-05-23,1472093,8271797
20190624,2,20184047,토이 스토리 4,2019-06-20,1135265,2251096
20190624,3,20196655,존 윅 3: 파라벨룸,2019-06-26,603023,676161
20190624,4,20183782,기생충,2019-05-30,481649,9577981
20190624,5,20198453,롱 리브 더 킹: 목포 영웅,2019-06-19,343594,1024456
20190624,6,20199951,애나벨 집으로,2019-06-26,291158,291328
20190624,7,20182585,비스트,2019-06-26,173895,177340
20190624,8,20190273,천로역정: 천국을 찾아서,2019-06-13,53705,199791
20190624,9,20192022,마담 싸이코,2019-06-26,33309,37437
20190624,10,20196657,맨 인 블랙: 인터내셔널,2019-06-12,27263,843703
20190701,1,20196309,스파이더맨: 파 프롬 홈,2019-07-02,4521200,4522056
20190701,2,20183867,알라딘,2019-05-23,950869,9222666
20190701,3,20184047,토이 스토리 4,2019-06-20,532867,2783963
20190701,4,20183782,기생충,2019-05-30,197800,9775781
20190701,5,20196655,존 윅 3: 파라벨룸,2019-06-26,177824,853985
20190701,6,20199951,애나벨 집으로,2019-06-26,107166,398494
20190701,7,20198453,롱 리브 더 킹: 목포 영웅,2019-06-19,52138,1076594
20190701,8,20190273,천로역정: 천국을 찾아서,2019-06-13,28575,228366
20190701,9,20182585,비스트,2019-06-26,21669,199009
20190701,10,20192591,BIFAN2019 판타스틱 단편 걸작선 1, ,15200,25000
20190708,1,20196309,스파이더맨: 파 프롬 홈,2019-07-02,2163781,6685837
20190708,2,20183867,알라딘,2019-05-23,938648,10161314
20190708,3,20184047,토이 스토리 4,2019-06-20,367361,3151324
20190708,4,20185353,기방도령,2019-07-10,217361,220182
20190708,5,20183782,기생충,2019-05-30,145529,9921310
20190708,6,20185986,진범,2019-07-10,105676,106756
20190708,7,20191601,극장판 엉덩이 탐정: 화려한 사건 수첩,2019-07-11,100054,101245
20190708,8,20199951,애나벨 집으로,2019-06-26,60543,459037
20190708,9,20196655,존 윅 3: 파라벨룸,2019-06-26,59459,913444
20190708,10,20192151,미드소마,2019-07-11,45182,45707
20190715,1,20175771,라이온 킹,2019-07-17,2273784,2275556
20190715,2,20196309,스파이더맨: 파 프롬 홈,2019-07-02,813193,7499030
20190715,3,20183867,알라딘,2019-05-23,782186,10943500
20190715,4,20184047,토이 스토리 4,2019-06-20,137058,3288382
20190715,5,20183782,기생충,2019-05-30,80008,10001318
20190715,6,20185353,기방도령,2019-07-10,57826,278008
20190715,7,20185986,진범,2019-07-10,50637,157393
20190715,8,20192222,사일런스,2019-07-17,43032,43202
20190715,9,20191601,극장판 엉덩이 탐정: 화려한 사건 수첩,2019-07-11,25855,127100
20190715,10,20192151,미드소마,2019-07-11,23329,69036
20190722,1,20175771,라이온 킹,2019-07-17,1431137,3706693
20190722,2,20182490,나랏말싸미,2019-07-24,741163,755446
20190722,3,20183867,알라딘,2019-05-23,718497,11661997
20190722,4,20196309,스파이더맨: 파 프롬 홈,2019-07-02,373631,7872661
20190722,5,20198323,레드슈즈,2019-07-25,206262,209750
20190722,6,20192725,명탐정 코난: 감청의 권,2019-07-24,165059,167765
20190722,7,20190002,롱 샷,2019-07-24,104381,142784
20190722,8,20184047,토이 스토리 4,2019-06-20,67425,3355807
20190722,9,20183782,기생충,2019-05-30,40525,10041843
20190722,10,20180442,사자,2019-07-31,15897,16319
20190729,1,20184621,엑시트,2019-07-31,2943496,2960177
20190729,2,20180442,사자,2019-07-31,1149974,1166293
20190729,3,20175771,라이온 킹,2019-07-17,793501,4500194
20190729,4,20183844,마이펫의 이중생활 2,2019-07-31,632403,637941
20190729,5,20183867,알라딘,2019-05-23,569057,12231054
20190729,6,20198323,레드슈즈,2019-07-25,317593,527343
20190729,7,20182490,나랏말싸미,2019-07-24,175552,930998
20190729,8,20196309,스파이더맨: 파 프롬 홈,2019-07-02,123996,7996657
20190729,9,20192725,명탐정 코난: 감청의 권,2019-07-24,46720,214485
20190729,10,20190002,롱 샷,2019-07-24,41957,184741
20190805,1,20184621,엑시트,2019-07-31,2818350,5778527
20190805,2,20184462,봉오동 전투,2019-08-07,2020973,2032319
20190805,3,20180442,사자,2019-07-31,361433,1527726
20190805,4,20183844,마이펫의 이중생활 2,2019-07-31,295572,933513
20190805,5,20193275,브링 더 소울 : 더 무비,2019-08-07,273614,274064
20190805,6,20183867,알라딘,2019-05-23,209228,12440282
20190805,7,20175771,라이온 킹,2019-07-17,184053,4684247
20190805,8,20198323,레드슈즈,2019-07-25,136423,663766
20190805,9,20191741,앵그리 버드 2: 독수리 왕국의 침공,2019-08-07,129448,134529
20190805,10,20190741,김복동,2019-08-08,27053,29397
20190812,1,20196850,분노의 질주: 홉스&쇼,2019-08-14,2029928,2030128
20190812,2,20184462,봉오동 전투,2019-08-07,1907655,3939974
20190812,3,20184621,엑시트,2019-07-31,1770241,7548768
20190812,4,20182241,"안녕, 티라노: 영원히, 함께",2019-08-14,137980,145124
20190812,5,20183844,마이펫의 이중생활 2,2019-07-31,128076,1061589
20190812,6,20188404,암전,2019-08-15,80975,85378
20190812,7,20180442,사자,2019-07-31,74320,1602046
20190812,8,20187959,원더랜드,2019-08-14,70091,73851
20190812,9,20198323,레드슈즈,2019-07-25,67613,731379
20190812,10,20183867,알라딘,2019-05-23,61146,12501428
20190819,1,20196850,분노의 질주: 홉스&쇼,2019-08-14,935430,2965558
20190819,2,20184621,엑시트,2019-07-31,802644,8351412
20190819,3,20184543,변신,2019-08-21,754709,768998
20190819,4,20184462,봉오동 전투,2019-08-07,566661,4506635
20190819,5,20185985,광대들: 풍문조작단,2019-08-21,427977,433419
20190819,6,20171021,커런트 워,2019-08-22,130673,131202
20190819,7,20182241,"안녕, 티라노: 영원히, 함께",2019-08-14,44599,189723
20190819,8,20183844,마이펫의 이중생활 2,2019-07-31,38932,1100521
20190819,9,20191604,애프터,2019-08-22,37112,37839
20190819,10,20198323,레드슈즈,2019-07-25,31355,762734
20190826,1,20184543,변신,2019-08-21,730362,1499360
20190826,2,20181416,유열의 음악앨범,2019-08-28,672863,684517
20190826,3,20184621,엑시트,2019-07-31,555600,8907012
20190826,4,20196850,분노의 질주: 홉스&쇼,2019-08-14,448803,3414361
20190826,5,20193665,47미터 2,2019-08-28,309921,311240
20190826,6,20184462,봉오동 전투,2019-08-07,200371,4707006
20190826,7,20185985,광대들: 풍문조작단,2019-08-21,164006,597425
20190826,8,20194384,안나,2019-08-28,73037,73250
20190826,9,20171021,커런트 워,2019-08-22,63057,194259
20190826,10,20198323,레드슈즈,2019-07-25,23768,786502
20190902,1,20181416,유열의 음악앨범,2019-08-28,432896,1117413
20190902,2,20192804,그것: 두 번째 이야기,2019-09-04,414575,414878
20190902,3,20193821,극장판 헬로카봇 : 달나라를 구해줘!,2019-09-04,316822,319417
20190902,4,20184621,엑시트,2019-07-31,308304,9215316
20190902,5,20184543,변신,2019-08-21,258319,1757679
20190902,6,20196850,분노의 질주: 홉스&쇼,2019-08-14,193140,3607501
20190902,7,20193665,47미터 2,2019-08-28,129116,440356
20190902,8,20184462,봉오동 전투,2019-08-07,60086,4767092
20190902,9,20194541,안녕 베일리,2019-09-05,38155,39817
20190902,10,20185985,광대들: 풍문조작단,2019-08-21,34959,632384
20190909,1,20188750,나쁜 녀석들: 더 무비,2019-09-11,2671681,2680930
20190909,2,20184572,타짜: 원 아이드 잭,2019-09-11,1668205,1684033
20190909,3,20187322,"힘을 내요, 미스터 리",2019-09-11,859917,885846
20190909,4,20193821,극장판 헬로카봇 : 달나라를 구해줘!,2019-09-04,183807,503224
20190909,5,20184621,엑시트,2019-07-31,171764,9387080
20190909,6,20192804,그것: 두 번째 이야기,2019-09-04,142136,557014
20190909,7,20181416,유열의 음악앨범,2019-08-28,108141,1225554
20190909,8,20194045,극장판 반지의 비밀일기,2019-09-11,53829,56299
20190909,9,20196850,분노의 질주: 홉스&쇼,2019-08-14,42359,3649860
20190909,10,20184543,변신,2019-08-21,40117,1797796
20190916,1,20188750,나쁜 녀석들: 더 무비,2019-09-11,1225839,3906769
20190916,2,20184572,타짜: 원 아이드 잭,2019-09-11,427569,2111602
20190916,3,20192982,애드 아스트라,2019-09-19,352241,352932
20190916,4,20187322,"힘을 내요, 미스터 리",2019-09-11,233644,1119490
20190916,5,20193807,예스터데이,2019-09-18,211358,226984
20190916,6,20193821,극장판 헬로카봇 : 달나라를 구해줘!,2019-09-04,55347,558571
20190916,7,20184483,퍼펙트맨,2019-10-02,30172,30456
20190916,8,20192804,그것: 두 번째 이야기,2019-09-04,27453,584467
20190916,9,20184621,엑시트,2019-07-31,20760,9407840
20190916,10,20181103,벌새,2019-08-29,20162,93366
20190923,1,20193601,장사리 : 잊혀진 영웅들,2019-09-25,685420,689707
20190923,2,20188750,나쁜 녀석들: 더 무비,2019-09-11,535456,4442225
20190923,3,20194456,양자물리학,2019-09-25,378974,387601
20190923,4,20199446,원스 어폰 어 타임... 인 할리우드,2019-09-25,195744,197002
20190923,5,20192982,애드 아스트라,2019-09-19,134579,487511
20190923,6,20184572,타짜: 원 아이드 잭,2019-09-11,101217,2212819
20190923,7,20193807,예스터데이,2019-09-18,65262,292246
20190923,8,20184483,퍼펙트맨,2019-10-02,59386,89842
20190923,9,20187322,"힘을 내요, 미스터 리",2019-09-11,46700,1166190
20190923,10,20195968,더 룸,2019-09-25,42154,44682
20190930,1,20199950,조커,2019-10-02,2199736,2199816
20190930,2,20195920,가장 보통의 연애,2019-10-02,1057695,1064468
20190930,3,20184483,퍼펙트맨,2019-10-02,574204,664046
20190930,4,20193601,장사리 : 잊혀진 영웅들,2019-09-25,348398,1038105
20190930,5,20194456,양자물리학,2019-09-25,155050,542651
20190930,6,20188750,나쁜 녀석들: 더 무비,2019-09-11,114466,4556691
20190930,7,20195941,소피와 드래곤: 마법책의 비밀,2019-10-02,70108,70420
20190930,8,20199446,원스 어폰 어 타임... 인 할리우드,2019-09-25,61137,258139
20190930,9,20196380,몬스터 하우스,2019-10-03,37356,37998
20190930,10,20192982,애드 아스트라,2019-09-19,21256,508767
20191007,1,20199950,조커,2019-10-02,1647606,3847422
20191007,2,20195920,가장 보통의 연애,2019-10-02,982387,2046855
20191007,3,20184483,퍼펙트맨,2019-10-02,369264,1033310
20191007,4,20191183,제미니 맨,2019-10-09,295689,302135
20191007,5,20193601,장사리 : 잊혀진 영웅들,2019-09-25,72359,1110464
20191007,6,20196380,몬스터 하우스,2019-10-03,20606,58604
20191007,7,20195941,소피와 드래곤: 마법책의 비밀,2019-10-02,20465,90885
20191007,8,20197691,잃어버린 세계를 찾아서,2019-10-09,17510,17510
20191007,9,20184243,판소리 복서,2019-10-09,15685,16827
20191007,10,20199446,원스 어폰 어 타임... 인 할리우드,2019-09-25,12033,270172
20191014,1,20199950,조커,2019-10-02,701229,4548651
20191014,2,20191589,말레피센트 2,2019-10-17,610721,611440
20191014,3,20195920,가장 보통의 연애,2019-10-02,496928,2543783
20191014,4,20184483,퍼펙트맨,2019-10-02,148758,1182068
20191014,5,20185361,두번할까요,2019-10-17,132647,136264
20191014,6,20191183,제미니 맨,2019-10-09,73485,375620
20191014,7,20194223,너를 만난 여름,2019-10-16,17150,19205
20191014,8,20193601,장사리 : 잊혀진 영웅들,2019-09-25,15016,1125480
20191014,9,20183407,버티고,2019-10-16,9082,11161
20191014,10,20190280,날씨의 아이,2019-10-30,8364,10363
20191021,1,20191029,82년생 김지영,2019-10-23,1113438,1119908
20191021,2,20191589,말레피센트 2,2019-10-17,514125,1125565
20191021,3,20199950,조커,2019-10-02,411501,4960152
20191021,4,20195920,가장 보통의 연애,2019-10-02,249578,2793361
20191021,5,20196136,람보 : 라스트 워,2019-10-23,70957,72265
20191021,6,20184483,퍼펙트맨,2019-10-02,42608,1224676
20191021,7,20185361,두번할까요,2019-10-17,33183,169447
20191021,8,20197054,빅트립: 아기팬더 배달 대모험,2019-10-23,32006,32728
20191021,9,20198961,더 킹: 헨리 5세,2019-10-23,10524,10727
20191021,10,19910247,터미네이터2 3D,1991-07-06,9910,11743
20191028,1,20191029,82년생 김지영,2019-10-23,1379049,2498957
20191028,2,20192083,터미네이터: 다크 페이트,2019-10-30,1364233,1366821
20191028,3,20190280,날씨의 아이,2019-10-30,324595,337150
20191028,4,20191589,말레피센트 2,2019-10-17,239323,1364888
20191028,5,20199950,조커,2019-10-02,204290,5164442
20191028,6,20195920,가장 보통의 연애,2019-10-02,92299,2885660
20191028,7,20192589,빅 위시,2019-10-30,28742,28884
20191028,8,20196136,람보 : 라스트 워,2019-10-23,19973,92238
20191028,9,20195002,블랙머니,2019-11-13,13739,13986
20191028,10,20198184,빅 2: 황금열쇠 대소동,2019-10-30,10768,11152
20191104,1,20181434,신의 한 수: 귀수편,2019-11-07,1060292,1070965
20191104,2,20192083,터미네이터: 다크 페이트,2019-10-30,693535,2060356
20191104,3,20191029,82년생 김지영,2019-10-23,675068,3174025
20191104,4,20197279,아담스 패밀리,2019-11-07,198540,209769
20191104,5,20190280,날씨의 아이,2019-10-30,183217,520367
20191104,6,20191589,말레피센트 2,2019-10-17,67133,1432021
20191104,7,20199950,조커,2019-10-02,58752,5223194
20191104,8,20193801,닥터 슬립,2019-11-07,45778,46343
20191104,9,20195920,가장 보통의 연애,2019-10-02,32876,2918536
20191104,10,20195002,블랙머니,2019-11-13,18704,32690
20191111,1,20195002,블랙머니,2019-11-13,1017631,1050321
20191111,2,20181434,신의 한 수: 귀수편,2019-11-07,767600,1838565
20191111,3,20191029,82년생 김지영,2019-10-23,317830,3491855
20191111,4,20192083,터미네이터: 다크 페이트,2019-10-30,249900,2310256
20191111,5,20197721,엔젤 해즈 폴른,2019-11-13,125727,126377
20191111,6,20197279,아담스 패밀리,2019-11-07,109536,319305
20191111,7,20198421,좀비랜드: 더블 탭,2019-11-13,104102,104508
20191111,8,20190280,날씨의 아이,2019-10-30,91636,612003
20191111,9,20196284,윤희에게,2019-11-14,32058,34608
20191111,10,20199950,조커,2019-10-02,16671,5239865
20191118,1,20197803,겨울왕국 2,2019-11-21,4437734,4437734
20191118,2,20195002,블랙머니,2019-11-13,767020,1817341
20191118,3,20181434,신의 한 수: 귀수편,2019-11-07,246602,2085167
20191118,4,20191029,82년생 김지영,2019-10-23,127513,3619368
20191118,5,20192083,터미네이터: 다크 페이트,2019-10-30,72850,2383106
20191118,6,20197721,엔젤 해즈 폴른,2019-11-13,48622,174999
20191118,7,20190280,날씨의 아이,2019-10-30,30426,642429
20191118,8,20198421,좀비랜드: 더블 탭,2019-11-13,29504,134012
20191118,9,20196284,윤희에게,2019-11-14,29078,63686
20191118,10,20184341,얼굴없는 보스,2019-11-21,15832,16355
20191125,1,20197803,겨울왕국 2,2019-11-21,4145740,8583474
20191125,2,20185161,나를 찾아줘,2019-11-27,461630,462596
20191125,3,20195002,블랙머니,2019-11-13,442546,2259887
20191125,4,20199428,크롤,2019-11-27,106446,110081
20191125,5,20181434,신의 한 수: 귀수편,2019-11-07,62658,2147825
20191125,6,20199576,러브 앳,2019-11-27,50808,54320
20191125,7,20191029,82년생 김지영,2019-10-23,46445,3665813
20191125,8,20197336,허슬러,2019-11-27,33399,35620
20191125,9,20196284,윤희에게,2019-11-14,22658,86344
20191125,10,20192083,터미네이터: 다크 페이트,2019-10-30,18869,2401975
20191202,1,20197803,겨울왕국 2,2019-11-21,2114627,10698101
20191202,2,20192401,포드 V 페라리,2019-12-04,451673,457689
20191202,3,20198430,나이브스 아웃,2019-12-04,232690,237227
20191202,4,20188462,감쪽같은 그녀,2019-12-04,230875,263966
20191202,5,20195002,블랙머니,2019-11-13,168823,2428710
20191202,6,20185161,나를 찾아줘,2019-11-27,159574,622170
20191202,7,20197278,라스트 크리스마스,2019-12-05,143216,144219
20191202,8,20199576,러브 앳,2019-11-27,29202,83522
20191202,9,20199428,크롤,2019-11-27,28274,138355
20191202,10,20190142,굿 라이어,2019-12-05,16808,19928
20191209,1,20197803,겨울왕국 2,2019-11-21,1379916,12078017
20191209,2,20198681,쥬만지: 넥스트 레벨,2019-12-11,801906,802530
20191209,3,20192401,포드 V 페라리,2019-12-04,420400,878089
20191209,4,20198430,나이브스 아웃,2019-12-04,210992,448219
20191209,5,20188462,감쪽같은 그녀,2019-12-04,163798,427764
20191209,6,20197278,라스트 크리스마스,2019-12-05,84883,229102
20191209,7,20198182,아내를 죽였다,2019-12-11,74254,74840
20191209,8,20190545,카운트다운,2019-12-12,53035,53239
20191209,9,20198414,시동,2019-12-18,49354,49354
20191209,10,20195002,블랙머니,2019-11-13,41443,2470153
20191216,1,20192206,백두산,2019-12-19,2459010,2459257
20191216,2,20198414,시동,2019-12-18,1091528,1140882
20191216,3,20197803,겨울왕국 2,2019-11-21,659871,12737888
20191216,4,20198374,신비아파트 극장판 하늘도깨비 대 요르문간드,2019-12-19,312635,315834
20191216,5,20198681,쥬만지: 넥스트 레벨,2019-12-11,223269,1025799
20191216,6,20192401,포드 V 페라리,2019-12-04,188525,1066614
20191216,7,20198430,나이브스 아웃,2019-12-04,112781,561000
20191216,8,20188462,감쪽같은 그녀,2019-12-04,39164,466928
20191216,9,20190545,카운트다운,2019-12-12,18976,72215
20191216,10,20197278,라스트 크리스마스,2019-12-05,17494,246596
20191223,1,20192206,백두산,2019-12-19,3283397,5742654
20191223,2,20198414,시동,2019-12-18,1150391,2291273
20191223,3,20192721,캣츠,2019-12-24,696173,696173
20191223,4,20184571,천문: 하늘에 묻는다,2019-12-26,688698,702245
20191223,5,20197803,겨울왕국 2,2019-11-21,527310,13265198
20191223,6,20198374,신비아파트 극장판 하늘도깨비 대 요르문간드,2019-12-19,304795,620629
20191223,7,20199981,눈의 여왕4,2019-12-24,117799,119058
20191223,8,20192401,포드 V 페라리,2019-12-04,110421,1177035
20191223,9,20198818,프린스 코기,2019-12-24,109390,112330
20191223,10,20198430,나이브스 아웃,2019-12-04,81671,642671
20191230,1,20192206,백두산,2019-12-19,1736735,7479389
20191230,2,20184571,천문: 하늘에 묻는다,2019-12-26,909154,1611399
20191230,3,20198414,시동,2019-12-18,746508,3037781
20191230,4,20196272,미드웨이,2019-12-31,668304,669797
20191230,5,20197803,겨울왕국 2,2019-11-21,328729,13593927
20191230,6,20198374,신비아파트 극장판 하늘도깨비 대 요르문간드,2019-12-19,189670,810299
20191230,7,20192401,포드 V 페라리,2019-12-04,111918,1288953
20191230,8,20198430,나이브스 아웃,2019-12-04,77129,719800
20191230,9,20191408,21 브릿지: 테러 셧다운 ,2020-01-01,66215,66366
20191230,10,20199981,눈의 여왕4,2019-12-24,65743,184801
20200106,1,20199581,닥터 두리틀,2020-01-08,929622,929622
20200106,2,20192206,백두산,2019-12-19,517035,7996424
20200106,3,20195462,스타워즈: 라이즈 오브 스카이워커,2020-01-08,380261,381509
20200106,4,20184571,천문: 하늘에 묻는다,2019-12-26,274974,1886373
20200106,5,20196272,미드웨이,2019-12-31,214443,884240
20200106,6,20198414,시동,2019-12-18,213565,3251346
20200106,7,20197803,겨울왕국 2,2019-11-21,90721,13684648
20200106,8,20198374,신비아파트 극장판 하늘도깨비 대 요르문간드,2019-12-19,56862,867161
20200106,9,20192401,포드 V 페라리,2019-12-04,34899,1323852
20200106,10,20198430,나이브스 아웃,2019-12-04,33291,753091
20200113,1,20183002,해치지않아,2020-01-15,776516,813395
20200113,2,20199581,닥터 두리틀,2020-01-08,524642,1454264
20200113,3,20196670,나쁜 녀석들: 포에버,2020-01-15,402154,402585
20200113,4,20192206,백두산,2019-12-19,203893,8200317
20200113,5,20195462,스타워즈: 라이즈 오브 스카이워커,2020-01-08,103955,485464
20200113,6,20184571,천문: 하늘에 묻는다,2019-12-26,82333,1968706
20200113,7,20198414,시동,2019-12-18,57498,3308844
20200113,8,20196272,미드웨이,2019-12-31,56835,941075
20200113,9,20197803,겨울왕국 2,2019-11-21,36542,13721190
20200113,10,20198676,타오르는 여인의 초상,2020-01-16,31960,33620
20200120,1,20180939,남산의 부장들,2020-01-22,2602134,2604649
20200120,2,20192101,히트맨,2020-01-22,1135126,1148237
20200120,3,20188421,미스터 주: 사라진 VIP,2020-01-22,388520,393857
20200120,4,20183002,해치지않아,2020-01-15,315122,1128517
20200120,5,20192300,스파이 지니어스 ,2020-01-22,224301,233583
20200120,6,20199581,닥터 두리틀,2020-01-08,118899,1573163
20200120,7,20196670,나쁜 녀석들: 포에버,2020-01-15,111226,513811
20200120,8,20192206,백두산,2019-12-19,42161,8242478
20200120,9,20198676,타오르는 여인의 초상,2020-01-16,39757,73377
20200120,10,20184571,천문: 하늘에 묻는다,2019-12-26,22040,1990746
20200127,1,20180939,남산의 부장들,2020-01-22,1646943,4251592
20200127,2,20192101,히트맨,2020-01-22,981684,2129921
20200127,3,20188421,미스터 주: 사라진 VIP,2020-01-22,193962,587819
20200127,4,20192300,스파이 지니어스 ,2020-01-22,193881,427464
20200127,5,20183002,해치지않아,2020-01-15,88975,1217492
20200127,6,20100312,인셉션,2010-07-21,63236,5898766
20200127,7,20198676,타오르는 여인의 초상,2020-01-16,37642,111019
20200127,8,20199581,닥터 두리틀,2020-01-08,30964,1604127
20200127,9,20196670,나쁜 녀석들: 포에버,2020-01-15,29284,543095
20200127,10,20198430,나이브스 아웃,2019-12-04,16115,795200
20200203,1,20182447,클로젯,2020-02-05,676694,682559
20200203,2,20180939,남산의 부장들,2020-01-22,328937,4580529
20200203,3,20198431,버즈 오브 프레이(할리 퀸의 황홀한 해방),2020-02-05,265235,265859
20200203,4,20192101,히트맨,2020-01-22,221640,2351561
20200203,5,20192984,극장판 미니특공대: 공룡왕 디노 ,2020-02-06,40542,42235
20200203,6,20197390,조조 래빗,2020-02-05,33983,36759
20200203,7,20100312,인셉션,2010-07-21,30417,5929183
20200203,8,20192300,스파이 지니어스 ,2020-01-22,18810,446274
20200203,9,20198676,타오르는 여인의 초상,2020-01-16,16106,127125
20200203,10,20191109,페인 앤 글로리,2020-02-05,15620,19008
20200210,1,20193321,정직한 후보,2020-02-12,896445,911455
20200210,2,20182447,클로젯,2020-02-05,465002,1147561
20200210,3,20192240,작은 아씨들,2020-02-12,449871,464496
20200210,4,20180939,남산의 부장들,2020-01-22,143155,4723684
20200210,5,20183782,기생충,2019-05-30,129823,10228435
20200210,6,20198431,버즈 오브 프레이(할리 퀸의 황홀한 해방),2020-02-05,115766,381625
20200210,7,20184891,수퍼 소닉,2020-02-12,87088,87296
20200210,8,20192101,히트맨,2020-01-22,49244,2400805
20200210,9,20197390,조조 래빗,2020-02-05,44108,80867
20200210,10,20192984,극장판 미니특공대: 공룡왕 디노 ,2020-02-06,29436,71671
20200217,1,20193321,정직한 후보,2020-02-12,440056,1351511
20200217,2,20180962,지푸라기라도 잡고 싶은 짐승들,2020-02-19,364728,370653
20200217,3,20192399,1917,2020-02-19,280649,283037
20200217,4,20192240,작은 아씨들,2020-02-12,245369,709865
20200217,5,20182447,클로젯,2020-02-05,105632,1253193
20200217,6,20183782,기생충,2019-05-30,48811,10277246
20200217,7,20184891,수퍼 소닉,2020-02-12,26060,113356
20200217,8,20180939,남산의 부장들,2020-01-22,24321,4748005
20200217,9,20193911,"하이, 젝시",2020-02-19,21103,21718
20200217,10,20198431,버즈 오브 프레이(할리 퀸의 황홀한 해방),2020-02-05,18247,399872
20200224,1,20199842,인비저블맨,2020-02-26,155956,155956
20200224,2,20192399,1917,2020-02-19,148851,431888
20200224,3,20180962,지푸라기라도 잡고 싶은 짐승들,2020-02-19,136890,507543
20200224,4,20193321,정직한 후보,2020-02-12,87427,1438938
20200224,5,20192240,작은 아씨들,2020-02-12,65039,774904
20200224,6,20193526,젠틀맨,2020-02-26,46629,49533
20200224,7,20040598,해리포터와 아즈카반의 죄수,2004-07-16,30504,1805683
20200224,8,20182447,클로젯,2020-02-05,12583,1265776
20200224,9,20183782,기생충,2019-05-30,7504,10284750
20200224,10,20197390,조조 래빗,2020-02-05,7051,105411
20200302,1,20199842,인비저블맨,2020-02-26,160064,316020
20200302,2,20192399,1917,2020-02-19,106778,538666
20200302,3,20180962,지푸라기라도 잡고 싶은 짐승들,2020-02-19,60866,568409
20200302,4,20193321,정직한 후보,2020-02-12,38160,1477098
20200302,5,20192240,작은 아씨들,2020-02-12,38106,813010
20200302,6,20193526,젠틀맨,2020-02-26,21772,71305
20200302,7,20040598,해리포터와 아즈카반의 죄수,2004-07-16,18184,1823867
20200302,8,20204681,더 보이 2: 돌아온 브람스 ,2020-03-05,14781,14781
20200302,9,20190864,울프 콜,2020-03-05,12706,13914
20200302,10,20135428,어바웃 타임,2013-12-05,10879,3418443
20200309,1,20199842,인비저블맨,2020-02-26,104300,420320
20200309,2,20192399,1917,2020-02-19,72021,610687
20200309,3,20204791,다크 워터스 ,2020-03-11,61531,62182
20200309,4,20180962,지푸라기라도 잡고 싶은 짐승들,2020-02-19,29237,597646
20200309,5,20192240,작은 아씨들,2020-02-12,22151,835161
20200309,6,20193321,정직한 후보,2020-02-12,21871,1498969
20200309,7,20180523,스타 이즈 본,2018-10-09,15004,506861
20200309,8,20135428,어바웃 타임,2013-12-05,11169,3429612
20200309,9,20040598,해리포터와 아즈카반의 죄수,2004-07-16,8268,1832135
20200309,10,20204681,더 보이 2: 돌아온 브람스 ,2020-03-05,8192,22973
20200316,1,20199842,인비저블맨,2020-02-26,72929,493249
20200316,2,20192399,1917,2020-02-19,55904,666591
20200316,3,20204791,다크 워터스 ,2020-03-11,41248,103430
20200316,4,20193321,정직한 후보,2020-02-12,21837,1520806
20200316,5,20180962,지푸라기라도 잡고 싶은 짐승들,2020-02-19,14390,612036
20200316,6,20192240,작은 아씨들,2020-02-12,12793,847954
20200316,7,20180523,스타 이즈 본,2018-10-09,12302,519163
20200316,8,20205096,세인트 아가타 ,2020-03-19,9512,9666
20200316,9,20135428,어바웃 타임,2013-12-05,5866,3435478
20200316,10,20010238,메멘토,2001-08-24,4752,28685
20200323,1,20199842,인비저블맨,2020-02-26,42746,535995
20200323,2,20192399,1917,2020-02-19,39583,706174
20200323,3,20204107,주디,2020-03-25,38239,40929
20200323,4,20205708,스케어리 스토리:어둠의 속삭임 ,2020-03-25,26194,26336
20200323,5,20167904,라라랜드,2016-12-07,21945,3623944
20200323,6,20204791,다크 워터스 ,2020-03-11,15406,118836
20200323,7,20193321,정직한 후보,2020-02-12,8524,1529330
20200323,8,20206424,사랑하고 있습니까,2020-03-25,8481,8749
20200323,9,20190280,날씨의 아이,2019-10-30,8132,668047
20200323,10,20180962,지푸라기라도 잡고 싶은 짐승들,2020-02-19,6902,618938
20200330,1,20205262,엽문4: 더 파이널,2020-04-01,31108,31108
20200330,2,20204107,주디,2020-03-25,29000,69929
20200330,3,20192399,1917,2020-02-19,28767,734941
20200330,4,20199842,인비저블맨,2020-02-26,19242,555237
20200330,5,20205708,스케어리 스토리:어둠의 속삭임 ,2020-03-25,11707,38043
20200330,6,20206446,n번째 이별 중,2020-04-01,10239,10303
20200330,7,20205841,더 터닝 ,2020-04-02,9883,10015
20200330,8,20167904,라라랜드,2016-12-07,8954,3632898
20200330,9,20204791,다크 워터스 ,2020-03-11,6882,125718
20200330,10,20190280,날씨의 아이,2019-10-30,4676,672723
20200406,1,20192399,1917,2020-02-19,24452,759393
20200406,2,20205262,엽문4: 더 파이널,2020-04-01,22845,53953
20200406,3,20204107,주디,2020-03-25,12776,82705
20200406,4,20206402,오픈 더 도어 ,2020-04-08,11954,11954
20200406,5,20199842,인비저블맨,2020-02-26,10977,566214
20200406,6,20206446,n번째 이별 중,2020-04-01,8632,18935
20200406,7,20167904,라라랜드,2016-12-07,6608,3639506
20200406,8,20205902,신과 나: 100일간의 거래,2020-04-08,5716,5780
20200406,9,20205841,더 터닝 ,2020-04-02,5290,15305
20200406,10,20205708,스케어리 스토리:어둠의 속삭임 ,2020-03-25,4463,42506
20200413,1,20192399,1917,2020-02-19,25647,785040
20200413,2,20167904,라라랜드,2016-12-07,22914,3662420
20200413,3,20206190,서치 아웃,2020-04-15,20627,20627
20200413,4,20206021,건즈 아킴보,2020-04-15,18992,19368
20200413,5,20206402,오픈 더 도어 ,2020-04-08,12070,24024
20200413,6,20205262,엽문4: 더 파이널,2020-04-01,11879,65832
20200413,7,20204741,비밀정보원: 인 더 프리즌 ,2020-04-15,10666,10666
20200413,8,20196716,유령선,2020-04-15,8160,8160
20200413,9,20204107,주디,2020-03-25,6013,88718
20200413,10,20206447,라라걸,2020-04-15,5898,6430
20200420,1,20167904,라라랜드,2016-12-07,27295,3689715
20200420,2,20192399,1917,2020-02-19,24264,809304
20200420,3,20206190,서치 아웃,2020-04-15,10997,31624
20200420,4,20124721,어벤져스,2012-04-26,9354,7084961
20200420,5,20206021,건즈 아킴보,2020-04-15,7452,26820
20200420,6,20196716,유령선,2020-04-15,7431,15591
20200420,7,20204741,비밀정보원: 인 더 프리즌 ,2020-04-15,7169,17835
20200420,8,20148493,어벤져스: 에이지 오브 울트론,2015-04-23,6925,10501765
20200420,9,20206865,애프터 웨딩 인 뉴욕 ,2020-04-23,6720,6794
20200420,10,19888010,시네마 천국,1990-07-07,6057,42622
20200427,1,20205402,트롤: 월드 투어,2020-04-29,55873,57115
20200427,2,20197397,나의 청춘은 너의 것,2020-04-29,42256,42256
20200427,3,20207722,저 산 너머,2020-04-30,38349,40458
20200427,4,20181685,호텔 레이크,2020-04-29,36820,37053
20200427,5,20184889,어벤져스: 엔드게임,2019-04-24,32835,13967234
20200427,6,20192399,1917,2020-02-19,30132,839436
20200427,7,20206441,마이 스파이,2020-04-29,29874,29957
20200427,8,20167904,라라랜드,2016-12-07,23592,3713307
20200427,9,20173226,패왕별희 디 오리지널,2017-03-30,21762,23853
20200427,10,20183782,기생충,2019-05-30,17413,10307053
20200504,1,20205402,트롤: 월드 투어,2020-04-29,61656,118771
20200504,2,20207341,레이니 데이 인 뉴욕,2020-05-06,46087,46728
20200504,3,20207722,저 산 너머,2020-04-30,35676,76134
20200504,4,20173226,패왕별희 디 오리지널,2017-03-30,34515,58368
20200504,5,20197397,나의 청춘은 너의 것,2020-04-29,28967,71223
20200504,6,20181685,호텔 레이크,2020-04-29,24076,61129
20200504,7,20207893,프리즌 이스케이프,2020-05-06,22997,22997
20200504,8,20206441,마이 스파이,2020-04-29,21375,51332
20200504,9,20192399,1917,2020-02-19,19379,858815
20200504,10,20167904,라라랜드,2016-12-07,14707,3728014
20200511,1,20207893,프리즌 이스케이프,2020-05-06,44818,67815
20200511,2,20208282,더 플랫폼,2020-05-13,29579,29771
20200511,3,20207341,레이니 데이 인 뉴욕,2020-05-06,27224,73952
20200511,4,20208686,콜 오브 와일드,2020-05-14,19873,19873
20200511,5,20207722,저 산 너머,2020-04-30,17697,93831
20200511,6,20205402,트롤: 월드 투어,2020-04-29,16968,135739
20200511,7,20173226,패왕별희 디 오리지널,2017-03-30,16092,74460
20200511,8,20113252,톰보이,2020-05-14,12849,14534
20200511,9,20197397,나의 청춘은 너의 것,2020-04-29,9650,80873
20200511,10,20208562,씨 피버,2020-05-13,7124,7124
20200518,1,20207893,프리즌 이스케이프,2020-05-06,59160,126975
20200518,2,20179462,위대한 쇼맨,2017-12-20,46663,1449682
20200518,3,20208282,더 플랫폼,2020-05-13,22057,51828
20200518,4,20208122,카페 벨에포크,2020-05-20,21189,21795
20200518,5,20208686,콜 오브 와일드,2020-05-14,12369,32242
20200518,6,20189987,킬러의 보디가드 무삭제 특별판,2018-09-12,10419,10422
20200518,7,20173226,패왕별희 디 오리지널,2017-03-30,10239,84699
20200518,8,20207341,레이니 데이 인 뉴욕,2020-05-06,10192,84144
20200518,9,20113252,톰보이,2020-05-14,9458,23992
20200518,10,20205402,트롤: 월드 투어,2020-04-29,8671,144410
20200525,1,20179462,위대한 쇼맨,2017-12-20,64783,1514465
20200525,2,20209161,언더워터,2020-05-27,58251,58251
20200525,3,20207893,프리즌 이스케이프,2020-05-06,44350,171325
20200525,4,20208122,카페 벨에포크,2020-05-20,20210,42005
20200525,5,20207501,그집,2020-05-27,19377,19455
20200525,6,20208264,미스비헤이비어,2020-05-27,14012,14787
20200525,7,20208282,더 플랫폼,2020-05-13,9951,61779
20200525,8,20196782,초미의 관심사,2020-05-27,9701,10351
20200525,9,20209029,아홉 스님,2020-05-27,8501,9020
20200525,10,20173226,패왕별희 디 오리지널,2017-03-30,6199,90898
20200601,1,20197863,침입자,2020-06-04,288092,288925
20200601,2,20179462,위대한 쇼맨,2017-12-20,75349,1589814
20200601,3,20209161,언더워터,2020-05-27,43092,101343
20200601,4,20207893,프리즌 이스케이프,2020-05-06,28920,200245
20200601,5,20208122,카페 벨에포크,2020-05-20,13125,55130
20200601,6,20144741,매드 맥스: 분노의 도로,2015-05-14,11307,3895437
20200601,7,20208264,미스비헤이비어,2020-05-27,9982,24769
20200601,8,20207501,그집,2020-05-27,8413,27868
20200601,9,20209029,아홉 스님,2020-05-27,8229,17249
20200601,10,20190461,프랑스여자,2020-06-04,8214,8548
20200608,1,20183813,결백,2020-06-10,312875,314864
20200608,2,20197863,침입자,2020-06-04,166678,455603
20200608,3,20205481,에어로너츠,2020-06-10,51609,52427
20200608,4,20179462,위대한 쇼맨,2017-12-20,43906,1633720
20200608,5,20209463,나의 첫 번째 슈퍼스타,2020-06-10,32434,32710
20200608,6,20198890,아이즈 온 미 : 더 무비,2020-06-10,30751,30751
20200608,7,20144741,매드 맥스: 분노의 도로,2015-05-14,14871,3910308
20200608,8,20207893,프리즌 이스케이프,2020-05-06,13486,213731
20200608,9,20178522,콜 미 바이 유어 네임,2018-03-22,13345,212934
20200608,10,20195711,너는 달밤에 빛나고,2020-06-10,8723,8723
20200615,1,20183813,결백,2020-06-10,243340,558204
20200615,2,20191048,온워드: 단 하루의 기적,2020-06-17,157299,157986
20200615,3,20193859,사라진 시간,2020-06-18,142233,143135
20200615,4,20197863,침입자,2020-06-04,60701,516304
20200615,5,20179462,위대한 쇼맨,2017-12-20,26727,1660447
20200615,6,20205481,에어로너츠,2020-06-10,19187,71614
20200615,7,20196702,야구소녀,2020-06-18,15250,17096
20200615,8,20209463,나의 첫 번째 슈퍼스타,2020-06-10,14473,47183
20200615,9,20198890,아이즈 온 미 : 더 무비,2020-06-10,6992,37743
20200615,10,20178522,콜 미 바이 유어 네임,2018-03-22,5811,218745
20200622,1,20193069,#살아있다,2020-06-24,1057234,1060001
20200622,2,20183813,결백,2020-06-10,157866,716070
20200622,3,20191048,온워드: 단 하루의 기적,2020-06-17,121865,279851
20200622,4,20193859,사라진 시간,2020-06-18,37155,180290
20200622,5,20050112,배트맨 비긴즈,2005-06-24,28145,895913
20200622,6,20179462,위대한 쇼맨,2017-12-20,21635,1682082
20200622,7,20197863,침입자,2020-06-04,12955,529259
20200622,8,20196702,야구소녀,2020-06-18,11292,28388
20200622,9,20209644,엔딩스 비기닝스,2020-06-24,10166,10391
20200622,10,20090161,슬럼독 밀리어네어,2009-03-19,5468,1118134
20200629,1,20193069,#살아있다,2020-06-24,486928,1546929
20200629,2,20183813,결백,2020-06-10,91082,807152
20200629,3,20191048,온워드: 단 하루의 기적,2020-06-17,63185,343036
20200629,4,20196201,소리꾼,2020-07-01,50319,53417
20200629,5,20081056,다크 나이트,2008-08-06,38013,4213539
20200629,6,20208617,인베이젼 2020,2020-07-01,18398,18543
20200629,7,20179462,위대한 쇼맨,2017-12-20,10223,1692305
20200629,8,20050112,배트맨 비긴즈,2005-06-24,5429,901342
20200629,9,20200361,"아무튼, 아담",2020-07-02,5103,5415
20200629,10,20193859,사라진 시간,2020-06-18,5095,185385
20200706,1,20193069,#살아있다,2020-06-24,235999,1782928
20200706,2,20204644,밤쉘: 세상을 바꾼 폭탄선언,2020-07-08,90844,93462
20200706,3,20183813,결백,2020-06-10,45846,852998
20200706,4,20191048,온워드: 단 하루의 기적,2020-06-17,33530,376566
20200706,5,20112703,다크 나이트 라이즈,2012-07-19,24483,6423786
20200706,6,20196201,소리꾼,2020-07-01,21307,74724
20200706,7,20200162,소년시절의 너,2020-07-09,16539,18272
20200706,8,20081056,다크 나이트,2008-08-06,10208,4223747
20200706,9,20208182,그레텔과 헨젤,2020-07-08,9960,11011
20200706,10,20112561,원 데이,2012-12-13,9796,216235
20200713,1,20193450,반도,2020-07-15,1802206,1803970
20200713,2,20193069,#살아있다,2020-06-24,67741,1850669
20200713,3,20204644,밤쉘: 세상을 바꾼 폭탄선언,2020-07-08,45625,139087
20200713,4,20191048,온워드: 단 하루의 기적,2020-06-17,14715,391281
20200713,5,20200162,소년시절의 너,2020-07-09,13080,31352
20200713,6,20201421,BIFAN2020 판타스틱 단편 걸작선 1, ,11200,20000
20200713,7,20183813,결백,2020-06-10,10423,863421
20200713,8,20200845,비바리움,2020-07-16,7247,8070
20200713,9,20112561,원 데이,2012-12-13,7078,223313
20200713,10,20112703,다크 나이트 라이즈,2012-07-19,4659,6428445
20200720,1,20193450,반도,2020-07-15,1058865,2862835
20200720,2,20183867,알라딘,2019-05-23,61861,12617755
20200720,3,20193069,#살아있다,2020-06-24,36777,1887446
20200720,4,20204644,밤쉘: 세상을 바꾼 폭탄선언,2020-07-08,24843,163930
20200720,5,20201265,팬데믹,2020-07-22,17000,17104
20200720,6,20209882,블루 아워,2020-07-22,16489,16649
20200720,7,20200749,파리의 인어,2020-07-23,15686,16653
20200720,8,20200162,소년시절의 너,2020-07-09,15389,46741
20200720,9,20191048,온워드: 단 하루의 기적,2020-06-17,10335,401616
20200720,10,20200845,비바리움,2020-07-16,6195,14265
20200727,1,20196271,강철비2: 정상회담,2020-07-29,1016243,1019937
20200727,2,20193450,반도,2020-07-15,576049,3438884
20200727,3,20183867,알라딘,2019-05-23,58689,12676444
20200727,4,20200491,빅샤크3: 젤리몬스터 대소동,2020-07-29,31564,31564
20200727,5,20193069,#살아있다,2020-06-24,12885,1900331
20200727,6,20200162,소년시절의 너,2020-07-09,11781,58522
20200727,7,20204644,밤쉘: 세상을 바꾼 폭탄선언,2020-07-08,10538,174468
20200727,8,20200749,파리의 인어,2020-07-23,8589,25242
20200727,9,20191048,온워드: 단 하루의 기적,2020-06-17,7758,409374
20200727,10,20173901,존 윅: 특별판,2017-03-30,6711,6745
20200803,1,20197922,다만 악에서 구하소서,2020-08-05,2019937,2025071
20200803,2,20196271,강철비2: 정상회담,2020-07-29,522023,1541960
20200803,3,20193450,반도,2020-07-15,254422,3693306
20200803,4,20201287,애니멀 크래커,2020-08-05,76799,77021
20200803,5,20200491,빅샤크3: 젤리몬스터 대소동,2020-07-29,35823,67387
20200803,6,20183867,알라딘,2019-05-23,34007,12710451
20200803,7,20164721,미녀와 야수,2017-03-16,14106,5152434
20200803,8,20200162,소년시절의 너,2020-07-09,6868,65390
20200803,9,20191048,온워드: 단 하루의 기적,2020-06-17,5325,414699
20200803,10,20199883,오케이 마담,2020-08-12,4269,4269
20200810,1,20197922,다만 악에서 구하소서,2020-08-05,1518114,3543185
20200810,2,20199883,오케이 마담,2020-08-12,775104,779373
20200810,3,20196271,강철비2: 정상회담,2020-07-29,179644,1721604
20200810,4,20193450,반도,2020-07-15,85691,3778997
20200810,5,20201287,애니멀 크래커,2020-08-05,42039,119060
20200810,6,20188362,더 프린세스 : 도둑맞은 공주,2020-08-12,38839,40168
20200810,7,20100312,인셉션,2010-07-21,37588,5983240
20200810,8,20201968,반교: 디텐션,2020-08-13,14426,14736
20200810,9,20183867,알라딘,2019-05-23,11550,12722001
20200810,10,20205970,워터 릴리스,2020-08-13,6595,8015
20200817,1,20197922,다만 악에서 구하소서,2020-08-05,562946,4106131
20200817,2,20199883,오케이 마담,2020-08-12,356160,1135533
20200817,3,20201122,테넷,2020-08-26,84706,84706
20200817,4,20202281,극장판 짱구는 못말려: 신혼여행 허리케인~ 사라진 아빠!,2020-08-20,62681,62681
20200817,5,20196271,강철비2: 정상회담,2020-07-29,51401,1773005
20200817,6,20193450,반도,2020-07-15,24981,3803978
20200817,7,20188362,더 프린세스 : 도둑맞은 공주,2020-08-12,15230,55398
20200817,8,20100312,인셉션,2010-07-21,13618,5996858
20200817,9,20201968,반교: 디텐션,2020-08-13,12036,26772
20200817,10,20010238,메멘토,2001-08-24,11516,40299
20200824,1,20201122,테넷,2020-08-26,575699,660405
20200824,2,20197922,다만 악에서 구하소서,2020-08-05,144059,4250190
20200824,3,20199883,오케이 마담,2020-08-12,65018,1200551
20200824,4,20202281,극장판 짱구는 못말려: 신혼여행 허리케인~ 사라진 아빠!,2020-08-20,31559,94240
20200824,5,20196271,강철비2: 정상회담,2020-07-29,7088,1780093
20200824,6,20193450,반도,2020-07-15,6419,3810397
20200824,7,20201968,반교: 디텐션,2020-08-13,5803,32575
20200824,8,20196773,남매의 여름밤,2020-08-20,4296,12601
20200824,9,20010238,메멘토,2001-08-24,4038,44337
20200824,10,20203461,시크릿 가든,2020-08-19,3005,11102
20200831,1,20201122,테넷,2020-08-26,399392,1059797
20200831,2,20193666,오! 문희,2020-09-02,134875,134925
20200831,3,20197922,다만 악에서 구하소서,2020-08-05,61761,4311951
20200831,4,20199883,오케이 마담,2020-08-12,18736,1219287
20200831,5,20202281,극장판 짱구는 못말려: 신혼여행 허리케인~ 사라진 아빠!,2020-08-20,14461,108701
20200831,6,20112692,드라이브,2011-11-17,5931,26072
20200831,7,20202961,고스트 오브 워,2020-09-02,5754,5754
20200831,8,20196773,남매의 여름밤,2020-08-20,2422,15023
20200831,9,20189973,카일라스 가는 길,2020-09-03,1699,1699
20200831,10,20010238,메멘토,2001-08-24,1687,46024
20200907,1,20201122,테넷,2020-08-26,275427,1335224
20200907,2,20193666,오! 문희,2020-09-02,92801,227726
20200907,3,20175405,뉴 뮤턴트,2020-09-10,49436,49436
20200907,4,20201687,기기괴괴 성형수,2020-09-09,44035,44210
20200907,5,20197922,다만 악에서 구하소서,2020-08-05,28997,4340948
20200907,6,20183813,결백,2020-06-10,22000,887853
20200907,7,20202203,에이바,2020-09-09,19155,19155
20200907,8,20202281,극장판 짱구는 못말려: 신혼여행 허리케인~ 사라진 아빠!,2020-08-20,7936,116637
20200907,9,20199883,오케이 마담,2020-08-12,5717,1225004
20200907,10,20112692,드라이브,2011-11-17,4922,30994
20200914,1,20201122,테넷,2020-08-26,201145,1536369
20200914,2,20193822,뮬란,2020-09-17,151983,152033
20200914,3,20193666,오! 문희,2020-09-02,57196,284922
20200914,4,20201687,기기괴괴 성형수,2020-09-09,29722,73932
20200914,5,20175405,뉴 뮤턴트,2020-09-10,11667,61103
20200914,6,20197922,다만 악에서 구하소서,2020-08-05,9545,4350493
20200914,7,20202204,더 렌탈 : 소리없는 감시자,2020-09-16,6558,6558
20200914,8,20183813,결백,2020-06-10,6172,894025
20200914,9,20202281,극장판 짱구는 못말려: 신혼여행 허리케인~ 사라진 아빠!,2020-08-20,3943,120580
20200914,10,20205001,도망친 여자,2020-09-17,3937,4084
20200921,1,20201122,테넷,2020-08-26,146981,1683350
20200921,2,20178401,검객,2020-09-23,108139,108335
20200921,3,20190601,디바,2020-09-23,88007,88252
20200921,4,20204684,브레이크 더 사일런스: 더 무비,2020-09-24,72243,72243
20200921,5,20193822,뮬란,2020-09-17,69232,221265
20200921,6,20193666,오! 문희,2020-09-02,33826,318748
20200921,7,20202341,아웃포스트,2020-09-23,33070,33070
20200921,8,20201687,기기괴괴 성형수,2020-09-09,13531,87463
20200921,9,20196271,강철비2: 정상회담,2020-07-29,7981,1789851
20200921,10,20206178,극장판 엉덩이 탐정: 텐텐마을의 수수께끼,2020-09-24,7659,7739
20200928,1,20199816,담보,2020-09-29,820932,821459
20200928,2,20184482,국제수사,2020-09-29,449059,449376
20200928,3,20204008,그린랜드,2020-09-29,238756,238952
20200928,4,20201122,테넷,2020-08-26,143808,1827158
20200928,5,20190621,죽지않는 인간들의 밤,2020-09-29,85135,88021
20200928,6,20206062,극장판 포켓몬스터 뮤츠의 역습 EVOLUTION,2020-09-30,68175,68175
20200928,7,20178401,검객,2020-09-23,65816,174151
20200928,8,20206826,"그대, 고맙소 : 김호중 생애 첫 팬미팅 무비",2020-09-29,59295,59344
20200928,9,20206588,극장판 미니특공대: 햄버거괴물의 습격,2020-09-30,36470,36813
20200928,10,20204684,브레이크 더 사일런스: 더 무비,2020-09-24,34624,106867
20201005,1,20199816,담보,2020-09-29,419845,1241304
20201005,2,20202684,언힌지드,2020-10-07,88710,88808
20201005,3,20184482,국제수사,2020-09-29,68548,517924
20201005,4,20204008,그린랜드,2020-09-29,64022,302974
20201005,5,20201122,테넷,2020-08-26,51727,1878885
20201005,6,20202502,애프터: 그 후,2020-10-07,24983,25547
20201005,7,20206062,극장판 포켓몬스터 뮤츠의 역습 EVOLUTION,2020-09-30,17905,86080
20201005,8,20206826,"그대, 고맙소 : 김호중 생애 첫 팬미팅 무비",2020-09-29,16522,75866
20201005,9,20206362,"어디갔어, 버나뎃",2020-10-08,16209,16651
20201005,10,20204684,브레이크 더 사일런스: 더 무비,2020-09-24,15521,122388
20201012,1,20194424,소리도 없이,2020-10-15,220090,220433
20201012,2,20199816,담보,2020-09-29,207482,1448786
20201012,3,20201122,테넷,2020-08-26,32724,1911609
20201012,4,20202684,언힌지드,2020-10-07,23805,112613
20201012,5,20183583,폰조,2020-10-14,21069,21069
20201012,6,20204008,그린랜드,2020-09-29,16767,319741
20201012,7,20184482,국제수사,2020-09-29,15078,533002
20201012,8,20206826,"그대, 고맙소 : 김호중 생애 첫 팬미팅 무비",2020-09-29,11397,87263
20201012,9,20181162,돌멩이,2020-10-15,10803,11711
20201012,10,20208393,극장판 요괴워치: 포에버 프렌즈,2020-10-15,9158,9158
20201019,1,20197121,삼진그룹 영어토익반,2020-10-21,353839,358705
20201019,2,20199816,담보,2020-09-29,130373,1579159
20201019,3,20194424,소리도 없이,2020-10-15,124591,345024
20201019,4,20208508,미스터트롯: 더 무비,2020-10-22,86929,86929
20201019,5,20203842,페이트 스테이 나이트 헤븐즈필 제3장 스프링 송,2020-10-22,31004,31004
20201019,6,20201122,테넷,2020-08-26,28159,1939768
20201019,7,20206826,"그대, 고맙소 : 김호중 생애 첫 팬미팅 무비",2020-09-29,7098,94361
20201019,8,20192271,부니베어: 원시시대 대모험,2020-10-22,5006,5006
20201019,9,20196676,종이꽃,2020-10-22,4648,4957
20201019,10,20181162,돌멩이,2020-10-15,4259,15970
20201026,1,20197121,삼진그룹 영어토익반,2020-10-21,573035,931740
20201026,2,20199816,담보,2020-09-29,86032,1665191
20201026,3,20194424,소리도 없이,2020-10-15,47470,392494
20201026,4,20208508,미스터트롯: 더 무비,2020-10-22,39698,126627
20201026,5,20145141,위플래쉬,2015-03-12,33883,1622931
20201026,6,20209304,다만 악에서 구하소서 파이널컷,2020-10-28,26731,26731
20201026,7,20201122,테넷,2020-08-26,24556,1964324
20201026,8,20203842,페이트 스테이 나이트 헤븐즈필 제3장 스프링 송,2020-10-22,18971,49975
20201026,9,20205980,테슬라,2020-10-28,17601,17650
20201026,10,20191408,21 브릿지: 테러 셧다운 ,2020-01-01,7365,111140
20201102,1,20192193,도굴,2020-11-04,564009,565477
20201102,2,20197121,삼진그룹 영어토익반,2020-10-21,325701,1257441
20201102,3,20199816,담보,2020-09-29,36987,1702178
20201102,4,20040734,노트북,2004-11-26,19404,627956
20201102,5,20145141,위플래쉬,2015-03-12,14780,1637711
20201102,6,20208508,미스터트롯: 더 무비,2020-10-22,13998,140625
20201102,7,20201122,테넷,2020-08-26,13867,1978191
20201102,8,20203842,페이트 스테이 나이트 헤븐즈필 제3장 스프링 송,2020-10-22,10415,60390
20201102,9,20194424,소리도 없이,2020-10-15,9199,401693
20201102,10,20209304,다만 악에서 구하소서 파이널컷,2020-10-28,7479,34210
20201109,1,20192193,도굴,2020-11-04,435743,1001220
20201109,2,20197121,삼진그룹 영어토익반,2020-10-21,183667,1441108
20201109,3,20190582,내가 죽던 날,2020-11-12,127665,128406
20201109,4,20206547,극장판 바이올렛 에버가든,2020-11-12,20342,20342
20201109,5,20204432,애비규환,2020-11-12,14660,16154
20201109,6,20209370,킹덤 오브 헤븐: 디렉터스 컷,2020-11-11,14552,15057
20201109,7,20040734,노트북,2004-11-26,13787,641743
20201109,8,20208448,극장판 바다 탐험대 옥토넛 : 대산호초 보호작전,2020-11-12,13174,13270
20201109,9,20199816,담보,2020-09-29,12322,1714500
20201109,10,20201122,테넷,2020-08-26,7892,1986083
20201116,1,20192193,도굴,2020-11-04,275393,1276613
20201116,2,20200294,런,2020-11-20,115079,115774
20201116,3,20197121,삼진그룹 영어토익반,2020-10-21,92641,1533749
20201116,4,20190582,내가 죽던 날,2020-11-12,84511,212917
20201116,5,20208961,마리 퀴리,2020-11-18,16441,16539
20201116,6,20181983,이웃사촌,2020-11-25,15037,16416
20201116,7,20209650,택스 콜렉터,2020-11-18,14326,14498
20201116,8,20200200,추억의 검정고무신,2020-11-19,13454,13615
20201116,9,20206547,극장판 바이올렛 에버가든,2020-11-12,12288,32630
20201116,10,20208448,극장판 바다 탐험대 옥토넛 : 대산호초 보호작전,2020-11-12,8634,21904
20201123,1,20181983,이웃사촌,2020-11-25,183864,200280
20201123,2,20192193,도굴,2020-11-04,92955,1369568
20201123,3,20200294,런,2020-11-20,75445,191219
20201123,4,20201123,프리키 데스데이,2020-11-25,34405,34716
20201123,5,20197121,삼진그룹 영어토익반,2020-10-21,22780,1556529
20201123,6,20190582,내가 죽던 날,2020-11-12,15115,228032
20201123,7,20206547,극장판 바이올렛 에버가든,2020-11-12,7415,40045
20201123,8,20208961,마리 퀴리,2020-11-18,5052,21591
20201123,9,20200200,추억의 검정고무신,2020-11-19,3967,17582
20201123,10,20209771,갈릴리 예수,2020-11-26,3085,4718
20201130,1,20181983,이웃사촌,2020-11-25,126371,326651
20201130,2,20192193,도굴,2020-11-04,54125,1423693
20201130,3,20200294,런,2020-11-20,42679,233898
20201130,4,20200554,더 프롬,2020-12-02,17985,17985
20201130,5,20201123,프리키 데스데이,2020-11-25,14576,49292
20201130,6,20197121,삼진그룹 영어토익반,2020-10-21,9183,1565712
20201130,7,20206710,파티마의 기적 ,2020-12-03,9173,9834
20201130,8,20197853,잔칫날,2020-12-02,6733,7073
20201130,9,20206547,극장판 바이올렛 에버가든,2020-11-12,5457,45502
20201130,10,20149120,인터스텔라,2014-11-06,4700,10314132
20201207,1,20201002,조제,2020-12-10,78453,78846
20201207,2,20181983,이웃사촌,2020-11-25,54323,380974
20201207,3,20192193,도굴,2020-11-04,28483,1452176
20201207,4,20200294,런,2020-11-20,21497,255395
20201207,5,20202366,800,2020-12-10,8259,8384
20201207,6,20149120,인터스텔라,2014-11-06,5970,10320102
20201207,7,20200554,더 프롬,2020-12-02,5592,23577
20201207,8,20200883,미드나이트 스카이,2020-12-09,5094,5094
20201207,9,20164621,덩케르크,2017-07-20,4890,2801241
20201207,10,20206710,파티마의 기적 ,2020-12-03,4831,14665
20201214,1,20201002,조제,2020-12-10,60584,139430
20201214,2,20192193,도굴,2020-11-04,29184,1481360
20201214,3,20181983,이웃사촌,2020-11-25,26999,407973
20201214,4,20200294,런,2020-11-20,13034,268429
20201214,5,20030404,러브 액츄얼리,2003-12-05,6324,319812
20201214,6,20202366,800,2020-12-10,5867,14251
20201214,7,20201174,언플랜드,2020-12-17,5587,8851
20201214,8,20200936,리플레이,2020-12-16,5524,5557
20201214,9,20149120,인터스텔라,2014-11-06,2843,10322945
20201214,10,20164621,덩케르크,2017-07-20,2804,2804045
20201221,1,20192567,원더 우먼 1984,2020-12-23,303719,303839
20201221,2,20201002,조제,2020-12-10,34390,173820
20201221,3,20192193,도굴,2020-11-04,30214,1511574
20201221,4,20040725,화양연화,2000-10-20,19288,31863
20201221,5,20181983,이웃사촌,2020-11-25,13097,421070
20201221,6,20202128,100% 울프: 푸들이 될 순 없어,2020-12-24,8458,8458
20201221,7,20200294,런,2020-11-20,7942,276371
20201221,8,20030404,러브 액츄얼리,2003-12-05,5276,325088
20201221,9,20200936,리플레이,2020-12-16,4376,9933
20201221,10,20209538,썸머 85,2020-12-24,4074,4353
20201228,1,20192567,원더 우먼 1984,2020-12-23,157591,461430
20201228,2,20040725,화양연화,2000-10-20,27935,59798
20201228,3,20202703,뱅가드,2020-12-30,22348,22348
20201228,4,20201002,조제,2020-12-10,21609,195429
20201228,5,20192193,도굴,2020-11-04,19311,1530885
20201228,6,20202647,나이팅게일,2020-12-30,10620,10620
20201228,7,20202128,100% 울프: 푸들이 될 순 없어,2020-12-24,6323,14781
20201228,8,20181983,이웃사촌,2020-11-25,6071,427141
20201228,9,20167904,라라랜드,2016-12-07,4617,3745041
20201228,10,20200294,런,2020-11-20,4198,280569
20210104,1,20192567,원더 우먼 1984,2020-12-23,45688,507118
20210104,2,20040725,화양연화,2000-10-20,16000,75798
20210104,3,20201002,조제,2020-12-10,9242,204671
20210104,4,20192193,도굴,2020-11-04,6915,1537800
20210104,5,20202703,뱅가드,2020-12-30,6307,28655
20210104,6,20200512,미스터 존스,2021-01-07,5618,5668
20210104,7,20202931,완벽한 가족,2021-01-06,5229,5297
20210104,8,20202130,빅풋 주니어2: 패밀리가 떴다,2021-01-06,5193,8813
20210104,9,20167904,라라랜드,2016-12-07,3275,3748316
20210104,10,20182674,걸,2021-01-07,2830,3045
20210111,1,20192567,원더 우먼 1984,2020-12-23,27243,534361
20210111,2,20198056,아이 엠 우먼,2021-01-14,13210,14215
20210111,3,20040725,화양연화,2000-10-20,12783,88581
20210111,4,20197277,#아이엠히어,2021-01-14,11963,12061
20210111,5,20078386,블라인드,2021-01-14,10442,10599
20210111,6,20192193,도굴,2020-11-04,5477,1543277
20210111,7,19910182,늑대와 춤을,1991-03-31,4982,5898
20210111,8,20203689,마이 미씽 발렌타인,2021-01-14,4782,4782
20210111,9,20202130,빅풋 주니어2: 패밀리가 떴다,2021-01-06,4711,13524
20210111,10,20201002,조제,2020-12-10,4391,209062
20210118,1,20207443,소울,2021-01-20,407476,408482
20210118,2,20202540,커넥트,2021-01-20,11132,11203
20210118,3,20200703,극장판 귀멸의 칼날: 무한열차편,2021-01-27,10334,10334
20210118,4,20192567,원더 우먼 1984,2020-12-23,9825,544186
20210118,5,20040725,화양연화,2000-10-20,7655,96236
20210118,6,20078386,블라인드,2021-01-14,4995,15594
20210118,7,20202924,파힘,2021-01-21,4701,4701
20210118,8,20198056,아이 엠 우먼,2021-01-14,4426,18641
20210118,9,20197277,#아이엠히어,2021-01-14,3606,15667
20210118,10,20201122,테넷,2020-08-26,3280,1995833
20210125,1,20207443,소울,2021-01-20,466517,874999
20210125,2,20200703,극장판 귀멸의 칼날: 무한열차편,2021-01-27,195975,206309
20210125,3,20209926,세자매,2021-01-27,40690,42301
20210125,4,20201649,명탐정 코난: 진홍의 수학여행,2021-01-27,38131,38131
20210125,5,20150942,캐롤,2016-02-04,9558,345862
20210125,6,20201022,북스마트,2021-01-27,9337,9435
20210125,7,20215041,토이 솔져스: 가짜사나이2 더 컴플리트,2021-01-27,7991,7991
20210125,8,20198053,나는 나를 해고하지 않는다,2021-01-28,7531,10318
20210125,9,20198056,아이 엠 우먼,2021-01-14,4277,22918
20210125,10,20040725,화양연화,2000-10-20,3920,100156
20210201,1,20207443,소울,2021-01-20,331819,1206818
20210201,2,20200703,극장판 귀멸의 칼날: 무한열차편,2021-01-27,236565,442874
20210201,3,20215301,어니스트 씨프,2021-02-03,54631,54631
20210201,4,20209926,세자매,2021-01-27,21752,64053
20210201,5,20201649,명탐정 코난: 진홍의 수학여행,2021-01-27,16327,54458
20210201,6,20080269,해피 투게더,1998-08-22,11424,15790
20210201,7,20204333,페어웰,2021-02-04,6636,7454
20210201,8,20202792,스트레스 제로,2021-02-03,5877,5937
20210201,9,20150942,캐롤,2016-02-04,4333,350195
20210201,10,20198053,나는 나를 해고하지 않는다,2021-01-28,4092,14410
20210208,1,20207443,소울,2021-01-20,361516,1568334
20210208,2,20200703,극장판 귀멸의 칼날: 무한열차편,2021-01-27,177369,620243
20210208,3,20190323,새해전야,2021-02-10,130588,131353
20210208,4,20214981,몬스터 헌터,2021-02-10,83216,83527
20210208,5,20050310,해리 포터와 불의 잔,2005-12-01,31560,3462537
20210208,6,20209627,아이,2021-02-10,23560,24358
20210208,7,20215301,어니스트 씨프,2021-02-03,22339,76970
20210208,8,20203009,드림빌더,2021-02-10,13385,14326
20210208,9,20209926,세자매,2021-01-27,13235,77288
20210208,10,20215810,송가인 더 드라마 ,2021-02-11,11394,11394
20210215,1,20199541,미션 파서블,2021-02-17,180320,180887
20210215,2,20207443,소울,2021-01-20,180034,1748368
20210215,3,20200703,극장판 귀멸의 칼날: 무한열차편,2021-01-27,129536,749779
20210215,4,20190323,새해전야,2021-02-10,32530,163883
20210215,5,20050310,해리 포터와 불의 잔,2005-12-01,24105,3486642
20210215,6,20214981,몬스터 헌터,2021-02-10,16683,100210
20210215,7,20200311,더블패티,2021-02-17,10974,11267
20210215,8,20209627,아이,2021-02-10,9972,34330
20210215,9,20214848,퍼펙트 케어,2021-02-19,9773,11370
20210215,10,20202812,마리오네트,2021-02-17,5800,5800
20210222,1,20199541,미션 파서블,2021-02-17,150245,331132
20210222,2,20200703,극장판 귀멸의 칼날: 무한열차편,2021-01-27,143328,893107
20210222,3,20207443,소울,2021-01-20,132265,1880633
20210222,4,20215843,카오스 워킹,2021-02-24,99727,99826
20210222,5,20202555,톰과 제리,2021-02-24,91333,91333
20210222,6,20198663,고백,2021-02-24,18762,20975
20210222,7,20214848,퍼펙트 케어,2021-02-19,10206,21576
20210222,8,20209013,워 위드 그랜파,2021-02-24,9682,10379
20210222,9,20050310,해리 포터와 불의 잔,2005-12-01,8295,3494937
20210222,10,20215221,더 레이서,2021-02-24,6434,6470
20210301,1,20205144,미나리,2021-03-03,276055,277064
20210301,2,20200703,극장판 귀멸의 칼날: 무한열차편,2021-01-27,159283,1052390
20210301,3,20200263,라야와 마지막 드래곤,2021-03-04,126416,127118
20210301,4,20207443,소울,2021-01-20,84483,1965116
20210301,5,20199541,미션 파서블,2021-02-17,80487,411619
20210301,6,20202555,톰과 제리,2021-02-24,39333,130666
20210301,7,20215843,카오스 워킹,2021-02-24,39061,138887
20210301,8,20071054,중경삼림,1995-09-02,19690,35743
20210301,9,20198663,고백,2021-02-24,9478,30453
20210301,10,20215221,더 레이서,2021-02-24,4448,10918
20210308,1,20205144,미나리,2021-03-03,220059,497123
20210308,2,20200703,극장판 귀멸의 칼날: 무한열차편,2021-01-27,145554,1197944
20210308,3,20200263,라야와 마지막 드래곤,2021-03-04,93203,220321
20210308,4,20207443,소울,2021-01-20,34974,2000090
20210308,5,20010083,반지의 제왕 : 반지원정대,2001-12-31,27727,27746
20210308,6,20216051,리스타트,2021-03-11,27607,27805
20210308,7,20199541,미션 파서블,2021-02-17,22807,434426
20210308,8,20071054,중경삼림,1995-09-02,16235,51978
20210308,9,20216022,웨이 다운,2021-03-11,9702,9801
20210308,10,20215056,아이 씨 유,2021-03-11,6622,6985
20210315,1,20205144,미나리,2021-03-03,206015,703138
20210315,2,20200703,극장판 귀멸의 칼날: 무한열차편,2021-01-27,151361,1349305
20210315,3,20200263,라야와 마지막 드래곤,2021-03-04,56555,276876
20210315,4,20216069,모리타니안,2021-03-17,31451,31805
20210315,5,20207443,소울,2021-01-20,23801,2023891
20210315,6,20020234,반지의 제왕 : 두 개의 탑,2002-12-19,21617,21659
20210315,7,20030316,반지의 제왕 : 왕의 귀환,2003-12-17,18815,719411
20210315,8,20216051,리스타트,2021-03-11,10326,38131
20210315,9,20216361,브레이브 언더 파이어,2021-03-17,9202,9202
20210315,10,20071054,중경삼림,1995-09-02,9178,61156
20210322,1,20215850,고질라 VS. 콩,2021-03-25,325086,325086
20210322,2,20200703,극장판 귀멸의 칼날: 무한열차편,2021-01-27,132556,1481861
20210322,3,20205144,미나리,2021-03-03,114321,817459
20210322,4,20216673,더 박스,2021-03-24,73092,75723
20210322,5,20216432,최면,2021-03-24,35905,36663
20210322,6,20200263,라야와 마지막 드래곤,2021-03-04,25486,302362
20210322,7,20207443,소울,2021-01-20,12197,2036088
20210322,8,20216069,모리타니안,2021-03-17,8080,39885
20210322,9,20030316,반지의 제왕 : 왕의 귀환,2003-12-17,6953,726364
20210322,10,20216768,몬테크리스토: 더 뮤지컬 라이브,2021-03-19,5627,13010
20210329,1,20215850,고질라 VS. 콩,2021-03-25,238314,563400
20210329,2,20197434,자산어보,2021-03-31,159878,162839
20210329,3,20200703,극장판 귀멸의 칼날: 무한열차편,2021-01-27,99600,1581461
20210329,4,20205144,미나리,2021-03-03,55708,873167
20210329,5,20216673,더 박스,2021-03-24,32879,108602
20210329,6,20205155,"조제, 호랑이 그리고 물고기들",2021-03-31,15940,16032
20210329,7,20216432,최면,2021-03-24,13887,50550
20210329,8,20190683,아무도 없는 곳,2021-03-31,13609,13871
20210329,9,20200263,라야와 마지막 드래곤,2021-03-04,10452,312814
20210329,10,20214847,해길랍,2021-03-31,9988,10051
20210405,1,20197434,자산어보,2021-03-31,92719,255558
20210405,2,20215850,고질라 VS. 콩,2021-03-25,89027,652427
20210405,3,20200703,극장판 귀멸의 칼날: 무한열차편,2021-01-27,72912,1654373
20210405,4,20216492,노바디,2021-04-07,64931,67844
20210405,5,20216523,모탈 컴뱃,2021-04-08,29517,29517
20210405,6,20205144,미나리,2021-03-03,24914,898081
20210405,7,20200065,더 파더,2021-04-07,14808,17150
20210405,8,20216673,더 박스,2021-03-24,8700,117302
20210405,9,20215803,타인의 친절,2021-04-07,5787,6230
20210405,10,20205155,"조제, 호랑이 그리고 물고기들",2021-03-31,5651,21683
20210412,1,20183003,서복,2021-04-15,209999,210227
20210412,2,20216710,명탐정 코난: 비색의 탄환,2021-04-16,78703,78703
20210412,3,20200703,극장판 귀멸의 칼날: 무한열차편,2021-01-27,55551,1709924
20210412,4,20197434,자산어보,2021-03-31,46845,302403
20210412,5,20216492,노바디,2021-04-07,45265,113109
20210412,6,20215850,고질라 VS. 콩,2021-03-25,34618,687045
20210412,7,20205144,미나리,2021-03-03,21281,919362
20210412,8,20215046,노매드랜드,2021-04-15,14675,16160
20210412,9,20199630,어른들은 몰라요,2021-04-15,14517,15009
20210412,10,20200065,더 파더,2021-04-07,12216,29366
20210419,1,20194501,내일의 기억,2021-04-21,135217,136066
20210419,2,20183003,서복,2021-04-15,121151,331378
20210419,3,20200703,극장판 귀멸의 칼날: 무한열차편,2021-01-27,112540,1822464
20210419,4,20216710,명탐정 코난: 비색의 탄환,2021-04-16,52609,131312
20210419,5,20197434,자산어보,2021-03-31,21301,323704
20210419,6,20205144,미나리,2021-03-03,20229,939591
20210419,7,20216492,노바디,2021-04-07,16201,129310
20210419,8,20215046,노매드랜드,2021-04-15,12265,28425
20210419,9,20199630,어른들은 몰라요,2021-04-15,11839,26848
20210419,10,20215850,고질라 VS. 콩,2021-03-25,11039,698084
20210426,1,20193068,비와 당신의 이야기,2021-04-28,173249,174796
20210426,2,20216703,더 스파이,2021-04-28,124813,130854
20210426,3,20194501,내일의 기억,2021-04-21,111710,247776
20210426,4,20205144,미나리,2021-03-03,87291,1026882
20210426,5,20200703,극장판 귀멸의 칼날: 무한열차편,2021-01-27,70858,1893322
20210426,6,20183003,서복,2021-04-15,54031,385409
20210426,7,20216710,명탐정 코난: 비색의 탄환,2021-04-16,44190,175502
20210426,8,20215046,노매드랜드,2021-04-15,21917,50342
20210426,9,20217278,마크맨,2021-04-28,15230,15333
20210426,10,20216908,극장판 바다 탐험대 옥토넛 : 불의 고리 대폭발,2021-04-28,11454,11685
20210503,1,20202585,크루즈 패밀리: 뉴 에이지,2021-05-05,161187,164779
20210503,2,20193068,비와 당신의 이야기,2021-04-28,123821,298617
20210503,3,20216703,더 스파이,2021-04-28,97574,228428
20210503,4,20200703,극장판 귀멸의 칼날: 무한열차편,2021-01-27,66767,1960089
20210503,5,20205144,미나리,2021-03-03,61842,1088724
20210503,6,20194501,내일의 기억,2021-04-21,51357,299133
20210503,7,20217174,극장판 콩순이: 장난감나라 대모험,2021-05-05,50926,50926
20210503,8,20217551,내가 죽기를 바라는 자들,2021-05-05,43017,43017
20210503,9,20216710,명탐정 코난: 비색의 탄환,2021-04-16,33725,209227
20210503,10,20040598,해리포터와 아즈카반의 죄수,2004-07-16,27612,1860996
20210510,1,20217484,스파이럴,2021-05-12,88033,88306
20210510,2,20216703,더 스파이,2021-04-28,54655,283083
20210510,3,20193068,비와 당신의 이야기,2021-04-28,48377,346994
20210510,4,20200703,극장판 귀멸의 칼날: 무한열차편,2021-01-27,44117,2004206
20210510,5,20202585,크루즈 패밀리: 뉴 에이지,2021-05-05,42088,206867
20210510,6,20205144,미나리,2021-03-03,25307,1114031
20210510,7,20194501,내일의 기억,2021-04-21,24692,323825
20210510,8,20217174,극장판 콩순이: 장난감나라 대모험,2021-05-05,14633,65559
20210510,9,20200524,아들의 이름으로,2021-05-12,14464,15202
20210510,10,20214763,내겐 너무 소중한 너,2021-05-12,14290,17358
20210517,1,20205041,분노의 질주: 더 얼티메이트,2021-05-19,1133201,1133201
20210517,2,20217478,도라에몽: 스탠바이미 2,2021-05-19,58023,59324
20210517,3,20200703,극장판 귀멸의 칼날: 무한열차편,2021-01-27,40430,2044636
20210517,4,20217484,스파이럴,2021-05-12,34541,122847
20210517,5,20216703,더 스파이,2021-04-28,20185,303268
20210517,6,20193068,비와 당신의 이야기,2021-04-28,18455,365449
20210517,7,20202585,크루즈 패밀리: 뉴 에이지,2021-05-05,15695,222562
20210517,8,20205144,미나리,2021-03-03,11397,1125428
20210517,9,20194501,내일의 기억,2021-04-21,7794,331619
20210517,10,20200524,아들의 이름으로,2021-05-12,7632,22834
20210524,1,20205041,분노의 질주: 더 얼티메이트,2021-05-19,617234,1750435
20210524,2,20216362,크루엘라,2021-05-26,297400,298576
20210524,3,20194461,파이프라인,2021-05-26,88209,89406
20210524,4,20193068,비와 당신의 이야기,2021-04-28,26058,391507
20210524,5,20200703,극장판 귀멸의 칼날: 무한열차편,2021-01-27,23523,2068159
20210524,6,20217478,도라에몽: 스탠바이미 2,2021-05-19,14216,73540
20210524,7,20217500,보이저스,2021-05-26,12677,12797
20210524,8,20217573,굴뚝마을의 푸펠,2021-05-26,10831,12215
20210524,9,20010241,브리짓 존스의 일기,2001-09-01,7888,10838
20210524,10,20217484,스파이럴,2021-05-12,5621,128468
20210531,1,20216362,크루엘라,2021-05-26,365801,664377
20210531,2,20217736,컨저링3: 악마가 시켰다,2021-06-03,345779,345779
20210531,3,20205041,분노의 질주: 더 얼티메이트,2021-05-19,300164,2050599
20210531,4,20194461,파이프라인,2021-05-26,34624,124030
20210531,5,20200703,극장판 귀멸의 칼날: 무한열차편,2021-01-27,30972,2099131
20210531,6,20216083,프로페서 앤 매드맨,2021-06-02,10908,13103
20210531,7,20217573,굴뚝마을의 푸펠,2021-05-26,8381,20596
20210531,8,20217707,뱅드림! 로젤리아 에피소드Ⅰ: 약속,2021-06-03,7351,7351
20210531,9,20193068,비와 당신의 이야기,2021-04-28,7065,398572
20210531,10,20217500,보이저스,2021-05-26,6708,19505
20210607,1,20216362,크루엘라,2021-05-26,301465,965842
20210607,2,20217736,컨저링3: 악마가 시켰다,2021-06-03,268661,614440
20210607,3,20217651,캐시트럭,2021-06-09,165989,167606
20210607,4,20205041,분노의 질주: 더 얼티메이트,2021-05-19,138888,2189487
20210607,5,20217692,아야와 마녀,2021-06-10,19501,19838
20210607,6,20204261,콰이어트 플레이스 2,2021-06-16,13372,13372
20210607,7,20200703,극장판 귀멸의 칼날: 무한열차편,2021-01-27,13045,2112176
20210607,8,20194461,파이프라인,2021-05-26,9362,133392
20210607,9,20217707,뱅드림! 로젤리아 에피소드Ⅰ: 약속,2021-06-03,4898,12249
20210607,10,20202477,플래시백,2021-06-10,3325,3325
20210614,1,20204261,콰이어트 플레이스 2,2021-06-16,366334,379706
20210614,2,20216362,크루엘라,2021-05-26,259728,1225570
20210614,3,20216685,루카,2021-06-17,133013,133680
20210614,4,20217736,컨저링3: 악마가 시켰다,2021-06-03,106485,720925
20210614,5,20218240,여고괴담 여섯번째 이야기 : 모교,2021-06-17,65057,65508
20210614,6,20205041,분노의 질주: 더 얼티메이트,2021-05-19,65001,2254488
20210614,7,20217651,캐시트럭,2021-06-09,51404,219010
20210614,8,20217950,킬러의 보디가드 2,2021-06-23,34202,34202
20210614,9,20200703,극장판 귀멸의 칼날: 무한열차편,2021-01-27,26988,2139164
20210614,10,20216581,사랑하고 사랑받고 차고 차이고,2021-06-16,9096,10422
20210621,1,20192696,발신제한,2021-06-23,349723,350784
20210621,2,20204261,콰이어트 플레이스 2,2021-06-16,239579,619285
20210621,3,20216362,크루엘라,2021-05-26,227493,1453063
20210621,4,20217950,킬러의 보디가드 2,2021-06-23,202569,236771
20210621,5,20216685,루카,2021-06-17,112191,245871
20210621,6,20217736,컨저링3: 악마가 시켰다,2021-06-03,43653,764578
20210621,7,20218240,여고괴담 여섯번째 이야기 : 모교,2021-06-17,23870,89378
20210621,8,20205041,분노의 질주: 더 얼티메이트,2021-05-19,21725,2276213
20210621,9,20217651,캐시트럭,2021-06-09,7324,226334
20210621,10,20200703,극장판 귀멸의 칼날: 무한열차편,2021-01-27,5592,2144756
20210628,1,20192696,발신제한,2021-06-23,384105,734889
20210628,2,20216362,크루엘라,2021-05-26,267116,1720179
20210628,3,20204261,콰이어트 플레이스 2,2021-06-16,162318,781603
20210628,4,20217950,킬러의 보디가드 2,2021-06-23,120633,357404
20210628,5,20216685,루카,2021-06-17,83642,329513
20210628,6,20198161,미드나이트,2021-06-30,82176,86540
20210628,7,20204790,인 더 하이츠,2021-06-30,37711,43491
20210628,8,20217736,컨저링3: 악마가 시켰다,2021-06-03,21920,786498
20210628,9,20218006,체르노빌 1986,2021-06-30,19083,19691
20210628,10,20218345,괴기맨숀,2021-06-30,14895,15317
20210705,1,20191951,블랙 위도우,2021-07-07,1365289,1366079
20210705,2,20192696,발신제한,2021-06-23,159385,894274
20210705,3,20216362,크루엘라,2021-05-26,135887,1856066
20210705,4,20204261,콰이어트 플레이스 2,2021-06-16,61047,842650
20210705,5,20218364,랑종,2021-07-14,46857,47712
20210705,6,20216685,루카,2021-06-17,27684,357197
20210705,7,20217950,킬러의 보디가드 2,2021-06-23,20683,378087
20210705,8,20198161,미드나이트,2021-06-30,18581,105121
20210705,9,20218827,BIFAN2021 판타스틱 단편 걸작선 1, ,13457,13457
20210705,10,20218345,괴기맨숀,2021-06-30,11365,26682
20210712,1,20191951,블랙 위도우,2021-07-07,773163,2139242
20210712,2,20218364,랑종,2021-07-14,510887,558599
20210712,3,20218348,이스케이프 룸 2: 노 웨이 아웃,2021-07-14,112155,112445
20210712,4,20216362,크루엘라,2021-05-26,58626,1914692
20210712,5,20192696,발신제한,2021-06-23,40917,935191
20210712,6,20218333,꽃다발 같은 사랑을 했다,2021-07-14,14628,20806
20210712,7,20217490,스페이스 잼: 새로운 시대,2021-07-15,14043,14043
20210712,8,20204261,콰이어트 플레이스 2,2021-06-16,12571,855221
20210712,9,20216685,루카,2021-06-17,9912,367109
20210712,10,20217024,오필리아,2021-07-14,7822,8008
20210719,1,20191951,블랙 위도우,2021-07-07,442816,2582058
20210719,2,20218391,보스 베이비 2,2021-07-21,356263,356263
20210719,3,20218364,랑종,2021-07-14,210986,769585
20210719,4,20218348,이스케이프 룸 2: 노 웨이 아웃,2021-07-14,76209,188654
20210719,5,20216362,크루엘라,2021-05-26,44230,1958922
20210719,6,20218567,아이스 로드,2021-07-21,21151,21273
20210719,7,20218420,은혼 더 파이널,2021-07-22,15808,17781
20210719,8,20192696,발신제한,2021-06-23,13871,949062
20210719,9,20200237,호스트: 접속금지,2021-07-21,10954,10954
20210719,10,20204117,모가디슈,2021-07-28,9575,9575
20210726,1,20204117,모가디슈,2021-07-28,778715,788290
20210726,2,20218391,보스 베이비 2,2021-07-21,285435,641698
20210726,3,20191951,블랙 위도우,2021-07-07,209635,2791693
20210726,4,20218349,정글 크루즈,2021-07-28,156182,156782
20210726,5,20202185,방법: 재차의,2021-07-28,118480,120649
20210726,6,20218364,랑종,2021-07-14,45741,815326
20210726,7,20218348,이스케이프 룸 2: 노 웨이 아웃,2021-07-14,23396,212050
20210726,8,20216362,크루엘라,2021-05-26,16545,1975467
20210726,9,20218420,은혼 더 파이널,2021-07-22,9439,27220
20210726,10,20218567,아이스 로드,2021-07-21,5427,26700
20210802,1,20204117,모가디슈,2021-07-28,924085,1712375
20210802,2,20217845,더 수어사이드 스쿼드,2021-08-04,279862,281377
20210802,3,20218391,보스 베이비 2,2021-07-21,195107,836805
20210802,4,20191951,블랙 위도우,2021-07-07,116986,2908679
20210802,5,20218349,정글 크루즈,2021-07-28,81108,237890
20210802,6,20202185,방법: 재차의,2021-07-28,45305,165954
20210802,7,20218875,극장판 도라에몽: 진구의 신공룡,2021-08-05,38669,38669
20210802,8,20218364,랑종,2021-07-14,12347,827673
20210802,9,20218815,블랙핑크 더 무비,2021-08-04,11761,11761
20210802,10,20218834,그린 나이트,2021-08-05,10803,10904
20210809,1,20196270,싱크홀,2021-08-11,920221,922343
20210809,2,20204117,모가디슈,2021-07-28,606620,2318995
20210809,3,20192986,프리 가이 ,2021-08-11,154565,157111
20210809,4,20217845,더 수어사이드 스쿼드,2021-08-04,100895,382272
20210809,5,20218391,보스 베이비 2,2021-07-21,57495,894300
20210809,6,20191951,블랙 위도우,2021-07-07,33877,2942556
20210809,7,20218875,극장판 도라에몽: 진구의 신공룡,2021-08-05,17826,56495
20210809,8,20193385,하이큐!! 땅 VS 하늘,2020-01-23,9903,33745
20210809,9,20218349,정글 크루즈,2021-07-28,8557,246447
20210809,10,20218834,그린 나이트,2021-08-05,7734,18638
20210816,1,20196270,싱크홀,2021-08-11,735617,1657960
20210816,2,20192194,인질,2021-08-18,631872,638885
20210816,3,20204117,모가디슈,2021-07-28,462260,2781255
20210816,4,20192986,프리 가이 ,2021-08-11,94838,251949
20210816,5,20218392,올드,2021-08-18,85174,85174
20210816,6,20219381,퍼피 구조대 더 무비,2021-08-18,33619,33720
20210816,7,20217845,더 수어사이드 스쿼드,2021-08-04,28614,410886
20210816,8,20218391,보스 베이비 2,2021-07-21,25156,919456
20210816,9,20191951,블랙 위도우,2021-07-07,12925,2955481
20210816,10,20218875,극장판 도라에몽: 진구의 신공룡,2021-08-05,6132,62627
20210823,1,20192194,인질,2021-08-18,501044,1139929
20210823,2,20196270,싱크홀,2021-08-11,324556,1982516
20210823,3,20204117,모가디슈,2021-07-28,277476,3058731
20210823,4,20218653,귀문,2021-08-25,69851,71294
20210823,5,20192986,프리 가이 ,2021-08-11,39787,291736
20210823,6,20218985,레미니센스,2021-08-25,33227,33227
20210823,7,20218392,올드,2021-08-18,23061,108235
20210823,8,20219331,여름날 우리,2021-08-25,20501,21117
20210823,9,20219381,퍼피 구조대 더 무비,2021-08-18,17496,51216
20210823,10,20217845,더 수어사이드 스쿼드,2021-08-04,6436,417322
20210830,1,20217742,샹치와 텐 링즈의 전설,2021-09-01,753729,755058
20210830,2,20192194,인질,2021-08-18,258754,1398683
20210830,3,20204117,모가디슈,2021-07-28,189883,3248614
20210830,4,20196270,싱크홀,2021-08-11,128943,2111459
20210830,5,20219822,맨 인 더 다크 2,2021-09-01,49004,49004
20210830,6,20218904,코다,2021-08-31,30199,32959
20210830,7,20218653,귀문,2021-08-25,18401,89695
20210830,8,20219331,여름날 우리,2021-08-25,12979,34096
20210830,9,20192986,프리 가이 ,2021-08-11,10751,302487
20210830,10,20219381,퍼피 구조대 더 무비,2021-08-18,6505,57721
20210906,1,20217742,샹치와 텐 링즈의 전설,2021-09-01,471573,1226631
20210906,2,20204117,모가디슈,2021-07-28,133472,3382086
20210906,3,20192194,인질,2021-08-18,122933,1521616
20210906,4,20196270,싱크홀,2021-08-11,59233,2170692
20210906,5,20161872,너의 이름은.,2017-01-04,33679,3772519
20210906,6,20219185,건파우더 밀크셰이크,2021-09-08,28520,30196
20210906,7,20219822,맨 인 더 다크 2,2021-09-01,24634,73638
20210906,8,20190815,보이스,2021-09-15,15652,15652
20210906,9,20218904,코다,2021-08-31,14454,47413
20210906,10,20190280,날씨의 아이,2019-10-30,11396,728368
20210913,1,20190815,보이스,2021-09-15,339970,355622
20210913,2,20217742,샹치와 텐 링즈의 전설,2021-09-01,213395,1440026
20210913,3,20200474,기적,2021-09-15,177835,188583
20210913,4,20216801,"극장판 포켓몬스터: 정글의 아이, 코코",2021-09-15,79045,79045
20210913,5,20204117,모가디슈,2021-07-28,72814,3454900
20210913,6,20192194,인질,2021-08-18,60125,1581741
20210913,7,20218604,극장판 짱구는 못말려: 격돌! 낙서왕국과 얼추 네 명의 용사들,2021-09-15,48406,48406
20210913,8,20010291,해리포터와 마법사의 돌,2001-12-13,40281,308367
20210913,9,20219311,말리그넌트,2021-09-15,26452,26452
20210913,10,20196270,싱크홀,2021-08-11,12071,2182763
20210920,1,20190815,보이스,2021-09-15,588611,944233
20210920,2,20200474,기적,2021-09-15,255088,443671
20210920,3,20217742,샹치와 텐 링즈의 전설,2021-09-01,224351,1664377
20210920,4,20204117,모가디슈,2021-07-28,107982,3562882
20210920,5,20216801,"극장판 포켓몬스터: 정글의 아이, 코코",2021-09-15,83750,162795
20210920,6,20218604,극장판 짱구는 못말려: 격돌! 낙서왕국과 얼추 네 명의 용사들,2021-09-15,79625,128031
20210920,7,20219770,캔디맨,2021-09-22,42254,42522
20210920,8,20192194,인질,2021-08-18,41182,1622923
20210920,9,20010291,해리포터와 마법사의 돌,2001-12-13,22269,330636
20210920,10,20219311,말리그넌트,2021-09-15,13531,39983
20210927,1,20191061,007 노 타임 투 다이,2021-09-29,564241,564241
20210927,2,20190815,보이스,2021-09-15,175932,1120165
20210927,3,20200474,기적,2021-09-15,89272,532943
20210927,4,20217742,샹치와 텐 링즈의 전설,2021-09-01,41242,1705619
20210927,5,20219826,용과 주근깨 공주,2021-09-29,21953,22455
20210927,6,20204117,모가디슈,2021-07-28,20783,3583665
20210927,7,20218604,극장판 짱구는 못말려: 격돌! 낙서왕국과 얼추 네 명의 용사들,2021-09-15,20227,148258
20210927,8,20218758,수색자,2021-09-29,15797,16240
20210927,9,20216801,"극장판 포켓몬스터: 정글의 아이, 코코",2021-09-15,15407,178202
20210927,10,20219770,캔디맨,2021-09-22,6904,49426
20211004,1,20191061,007 노 타임 투 다이,2021-09-29,416954,981195
20211004,2,20190815,보이스,2021-09-15,150247,1270412
20211004,3,20200474,기적,2021-09-15,77058,610001
20211004,4,20219826,용과 주근깨 공주,2021-09-29,25349,47804
20211004,5,20217742,샹치와 텐 링즈의 전설,2021-09-01,24418,1730037
20211004,6,20218604,극장판 짱구는 못말려: 격돌! 낙서왕국과 얼추 네 명의 용사들,2021-09-15,23131,171389
20211004,7,20216801,"극장판 포켓몬스터: 정글의 아이, 코코",2021-09-15,18300,196502
20211004,8,20204117,모가디슈,2021-07-28,14044,3597709
20211004,9,20139221,그래비티,2013-10-17,12361,3292521
20211004,10,20210168,F20,2021-10-06,12309,12916
20211011,1,20218052,베놈 2: 렛 데어 비 카니지,2021-10-13,1095689,1096563
20211011,2,20191061,007 노 타임 투 다이,2021-09-29,169222,1150417
20211011,3,20190815,보이스,2021-09-15,81073,1351485
20211011,4,20200474,기적,2021-09-15,45842,655843
20211011,5,20218604,극장판 짱구는 못말려: 격돌! 낙서왕국과 얼추 네 명의 용사들,2021-09-15,18463,189852
20211011,6,20203824,노회찬6411,2021-10-14,16556,17405
20211011,7,20216801,"극장판 포켓몬스터: 정글의 아이, 코코",2021-09-15,12237,208739
20211011,8,20219826,용과 주근깨 공주,2021-09-29,12056,59860
20211011,9,20200302,십개월의 미래 ,2021-10-14,7914,8718
20211011,10,20204117,모가디슈,2021-07-28,7110,3604819
20211018,1,20218052,베놈 2: 렛 데어 비 카니지,2021-10-13,552726,1649289
20211018,2,20210087,듄,2021-10-20,382721,383158
20211018,3,20191061,007 노 타임 투 다이,2021-09-29,46779,1197196
20211018,4,20190815,보이스,2021-09-15,34350,1385835
20211018,5,20219115,라스트 듀얼: 최후의 결투,2021-10-20,32183,33189
20211018,6,20200474,기적,2021-09-15,19841,675684
20211018,7,20183772,태일이,2021-12-01,9554,9554
20211018,8,20218604,극장판 짱구는 못말려: 격돌! 낙서왕국과 얼추 네 명의 용사들,2021-09-15,7079,196931
20211018,9,20203824,노회찬6411,2021-10-14,6292,23697
20211018,10,20219826,용과 주근깨 공주,2021-09-29,4125,63985
20211025,1,20210087,듄,2021-10-20,379365,762523
20211025,2,20218052,베놈 2: 렛 데어 비 카니지,2021-10-13,325444,1974733
20211025,3,20210865,고장난 론,2021-10-27,84417,84647
20211025,4,20190815,보이스,2021-09-15,24862,1410697
20211025,5,20191061,007 노 타임 투 다이,2021-09-29,21649,1218845
20211025,6,20219115,라스트 듀얼: 최후의 결투,2021-10-20,19371,52560
20211025,7,20210587,아네트,2021-10-27,19318,20078
20211025,8,20200474,기적,2021-09-15,17311,692995
20211025,9,20210662,애프터: 관계의 함정,2021-10-27,12909,13593
20211025,10,20210682,바다 탐험대 옥토넛 : 육지수호 대작전,2021-10-27,11450,11596
20211101,1,20218256,이터널스,2021-11-03,1614219,1614946
20211101,2,20210087,듄,2021-10-20,237192,999715
20211101,3,20218052,베놈 2: 렛 데어 비 카니지,2021-10-13,102809,2077542
20211101,4,20210865,고장난 론,2021-10-27,50512,135159
20211101,5,20210587,아네트,2021-10-27,8938,29016
20211101,6,20190815,보이스,2021-09-15,8261,1418958
20211101,7,20200474,기적,2021-09-15,8181,701176
20211101,8,20210682,바다 탐험대 옥토넛 : 육지수호 대작전,2021-10-27,8144,19740
20211101,9,20191061,007 노 타임 투 다이,2021-09-29,5900,1224745
20211101,10,20210262,세버그,2021-11-04,5878,6058
20211108,1,20218256,이터널스,2021-11-03,851347,2466293
20211108,2,20210087,듄,2021-10-20,198720,1198435
20211108,3,20203286,강릉,2021-11-10,185111,185426
20211108,4,20210937,아담스 패밀리 2,2021-11-10,73620,73795
20211108,5,20210301,귀멸의 칼날: 남매의 연,2021-11-10,48341,48341
20211108,6,20218052,베놈 2: 렛 데어 비 카니지,2021-10-13,32141,2109683
20211108,7,20210865,고장난 론,2021-10-27,15559,150718
20211108,8,20191243,장르만 로맨스,2021-11-17,8116,10110
20211108,9,20211313,"틱, 틱... 붐!",2021-11-12,7028,7028
20211108,10,20210587,아네트,2021-10-27,6514,35530
20211115,1,20218256,이터널스,2021-11-03,380678,2846971
20211115,2,20191243,장르만 로맨스,2021-11-17,321615,331725
20211115,3,20210087,듄,2021-10-20,146178,1344613
20211115,4,20203286,강릉,2021-11-10,95663,281089
20211115,5,20210244,디어 에반 핸슨,2021-11-17,71055,73122
20211115,6,20210600,프렌치 디스패치,2021-11-18,36804,37875
20211115,7,20211261,귀멸의 칼날: 나타구모산 편,2021-11-17,29653,29653
20211115,8,20210937,아담스 패밀리 2,2021-11-10,29436,103231
20211115,9,20210301,귀멸의 칼날: 남매의 연,2021-11-10,11974,60315
20211115,10,20218052,베놈 2: 렛 데어 비 카니지,2021-10-13,10669,2120352
20211122,1,20196264,유체이탈자,2021-11-24,357913,362490
20211122,2,20210864,엔칸토: 마법의 세계,2021-11-24,268020,268553
20211122,3,20205986,연애 빠진 로맨스,2021-11-24,201114,209077
20211122,4,20191243,장르만 로맨스,2021-11-17,137069,468794
20211122,5,20218256,이터널스,2021-11-03,133483,2980454
20211122,6,20210087,듄,2021-10-20,77410,1422023
20211122,7,20183772,태일이,2021-12-01,41647,57003
20211122,8,20210600,프렌치 디스패치,2021-11-18,24631,62506
20211122,9,20210244,디어 에반 핸슨,2021-11-17,23678,96800
20211122,10,20203286,강릉,2021-11-10,21112,302201
20211129,1,20196264,유체이탈자,2021-11-24,264251,626741
20211129,2,20205986,연애 빠진 로맨스,2021-11-24,190594,399671
20211129,3,20210864,엔칸토: 마법의 세계,2021-11-24,169415,437968
20211129,4,20196763,고스트버스터즈 라이즈,2021-12-01,79599,80144
20211129,5,20210087,듄,2021-10-20,73441,1495464
20211129,6,20218256,이터널스,2021-11-03,47660,3028114
20211129,7,20191243,장르만 로맨스,2021-11-17,35509,504303
20211129,8,20210663,라스트 나잇 인 소호,2021-12-01,33593,33855
20211129,9,20183772,태일이,2021-12-01,28928,85931
20211129,10,20211271,귀멸의 칼날: 주합회의·나비저택 편,2021-12-01,18271,18271
20211206,1,20196264,유체이탈자,2021-11-24,139196,765937
20211206,2,20205986,연애 빠진 로맨스,2021-11-24,129794,529465
20211206,3,20210864,엔칸토: 마법의 세계,2021-11-24,99804,537772
20211206,4,20212015,돈 룩 업,2021-12-08,54372,54372
20211206,5,20210087,듄,2021-10-20,44812,1540276
20211206,6,20196763,고스트버스터즈 라이즈,2021-12-01,30161,110305
20211206,7,20211413,몬스타엑스 : 더 드리밍,2021-12-08,23278,23278
20211206,8,20218256,이터널스,2021-11-03,17650,3045764
20211206,9,20211831,극장판 소드 아트 온라인 -프로그레시브- 별 없는 밤의 아리아,2021-12-09,16038,16038
20211206,10,20183772,태일이,2021-12-01,14161,100092
20211213,1,20210028,스파이더맨: 노 웨이 홈,2021-12-15,2770247,2770247
20211213,2,20205986,연애 빠진 로맨스,2021-11-24,45731,575196
20211213,3,20210864,엔칸토: 마법의 세계,2021-11-24,42574,580346
20211213,4,20196264,유체이탈자,2021-11-24,37474,803411
20211213,5,20212015,돈 룩 업,2021-12-08,14003,68375
20211213,6,20210087,듄,2021-10-20,9070,1549346
20211213,7,20211831,극장판 소드 아트 온라인 -프로그레시브- 별 없는 밤의 아리아,2021-12-09,8269,24307
20211213,8,20188441,킹메이커,2022-01-26,6667,6667
20211213,9,20183772,태일이,2021-12-01,6190,106282
20211213,10,20211413,몬스타엑스 : 더 드리밍,2021-12-08,5109,28387
20211220,1,20210028,스파이더맨: 노 웨이 홈,2021-12-15,2057311,4827558
20211220,2,20194403,킹스맨: 퍼스트 에이전트,2021-12-22,405588,405856
20211220,3,20211281,매트릭스: 리저렉션,2021-12-22,157137,157137
20211220,4,20210864,엔칸토: 마법의 세계,2021-11-24,29448,609794
20211220,5,20205986,연애 빠진 로맨스,2021-11-24,20990,596186
20211220,6,20211768,신데렐라 2: 마법에 걸린 왕자,2021-12-22,20270,20574
20211220,7,20218415,드라이브 마이 카,2021-12-23,7820,9100
20211220,8,20196264,유체이탈자,2021-11-24,5983,809394
20211220,9,20211831,극장판 소드 아트 온라인 -프로그레시브- 별 없는 밤의 아리아,2021-12-09,5542,29849
20211220,10,20183772,태일이,2021-12-01,4689,110971
20211227,1,20210028,스파이더맨: 노 웨이 홈,2021-12-15,1248078,6075636
20211227,2,20194403,킹스맨: 퍼스트 에이전트,2021-12-22,370933,776789
20211227,3,20217807,해피 뉴 이어,2021-12-29,186041,186213
20211227,4,20211281,매트릭스: 리저렉션,2021-12-22,45785,202922
20211227,5,20210864,엔칸토: 마법의 세계,2021-11-24,16840,626634
20211227,6,20211768,신데렐라 2: 마법에 걸린 왕자,2021-12-22,15175,35749
20211227,7,20218415,드라이브 마이 카,2021-12-23,13490,22590
20211227,8,20218390,램,2021-12-29,10333,10525
20211227,9,20205986,연애 빠진 로맨스,2021-11-24,8488,604674
20211227,10,20211735,원샷,2022-01-10,6432,6432
20220103,1,20210028,스파이더맨: 노 웨이 홈,2021-12-15,524981,6600617
20220103,2,20199882,경관의 피,2022-01-05,369400,374578
20220103,3,20218764,씽2게더,2022-01-05,282066,282356
20220103,4,20194403,킹스맨: 퍼스트 에이전트,2021-12-22,144633,921422
20220103,5,20217807,해피 뉴 이어,2021-12-29,39734,225947
20220103,6,20218415,드라이브 마이 카,2021-12-23,9285,31875
20220103,7,20211281,매트릭스: 리저렉션,2021-12-22,5618,208540
20220103,8,20192354,특송,2022-01-12,4805,6286
20220103,9,20210864,엔칸토: 마법의 세계,2021-11-24,3150,629784
20220103,10,20218390,램,2021-12-29,3129,13654
20220110,1,20210028,스파이더맨: 노 웨이 홈,2021-12-15,298727,6899344
20220110,2,20192354,특송,2022-01-12,227596,233882
20220110,3,20218764,씽2게더,2022-01-05,216854,499210
20220110,4,20199882,경관의 피,2022-01-05,182855,557433
20220110,5,20193082,웨스트 사이드 스토리,2022-01-12,77222,78491
20220110,6,20211177,하우스 오브 구찌,2022-01-12,69549,69982
20220110,7,20194403,킹스맨: 퍼스트 에이전트,2021-12-22,50868,972290
20220110,8,20211241,클리포드 더 빅 레드 독,2022-01-12,19864,20065
20220110,9,20211740,비욘드라이브 더 무비 : 엔시티 레조넌스,2022-01-12,13578,13578
20220110,10,20218415,드라이브 마이 카,2021-12-23,6921,38796
20220117,1,20210028,스파이더맨: 노 웨이 홈,2021-12-15,270182,7169526
20220117,2,20218764,씽2게더,2022-01-05,165667,664877
20220117,3,20192354,특송,2022-01-12,160886,394768
20220117,4,20199882,경관의 피,2022-01-05,99265,656698
20220117,5,20211177,하우스 오브 구찌,2022-01-12,38069,108051
20220117,6,20194403,킹스맨: 퍼스트 에이전트,2021-12-22,31985,1004275
20220117,7,20193082,웨스트 사이드 스토리,2022-01-12,29192,107683
20220117,8,20212672,레지던트 이블: 라쿤시티,2022-01-19,19808,19983
20220117,9,20201965,해적: 도깨비 깃발,2022-01-26,14850,18760
20220117,10,20219626,어나더 라운드,2022-01-19,11416,12196
20220124,1,20201965,해적: 도깨비 깃발,2022-01-26,475574,494334
20220124,2,20188441,킹메이커,2022-01-26,251877,263806
20220124,3,20210028,스파이더맨: 노 웨이 홈,2021-12-15,137593,7307119
20220124,4,20218764,씽2게더,2022-01-05,77413,742290
20220124,5,20212952,극장판 안녕 자두야: 제주도의 비밀,2022-01-27,39918,39918
20220124,6,20192354,특송,2022-01-12,33226,427994
20220124,7,20199882,경관의 피,2022-01-05,18722,675420
20220124,8,20211177,하우스 오브 구찌,2022-01-12,12013,120064
20220124,9,20194403,킹스맨: 퍼스트 에이전트,2021-12-22,10194,1014469
20220124,10,20223398,장민호 드라마 최종회,2022-01-24,9825,9825
20220131,1,20201965,해적: 도깨비 깃발,2022-01-26,592672,1087006
20220131,2,20188441,킹메이커,2022-01-26,353027,616833
20220131,3,20210028,스파이더맨: 노 웨이 홈,2021-12-15,142401,7449520
20220131,4,20218764,씽2게더,2022-01-05,86800,829090
20220131,5,20212952,극장판 안녕 자두야: 제주도의 비밀,2022-01-27,49666,89584
20220131,6,20211177,하우스 오브 구찌,2022-01-12,14482,134546
20220131,7,20192354,특송,2022-01-12,10480,438474
20220131,8,20194403,킹스맨: 퍼스트 에이전트,2021-12-22,8925,1023394
20220131,9,20219626,어나더 라운드,2022-01-19,8125,28290
20220131,10,20199882,경관의 피,2022-01-05,5959,681379
20220207,1,20205443,나일 강의 죽음,2022-02-09,140779,141223
20220207,2,20201965,해적: 도깨비 깃발,2022-01-26,125425,1212431
20220207,3,20188441,킹메이커,2022-01-26,90471,707304
20220207,4,20210028,스파이더맨: 노 웨이 홈,2021-12-15,40055,7489575
20220207,5,20212836,355,2022-02-09,30441,30563
20220207,6,20218764,씽2게더,2022-01-05,23397,852487
20220207,7,20205261,나의 촛불,2022-02-10,23166,25279
20220207,8,20210087,듄,2021-10-20,21628,1570974
20220207,9,20219245,만년이 지나도 변하지 않는 게 있어,2022-02-09,12746,14184
20220207,10,20212952,극장판 안녕 자두야: 제주도의 비밀,2022-01-27,12373,101957
20220214,1,20211200,언차티드,2022-02-16,365108,365108
20220214,2,20223278,극장판 주술회전 0,2022-02-17,142138,149837
20220214,3,20205443,나일 강의 죽음,2022-02-09,63563,204786
20220214,4,20201965,해적: 도깨비 깃발,2022-01-26,62712,1275143
20220214,5,20188441,킹메이커,2022-01-26,42891,750195
20220214,6,20210028,스파이더맨: 노 웨이 홈,2021-12-15,24071,7513646
20220214,7,20218764,씽2게더,2022-01-05,14821,867308
20220214,8,20205261,나의 촛불,2022-02-10,10925,36204
20220214,9,20223302,리코리쉬 피자,2022-02-16,9816,11427
20220214,10,20223308,극장판 바다 탐험대 옥토넛 : 해저동굴 대탈출	,2022-02-17,9267,9427
20220221,1,20211200,언차티드,2022-02-16,222886,587994
20220221,2,20223278,극장판 주술회전 0,2022-02-17,141692,291529
20220221,3,20212741,안테벨룸,2022-02-23,55707,56033
20220221,4,20208006,인민을 위해 복무하라,2022-02-23,45229,48497
20220221,5,20201965,해적: 도깨비 깃발,2022-01-26,39672,1314815
20220221,6,20223743,나이트메어 앨리,2022-02-23,22234,22502
20220221,7,20205443,나일 강의 죽음,2022-02-09,19877,224663
20220221,8,20188441,킹메이커,2022-01-26,17727,767922
20220221,9,20210028,스파이더맨: 노 웨이 홈,2021-12-15,14654,7528300
20220221,10,20212708,시라노,2022-02-23,12304,15891
20220228,1,20212973,더 배트맨,2022-03-01,500680,501554
20220228,2,20211200,언차티드,2022-02-16,99146,687140
20220228,3,20223278,극장판 주술회전 0,2022-02-17,75827,367356
20220228,4,20212741,안테벨룸,2022-02-23,25709,81742
20220228,5,20208006,인민을 위해 복무하라,2022-02-23,19234,67731
20220228,6,20201965,해적: 도깨비 깃발,2022-01-26,11898,1326713
20220228,7,20223743,나이트메어 앨리,2022-02-23,11579,34081
20220228,8,20210028,스파이더맨: 노 웨이 홈,2021-12-15,10136,7538436
20220228,9,20188441,킹메이커,2022-01-26,7372,775294
20220228,10,20223308,극장판 바다 탐험대 옥토넛 : 해저동굴 대탈출	,2022-02-17,5510,23093
20220307,1,20190299,이상한 나라의 수학자,2022-03-09,235469,246270
20220307,2,20212973,더 배트맨,2022-03-01,232326,733880
20220307,3,20223278,극장판 주술회전 0,2022-02-17,80222,447578
20220307,4,20223828,나의 히어로 아카데미아 더 무비: 월드 히어로즈 미션,2022-03-09,35337,35643
20220307,5,20211200,언차티드,2022-02-16,30061,717201
20220307,6,20223953,블랙라이트,2022-03-09,19769,19859
20220307,7,20212741,안테벨룸,2022-02-23,8727,90469
20220307,8,20210028,스파이더맨: 노 웨이 홈,2021-12-15,6342,7544778
20220307,9,20208006,인민을 위해 복무하라,2022-02-23,5030,72761
20220307,10,20223743,나이트메어 앨리,2022-02-23,4311,38392
20220314,1,20190299,이상한 나라의 수학자,2022-03-09,140128,386398
20220314,2,20223676,문폴,2022-03-16,136767,136767
20220314,3,20212973,더 배트맨,2022-03-01,90351,824231
20220314,4,20210541,스펜서,2022-03-16,41502,43321
20220314,5,20223278,극장판 주술회전 0,2022-02-17,36040,483618
20220314,6,20211200,언차티드,2022-02-16,10332,727533
20220314,7,20223950,메리 미,2022-03-16,9190,9190
20220314,8,20223828,나의 히어로 아카데미아 더 무비: 월드 히어로즈 미션,2022-03-09,9157,44800
20220314,9,20216064,하늘의 푸르름을 아는 사람이여,2022-03-16,7805,7993
20220314,10,20223953,블랙라이트,2022-03-09,4080,23939
20220321,1,20199500,뜨거운 피,2022-03-23,216515,218019
20220321,2,20190299,이상한 나라의 수학자,2022-03-09,83918,470316
20220321,3,20223278,극장판 주술회전 0,2022-02-17,57033,540651
20220321,4,20212973,더 배트맨,2022-03-01,49181,873412
20220321,5,20223676,문폴,2022-03-16,46186,182953
20220321,6,20210541,스펜서,2022-03-16,23836,67157
20220321,7,20223583,벨파스트,2022-03-23,7538,8614
20220321,8,20223404,에펠,2022-03-23,5817,6213
20220321,9,20224069,뱅드림! 팝핀' 드림!,2022-03-24,4965,4965
20220321,10,20224143,킹 리차드,2022-03-24,4444,4917
20220328,1,20204431,모비우스,2022-03-30,312108,312108
20220328,2,20199500,뜨거운 피,2022-03-23,110080,328099
20220328,3,20190299,이상한 나라의 수학자,2022-03-09,41946,512262
20220328,4,20223278,극장판 주술회전 0,2022-02-17,27283,567934
20220328,5,20200418,배니싱: 미제사건,2022-03-30,26813,27075
20220328,6,20212973,더 배트맨,2022-03-01,21557,894969
20220328,7,20210541,스펜서,2022-03-16,8347,75504
20220328,8,20223676,문폴,2022-03-16,7653,190606
20220328,9,20219344,패러렐 마더스,2022-03-31,4672,5341
20220328,10,20223403,극장판 시그널,2022-03-31,4168,4258
20220404,1,20212618,수퍼 소닉2,2022-04-06,129538,129806
20220404,2,20204431,모비우스,2022-03-30,113501,425609
20220404,3,20212724,앰뷸런스,2022-04-06,81541,81541
20220404,4,20196906,스텔라,2022-04-06,58132,58841
20220404,5,20199500,뜨거운 피,2022-03-23,35414,363513
20220404,6,20223614,루이스 웨인: 사랑을 그린 고양이 화가,2022-04-06,25946,26626
20220404,7,20223278,극장판 주술회전 0,2022-02-17,13304,581238
20220404,8,20190299,이상한 나라의 수학자,2022-03-09,12395,524657
20220404,9,20212973,더 배트맨,2022-03-01,6565,901534
20220404,10,20217298,불도저에 탄 소녀,2022-04-07,5896,6043
20220411,1,20212725,신비한 동물들과 덤블도어의 비밀,2022-04-13,475898,476335
20220411,2,20212618,수퍼 소닉2,2022-04-06,79939,209745
20220411,3,20204431,모비우스,2022-03-30,36786,462395
20220411,4,20196906,스텔라,2022-04-06,28982,87823
20220411,5,20212724,앰뷸런스,2022-04-06,26756,108297
20220411,6,20223278,극장판 주술회전 0,2022-02-17,18003,599241
20220411,7,20223614,루이스 웨인: 사랑을 그린 고양이 화가,2022-04-06,10300,36926
20220411,8,20199500,뜨거운 피,2022-03-23,10215,373728
20220411,9,20219310,말임씨를 부탁해,2022-04-13,8391,9044
20220411,10,20196669,앵커,2022-04-20,6878,7207
20220418,1,20212725,신비한 동물들과 덤블도어의 비밀,2022-04-13,292841,769176
20220418,2,20196669,앵커,2022-04-20,95915,103122
20220418,3,20204845,공기살인,2022-04-22,66661,70265
20220418,4,20212783,로스트 시티,2022-04-20,63746,64234
20220418,5,20212618,수퍼 소닉2,2022-04-06,45324,255069
20220418,6,20224142,세븐틴 파워 오브 러브 : 더 무비,2022-04-20,20117,20225
20220418,7,20200703,극장판 귀멸의 칼날: 무한열차편,2021-01-27,19765,2171626
20220418,8,20071054,중경삼림,1995-09-02,12908,82789
20220418,9,20204431,모비우스,2022-03-30,8304,470699
20220418,10,20223278,극장판 주술회전 0,2022-02-17,6631,605872
20220425,1,20212725,신비한 동물들과 덤블도어의 비밀,2022-04-13,306483,1075659
20220425,2,20178501,니 부모 얼굴이 보고 싶다,2022-04-27,225544,228698
20220425,3,20204845,공기살인,2022-04-22,73448,143713
20220425,4,20217982,서울괴담,2022-04-27,60403,60912
20220425,5,20196669,앵커,2022-04-20,54775,157897
20220425,6,20212783,로스트 시티,2022-04-20,37480,101714
20220425,7,20212618,수퍼 소닉2,2022-04-06,32634,287703
20220425,8,20217769,봄날,2022-04-27,22027,22575
20220425,9,20224142,세븐틴 파워 오브 러브 : 더 무비,2022-04-20,21288,41513
20220425,10,20223278,극장판 주술회전 0,2022-02-17,16019,621891
20220502,1,20212855,닥터 스트레인지: 대혼돈의 멀티버스,2022-05-04,3497365,3497365
20220502,2,20224270,배드 가이즈,2022-05-04,241119,256411
20220502,3,20178501,니 부모 얼굴이 보고 싶다,2022-04-27,118625,347323
20220502,4,20224148,극장판 엉덩이 탐정: 수플레 섬의 비밀,2022-05-05,113284,113590
20220502,5,20212725,신비한 동물들과 덤블도어의 비밀,2022-04-13,82620,1158279
20220502,6,20217982,서울괴담,2022-04-27,34159,95071
20220502,7,20212618,수퍼 소닉2,2022-04-06,17339,305042
20220502,8,20204845,공기살인,2022-04-22,10658,154371
20220502,9,20210962,우연과 상상,2022-05-04,7679,8655
20220502,10,20223388,토르: 마법 검의 전설,2022-05-04,7605,7835
20220509,1,20212855,닥터 스트레인지: 대혼돈의 멀티버스,2022-05-04,1409125,4906490
20220509,2,20204548,범죄도시2,2022-05-18,182718,182934
20220509,3,20224270,배드 가이즈,2022-05-04,74439,330850
20220509,4,20178501,니 부모 얼굴이 보고 싶다,2022-04-27,45833,393156
20220509,5,20212725,신비한 동물들과 덤블도어의 비밀,2022-04-13,26087,1184366
20220509,6,20224148,극장판 엉덩이 탐정: 수플레 섬의 비밀,2022-05-05,23638,137228
20220509,7,20223940,민스미트 작전,2022-05-11,23320,25723
20220509,8,20224223,엄마,2022-05-11,15898,16040
20220509,9,20217982,서울괴담,2022-04-27,13989,109060
20220509,10,20223991,어부바,2022-05-11,12822,13364
20220516,1,20204548,범죄도시2,2022-05-18,3367723,3550657
20220516,2,20212855,닥터 스트레인지: 대혼돈의 멀티버스,2022-05-04,565572,5472062
20220516,3,20224270,배드 가이즈,2022-05-04,44553,375403
20220516,4,20199500,뜨거운 피,2022-03-23,11631,390675
20220516,5,20211568,"아치의 노래, 정태춘",2022-05-18,10410,14336
20220516,6,20224148,극장판 엉덩이 탐정: 수플레 섬의 비밀,2022-05-05,9947,147175
20220516,7,20178501,니 부모 얼굴이 보고 싶다,2022-04-27,9460,402616
20220516,8,20223940,민스미트 작전,2022-05-11,7444,33167
20220516,9,20212725,신비한 동물들과 덤블도어의 비밀,2022-04-13,7294,1191660
20220516,10,20223991,어부바,2022-05-11,6443,19807
20220523,1,20204548,범죄도시2,2022-05-18,2996017,6546674
20220523,2,20212855,닥터 스트레인지: 대혼돈의 멀티버스,2022-05-04,282306,5754368
20220523,3,20224634,그대가 조국,2022-05-25,157019,157533
20220523,4,20224270,배드 가이즈,2022-05-04,17359,392762
20220523,5,20217334,안녕하세요,2022-05-25,15005,16177
20220523,6,20143441,몬스터 싱어: 매직 인 파리,2022-05-26,12260,12260
20220523,7,20225055,뜨거운 피: 디 오리지널,2022-05-26,9523,9523
20220523,8,20211568,"아치의 노래, 정태춘",2022-05-18,7751,22087
20220523,9,20224304,피는 물보다 진하다,2022-05-25,7738,8588
20220523,10,20211382,오마주,2022-05-26,6006,6774
20220530,1,20204548,범죄도시2,2022-05-18,2321795,8868469
20220530,2,20206061,쥬라기 월드: 도미니언,2022-06-01,1819882,1819882
20220530,3,20135304,극장판 포켓몬스터DP: 기라티나와 하늘의 꽃다발 쉐이미,2022-06-01,310209,310209
20220530,4,20224634,그대가 조국,2022-05-25,122115,279648
20220530,5,20212855,닥터 스트레인지: 대혼돈의 멀티버스,2022-05-04,91411,5845779
20220530,6,20210590,카시오페아,2022-06-01,12757,14493
20220530,7,20224468,애프터 양,2022-06-01,11542,12717
20220530,8,20224891,특수요원 빼꼼,2022-06-01,6613,7002
20220530,9,20206257,브로커,2022-06-08,6143,6143
20220530,10,20224304,피는 물보다 진하다,2022-05-25,5487,14075
20220606,1,20204548,범죄도시2,2022-05-18,1635234,10503703
20220606,2,20206061,쥬라기 월드: 도미니언,2022-06-01,798932,2618814
20220606,3,20206257,브로커,2022-06-08,767170,773313
20220606,4,20135304,극장판 포켓몬스터DP: 기라티나와 하늘의 꽃다발 쉐이미,2022-06-01,210586,520795
20220606,5,20224634,그대가 조국,2022-05-25,36359,316007
20220606,6,20212855,닥터 스트레인지: 대혼돈의 멀티버스,2022-05-04,27436,5873215
20220606,7,20224468,애프터 양,2022-06-01,9397,22114
20220606,8,20194376,탑건: 매버릭,2022-06-22,5556,5556
20220606,9,20210590,카시오페아,2022-06-01,4256,18749
20220606,10,20224891,특수요원 빼꼼,2022-06-01,4064,11066
20220613,1,20224882,마녀(魔女) Part2. The Other One,2022-06-15,1454107,1458090
20220613,2,20204548,범죄도시2,2022-05-18,956488,11460191
20220613,3,20206257,브로커,2022-06-08,334164,1107477
20220613,4,20223839,버즈 라이트이어,2022-06-15,205350,205764
20220613,5,20206061,쥬라기 월드: 도미니언,2022-06-01,148788,2767602
20220613,6,20194376,탑건: 매버릭,2022-06-22,59148,64704
20220613,7,20135304,극장판 포켓몬스터DP: 기라티나와 하늘의 꽃다발 쉐이미,2022-06-01,39019,559814
20220613,8,20224634,그대가 조국,2022-05-25,8494,324501
20220613,9,20212855,닥터 스트레인지: 대혼돈의 멀티버스,2022-05-04,7795,5881010
20220613,10,20210843,실종,2022-06-15,5066,5506
20220620,1,20194376,탑건: 매버릭,2022-06-22,1461559,1526263
20220620,2,20224882,마녀(魔女) Part2. The Other One,2022-06-15,783396,2241486
20220620,3,20204548,범죄도시2,2022-05-18,584112,12044303
20220620,4,20206257,브로커,2022-06-08,105233,1212710
20220620,5,20223839,버즈 라이트이어,2022-06-15,80707,286471
20220620,6,20206061,쥬라기 월드: 도미니언,2022-06-01,45272,2812874
20220620,7,20225114,극장판 윌벤져스 : 수상한 캠핑 대소동,2022-06-23,14735,15059
20220620,8,20135304,극장판 포켓몬스터DP: 기라티나와 하늘의 꽃다발 쉐이미,2022-06-01,11001,570815
20220620,9,20209654,헤어질 결심,2022-06-29,10217,10217
20220620,10,20224757,룸 쉐어링,2022-06-22,8874,10293
20220627,1,20194376,탑건: 매버릭,2022-06-22,1802724,3328987
20220627,2,20209654,헤어질 결심,2022-06-29,497869,508086
20220627,3,20224882,마녀(魔女) Part2. The Other One,2022-06-15,396936,2638422
20220627,4,20204548,범죄도시2,2022-05-18,372432,12416735
20220627,5,20223839,버즈 라이트이어,2022-06-15,44488,330959
20220627,6,20206257,브로커,2022-06-08,33336,1246046
20220627,7,20206061,쥬라기 월드: 도미니언,2022-06-01,19367,2832241
20220627,8,20225114,극장판 윌벤져스 : 수상한 캠핑 대소동,2022-06-23,10954,26013
20220627,9,20135304,극장판 포켓몬스터DP: 기라티나와 하늘의 꽃다발 쉐이미,2022-06-01,6587,577402
20220627,10,20212317,컴온 컴온,2022-06-30,6193,7534
20220704,1,20224662,토르: 러브 앤 썬더,2022-07-06,1764032,1764656
20220704,2,20194376,탑건: 매버릭,2022-06-22,1324528,4653515
20220704,3,20209654,헤어질 결심,2022-06-29,377083,885169
20220704,4,20204548,범죄도시2,2022-05-18,172002,12588737
20220704,5,20224882,마녀(魔女) Part2. The Other One,2022-06-15,134223,2772645
20220704,6,20211321,빅샤크4: 바다공룡 대모험,2022-07-06,40924,42122
20220704,7,19978805,큐어,2022-07-06,8780,11442
20220704,8,20206257,브로커,2022-06-08,8399,1254445
20220704,9,20223839,버즈 라이트이어,2022-06-15,7877,338836
20220704,10,20225994,BIFAN2022 부천 초이스: 단편 1, ,5660,5660
20220711,1,20194376,탑건: 매버릭,2022-06-22,1080297,5733812
20220711,2,20224662,토르: 러브 앤 썬더,2022-07-06,729164,2493820
20220711,3,20209654,헤어질 결심,2022-06-29,361970,1247139
20220711,4,20225237,명탐정 코난: 할로윈의 신부,2022-07-13,215507,216742
20220711,5,20204548,범죄도시2,2022-05-18,70291,12659028
20220711,6,20225175,엘비스,2022-07-13,54756,55596
20220711,7,20225186,더 킬러: 죽어도 되는 아이,2022-07-13,43980,44394
20220711,8,20224882,마녀(魔女) Part2. The Other One,2022-06-15,27054,2799699
20220711,9,20225180,뒤틀린 집,2022-07-13,24061,24304
20220711,10,20211321,빅샤크4: 바다공룡 대모험,2022-07-06,16193,58315
20220718,1,20208446,외계+인 1부,2022-07-20,910593,913260
20220718,2,20205362,미니언즈2,2022-07-20,832581,833471
20220718,3,20194376,탑건: 매버릭,2022-06-22,768083,6501895
20220718,4,20209654,헤어질 결심,2022-06-29,254204,1501343
20220718,5,20224662,토르: 러브 앤 썬더,2022-07-06,183904,2677724
20220718,6,20225237,명탐정 코난: 할로윈의 신부,2022-07-13,130250,346992
20220718,7,20204548,범죄도시2,2022-05-18,25517,12684545
20220718,8,20225175,엘비스,2022-07-13,21664,77260
20220718,9,20225186,더 킬러: 죽어도 되는 아이,2022-07-13,11741,56135
20220718,10,20224791,그레이 맨,2022-07-13,9463,25480
20220725,1,20209343,한산: 용의 출현,2022-07-27,2262887,2269575
20220725,2,20205362,미니언즈2,2022-07-20,671475,1504946
20220725,3,20194376,탑건: 매버릭,2022-06-22,547461,7049356
20220725,4,20208446,외계+인 1부,2022-07-20,444423,1357683
20220725,5,20225190,뽀로로 극장판 드래곤캐슬 대모험,2022-07-28,170897,171524
20220725,6,20209654,헤어질 결심,2022-06-29,170752,1672095
20220725,7,20225237,명탐정 코난: 할로윈의 신부,2022-07-13,64650,411642
20220725,8,20224662,토르: 러브 앤 썬더,2022-07-06,31975,2709699
20220725,9,20196410,비상선언,2022-08-03,15763,15763
20220725,10,20225293,썸머 필름을 타고!,2022-07-20,9902,20468
20220801,1,20209343,한산: 용의 출현,2022-07-27,2328369,4597944
20220801,2,20196410,비상선언,2022-08-03,1352197,1367960
20220801,3,20205362,미니언즈2,2022-07-20,467776,1972722
20220801,4,20194376,탑건: 매버릭,2022-06-22,399505,7448861
20220801,5,20225190,뽀로로 극장판 드래곤캐슬 대모험,2022-07-28,195632,367156
20220801,6,20208446,외계+인 1부,2022-07-20,139244,1496927
20220801,7,20209654,헤어질 결심,2022-06-29,102949,1775044
20220801,8,20226107,극장판 도라에몽: 진구의 우주소전쟁 리틀스타워즈 2021,2022-08-03,35999,36417
20220801,9,20225237,명탐정 코난: 할로윈의 신부,2022-07-13,30927,442569
20220801,10,20211792,헌트,2022-08-10,14209,16570
20220808,1,20211792,헌트,2022-08-10,1494994,1511564
20220808,2,20209343,한산: 용의 출현,2022-07-27,1268265,5866209
20220808,3,20196410,비상선언,2022-08-03,489237,1857197
20220808,4,20194376,탑건: 매버릭,2022-06-22,218993,7667854
20220808,5,20205362,미니언즈2,2022-07-20,139816,2112538
20220808,6,20224965,DC 리그 오브 슈퍼-펫,2022-08-10,124338,124811
20220808,7,20209654,헤어질 결심,2022-06-29,42885,1817929
20220808,8,20225190,뽀로로 극장판 드래곤캐슬 대모험,2022-07-28,39952,407108
20220808,9,20226034,바다 탐험대 옥토넛 : 탐험선 대작전,2022-08-11,32105,32323
20220808,10,20208446,외계+인 1부,2022-07-20,24788,1521715
20220815,1,20211792,헌트,2022-08-10,1530550,3042114
20220815,2,20209343,한산: 용의 출현,2022-07-27,845040,6711249
20220815,3,20219345,놉,2022-08-17,251964,253835
20220815,4,20194376,탑건: 매버릭,2022-06-22,197947,7865801
20220815,5,20196410,비상선언,2022-08-03,163475,2020672
20220815,6,20205362,미니언즈2,2022-07-20,99561,2212099
20220815,7,20224965,DC 리그 오브 슈퍼-펫,2022-08-10,92797,217608
20220815,8,20226034,바다 탐험대 옥토넛 : 탐험선 대작전,2022-08-11,32214,64537
20220815,9,20209654,헤어질 결심,2022-06-29,27607,1845536
20220815,10,20225190,뽀로로 극장판 드래곤캐슬 대모험,2022-07-28,26264,433372
20220822,1,20211792,헌트,2022-08-10,677938,3720052
20220822,2,20217826,육사오(6/45),2022-08-24,464369,479282
20220822,3,20209343,한산: 용의 출현,2022-07-27,293685,7004934
20220822,4,20194376,탑건: 매버릭,2022-06-22,108189,7973990
20220822,5,20219345,놉,2022-08-17,101854,355689
20220822,6,20225448,불릿 트레인,2022-08-24,98552,109326
20220822,7,20205362,미니언즈2,2022-07-20,33267,2245366
20220822,8,20196410,비상선언,2022-08-03,23215,2043887
20220822,9,20224965,DC 리그 오브 슈퍼-펫,2022-08-10,19768,237376
20220822,10,20209654,헤어질 결심,2022-06-29,14926,1860462
20220829,1,20217826,육사오(6/45),2022-08-24,655497,1134779
20220829,2,20211792,헌트,2022-08-10,396544,4116596
20220829,3,20209343,한산: 용의 출현,2022-07-27,154708,7159642
20220829,4,20194376,탑건: 매버릭,2022-06-22,91881,8065871
20220829,5,20208721,리미트,2022-08-31,56934,58955
20220829,6,20219345,놉,2022-08-17,42393,398082
20220829,7,20225448,불릿 트레인,2022-08-24,26820,136146
20220829,8,20225237,명탐정 코난: 할로윈의 신부,2022-07-13,18334,476531
20220829,9,20205362,미니언즈2,2022-07-20,17983,2263349
20220829,10,20225892,시맨틱 에러: 더 무비,2022-08-31,17607,29314
20220905,1,20215601,공조2: 인터내셔날,2022-09-07,2604406,2611091
20220905,2,20217826,육사오(6/45),2022-08-24,433518,1568297
20220905,3,20211792,헌트,2022-08-10,147768,4264364
20220905,4,20209343,한산: 용의 출현,2022-07-27,66328,7225970
20220905,5,20226444,극장판 엄마 까투리: 도시로 간 까투리 가족,2022-09-08,60679,61477
20220905,6,20194376,탑건: 매버릭,2022-06-22,60484,8126355
20220905,7,20212709,블랙폰,2022-09-07,54081,70021
20220905,8,20183867,알라딘,2019-05-23,40857,12764634
20220905,9,20226125,"어쩌다 공주, 닭냥이 왕자를 부탁해!",2022-09-08,18380,18858
20220905,10,20226879,인생은 뷰티풀: 비타돌체,2022-09-07,18267,18267
20220912,1,20215601,공조2: 인터내셔날,2022-09-07,2121187,4732278
20220912,2,20217826,육사오(6/45),2022-08-24,269346,1837643
20220912,3,20226444,극장판 엄마 까투리: 도시로 간 까투리 가족,2022-09-08,78483,139960
20220912,4,20211792,헌트,2022-08-10,63278,4327642
20220912,5,20212709,블랙폰,2022-09-07,31309,101330
20220912,6,20194376,탑건: 매버릭,2022-06-22,29957,8156312
20220912,7,20183867,알라딘,2019-05-23,29664,12794298
20220912,8,20209343,한산: 용의 출현,2022-07-27,24047,7250017
20220912,9,20226879,인생은 뷰티풀: 비타돌체,2022-09-07,19479,37746
20220912,10,20226125,"어쩌다 공주, 닭냥이 왕자를 부탁해!",2022-09-08,18081,36939
20220919,1,20215601,공조2: 인터내셔날,2022-09-07,823052,5555330
20220919,2,20211472,늑대사냥,2022-09-21,324800,324800
20220919,3,20226957,아바타 리마스터링,2022-09-21,112990,112990
20220919,4,20217826,육사오(6/45),2022-08-24,91796,1929439
20220919,5,20219628,정직한 후보2,2022-09-28,32739,32739
20220919,6,20226751,극장판 5등분의 신부,2022-09-22,23360,23360
20220919,7,20226444,극장판 엄마 까투리: 도시로 간 까투리 가족,2022-09-08,22859,162819
20220919,8,20198317,인생은 아름다워,2022-09-28,22032,30587
20220919,9,20211792,헌트,2022-08-10,16761,4344403
20220919,10,20196776,프린세스 아야,2022-09-21,12541,13493
20220926,1,20215601,공조2: 인터내셔날,2022-09-07,524654,6079984
20220926,2,20219628,정직한 후보2,2022-09-28,363621,396360
20220926,3,20198317,인생은 아름다워,2022-09-28,229860,260447
20220926,4,20226777,극장판 짱구는 못말려: 수수께끼! 꽃피는 천하떡잎학교,2022-09-28,150179,150912
20220926,5,20211472,늑대사냥,2022-09-21,101399,426199
20220926,6,20226670,극장판 헬로카봇: 수상한 마술단의 비밀,2022-09-28,92204,93037
20220926,7,20226957,아바타 리마스터링,2022-09-21,84357,197347
20220926,8,20217826,육사오(6/45),2022-08-24,28929,1958368
20220926,9,20226751,극장판 5등분의 신부,2022-09-22,10592,33952
20220926,10,20217624,컴백홈,2022-10-05,6837,7716
20221003,1,20215601,공조2: 인터내셔날,2022-09-07,445753,6525737
20221003,2,20198317,인생은 아름다워,2022-09-28,320269,580716
20221003,3,20219628,정직한 후보2,2022-09-28,299106,695466
20221003,4,20226777,극장판 짱구는 못말려: 수수께끼! 꽃피는 천하떡잎학교,2022-09-28,238312,389224
20221003,5,20226670,극장판 헬로카봇: 수상한 마술단의 비밀,2022-09-28,86009,179046
20221003,6,20225729,스마일,2022-10-06,48770,48921
20221003,7,20226957,아바타 리마스터링,2022-09-21,33365,230712
20221003,8,20217624,컴백홈,2022-10-05,29860,37576
20221003,9,20226739,고고다이노 극장판: 얼음공룡의 비밀,2022-10-05,27598,28056
20221003,10,20211472,늑대사냥,2022-09-21,26771,452970
20221010,1,20198317,인생은 아름다워,2022-09-28,247733,828449
20221010,2,20215601,공조2: 인터내셔날,2022-09-07,247251,6772988
20221010,3,20226777,극장판 짱구는 못말려: 수수께끼! 꽃피는 천하떡잎학교,2022-09-28,165776,555000
20221010,4,20219628,정직한 후보2,2022-09-28,139946,835412
20221010,5,20227304,오펀: 천사의 탄생,2022-10-12,99625,100046
20221010,6,20226798,에브리씽 에브리웨어 올 앳 원스,2022-10-12,48886,49881
20221010,7,20227338,티켓 투 파라다이스,2022-10-12,42000,42365
20221010,8,20208101,대무가,2022-10-12,41932,43628
20221010,9,20226670,극장판 헬로카봇: 수상한 마술단의 비밀,2022-09-28,34539,213585
20221010,10,20225729,스마일,2022-10-06,34096,83017
20221017,1,20226886,블랙 아담,2022-10-19,427964,427964
20221017,2,20198317,인생은 아름다워,2022-09-28,151870,980319
20221017,3,20215601,공조2: 인터내셔날,2022-09-07,121539,6894527
20221017,4,20226777,극장판 짱구는 못말려: 수수께끼! 꽃피는 천하떡잎학교,2022-09-28,83074,638074
20221017,5,20226798,에브리씽 에브리웨어 올 앳 원스,2022-10-12,64622,114503
20221017,6,20227304,오펀: 천사의 탄생,2022-10-12,54181,154227
20221017,7,20219628,정직한 후보2,2022-09-28,43625,879037
20221017,8,20227225,귀못,2022-10-19,26672,27772
20221017,9,20208101,대무가,2022-10-12,16336,59964
20221017,10,20225729,스마일,2022-10-06,14423,97440
20221024,1,20198429,자백,2022-10-26,248017,252994
20221024,2,20226886,블랙 아담,2022-10-19,220950,648914
20221024,3,20198461,리멤버,2022-10-26,217051,239334
20221024,4,20198317,인생은 아름다워,2022-09-28,86216,1066535
20221024,5,20226798,에브리씽 에브리웨어 올 앳 원스,2022-10-12,63501,178004
20221024,6,20226777,극장판 짱구는 못말려: 수수께끼! 꽃피는 천하떡잎학교,2022-09-28,60459,698533
20221024,7,20215601,공조2: 인터내셔날,2022-09-07,53716,6948243
20221024,8,20227304,오펀: 천사의 탄생,2022-10-12,18026,172253
20221024,9,20226558,아인보: 아마존의 전설,2022-10-26,17475,17633
20221024,10,20227225,귀못,2022-10-19,13651,41423
20221031,1,20198429,자백,2022-10-26,282990,535984
20221031,2,20198461,리멤버,2022-10-26,127532,366866
20221031,3,20226886,블랙 아담,2022-10-19,106444,755358
20221031,4,20226798,에브리씽 에브리웨어 올 앳 원스,2022-10-12,63467,241471
20221031,5,20226777,극장판 짱구는 못말려: 수수께끼! 꽃피는 천하떡잎학교,2022-09-28,54402,752935
20221031,6,20198317,인생은 아름다워,2022-09-28,51692,1118227
20221031,7,20215601,공조2: 인터내셔날,2022-09-07,25896,6974139
20221031,8,20211242,고속도로 가족,2022-11-02,16442,17106
20221031,9,20226558,아인보: 아마존의 전설,2022-10-26,13545,31178
20221031,10,20227751,가재가 노래하는 곳,2022-11-02,7454,9671
20221107,1,20226254,블랙 팬서: 와칸다 포에버,2022-11-09,1086845,1086845
20221107,2,20198429,자백,2022-10-26,144799,680783
20221107,3,20226798,에브리씽 에브리웨어 올 앳 원스,2022-10-12,48459,289930
20221107,4,20226777,극장판 짱구는 못말려: 수수께끼! 꽃피는 천하떡잎학교,2022-09-28,37025,789960
20221107,5,20198461,리멤버,2022-10-26,35140,402006
20221107,6,20198317,인생은 아름다워,2022-09-28,26335,1144562
20221107,7,20226886,블랙 아담,2022-10-19,20776,776134
20221107,8,20228357,극장판 소드 아트 온라인 -프로그레시브- 짙은 어둠의 스케르초,2022-11-10,9831,9831
20221107,9,20226558,아인보: 아마존의 전설,2022-10-26,9336,40514
20221107,10,20217905,데시벨,2022-11-16,7240,7487
20221114,1,20226254,블랙 팬서: 와칸다 포에버,2022-11-09,644210,1731055
20221114,2,20217905,데시벨,2022-11-16,477369,484856
20221114,3,20224598,동감,2022-11-16,294429,301591
20221114,4,20227514,폴: 600미터,2022-11-16,55511,57014
20221114,5,20198429,자백,2022-10-26,46782,727565
20221114,6,20226798,에브리씽 에브리웨어 올 앳 원스,2022-10-12,38177,328107
20221114,7,20226777,극장판 짱구는 못말려: 수수께끼! 꽃피는 천하떡잎학교,2022-09-28,25779,815739
20221114,8,20198317,인생은 아름다워,2022-09-28,14325,1158887
20221114,9,20228532,한산 리덕스,2022-11-16,10282,10883
20221114,10,20226558,아인보: 아마존의 전설,2022-10-26,7310,47824
20221121,1,20227762,올빼미,2022-11-23,810591,817689
20221121,2,20217905,데시벨,2022-11-16,294912,779768
20221121,3,20226254,블랙 팬서: 와칸다 포에버,2022-11-09,259621,1990676
20221121,4,20224598,동감,2022-11-16,142929,444520
20221121,5,20228190,스트레인지 월드,2022-11-23,67566,67566
20221121,6,20227514,폴: 600미터,2022-11-16,21480,78494
20221121,7,20228297,유포자들,2022-11-23,15888,16160
20221121,8,20226798,에브리씽 에브리웨어 올 앳 원스,2022-10-12,15004,343111
20221121,9,20226777,극장판 짱구는 못말려: 수수께끼! 꽃피는 천하떡잎학교,2022-09-28,11431,827170
20221121,10,20228631,양자경의 더 모든 날 모든 순간,2022-11-23,10527,10740
20221128,1,20227762,올빼미,2022-11-23,945960,1763649
20221128,2,20205106,압꾸정,2022-11-30,364514,364514
20221128,3,20210364,탄생,2022-11-30,114169,120384
20221128,4,20227445,원피스 필름 레드,2022-11-30,110992,119036
20221128,5,20217905,데시벨,2022-11-16,89512,869280
20221128,6,20226254,블랙 팬서: 와칸다 포에버,2022-11-09,83038,2073714
20221128,7,20228308,극장판 뽀로로와 친구들: 바이러스를 없애줘!,2022-12-01,77064,77683
20221128,8,20228313,"오늘 밤, 세계에서 이 사랑이 사라진다 해도",2022-11-30,53608,54955
20221128,9,20228602,엔시티 드림 더 무비 : 인 어 드림,2022-11-30,51414,51414
20221128,10,20224598,동감,2022-11-16,37789,482309
20221205,1,20227762,올빼미,2022-11-23,756842,2520491
20221205,2,20205106,압꾸정,2022-11-30,190807,555321
20221205,3,20228313,"오늘 밤, 세계에서 이 사랑이 사라진다 해도",2022-11-30,125828,180783
20221205,4,20210364,탄생,2022-11-30,120213,240597
20221205,5,20228308,극장판 뽀로로와 친구들: 바이러스를 없애줘!,2022-12-01,57100,134783
20221205,6,20227885,프레이 포 더 데블,2022-12-07,52342,52835
20221205,7,20227445,원피스 필름 레드,2022-11-30,51647,170683
20221205,8,20228640,신비아파트 극장판 차원도깨비와 7개의 세계,2022-12-14,37058,37058
20221205,9,20226254,블랙 팬서: 와칸다 포에버,2022-11-09,28301,2102015
20221205,10,20217905,데시벨,2022-11-16,24979,894259
20221212,1,20225061,아바타: 물의 길,2022-12-14,2680163,2680919
20221212,2,20227762,올빼미,2022-11-23,372639,2893130
20221212,3,20228313,"오늘 밤, 세계에서 이 사랑이 사라진다 해도",2022-11-30,157869,338652
20221212,4,20228640,신비아파트 극장판 차원도깨비와 7개의 세계,2022-12-14,141285,178343
20221212,5,20210364,탄생,2022-11-30,61442,302039
20221212,6,20205106,압꾸정,2022-11-30,46323,601644
20221212,7,20228308,극장판 뽀로로와 친구들: 바이러스를 없애줘!,2022-12-01,25203,159986
20221212,8,20227885,프레이 포 더 데블,2022-12-07,14356,67191
20221212,9,20227445,원피스 필름 레드,2022-11-30,13926,184609
20221212,10,20228655,스페이스 키드: 우주에서 살아남기,2022-12-07,10620,26900
20221219,1,20225061,아바타: 물의 길,2022-12-14,2894457,5575376
20221219,2,20196478,영웅,2022-12-21,794714,804734
20221219,3,20227762,올빼미,2022-11-23,206557,3099687
20221219,4,20228313,"오늘 밤, 세계에서 이 사랑이 사라진다 해도",2022-11-30,188592,527244
20221219,5,20228640,신비아파트 극장판 차원도깨비와 7개의 세계,2022-12-14,119039,297382
20221219,6,20228829,눈의 여왕5: 스노우 프린세스와 미러랜드의 비밀,2022-12-22,73972,75248
20221219,7,20228309,핑크퐁 시네마 콘서트 2: 원더스타 콘서트 대작전,2022-12-21,25964,26490
20221219,8,20210364,탄생,2022-11-30,23685,325724
20221219,9,20228308,극장판 뽀로로와 친구들: 바이러스를 없애줘!,2022-12-01,15487,175473
20221219,10,20215315,스위치,2023-01-04,6456,6456
20221226,1,20225061,아바타: 물의 길,2022-12-14,2167306,7742682
20221226,2,20196478,영웅,2022-12-21,868199,1672933
20221226,3,20210140,젠틀맨,2022-12-28,172756,178851
20221226,4,20228313,"오늘 밤, 세계에서 이 사랑이 사라진다 해도",2022-11-30,164886,692130
20221226,5,20227762,올빼미,2022-11-23,146499,3246186
20221226,6,20228640,신비아파트 극장판 차원도깨비와 7개의 세계,2022-12-14,76450,373832
20221226,7,20228829,눈의 여왕5: 스노우 프린세스와 미러랜드의 비밀,2022-12-22,49562,124810
20221226,8,20215315,스위치,2023-01-04,25424,31880
20221226,9,20227925,몬스터 신부: 101번째 프로포즈,2022-12-28,23341,25652
20221226,10,20228308,극장판 뽀로로와 친구들: 바이러스를 없애줘!,2022-12-01,21740,197213
20230102,1,20225061,아바타: 물의 길,2022-12-14,1033926,8776608
20230102,2,20196478,영웅,2022-12-21,550661,2223594
20230102,3,20228555,더 퍼스트 슬램덩크,2023-01-04,414484,420119
20230102,4,20224109,장화신은 고양이: 끝내주는 모험,2023-01-04,310317,316095
20230102,5,20215315,스위치,2023-01-04,192980,224860
20230102,6,20228313,"오늘 밤, 세계에서 이 사랑이 사라진다 해도",2022-11-30,103291,795421
20230102,7,20227762,올빼미,2022-11-23,45241,3291427
20230102,8,20228640,신비아파트 극장판 차원도깨비와 7개의 세계,2022-12-14,36999,410831
20230102,9,20210140,젠틀맨,2022-12-28,34658,213509
20230102,10,20228829,눈의 여왕5: 스노우 프린세스와 미러랜드의 비밀,2022-12-22,12677,137487
20230109,1,20225061,아바타: 물의 길,2022-12-14,637750,9414358
20230109,2,20228555,더 퍼스트 슬램덩크,2023-01-04,514815,934934
20230109,3,20196478,영웅,2022-12-21,381204,2604798
20230109,4,20224109,장화신은 고양이: 끝내주는 모험,2023-01-04,224284,540379
20230109,5,20215315,스위치,2023-01-04,133073,357933
20230109,6,20228313,"오늘 밤, 세계에서 이 사랑이 사라진다 해도",2022-11-30,92292,887713
20230109,7,20227762,올빼미,2022-11-23,26084,3317511
20230109,8,20228640,신비아파트 극장판 차원도깨비와 7개의 세계,2022-12-14,14536,425367
20230109,9,20228255,프린스 챠밍,2023-01-11,9951,10203
20230109,10,20214823,유령,2023-01-18,8305,8305
20230116,1,20190808,교섭,2023-01-18,658993,660669
20230116,2,20228555,더 퍼스트 슬램덩크,2023-01-04,416425,1351359
20230116,3,20225061,아바타: 물의 길,2022-12-14,407616,9821974
20230116,4,20214823,유령,2023-01-18,237434,245739
20230116,5,20196478,영웅,2022-12-21,212076,2816874
20230116,6,20224109,장화신은 고양이: 끝내주는 모험,2023-01-04,92252,632631
20230116,7,20228313,"오늘 밤, 세계에서 이 사랑이 사라진다 해도",2022-11-30,53275,940988
20230116,8,20215315,스위치,2023-01-04,38598,396531
20230116,9,20228895,캐리와 슈퍼콜라,2023-01-18,32085,33217
20230116,10,20229166,라일 라일 크로커다일,2023-01-18,25732,25987
20230123,1,20190808,교섭,2023-01-18,779275,1439944
20230123,2,20228555,더 퍼스트 슬램덩크,2023-01-04,571358,1922717
20230123,3,20225061,아바타: 물의 길,2022-12-14,536971,10358945
20230123,4,20214823,유령,2023-01-18,285920,531659
20230123,5,20196478,영웅,2022-12-21,240659,3057533
20230123,6,20229551,상견니,2023-01-25,145205,145205
20230123,7,20229205,메간,2023-01-25,122237,122514
20230123,8,20224109,장화신은 고양이: 끝내주는 모험,2023-01-04,120509,753140
20230123,9,20228313,"오늘 밤, 세계에서 이 사랑이 사라진다 해도",2022-11-30,64553,1005541
20230123,10,20228895,캐리와 슈퍼콜라,2023-01-18,53994,87211
20230130,1,20228555,더 퍼스트 슬램덩크,2023-01-04,425605,2348322
20230130,2,20225061,아바타: 물의 길,2022-12-14,193831,10552776
20230130,3,20190808,교섭,2023-01-18,180094,1620038
20230130,4,20227374,바빌론,2023-02-01,95707,97204
20230130,5,20229551,상견니,2023-01-25,94041,239246
20230130,6,20196478,영웅,2022-12-21,83112,3140645
20230130,7,20214823,유령,2023-01-18,78733,610392
20230130,8,20229205,메간,2023-01-25,73560,196074
20230130,9,20239691,방탄소년단: 옛 투 컴 인 시네마,2023-02-01,60467,60467
20230130,10,20224109,장화신은 고양이: 끝내주는 모험,2023-01-04,40534,793674
20230206,1,20228555,더 퍼스트 슬램덩크,2023-01-04,508633,2856955
20230206,2,19980074,타이타닉,1998-02-20,223125,653260
20230206,3,20225061,아바타: 물의 길,2022-12-14,126734,10679510
20230206,4,20190808,교섭,2023-01-18,77826,1697864
20230206,5,20227374,바빌론,2023-02-01,64417,161621
20230206,6,20196478,영웅,2022-12-21,58888,3199533
20230206,7,20229551,상견니,2023-01-25,55609,294855
20230206,8,20214823,유령,2023-01-18,42702,653094
20230206,9,20223565,다음 소희,2023-02-08,36340,39419
20230206,10,20224109,장화신은 고양이: 끝내주는 모험,2023-01-04,29539,823213
20230213,1,20230209,앤트맨과 와스프: 퀀텀매니아,2023-02-15,862945,862945
20230213,2,20228555,더 퍼스트 슬램덩크,2023-01-04,425311,3282266
20230213,3,19980074,타이타닉,1998-02-20,185970,839230
20230213,4,20225061,아바타: 물의 길,2022-12-14,62176,10741686
20230213,5,20228966,어메이징 모리스,2023-02-15,48777,51425
20230213,6,20210684,두다다쿵: 후후섬의 비밀,2023-02-15,45007,45594
20230213,7,20229551,상견니,2023-01-25,33180,328035
20230213,8,20196478,영웅,2022-12-21,31040,3230573
20230213,9,20223565,다음 소희,2023-02-08,26816,66235
20230213,10,20227374,바빌론,2023-02-01,25501,187122
20230220,1,20230209,앤트맨과 와스프: 퀀텀매니아,2023-02-15,449851,1312796
20230220,2,20228555,더 퍼스트 슬램덩크,2023-01-04,296358,3578624
20230220,3,20193706,카운트,2023-02-22,212299,223351
20230220,4,20239573,서치 2,2023-02-22,188684,196971
20230220,5,20202026,마루이 비디오,2023-02-22,96570,98703
20230220,6,19980074,타이타닉,1998-02-20,44617,883847
20230220,7,20228966,어메이징 모리스,2023-02-15,33920,85345
20230220,8,20210684,두다다쿵: 후후섬의 비밀,2023-02-15,33413,79007
20230220,9,20225061,아바타: 물의 길,2022-12-14,31154,10772840
20230220,10,20239913,바다 탐험대 옥토넛 육지수호 대작전 : 열대우림을 지켜라!,2023-02-23,23680,23840
20230227,1,20208962,대외비,2023-03-01,495487,496708
20230227,2,20230533,"귀멸의 칼날: 상현집결, 그리고 도공 마을로",2023-03-02,299900,299900
20230227,3,20228555,더 퍼스트 슬램덩크,2023-01-04,263785,3842409
20230227,4,20230209,앤트맨과 와스프: 퀀텀매니아,2023-02-15,197128,1509924
20230227,5,20239573,서치 2,2023-02-22,156278,353249
20230227,6,20230495,아임 히어로 더 파이널,2023-03-01,134620,134620
20230227,7,20193706,카운트,2023-02-22,131541,354892
20230227,8,20227684,멍뭉이,2023-03-01,105690,107130
20230227,9,20202026,마루이 비디오,2023-02-22,54819,153522
20230227,10,20226270,스즈메의 문단속,2023-03-08,39604,58685
20230306,1,20226270,스즈메의 문단속,2023-03-08,913791,972476
20230306,2,20208962,대외비,2023-03-01,191749,688457
20230306,3,20228555,더 퍼스트 슬램덩크,2023-01-04,164435,4006844
20230306,4,20230533,"귀멸의 칼날: 상현집결, 그리고 도공 마을로",2023-03-02,141939,441839
20230306,5,20230495,아임 히어로 더 파이널,2023-03-01,50410,185030
20230306,6,20239573,서치 2,2023-02-22,42251,395500
20230306,7,20227684,멍뭉이,2023-03-01,40480,147610
20230306,8,20230209,앤트맨과 와스프: 퀀텀매니아,2023-02-15,32658,1542582
20230306,9,20193706,카운트,2023-02-22,27201,382093
20230306,10,20230200,똑똑똑,2023-03-08,21486,21686
20230313,1,20226270,스즈메의 문단속,2023-03-08,978601,1951077
20230313,2,20228555,더 퍼스트 슬램덩크,2023-01-04,148242,4155086
20230313,3,20197654,소울메이트,2023-03-15,105071,118665
20230313,4,20230081,샤잠! 신들의 분노,2023-03-15,63133,63133
20230313,5,20208962,대외비,2023-03-01,53565,742022
20230313,6,20230533,"귀멸의 칼날: 상현집결, 그리고 도공 마을로",2023-03-02,53016,494855
20230313,7,20230340,에브리씽 에브리웨어 올 앳 원스+,2023-03-01,28815,63942
20230313,8,20230495,아임 히어로 더 파이널,2023-03-01,28051,213081
20230313,9,20230199,플레인,2023-03-15,25334,25476
20230313,10,20230484,치킨래빗: 잃어버린 보물을 찾아서,2023-03-18,23123,23123
20230320,1,20226270,스즈메의 문단속,2023-03-08,1013731,2964808
20230320,2,20210544,웅남이,2023-03-22,171493,172365
20230320,3,20228555,더 퍼스트 슬램덩크,2023-01-04,124685,4279771
20230320,4,20197654,소울메이트,2023-03-15,68705,187370
20230320,5,20230767,파벨만스,2023-03-22,32205,35345
20230320,6,20230533,"귀멸의 칼날: 상현집결, 그리고 도공 마을로",2023-03-02,28745,523600
20230320,7,20230340,에브리씽 에브리웨어 올 앳 원스+,2023-03-01,25245,89187
20230320,8,20230484,치킨래빗: 잃어버린 보물을 찾아서,2023-03-18,18038,41161
20230320,9,20230495,아임 히어로 더 파이널,2023-03-01,17100,230181
20230320,10,20224780,모나리자와 블러드 문,2023-03-22,15700,16289
20230327,1,20226270,스즈메의 문단속,2023-03-08,819913,3784721
20230327,2,20226410,던전 앤 드래곤: 도적들의 명예,2023-03-29,176155,177853
20230327,3,20228555,더 퍼스트 슬램덩크,2023-01-04,101551,4381322
20230327,4,20210544,웅남이,2023-03-22,93892,266257
20230327,5,20197654,소울메이트,2023-03-15,32718,220088
20230327,6,20230767,파벨만스,2023-03-22,23032,58377
20230327,7,20230641,오토라는 남자,2023-03-29,19935,22980
20230327,8,20226489,리바운드,2023-04-05,12455,12455
20230327,9,20230340,에브리씽 에브리웨어 올 앳 원스+,2023-03-01,12376,101563
20230327,10,20230484,치킨래빗: 잃어버린 보물을 찾아서,2023-03-18,12050,53211
20230403,1,20226270,스즈메의 문단속,2023-03-08,559320,4344041
20230403,2,20226489,리바운드,2023-04-05,277707,290162
20230403,3,20226410,던전 앤 드래곤: 도적들의 명예,2023-03-29,89920,267773
20230403,4,20231010,에어,2023-04-05,75087,77550
20230403,5,20228555,더 퍼스트 슬램덩크,2023-01-04,66127,4447449
20230403,6,20231089,존 윅 4,2023-04-12,37893,39141
20230403,7,20210544,웅남이,2023-03-22,31075,297332
20230403,8,20231035,카구야 님은 고백받고 싶어 -첫 키스는 끝나지 않아-,2023-04-06,11980,11980
20230403,9,20197654,소울메이트,2023-03-15,11791,231879
20230403,10,20230641,오토라는 남자,2023-03-29,10820,33800
20230410,1,20231089,존 윅 4,2023-04-12,687115,726256
20230410,2,20226270,스즈메의 문단속,2023-03-08,352793,4696834
20230410,3,20226489,리바운드,2023-04-05,194928,485090
20230410,4,20200154,킬링 로맨스,2023-04-14,66641,66641
20230410,5,20228555,더 퍼스트 슬램덩크,2023-01-04,48787,4496236
20230410,6,20231010,에어,2023-04-05,24139,101689
20230410,7,20226410,던전 앤 드래곤: 도적들의 명예,2023-03-29,22551,290324
20230410,8,20231009,거울 속 외딴 성,2023-04-12,22407,23904
20230410,9,20179462,위대한 쇼맨,2017-12-20,10741,1721355
20230410,10,20210544,웅남이,2023-03-22,10357,307689
20230417,1,20231089,존 윅 4,2023-04-12,505768,1232024
20230417,2,20226270,스즈메의 문단속,2023-03-08,227209,4924043
20230417,3,20226489,리바운드,2023-04-05,114480,599570
20230417,4,20225865,옥수역귀신,2023-04-19,78098,78718
20230417,5,20200154,킬링 로맨스,2023-04-14,73386,140027
20230417,6,20228555,더 퍼스트 슬램덩크,2023-01-04,38492,4534728
20230417,7,20231244,렌필드,2023-04-19,34103,38879
20230417,8,20227890,슈퍼 마리오 브라더스,2023-04-26,15925,22542
20230417,9,20100312,인셉션,2010-07-21,13214,6012199
20230417,10,20231009,거울 속 외딴 성,2023-04-12,12745,36649
20230424,1,20227890,슈퍼 마리오 브라더스,2023-04-26,746557,769099
20230424,2,20198482,드림,2023-04-26,534349,538862
20230424,3,20231089,존 윅 4,2023-04-12,366597,1598621
20230424,4,20226270,스즈메의 문단속,2023-03-08,194681,5118724
20230424,5,20225865,옥수역귀신,2023-04-19,76080,154798
20230424,6,20226489,리바운드,2023-04-05,59481,659051
20230424,7,20228555,더 퍼스트 슬램덩크,2023-01-04,54978,4589706
20230424,8,20200154,킬링 로맨스,2023-04-14,31094,171121
20230424,9,20231164,무명,2023-04-26,15604,15976
20230424,10,20231244,렌필드,2023-04-19,8676,47555
20230501,1,20231496,가디언즈 오브 갤럭시: Volume 3,2023-05-03,1630894,1630894
20230501,2,20227890,슈퍼 마리오 브라더스,2023-04-26,1033161,1802260
20230501,3,20198482,드림,2023-04-26,417620,956482
20230501,4,20231348,극장판 짱구는 못말려: 동물소환 닌자 배꼽수비대,2023-05-04,340158,343243
20230501,5,20231089,존 윅 4,2023-04-12,217257,1815878
20230501,6,20226270,스즈메의 문단속,2023-03-08,204411,5323135
20230501,7,20225865,옥수역귀신,2023-04-19,68842,223640
20230501,8,20228555,더 퍼스트 슬램덩크,2023-01-04,35528,4625234
20230501,9,20226489,리바운드,2023-04-05,26325,685376
20230501,10,20200154,킬링 로맨스,2023-04-14,14040,185161
20230508,1,20231496,가디언즈 오브 갤럭시: Volume 3,2023-05-03,1098413,2729307
20230508,2,20227890,슈퍼 마리오 브라더스,2023-04-26,260810,2063070
20230508,3,20231348,극장판 짱구는 못말려: 동물소환 닌자 배꼽수비대,2023-05-04,164048,507291
20230508,4,20198482,드림,2023-04-26,115116,1071598
20230508,5,20231437,문재인입니다,2023-05-10,73446,74721
20230508,6,20231089,존 윅 4,2023-04-12,73093,1888971
20230508,7,20226270,스즈메의 문단속,2023-03-08,65580,5388715
20230508,8,20218656,롱디,2023-05-10,25053,25914
20230508,9,20228555,더 퍼스트 슬램덩크,2023-01-04,23430,4648664
20230508,10,20161872,너의 이름은.,2017-01-04,22079,3847897
20230515,1,20231592,분노의 질주: 라이드 오어 다이,2023-05-17,843292,843292
20230515,2,20231496,가디언즈 오브 갤럭시: Volume 3,2023-05-03,618272,3347579
20230515,3,20227890,슈퍼 마리오 브라더스,2023-04-26,130363,2193433
20230515,4,20231348,극장판 짱구는 못말려: 동물소환 닌자 배꼽수비대,2023-05-04,95005,602296
20230515,5,20226270,스즈메의 문단속,2023-03-08,56879,5445594
20230515,6,20198482,드림,2023-04-26,36024,1107622
20230515,7,20231437,문재인입니다,2023-05-10,30101,104822
20230515,8,20231089,존 윅 4,2023-04-12,24565,1913536
20230515,9,20231029,슬픔의 삼각형,2023-05-17,21994,25412
20230515,10,20228555,더 퍼스트 슬램덩크,2023-01-04,12204,4660868
20230522,1,20231592,분노의 질주: 라이드 오어 다이,2023-05-17,604471,1447763
20230522,2,20231496,가디언즈 오브 갤럭시: Volume 3,2023-05-03,435221,3782800
20230522,3,20231839,인어공주,2023-05-24,342581,344274
20230522,4,20226411,범죄도시3,2023-05-31,316864,316864
20230522,5,20227890,슈퍼 마리오 브라더스,2023-04-26,85641,2279074
20230522,6,20231348,극장판 짱구는 못말려: 동물소환 닌자 배꼽수비대,2023-05-04,56555,658851
20230522,7,19960041,아기공룡 둘리-얼음별 대모험,1996-07-24,44666,47598
20230522,8,20231677,남은 인생 10년,2023-05-24,44434,45006
20230522,9,20226270,스즈메의 문단속,2023-03-08,39320,5484914
20230522,10,20231029,슬픔의 삼각형,2023-05-17,12766,38178
20230529,1,20226411,범죄도시3,2023-05-31,4195359,4512223
20230529,2,20231496,가디언즈 오브 갤럭시: Volume 3,2023-05-03,257844,4040644
20230529,3,20231592,분노의 질주: 라이드 오어 다이,2023-05-17,254908,1702671
20230529,4,20231839,인어공주,2023-05-24,217347,561621
20230529,5,20090860,포켓 몬스터 DP: 아르세우스 초극의 시공으로,2009-12-24,89341,427349
20230529,6,20227890,슈퍼 마리오 브라더스,2023-04-26,74397,2353471
20230529,7,20231348,극장판 짱구는 못말려: 동물소환 닌자 배꼽수비대,2023-05-04,47052,705903
20230529,8,20231677,남은 인생 10년,2023-05-24,43550,88556
20230529,9,19960041,아기공룡 둘리-얼음별 대모험,1996-07-24,37887,85485
20230529,10,20226270,스즈메의 문단속,2023-03-08,29547,5514461
20230605,1,20226411,범죄도시3,2023-05-31,3270437,7782660
20230605,2,20232025,트랜스포머: 비스트의 서막,2023-06-06,568854,569478
20230605,3,20090860,포켓 몬스터 DP: 아르세우스 초극의 시공으로,2009-12-24,126244,553593
20230605,4,20231496,가디언즈 오브 갤럭시: Volume 3,2023-05-03,114559,4155203
20230605,5,20231839,인어공주,2023-05-24,69818,631439
20230605,6,20231592,분노의 질주: 라이드 오어 다이,2023-05-17,57305,1759976
20230605,7,20227890,슈퍼 마리오 브라더스,2023-04-26,34295,2387766
20230605,8,20231677,남은 인생 10년,2023-05-24,25415,113971
20230605,9,20231348,극장판 짱구는 못말려: 동물소환 닌자 배꼽수비대,2023-05-04,21320,727223
20230605,10,20226270,스즈메의 문단속,2023-03-08,15826,5530287
20230612,1,20226411,범죄도시3,2023-05-31,1129721,8912381
20230612,2,20228930,엘리멘탈,2023-06-14,513922,516035
20230612,3,20231971,플래시,2023-06-14,426654,427306
20230612,4,20232025,트랜스포머: 비스트의 서막,2023-06-06,149443,718921
20230612,5,20231496,가디언즈 오브 갤럭시: Volume 3,2023-05-03,34256,4189459
20230612,6,20090860,포켓 몬스터 DP: 아르세우스 초극의 시공으로,2009-12-24,20002,573595
20230612,7,20211937,귀공자,2023-06-21,19961,28616
20230612,8,20231839,인어공주,2023-05-24,11574,643013
20230612,9,20231677,남은 인생 10년,2023-05-24,11247,125218
20230612,10,20231592,분노의 질주: 라이드 오어 다이,2023-05-17,10087,1770063
20230619,1,20226411,범죄도시3,2023-05-31,755100,9667481
20230619,2,20228930,엘리멘탈,2023-06-14,725656,1241691
20230619,3,20232180,스파이더맨: 어크로스 더 유니버스,2023-06-21,352413,354057
20230619,4,20211937,귀공자,2023-06-21,319152,347768
20230619,5,20231971,플래시,2023-06-14,157870,585176
20230619,6,20232025,트랜스포머: 비스트의 서막,2023-06-06,38680,757601
20230619,7,20232075,명탐정코난: 하이바라 아이 이야기 ~흑철의 미스터리 트레인,2023-06-23,36954,36954
20230619,8,20227654,수라,2023-06-21,14374,19222
20230619,9,20231496,가디언즈 오브 갤럭시: Volume 3,2023-05-03,13441,4202900
20230619,10,20231677,남은 인생 10년,2023-05-24,6020,131238
20230626,1,20228930,엘리멘탈,2023-06-14,1005477,2247168
20230626,2,20226411,범죄도시3,2023-05-31,550548,10218029
20230626,3,20232273,인디아나 존스: 운명의 다이얼,2023-06-28,525205,525961
20230626,4,20232180,스파이더맨: 어크로스 더 유니버스,2023-06-21,250643,604700
20230626,5,20211937,귀공자,2023-06-21,223858,571626
20230626,6,20219331,여름날 우리,2021-08-25,48000,89616
20230626,7,20231971,플래시,2023-06-14,40819,625995
20230626,8,20232220,"2022 영탁 단독 콘서트 ""탁쇼""",2023-06-28,32667,32667
20230626,9,20232075,명탐정코난: 하이바라 아이 이야기 ~흑철의 미스터리 트레인,2023-06-23,32329,69283
20230626,10,20231781,애스터로이드 시티,2023-06-28,25831,29075
20230703,1,20228930,엘리멘탈,2023-06-14,1158934,3406102
20230703,2,20226411,범죄도시3,2023-05-31,315824,10533853
20230703,3,20232273,인디아나 존스: 운명의 다이얼,2023-06-28,265582,791543
20230703,4,20232180,스파이더맨: 어크로스 더 유니버스,2023-06-21,200662,805362
20230703,5,20232631,미션 임파서블: 데드 레코닝 PART ONE,2023-07-12,166593,166593
20230703,6,20211937,귀공자,2023-06-21,87980,659606
20230703,7,20219331,여름날 우리,2021-08-25,77698,167314
20230703,8,20224579,악마들,2023-07-05,66048,67881
20230703,9,20231889,보 이즈 어프레이드,2023-07-05,33838,35208
20230703,10,20232570,극장판 도라에몽: 진구와 하늘의 유토피아,2023-07-08,32002,32300
20230710,1,20232631,미션 임파서블: 데드 레코닝 PART ONE,2023-07-12,1601496,1768089
20230710,2,20228930,엘리멘탈,2023-06-14,878858,4284960
20230710,3,20226411,범죄도시3,2023-05-31,105531,10639384
20230710,4,20219331,여름날 우리,2021-08-25,85942,253256
20230710,5,20232180,스파이더맨: 어크로스 더 유니버스,2023-06-21,68549,873911
20230710,6,20232273,인디아나 존스: 운명의 다이얼,2023-06-28,58073,849616
20230710,7,20232570,극장판 도라에몽: 진구와 하늘의 유토피아,2023-07-08,29772,62072
20230710,8,20211937,귀공자,2023-06-21,19318,678924
20230710,9,20231889,보 이즈 어프레이드,2023-07-05,18676,53884
20230710,10,20224579,악마들,2023-07-05,12595,80476
20230717,1,20232631,미션 임파서블: 데드 레코닝 PART ONE,2023-07-12,1172383,2940472
20230717,2,20228930,엘리멘탈,2023-06-14,746757,5031717
20230717,3,20232536,명탐정코난: 흑철의 어영,2023-07-20,356363,361016
20230717,4,20232740,바비,2023-07-19,256862,256862
20230717,5,20232778,인시디어스: 빨간 문,2023-07-19,241373,241620
20230717,6,20219331,여름날 우리,2021-08-25,71465,324721
20230717,7,20232639,극장판 슈퍼윙스: 맥시멈 스피드,2023-07-20,46903,50010
20230717,8,20218541,밀수,2023-07-26,40344,40968
20230717,9,20226411,범죄도시3,2023-05-31,34400,10673784
20230717,10,20232180,스파이더맨: 어크로스 더 유니버스,2023-06-21,25409,899320
20230724,1,20218541,밀수,2023-07-26,1683902,1724870
20230724,2,20228930,엘리멘탈,2023-06-14,640986,5672703
20230724,3,20232631,미션 임파서블: 데드 레코닝 PART ONE,2023-07-12,591412,3531884
20230724,4,20232536,명탐정코난: 흑철의 어영,2023-07-20,219193,580209
20230724,5,20232740,바비,2023-07-19,175459,432321
20230724,6,20232778,인시디어스: 빨간 문,2023-07-19,116846,358466
20230724,7,20232639,극장판 슈퍼윙스: 맥시멈 스피드,2023-07-20,45287,95297
20230724,8,20219331,여름날 우리,2021-08-25,35950,360671
20230724,9,20232491,핑크퐁 시네마 콘서트3 : 진저브레드맨을 잡아라,2023-07-26,23930,24222
20230724,10,20218935,더 문,2023-08-02,20926,20926
20230731,1,20218541,밀수,2023-07-26,1810720,3535590
20230731,2,20193879,비공식작전,2023-08-02,657006,700198
20230731,3,20228930,엘리멘탈,2023-06-14,641107,6313810
20230731,4,20218935,더 문,2023-08-02,339469,360395
20230731,5,20232631,미션 임파서블: 데드 레코닝 PART ONE,2023-07-12,315466,3847350
20230731,6,20232536,명탐정코난: 흑철의 어영,2023-07-20,98725,678934
20230731,7,20232740,바비,2023-07-19,85850,518171
20230731,8,20232836,몬스터 패밀리 2,2023-08-02,66711,67043
20230731,9,20232778,인시디어스: 빨간 문,2023-07-19,34857,393323
20230731,10,20219331,여름날 우리,2021-08-25,32765,393436
20230807,1,20204264,콘크리트 유토피아,2023-08-09,1532595,1546221
20230807,2,20218541,밀수,2023-07-26,819891,4355481
20230807,3,20228930,엘리멘탈,2023-06-14,331770,6645580
20230807,4,20193879,비공식작전,2023-08-02,281309,981507
20230807,5,20218935,더 문,2023-08-02,122836,483231
20230807,6,20232631,미션 임파서블: 데드 레코닝 PART ONE,2023-07-12,115600,3962950
20230807,7,20232536,명탐정코난: 흑철의 어영,2023-07-20,51931,730865
20230807,8,20232740,바비,2023-07-19,37596,555767
20230807,9,20232836,몬스터 패밀리 2,2023-08-02,32726,99769
20230807,10,20232698,바다 탐험대 옥토넛 어보브 앤 비욘드 : 육지 넘어 하늘까지!,2023-08-10,31535,39652
20230814,1,20226431,오펜하이머,2023-08-15,1592057,1592681
20230814,2,20204264,콘크리트 유토피아,2023-08-09,1245589,2791810
20230814,3,20226500,달짝지근해: 7510,2023-08-15,447134,457586
20230814,4,20218541,밀수,2023-07-26,421714,4777195
20230814,5,20228930,엘리멘탈,2023-06-14,260987,6906567
20230814,6,20192995,보호자,2023-08-15,98455,102345
20230814,7,20233052,메가로돈 2,2023-08-15,97883,98093
20230814,8,20193879,비공식작전,2023-08-02,60392,1041899
20230814,9,20232631,미션 임파서블: 데드 레코닝 PART ONE,2023-07-12,37647,4000597
20230814,10,20232698,바다 탐험대 옥토넛 어보브 앤 비욘드 : 육지 넘어 하늘까지!,2023-08-10,29906,69558
20230821,1,20226431,오펜하이머,2023-08-15,731003,2323684
20230821,2,20204264,콘크리트 유토피아,2023-08-09,507854,3299664
20230821,3,20226500,달짝지근해: 7510,2023-08-15,388717,846303
20230821,4,20218541,밀수,2023-07-26,187256,4964451
20230821,5,20228930,엘리멘탈,2023-06-14,132268,7038835
20230821,6,20233052,메가로돈 2,2023-08-15,25231,123324
20230821,7,20192995,보호자,2023-08-15,21166,123511
20230821,8,20232629,마야 3: 숲속 왕국의 위기,2023-08-24,19890,21261
20230821,9,20232536,명탐정코난: 흑철의 어영,2023-07-20,13900,770192
20230821,10,20232631,미션 임파서블: 데드 레코닝 PART ONE,2023-07-12,12504,4013101
20230828,1,20226431,오펜하이머,2023-08-15,450974,2774658
20230828,2,20204264,콘크리트 유토피아,2023-08-09,312925,3612589
20230828,3,20226500,달짝지근해: 7510,2023-08-15,271041,1117344
20230828,4,20233014,타겟,2023-08-30,257470,260924
20230828,5,20218541,밀수,2023-07-26,107491,5071942
20230828,6,20228930,엘리멘탈,2023-06-14,88057,7126892
20230828,7,20223831,스파이 코드명 포춘,2023-08-30,35747,36397
20230828,8,20233075,신체모음.zip,2023-08-30,33226,35212
20230828,9,20232629,마야 3: 숲속 왕국의 위기,2023-08-24,13552,34813
20230828,10,20233569,조이 라이드,2023-08-30,10115,10257
20230904,1,20224667,잠,2023-09-06,531293,539031
20230904,2,20226431,오펜하이머,2023-08-15,217478,2992136
20230904,3,20226500,달짝지근해: 7510,2023-08-15,137861,1255205
20230904,4,20204264,콘크리트 유토피아,2023-08-09,135023,3747612
20230904,5,20233014,타겟,2023-08-30,118891,379815
20230904,6,20228930,엘리멘탈,2023-06-14,52827,7179719
20230904,7,20218541,밀수,2023-07-26,41185,5113127
20230904,8,20090379,해리 포터와 혼혈 왕자,2009-07-15,35503,2993239
20230904,9,20233075,신체모음.zip,2023-08-30,16038,51250
20230904,10,20232629,마야 3: 숲속 왕국의 위기,2023-08-24,10009,44822
20230911,1,20224667,잠,2023-09-06,492000,1031031
20230911,2,20234044,베니스 유령 살인사건,2023-09-13,131560,132054
20230911,3,20226431,오펜하이머,2023-08-15,119203,3111339
20230911,4,20226500,달짝지근해: 7510,2023-08-15,77791,1332996
20230911,5,20204264,콘크리트 유토피아,2023-08-09,62312,3809924
20230911,6,20233643,닌자터틀: 뮤턴트 대소동,2023-09-14,50305,50872
20230911,7,20233743,아이유 콘서트 : 더 골든 아워,2023-09-13,44525,44525
20230911,8,20228016,"여름을 향한 터널, 이별의 출구",2023-09-14,36383,37725
20230911,9,20233014,타겟,2023-08-30,35248,415063
20230911,10,20228930,엘리멘탈,2023-06-14,25888,7205607
20230918,1,20224667,잠,2023-09-06,288867,1319898
20230918,2,20233235,가문의 영광: 리턴즈,2023-09-21,95103,95269
20230918,3,20233411,그란 투리스모,2023-09-20,77368,77890
20230918,4,20226431,오펜하이머,2023-08-15,60561,3171900
20230918,5,20234044,베니스 유령 살인사건,2023-09-13,59416,191470
20230918,6,20226500,달짝지근해: 7510,2023-08-15,38748,1371744
20230918,7,20233597,아르고 원정대: 꼬마 영웅 패티의 대모험,2023-09-21,32510,39256
20230918,8,20204264,콘크리트 유토피아,2023-08-09,30539,3840463
20230918,9,20228016,"여름을 향한 터널, 이별의 출구",2023-09-14,24177,61902
20230918,10,20233743,아이유 콘서트 : 더 골든 아워,2023-09-13,22401,66926
20230925,1,20227410,천박사 퇴마 연구소: 설경의 비밀,2023-09-27,1155504,1173944
20230925,2,20197122,1947 보스톤,2023-09-27,554549,570825
20230925,3,20223896,거미집,2023-09-27,211878,224678
20230925,4,20234281,더 넌 2,2023-09-27,193067,195036
20230925,5,20224667,잠,2023-09-06,112179,1432077
20230925,6,20234099,극장판 엉덩이 탐정: 미스터리 가면 ~최강의 대결,2023-09-28,65534,69464
20230925,7,20233235,가문의 영광: 리턴즈,2023-09-21,61173,156442
20230925,8,20226431,오펜하이머,2023-08-15,36100,3208000
20230925,9,20233411,그란 투리스모,2023-09-20,27168,105058
20230925,10,20233597,아르고 원정대: 꼬마 영웅 패티의 대모험,2023-09-21,25011,64267
20231002,1,20228819,30일,2023-10-03,601426,619882
20231002,2,20227410,천박사 퇴마 연구소: 설경의 비밀,2023-09-27,528729,1702673
20231002,3,20197122,1947 보스톤,2023-09-27,258259,829084
20231002,4,20233879,크리에이터,2023-10-03,183020,189040
20231002,5,20234281,더 넌 2,2023-09-27,115542,310578
20231002,6,20223896,거미집,2023-09-27,65778,290456
20231002,7,20234099,극장판 엉덩이 탐정: 미스터리 가면 ~최강의 대결,2023-09-28,51487,120951
20231002,8,20234253,퍼피 구조대: 더 마이티 무비,2023-10-06,44962,49099
20231002,9,20234277,사나: 저주의 아이,2023-10-04,35636,36100
20231002,10,20224667,잠,2023-09-06,31034,1463111
20231009,1,20228819,30일,2023-10-03,590291,1210173
20231009,2,20227626,화란,2023-10-11,149663,166901
20231009,3,20227410,천박사 퇴마 연구소: 설경의 비밀,2023-09-27,147656,1850329
20231009,4,20197122,1947 보스톤,2023-09-27,89903,918987
20231009,5,20234253,퍼피 구조대: 더 마이티 무비,2023-10-06,65579,114678
20231009,6,20233879,크리에이터,2023-10-03,60129,249169
20231009,7,20212667,화사한 그녀,2023-10-11,58521,60264
20231009,8,20234281,더 넌 2,2023-09-27,39872,350450
20231009,9,20234277,사나: 저주의 아이,2023-10-04,30591,66691
20231009,10,20223896,거미집,2023-09-27,18347,308803
20231016,1,20228819,30일,2023-10-03,385425,1595598
20231016,2,20227626,화란,2023-10-11,72772,239673
20231016,3,20232894,플라워 킬링 문,2023-10-19,69231,69887
20231016,4,20234853,엑소시스트: 믿는 자,2023-10-18,61876,62027
20231016,5,20227410,천박사 퇴마 연구소: 설경의 비밀,2023-09-27,51586,1901915
20231016,6,20234213,익스펜더블 4,2023-10-18,49421,50222
20231016,7,20197122,1947 보스톤,2023-09-27,46392,965379
20231016,8,20233178,블루 자이언트,2023-10-18,38977,43580
20231016,9,20234663,바람 따라 만나리 : 김호중의 계절,2023-10-18,24976,25146
20231016,10,20212667,화사한 그녀,2023-10-11,23972,84236
20231023,1,20234664,그대들은 어떻게 살 것인가,2023-10-25,947965,947965
20231023,2,20228819,30일,2023-10-03,244400,1839998
20231023,3,20224517,용감한 시민,2023-10-25,167450,170454
20231023,4,20232894,플라워 킬링 문,2023-10-19,56807,126694
20231023,5,20233178,블루 자이언트,2023-10-18,23340,66920
20231023,6,20197122,1947 보스톤,2023-09-27,21835,987214
20231023,7,20200622,소년들,2023-11-01,17479,17726
20231023,8,20234853,엑소시스트: 믿는 자,2023-10-18,16233,78260
20231023,9,20227626,화란,2023-10-11,14866,254539
20231023,10,20234663,바람 따라 만나리 : 김호중의 계절,2023-10-18,14149,39295
20231030,1,20234664,그대들은 어떻게 살 것인가,2023-10-25,534125,1482090
20231030,2,20200622,소년들,2023-11-01,229289,247015
20231030,3,20228819,30일,2023-10-03,156947,1996945
20231030,4,20234666,톡 투 미,2023-11-01,86833,88122
20231030,5,20224517,용감한 시민,2023-10-25,76743,247197
20231030,6,20232894,플라워 킬링 문,2023-10-19,25116,151810
20231030,7,20233178,블루 자이언트,2023-10-18,20490,87410
20231030,8,20199950,조커,2019-10-02,17803,5273111
20231030,9,20235459,테일러 스위프트 디 에라스 투어,2023-11-03,13723,13723
20231030,10,20226270,스즈메의 문단속,2023-03-08,12894,5567283
20231106,1,20235034,더 마블스,2023-11-08,446883,446883
20231106,2,20234664,그대들은 어떻게 살 것인가,2023-10-25,247443,1729533
20231106,3,20200622,소년들,2023-11-01,138187,385202
20231106,4,20228819,30일,2023-10-03,85540,2082485
20231106,5,20225894,뉴 노멀,2023-11-08,56668,61955
20231106,6,20234666,톡 투 미,2023-11-01,55874,143996
20231106,7,20224517,용감한 시민,2023-10-25,14736,261933
20231106,8,20233178,블루 자이언트,2023-10-18,13326,100736
20231106,9,20197122,1947 보스톤,2023-09-27,13274,1010900
20231106,10,20232894,플라워 킬링 문,2023-10-19,9944,161754
20231113,1,20235030,프레디의 피자가게,2023-11-15,340377,340624
20231113,2,20235034,더 마블스,2023-11-08,183948,630831
20231113,3,20234664,그대들은 어떻게 살 것인가,2023-10-25,150963,1880496
20231113,4,20234797,헝거게임: 노래하는 새와 뱀의 발라드,2023-11-15,120152,120497
20231113,5,20200622,소년들,2023-11-01,67110,452312
20231113,6,20228819,30일,2023-10-03,58751,2141236
20231113,7,20081056,다크 나이트,2008-08-06,38446,4266806
20231113,8,20228313,"오늘 밤, 세계에서 이 사랑이 사라진다 해도",2022-11-30,36552,1137374
20231113,9,20225894,뉴 노멀,2023-11-08,34443,96398
20231113,10,20234666,톡 투 미,2023-11-01,29378,173374
20231120,1,20212866,서울의 봄,2023-11-22,1877423,1892755
20231120,2,20235030,프레디의 피자가게,2023-11-15,220246,560870
20231120,3,20234664,그대들은 어떻게 살 것인가,2023-10-25,69502,1949998
20231120,4,20234797,헝거게임: 노래하는 새와 뱀의 발라드,2023-11-15,48383,168880
20231120,5,20235034,더 마블스,2023-11-08,47866,678697
20231120,6,20234957,스노우 폭스: 썰매개가 될 거야!,2023-11-23,37819,44701
20231120,7,20228313,"오늘 밤, 세계에서 이 사랑이 사라진다 해도",2022-11-30,23396,1160770
20231120,8,20234114,괴물,2023-11-29,23369,23648
20231120,9,20234293,이빨요정 비올레타: 요정나라로 돌아갈래!,2023-11-18,20589,41317
20231120,10,20228819,30일,2023-10-03,19897,2161133
20231127,1,20212866,서울의 봄,2023-11-22,2762279,4655034
20231127,2,20202247,싱글 인 서울,2023-11-29,206617,225463
20231127,3,20234114,괴물,2023-11-29,94151,117799
20231127,4,20235030,프레디의 피자가게,2023-11-15,91101,651971
20231127,5,20234664,그대들은 어떻게 살 것인가,2023-10-25,25750,1975748
20231127,6,20234957,스노우 폭스: 썰매개가 될 거야!,2023-11-23,23954,68655
20231127,7,20235261,극장판 파워 디지몬 더 비기닝,2023-11-29,23507,24440
20231127,8,20136803,겨울왕국,2014-01-16,19743,10324794
20231127,9,20234798,극장판 우당탕탕 은하안전단: 진정한 용기!,2023-11-30,17953,22117
20231127,10,20232536,명탐정코난: 흑철의 어영,2023-07-20,14930,796713
20231204,1,20212866,서울의 봄,2023-11-22,2316716,6971750
20231204,2,20190324,3일의 휴가,2023-12-06,213585,216568
20231204,3,20235098,나폴레옹,2023-12-06,134389,139576
20231204,4,20202247,싱글 인 서울,2023-11-29,109635,335098
20231204,5,20234114,괴물,2023-11-29,86544,204343
20231204,6,20235030,프레디의 피자가게,2023-11-15,38423,690394
20231204,7,20234673,뽀로로 극장판 슈퍼스타 대모험,2023-12-13,35683,36259
20231204,8,20235697,엔시티 네이션 : 투 더 월드 인 시네마,2023-12-06,19906,19906
20231204,9,20234664,그대들은 어떻게 살 것인가,2023-10-25,15323,1991071
20231204,10,20234957,스노우 폭스: 썰매개가 될 거야!,2023-11-23,14149,82804
20231211,1,20212866,서울의 봄,2023-11-22,1968905,8940655
20231211,2,20190324,3일의 휴가,2023-12-06,209299,425867
20231211,3,20234673,뽀로로 극장판 슈퍼스타 대모험,2023-12-13,123432,159691
20231211,4,20234114,괴물,2023-11-29,84258,288601
20231211,5,20235098,나폴레옹,2023-12-06,68522,208098
20231211,6,20235698,쏘우 X,2023-12-13,48633,50316
20231211,7,20202247,싱글 인 서울,2023-11-29,46107,381205
20231211,8,20235980,말하고 싶은 비밀,2023-12-13,43869,45696
20231211,9,20203702,노량: 죽음의 바다,2023-12-20,27503,27503
20231211,10,20235030,프레디의 피자가게,2023-11-15,19251,709645
20231218,1,20203702,노량: 죽음의 바다,2023-12-20,1653918,1681421
20231218,2,20212866,서울의 봄,2023-11-22,1367350,10308005
20231218,3,20235735,아쿠아맨과 로스트 킹덤,2023-12-20,370351,370351
20231218,4,20236146,신차원! 짱구는 못말려 더 무비 초능력 대결전 ~날아라 수제김밥~,2023-12-22,209408,216971
20231218,5,20235596,트롤: 밴드 투게더,2023-12-20,144076,150020
20231218,6,20234673,뽀로로 극장판 슈퍼스타 대모험,2023-12-13,75534,235225
20231218,7,20190324,3일의 휴가,2023-12-06,61630,487497
20231218,8,20234114,괴물,2023-11-29,49285,337886
20231218,9,20235980,말하고 싶은 비밀,2023-12-13,19825,65521
20231218,10,20233299,크레센도,2023-12-20,17309,19125
20231225,1,20203702,노량: 죽음의 바다,2023-12-20,1756712,3438133
20231225,2,20212866,서울의 봄,2023-11-22,1546774,11854779
20231225,3,20235735,아쿠아맨과 로스트 킹덤,2023-12-20,352635,722986
20231225,4,20236146,신차원! 짱구는 못말려 더 무비 초능력 대결전 ~날아라 수제김밥~,2023-12-22,351298,568269
20231225,5,20235596,트롤: 밴드 투게더,2023-12-20,186919,336939
20231225,6,20234673,뽀로로 극장판 슈퍼스타 대모험,2023-12-13,85965,321190
20231225,7,20234114,괴물,2023-11-29,49541,387427
20231225,8,20235290,도티와 영원의 탑,2023-12-27,37973,41696
20231225,9,20236045,"바다 탐험대 옥토넛 어보브 앤 비욘드: 버드, 옥토경보를 울려라!",2023-12-27,31872,38823
20231225,10,20236080,류이치 사카모토: 오퍼스,2023-12-27,28532,31195
20240101,1,20203702,노량: 죽음의 바다,2023-12-20,729900,4168033
20240101,2,20212866,서울의 봄,2023-11-22,684224,12539003
20240101,3,20235834,위시,2024-01-03,621537,622619
20240101,4,20236146,신차원! 짱구는 못말려 더 무비 초능력 대결전 ~날아라 수제김밥~,2023-12-22,180825,749094
20240101,5,20235735,아쿠아맨과 로스트 킹덤,2023-12-20,122074,845060
20240101,6,20235596,트롤: 밴드 투게더,2023-12-20,59434,396373
20240101,7,20234114,괴물,2023-11-29,40873,428300
20240101,8,20234673,뽀로로 극장판 슈퍼스타 대모험,2023-12-13,36661,357851
20240101,9,20228555,더 퍼스트 슬램덩크,2023-01-04,30310,4822351
20240101,10,20236045,"바다 탐험대 옥토넛 어보브 앤 비욘드: 버드, 옥토경보를 울려라!",2023-12-27,21846,60669
20240108,1,20235253,외계+인 2부,2024-01-10,640329,649101
20240108,2,20235834,위시,2024-01-03,371714,994333
20240108,3,20212866,서울의 봄,2023-11-22,243341,12782344
20240108,4,20203702,노량: 죽음의 바다,2023-12-20,220520,4388553
20240108,5,20235583,인투 더 월드,2024-01-10,129430,141143
20240108,6,20236146,신차원! 짱구는 못말려 더 무비 초능력 대결전 ~날아라 수제김밥~,2023-12-22,73235,822329
20240108,7,20235353,길위에 김대중,2024-01-10,42500,58643
20240108,8,20234114,괴물,2023-11-29,28723,457023
20240108,9,20228555,더 퍼스트 슬램덩크,2023-01-04,25329,4847680
20240108,10,20235735,아쿠아맨과 로스트 킹덤,2023-12-20,23624,868684
20240115,1,20235253,외계+인 2부,2024-01-10,444626,1093727
20240115,2,20235834,위시,2024-01-03,220553,1214886
20240115,3,20212866,서울의 봄,2023-11-22,164564,12946908
20240115,4,20203702,노량: 죽음의 바다,2023-12-20,114307,4502860
20240115,5,20235583,인투 더 월드,2024-01-10,104749,245892
20240115,6,20236146,신차원! 짱구는 못말려 더 무비 초능력 대결전 ~날아라 수제김밥~,2023-12-22,52017,874346
20240115,7,20235353,길위에 김대중,2024-01-10,33748,92391
20240115,8,20206946,시민덕희,2024-01-24,24981,29093
20240115,9,20235854,덤 머니,2024-01-17,23764,24992
20240115,10,20234114,괴물,2023-11-29,18335,475358
20240122,1,20206946,시민덕희,2024-01-24,475897,504990
20240122,2,20235253,외계+인 2부,2024-01-10,213075,1306802
20240122,3,20235834,위시,2024-01-03,120805,1335691
20240122,4,20212866,서울의 봄,2023-11-22,91477,13038385
20240122,5,20235583,인투 더 월드,2024-01-10,61318,307210
20240122,6,20203702,노량: 죽음의 바다,2023-12-20,47871,4550731
20240122,7,20236464,도그맨,2024-01-24,33947,35065
20240122,8,20236146,신차원! 짱구는 못말려 더 무비 초능력 대결전 ~날아라 수제김밥~,2023-12-22,32937,907283
20240122,9,20235353,길위에 김대중,2024-01-10,18528,110919
20240122,10,20161872,너의 이름은.,2017-01-04,18108,3907409
20240129,1,20236180,웡카,2024-01-31,785202,786720
20240129,2,20206946,시민덕희,2024-01-24,425978,930968
20240129,3,20235253,외계+인 2부,2024-01-10,99442,1406244
20240129,4,20212866,서울의 봄,2023-11-22,50694,13089079
20240129,5,20235834,위시,2024-01-03,50163,1385854
20240129,6,20247074,건국전쟁,2024-02-01,34124,35651
20240129,7,20234730,추락의 해부,2024-01-31,28552,31539
20240129,8,20235583,인투 더 월드,2024-01-10,24894,332104
20240129,9,20246964,정글번치: 월드투어,2024-01-31,20514,20714
20240129,10,20212668,도그데이즈,2024-02-07,18845,22309
20240205,1,20236180,웡카,2024-01-31,798398,1585118
20240205,2,20206946,시민덕희,2024-01-24,452477,1383445
20240205,3,20247074,건국전쟁,2024-02-01,205819,241470
20240205,4,20212668,도그데이즈,2024-02-07,196059,218368
20240205,5,20211477,데드맨,2024-02-07,172935,174833
20240205,6,20231415,소풍,2024-02-07,134418,136265
20240205,7,20234581,아가일,2024-02-07,93743,96162
20240205,8,20246966,아기상어 극장판: 사이렌 스톤의 비밀,2024-02-07,38854,42536
20240205,9,20212866,서울의 봄,2023-11-22,25059,13114138
20240205,10,20234730,추락의 해부,2024-01-31,22333,53872
20240212,1,20236180,웡카,2024-01-31,885901,2471019
20240212,2,20247074,건국전쟁,2024-02-01,469039,710509
20240212,3,20247076,"귀멸의 칼날: 인연의 기적, 그리고 합동 강화 훈련으로",2024-02-14,258447,269639
20240212,4,20206946,시민덕희,2024-01-24,256678,1640123
20240212,5,20212668,도그데이즈,2024-02-07,122037,340405
20240212,6,20231415,소풍,2024-02-07,112428,248693
20240212,7,20211477,데드맨,2024-02-07,56643,231476
20240212,8,20234581,아가일,2024-02-07,39377,135539
20240212,9,20246966,아기상어 극장판: 사이렌 스톤의 비밀,2024-02-07,37697,80233
20240212,10,20234730,추락의 해부,2024-01-31,17396,71268
20240219,1,20234675,파묘,2024-02-22,2301437,2301437
20240219,2,20236180,웡카,2024-01-31,499599,2970618
20240219,3,20247074,건국전쟁,2024-02-01,256014,966523
20240219,4,20247076,"귀멸의 칼날: 인연의 기적, 그리고 합동 강화 훈련으로",2024-02-14,124599,394238
20240219,5,20206946,시민덕희,2024-01-24,55074,1695197
20240219,6,20231415,소풍,2024-02-07,51530,300223
20240219,7,20247219,사운드 오브 프리덤,2024-02-21,28605,30663
20240219,8,20212668,도그데이즈,2024-02-07,24406,364811
20240219,9,20247437,브레드이발소: 셀럽 인 베이커리타운,2024-03-01,18297,18875
20240219,10,20246966,아기상어 극장판: 사이렌 스톤의 비밀,2024-02-07,15435,95668
20240226,1,20234675,파묘,2024-02-22,3731734,6033171
20240226,2,20236295,듄: 파트2,2024-02-28,819592,820798
20240226,3,20236180,웡카,2024-01-31,327339,3297957
20240226,4,20247074,건국전쟁,2024-02-01,126185,1092708
20240226,5,20247437,브레드이발소: 셀럽 인 베이커리타운,2024-03-01,86088,104963
20240226,6,20247076,"귀멸의 칼날: 인연의 기적, 그리고 합동 강화 훈련으로",2024-02-14,63874,458112
20240226,7,20247473,아이엠 티라노,2024-03-01,33962,35735
20240226,8,20231415,소풍,2024-02-07,23104,323327
20240226,9,20247219,사운드 오브 프리덤,2024-02-21,12554,43217
20240226,10,20247063,바튼 아카데미,2024-02-21,8500,24393
20240304,1,20234675,파묘,2024-02-22,2008766,8041937
20240304,2,20236295,듄: 파트2,2024-02-28,461898,1282696
20240304,3,20236180,웡카,2024-01-31,108918,3406875
20240304,4,20236732,가여운 것들,2024-03-06,60091,65421
20240304,5,20234789,패스트 라이브즈,2024-03-06,49246,55097
20240304,6,20247074,건국전쟁,2024-02-01,48359,1141067
20240304,7,20247437,브레드이발소: 셀럽 인 베이커리타운,2024-03-01,42417,147380
20240304,8,20247076,"귀멸의 칼날: 인연의 기적, 그리고 합동 강화 훈련으로",2024-02-14,21562,479674
20240304,9,20247473,아이엠 티라노,2024-03-01,9521,45256
20240304,10,20231415,소풍,2024-02-07,9340,332667
20240311,1,20234675,파묘,2024-02-22,1256565,9298502
20240311,2,20236295,듄: 파트2,2024-02-28,298539,1581235
20240311,3,20236180,웡카,2024-01-31,59723,3466598
20240311,4,20236732,가여운 것들,2024-03-06,44405,109826
20240311,5,20234789,패스트 라이브즈,2024-03-06,34477,89574
20240311,6,20236488,밥 말리: 원 러브,2024-03-13,26290,27283
20240311,7,20247782,랜드 오브 배드,2024-03-13,25461,25815
20240311,8,20247437,브레드이발소: 셀럽 인 베이커리타운,2024-03-01,21999,169379
20240311,9,20247074,건국전쟁,2024-02-01,19558,1160625
20240311,10,20247053,메이 디셈버,2024-03-13,18956,23931
20240318,1,20234675,파묘,2024-02-22,910529,10209031
20240318,2,20236295,듄: 파트2,2024-02-28,195925,1777160
20240318,3,20236714,극장판 스파이 패밀리 코드 : 화이트,2024-03-20,156752,168709
20240318,4,20236180,웡카,2024-01-31,40119,3506717
20240318,5,20236732,가여운 것들,2024-03-06,25459,135285
20240318,6,20234789,패스트 라이브즈,2024-03-06,17956,107530
20240318,7,20247437,브레드이발소: 셀럽 인 베이커리타운,2024-03-01,15944,185323
20240318,8,20247782,랜드 오브 배드,2024-03-13,15150,40965
20240318,9,20247962,나이트 스윔,2024-03-20,14090,14090
20240318,10,20231459,탐정 말로,2024-03-21,13041,13041
20240325,1,20234675,파묘,2024-02-22,748260,10957291
20240325,2,20231041,댓글부대,2024-03-27,537008,541047
20240325,3,20248496,고질라 X 콩: 뉴 엠파이어,2024-03-27,320504,321128
20240325,4,20236295,듄: 파트2,2024-02-28,108863,1886023
20240325,5,20236714,극장판 스파이 패밀리 코드 : 화이트,2024-03-20,66299,235008
20240325,6,20219375,1980,2024-03-27,31165,32237
20240325,7,20236180,웡카,2024-01-31,19492,3526209
20240325,8,20235838,악은 존재하지 않는다,2024-03-27,16696,19308
20240325,9,20173226,패왕별희 디 오리지널,2017-03-30,11408,139073
20240325,10,20236732,가여운 것들,2024-03-06,11381,146666
20240401,1,20234675,파묘,2024-02-22,378426,11335717
20240401,2,20231041,댓글부대,2024-03-27,258676,799723
20240401,3,20248496,고질라 X 콩: 뉴 엠파이어,2024-03-27,128685,449813
20240401,4,20247673,오멘: 저주의 시작,2024-04-03,85359,85606
20240401,5,20247780,비키퍼,2024-04-03,70501,72145
20240401,6,20231677,남은 인생 10년,2023-05-24,69229,206861
20240401,7,20236295,듄: 파트2,2024-02-28,54213,1940236
20240401,8,20201502,유미의 세포들 더 무비,2024-04-03,46657,49392
20240401,9,20236714,극장판 스파이 패밀리 코드 : 화이트,2024-03-20,26494,261502
20240401,10,20248222,기동전사 건담 시드 프리덤,2024-04-03,26317,36235
20240408,1,20236614,쿵푸팬더4,2024-04-10,874929,877729
20240408,2,20234675,파묘,2024-02-22,278367,11614084
20240408,3,20231041,댓글부대,2024-03-27,115975,915698
20240408,4,20231677,남은 인생 10년,2023-05-24,114730,321591
20240408,5,20247673,오멘: 저주의 시작,2024-04-03,60040,145646
20240408,6,20248496,고질라 X 콩: 뉴 엠파이어,2024-03-27,41984,491797
20240408,7,20247294,골드핑거,2024-04-10,27517,27872
20240408,8,20236295,듄: 파트2,2024-02-28,26589,1966825
20240408,9,20247780,비키퍼,2024-04-03,25052,97197
20240408,10,20248586,슈가│어거스트 디 투어 ‘디-데이’ 더 무비,2024-04-10,20624,20624
20240415,1,20236614,쿵푸팬더4,2024-04-10,370571,1248300
20240415,2,20234675,파묘,2024-02-22,171005,11785089
20240415,3,20231677,남은 인생 10년,2023-05-24,65289,386880
20240415,4,20231041,댓글부대,2024-03-27,48168,963866
20240415,5,20248466,고스트버스터즈: 오싹한 뉴욕,2024-04-17,36774,36960
20240415,6,20247673,오멘: 저주의 시작,2024-04-03,28406,174052
20240415,7,20228797,범죄도시4,2024-04-24,28253,28253
20240415,8,20236295,듄: 파트2,2024-02-28,20303,1987128
20240415,9,20248496,고질라 X 콩: 뉴 엠파이어,2024-03-27,14929,506726
20240415,10,20235613,스턴트맨,2024-05-01,14710,16986
20240422,1,20228797,범죄도시4,2024-04-24,4225250,4253503
20240422,2,20236614,쿵푸팬더4,2024-04-10,139356,1387656
20240422,3,20234675,파묘,2024-02-22,62127,11847216
20240422,4,20231677,남은 인생 10년,2023-05-24,31065,417945
20240422,5,20249318,챌린저스,2024-04-24,25015,25262
20240422,6,20235613,스턴트맨,2024-05-01,15979,32965
20240422,7,20248493,몬스터 프렌즈,2024-04-25,7203,7403
20240422,8,20231041,댓글부대,2024-03-27,6966,970832
20240422,9,20236295,듄: 파트2,2024-02-28,5979,1993107
20240422,10,19950095,레옹 ,1995-02-18,5639,65365
20240429,1,20228797,범죄도시4,2024-04-24,3709429,7962932
20240429,2,20236614,쿵푸팬더4,2024-04-10,231442,1619098
20240429,3,20235613,스턴트맨,2024-05-01,115764,148729
20240429,4,20249313,"포켓몬스터: 성도지방 이야기, 최종장",2024-05-01,101611,101771
20240429,5,20231677,남은 인생 10년,2023-05-24,40729,458674
20240429,6,20234675,파묘,2024-02-22,33486,11880702
20240429,7,20249318,챌린저스,2024-04-24,24299,49561
20240429,8,20249353,꼬마참새 리차드: 신비한 보석 탐험대,2024-05-01,16344,17798
20240429,9,20249133,극장판 실바니안 패밀리: 프레야의 선물,2024-05-01,13125,13753
20240429,10,20248466,고스트버스터즈: 오싹한 뉴욕,2024-04-17,7974,49520
20240506,1,20228797,범죄도시4,2024-04-24,1774524,9737456
20240506,2,20247783,혹성탈출: 새로운 시대,2024-05-08,415188,415188
20240506,3,20236614,쿵푸팬더4,2024-04-10,132391,1751489
20240506,4,20235613,스턴트맨,2024-05-01,54356,203085
20240506,5,20231677,남은 인생 10년,2023-05-24,54090,512764
20240506,6,20249313,"포켓몬스터: 성도지방 이야기, 최종장",2024-05-01,49085,150856
20240506,7,20249317,악마와의 토크쇼,2024-05-08,42415,43243
20240506,8,19950084,쇼생크 탈출,1995-02-04,20943,33803
20240506,9,20234675,파묘,2024-02-22,18132,11898834
20240506,10,20249318,챌린저스,2024-04-24,15073,64634
20240513,1,20228797,범죄도시4,2024-04-24,922217,10659673
20240513,2,20203557,그녀가 죽었다,2024-05-15,386767,390566
20240513,3,20247783,혹성탈출: 새로운 시대,2024-05-08,351882,767070
20240513,4,20249507,극장판 하이큐!! 쓰레기장의 결전,2024-05-15,341493,348284
20240513,5,20249305,가필드 더 무비,2024-05-15,189483,191497
20240513,6,20236674,이프: 상상의 친구,2024-05-15,72790,73745
20240513,7,20231677,남은 인생 10년,2023-05-24,33806,546570
20240513,8,20249317,악마와의 토크쇼,2024-05-08,32674,75917
20240513,9,20236614,쿵푸팬더4,2024-04-10,14928,1766417
20240513,10,19950084,쇼생크 탈출,1995-02-04,13621,47424
20240520,1,20236653,퓨리오사: 매드맥스 사가,2024-05-22,564078,564702
20240520,2,20228797,범죄도시4,2024-04-24,386093,11045766
20240520,3,20203557,그녀가 죽었다,2024-05-15,320201,710767
20240520,4,20249507,극장판 하이큐!! 쓰레기장의 결전,2024-05-15,154772,503056
20240520,5,20247783,혹성탈출: 새로운 시대,2024-05-08,101852,868922
20240520,6,20249416,청춘 18X2 너에게로 이어지는 길,2024-05-22,70994,74659
20240520,7,20249305,가필드 더 무비,2024-05-15,61291,252788
20240520,8,20236674,이프: 상상의 친구,2024-05-15,25435,99180
20240520,9,20249317,악마와의 토크쇼,2024-05-08,13327,89244
20240520,10,20231677,남은 인생 10년,2023-05-24,11205,557775
20240527,1,20236653,퓨리오사: 매드맥스 사가,2024-05-22,486325,1051027
20240527,2,20234045,설계자,2024-05-29,370329,372106
20240527,3,20203557,그녀가 죽었다,2024-05-15,242205,952972
20240527,4,20228797,범죄도시4,2024-04-24,227633,11273399
20240527,5,20249507,극장판 하이큐!! 쓰레기장의 결전,2024-05-15,63946,567002
20240527,6,20249305,가필드 더 무비,2024-05-15,32481,285269
20240527,7,20247783,혹성탈출: 새로운 시대,2024-05-08,29666,898588
20240527,8,20249416,청춘 18X2 너에게로 이어지는 길,2024-05-22,27431,102090
20240527,9,20248879,드림 시나리오,2024-05-29,20300,21050
20240527,10,20249845,결속밴드 라이브 -항성-,2024-05-29,10112,10112
20240603,1,20191143,원더랜드,2024-06-05,464314,468785
20240603,2,20236653,퓨리오사: 매드맥스 사가,2024-05-22,367596,1418623
20240603,3,20203557,그녀가 죽었다,2024-05-15,181122,1134094
20240603,4,20228797,범죄도시4,2024-04-24,148225,11421624
20240603,5,20234045,설계자,2024-05-29,129786,501892
20240603,6,20240125,나쁜 녀석들: 라이드 오어 다이,2024-06-06,110136,110760
20240603,7,20240195,명탐정 코난 VS 괴도 키드,2024-06-05,87139,87601
20240603,8,20249507,극장판 하이큐!! 쓰레기장의 결전,2024-05-15,58885,625887
20240603,9,20247397,존 오브 인터레스트,2024-06-05,56778,60534
20240603,10,20249305,가필드 더 무비,2024-05-15,45407,330676
20240610,1,20235974,인사이드 아웃 2,2024-06-12,2082669,2082669
20240610,2,20191143,원더랜드,2024-06-05,119149,587934
20240610,3,20236653,퓨리오사: 매드맥스 사가,2024-05-22,110958,1529581
20240610,4,20203557,그녀가 죽었다,2024-05-15,62422,1196516
20240610,5,20218459,드라이브,2024-06-12,54626,55613
20240610,6,20228797,범죄도시4,2024-04-24,47940,11469564
20240610,7,20247397,존 오브 인터레스트,2024-06-05,47697,108231
20240610,8,20249507,극장판 하이큐!! 쓰레기장의 결전,2024-05-15,35027,660914
20240610,9,20240125,나쁜 녀석들: 라이드 오어 다이,2024-06-06,26288,137048
20240610,10,20234045,설계자,2024-05-29,20474,522366
20240617,1,20235974,인사이드 아웃 2,2024-06-12,2031682,4114351
20240617,2,20248465,하이재킹,2024-06-21,488422,493198
20240617,3,20236653,퓨리오사: 매드맥스 사가,2024-05-22,51863,1581444
20240617,4,20247397,존 오브 인터레스트,2024-06-05,32847,141078
20240617,5,20191143,원더랜드,2024-06-05,29747,617681
20240617,6,20203557,그녀가 죽었다,2024-05-15,25510,1222026
20240617,7,20249507,극장판 하이큐!! 쓰레기장의 결전,2024-05-15,25273,686187
20240617,8,20228797,범죄도시4,2024-04-24,22530,11492094
20240617,9,20208245,핸섬가이즈,2024-06-26,16121,19802
20240617,10,20234413,프렌치 수프,2024-06-19,15763,16899
20240624,1,20235974,인사이드 아웃 2,2024-06-12,1524482,5638833
20240624,2,20248465,하이재킹,2024-06-21,594346,1087544
20240624,3,20208245,핸섬가이즈,2024-06-26,439071,458873
20240624,4,20247811,콰이어트 플레이스: 첫째 날,2024-06-26,358339,358339
20240624,5,20247397,존 오브 인터레스트,2024-06-05,20876,161954
20240624,6,20236653,퓨리오사: 매드맥스 사가,2024-05-22,16994,1598438
20240624,7,20234413,프렌치 수프,2024-06-19,13206,30105
20240624,8,20249507,극장판 하이큐!! 쓰레기장의 결전,2024-05-15,12764,698951
20240624,9,20240641,밤낚시, ,11400,40131
20240624,10,20240541,언더더씨: 마법 산호초를 찾아서,2024-06-27,9869,10524
20240701,1,20235974,인사이드 아웃 2,2024-06-12,1279006,6917839
20240701,2,20212932,탈주,2024-07-03,722726,736629
20240701,3,20208245,핸섬가이즈,2024-06-26,510974,969847
20240701,4,20248465,하이재킹,2024-06-21,359319,1446863
20240701,5,20247811,콰이어트 플레이스: 첫째 날,2024-06-26,145882,504221
20240701,6,20235926,퍼펙트 데이즈,2024-07-03,16759,19094
20240701,7,20247397,존 오브 인터레스트,2024-06-05,14383,176337
20240701,8,20249507,극장판 하이큐!! 쓰레기장의 결전,2024-05-15,13141,712092
20240701,9,20240541,언더더씨: 마법 산호초를 찾아서,2024-06-27,8820,19344
20240701,10,20240926,만천과해,2024-07-03,8787,8929
20240708,1,20235974,인사이드 아웃 2,2024-06-12,737595,7655434
20240708,2,20212932,탈주,2024-07-03,607781,1344410
20240708,3,20208911,탈출: 프로젝트 사일런스,2024-07-12,355570,355570
20240708,4,20208245,핸섬가이즈,2024-06-26,354322,1324169
20240708,5,20248465,하이재킹,2024-06-21,196562,1643425
20240708,6,20240850,극장판 도라에몽: 진구의 지구 교향곡,2024-07-10,41340,42357
20240708,7,20247811,콰이어트 플레이스: 첫째 날,2024-06-26,41155,545376
20240708,8,20240781,플라이 미 투 더 문,2024-07-12,21105,21105
20240708,9,20240735,러브 라이즈 블리딩,2024-07-10,17323,17814
20240708,10,20241343,우마무스메 프리티 더비 새로운 시대의 문,2024-07-11,16465,18123
20240715,1,20212932,탈주,2024-07-03,564762,1909172
20240715,2,20235974,인사이드 아웃 2,2024-06-12,403387,8058821
20240715,3,20240983,명탐정 코난: 100만 달러의 펜타그램,2024-07-17,373384,377732
20240715,4,20208245,핸섬가이즈,2024-06-26,267170,1591339
20240715,5,20208911,탈출: 프로젝트 사일런스,2024-07-12,244082,599652
20240715,6,20247440,슈퍼배드 4,2024-07-24,103848,104699
20240715,7,20248465,하이재킹,2024-06-21,95798,1739223
20240715,8,20241984,2023 영탁 단독 콘서트 : 탁쇼2,2024-07-18,19317,19317
20240715,9,20240850,극장판 도라에몽: 진구의 지구 교향곡,2024-07-10,19280,61637
20240715,10,20240781,플라이 미 투 더 문,2024-07-12,18069,39174
20240722,1,20247781,데드풀과 울버린,2024-07-24,1085990,1085990
20240722,2,20247440,슈퍼배드 4,2024-07-24,483706,588405
20240722,3,20212932,탈주,2024-07-03,372882,2282054
20240722,4,20235974,인사이드 아웃 2,2024-06-12,233070,8291891
20240722,5,20240983,명탐정 코난: 100만 달러의 펜타그램,2024-07-17,179531,557263
20240722,6,20208245,핸섬가이즈,2024-06-26,126013,1717352
20240722,7,20208911,탈출: 프로젝트 사일런스,2024-07-12,72405,672057
20240722,8,20224666,파일럿,2024-07-31,39387,49039
20240722,9,20248465,하이재킹,2024-06-21,28628,1767851
20240722,10,20235926,퍼펙트 데이즈,2024-07-03,16051,65643
20240729,1,20224666,파일럿,2024-07-31,1695449,1744488
20240729,2,20247781,데드풀과 울버린,2024-07-24,583463,1669453
20240729,3,20247440,슈퍼배드 4,2024-07-24,582387,1170792
20240729,4,20235974,인사이드 아웃 2,2024-06-12,266819,8558710
20240729,5,20212932,탈주,2024-07-03,203625,2485679
20240729,6,20240983,명탐정 코난: 100만 달러의 펜타그램,2024-07-17,96886,654149
20240729,7,20208245,핸섬가이즈,2024-06-26,45944,1763296
20240729,8,20249733,사랑의 하츄핑,2024-08-07,38137,49683
20240729,9,20242098,헬로카봇 올스타 스페셜,2024-07-31,29948,29948
20240729,10,20235926,퍼펙트 데이즈,2024-07-03,17949,83592
20240805,1,20224666,파일럿,2024-07-31,1284799,3029287
20240805,2,20249733,사랑의 하츄핑,2024-08-07,356701,406384
20240805,3,20247440,슈퍼배드 4,2024-07-24,224915,1395707
20240805,4,20247781,데드풀과 울버린,2024-07-24,205408,1874861
20240805,5,20233038,리볼버,2024-08-07,190291,193335
20240805,6,20235974,인사이드 아웃 2,2024-06-12,125186,8683896
20240805,7,20212932,탈주,2024-07-03,58601,2544280
20240805,8,20240983,명탐정 코난: 100만 달러의 펜타그램,2024-07-17,46511,700660
20240805,9,20241924,극장총집편 봇치 더 록! 전편,2024-08-07,35092,41853
20240805,10,20231042,빅토리,2024-08-14,16546,16793
20240812,1,20224666,파일럿,2024-07-31,856908,3886195
20240812,2,20249188,에이리언: 로물루스,2024-08-14,697619,697619
20240812,3,20204271,행복의 나라,2024-08-14,435031,447628
20240812,4,20249733,사랑의 하츄핑,2024-08-07,264868,671252
20240812,5,20241337,트위스터스,2024-08-14,260862,275021
20240812,6,20231042,빅토리,2024-08-14,178674,195467
20240812,7,20247440,슈퍼배드 4,2024-07-24,113329,1509036
20240812,8,20235974,인사이드 아웃 2,2024-06-12,70906,8754802
20240812,9,20247781,데드풀과 울버린,2024-07-24,67268,1942129
20240812,10,20233038,리볼버,2024-08-07,49942,243277
20240819,1,20249188,에이리언: 로물루스,2024-08-14,544849,1242468
20240819,2,20224666,파일럿,2024-07-31,366840,4253035
20240819,3,20225969,늘봄가든,2024-08-21,204415,204646
20240819,4,20204271,행복의 나라,2024-08-14,166947,614575
20240819,5,20241337,트위스터스,2024-08-14,154450,429471
20240819,6,20249733,사랑의 하츄핑,2024-08-07,119243,790495
20240819,7,20231042,빅토리,2024-08-14,98290,293757
20240819,8,20229365,필사의 추격,2024-08-21,79135,81995
20240819,9,20241098,극장판 블루 록 -에피소드 나기-,2024-08-21,34676,38392
20240819,10,20247440,슈퍼배드 4,2024-07-24,30343,1539379
20240826,1,20249188,에이리언: 로물루스,2024-08-14,394239,1636707
20240826,2,20224666,파일럿,2024-07-31,255804,4508839
20240826,3,20242794,임영웅│아임 히어로 더 스타디움,2024-08-28,160960,161421
20240826,4,20241337,트위스터스,2024-08-14,127725,557196
20240826,5,20225969,늘봄가든,2024-08-21,125476,330122
20240826,6,20249733,사랑의 하츄핑,2024-08-07,94351,884846
20240826,7,20231042,빅토리,2024-08-14,85109,378866
20240826,8,20204271,행복의 나라,2024-08-14,75613,690188
20240826,9,20200162,소년시절의 너,2020-07-09,71186,155720
20240826,10,20226545,한국이 싫어서,2024-08-28,39132,40725
20240902,1,20249188,에이리언: 로물루스,2024-08-14,195778,1832485
20240902,2,20240925,"안녕, 할부지",2024-09-04,147262,151209
20240902,3,20224666,파일럿,2024-07-31,119474,4628313
20240902,4,20240669,비틀쥬스 비틀쥬스,2024-09-04,82323,82323
20240902,5,20242794,임영웅│아임 히어로 더 스타디움,2024-08-28,72785,234206
20240902,6,20242541,룩백,2024-09-05,66116,73232
20240902,7,20249733,사랑의 하츄핑,2024-08-07,60529,945375
20240902,8,20200162,소년시절의 너,2020-07-09,59010,214730
20240902,9,20231042,빅토리,2024-08-14,53656,432522
20240902,10,20241337,트위스터스,2024-08-14,51366,608562
20240909,1,20239670,베테랑2,2024-09-13,2095492,2095782
20240909,2,20249188,에이리언: 로물루스,2024-08-14,78407,1910892
20240909,3,20242541,룩백,2024-09-05,62559,135791
20240909,4,20231042,빅토리,2024-08-14,55626,488148
20240909,5,20242495,브레드이발소: 빵스타의 탄생,2024-09-14,53332,70497
20240909,6,20240925,"안녕, 할부지",2024-09-04,50160,201369
20240909,7,20249733,사랑의 하츄핑,2024-08-07,48349,993724
20240909,8,20224666,파일럿,2024-07-31,41749,4670062
20240909,9,20200162,소년시절의 너,2020-07-09,32025,246755
20240909,10,20242794,임영웅│아임 히어로 더 스타디움,2024-08-28,28926,263132
20240916,1,20239670,베테랑2,2024-09-13,3505254,5601036
20240916,2,20249733,사랑의 하츄핑,2024-08-07,118950,1112674
20240916,3,20242495,브레드이발소: 빵스타의 탄생,2024-09-14,114700,185197
20240916,4,20149629,비긴 어게인,2014-08-13,73751,3555800
20240916,5,20249188,에이리언: 로물루스,2024-08-14,69120,1980012
20240916,6,20242541,룩백,2024-09-05,65713,201504
20240916,7,20240925,"안녕, 할부지",2024-09-04,36543,237912
20240916,8,20242794,임영웅│아임 히어로 더 스타디움,2024-08-28,35919,299051
20240916,9,20243824,오지: 사라진 숲을 찾아서,2024-09-13,28468,46784
20240916,10,20249899,트랜스포머 ONE,2024-09-25,26676,36799
20240923,1,20239670,베테랑2,2024-09-13,810772,6411808
20240923,2,20249899,트랜스포머 ONE,2024-09-25,161045,197844
20240923,3,20149629,비긴 어게인,2014-08-13,68328,3624128
20240923,4,20249733,사랑의 하츄핑,2024-08-07,33812,1146486
20240923,5,20242541,룩백,2024-09-05,29803,231307
20240923,6,20242495,브레드이발소: 빵스타의 탄생,2024-09-14,24851,210048
20240923,7,20244002, 극장총집편 봇치 더 록! 후편,2024-09-25,19518,20515
20240923,8,20249188,에이리언: 로물루스,2024-08-14,16519,1996531
20240923,9,20243721,정국: 아이 엠 스틸,2024-09-18,16401,38577
20240923,10,20234613,더 커버넌트,2024-09-27,15119,15261
20240930,1,20239670,베테랑2,2024-09-13,588255,7000063
20240930,2,20249434,조커: 폴리 아 되,2024-10-01,464597,465221
20240930,3,20232949,대도시의 사랑법,2024-10-01,257619,264188
20240930,4,20248492,와일드 로봇,2024-10-01,236419,247533
20240930,5,20249899,트랜스포머 ONE,2024-09-25,112945,310789
20240930,6,2022B512,명탐정 코난: 시한장치의 마천루,2024-10-02,51947,56483
20240930,7,20149629,비긴 어게인,2014-08-13,49155,3673283
20240930,8,20249733,사랑의 하츄핑,2024-08-07,42814,1189300
20240930,9,20244001,"극장판 엉덩이 탐정: 안녕, 나의 영원한 친구",2024-10-01,32913,35874
20240930,10,20242495,브레드이발소: 빵스타의 탄생,2024-09-14,26691,236739
20241007,1,20239670,베테랑2,2024-09-13,298254,7298317
20241007,2,20232949,대도시의 사랑법,2024-10-01,238120,502308
20241007,3,20248492,와일드 로봇,2024-10-01,190089,437622
20241007,4,20249434,조커: 폴리 아 되,2024-10-01,115325,580546
20241007,5,20040734,노트북,2004-11-26,66632,718077
20241007,6,20249899,트랜스포머 ONE,2024-09-25,38552,349341
20241007,7,20149629,비긴 어게인,2014-08-13,24599,3697882
20241007,8,2022B512,명탐정 코난: 시한장치의 마천루,2024-10-02,24342,80825
20241007,9,20249733,사랑의 하츄핑,2024-08-07,23352,1212652
20241007,10,20244341,너의 색,2024-10-12,18983,18983
20241014,1,20227979,보통의 가족,2024-10-16,279685,289723
20241014,2,20239670,베테랑2,2024-09-13,143241,7441558
20241014,3,20232949,대도시의 사랑법,2024-10-01,135931,638239
20241014,4,20248492,와일드 로봇,2024-10-01,99345,536967
20241014,5,20185249,더러운 돈에 손대지 마라,2024-10-17,62528,63873
20241014,6,20040734,노트북,2004-11-26,48458,766535
20241014,7,20241497,스마일 2,2024-10-16,34768,34956
20241014,8,20249434,조커: 폴리 아 되,2024-10-01,25790,606336
20241014,9,20233218,6시간 후 너는 죽는다,2024-10-16,23155,33583
20241014,10,20242794,임영웅│아임 히어로 더 스타디움,2024-08-28,20848,346289
20241021,1,20240941,베놈: 라스트 댄스,2024-10-23,791628,791874
20241021,2,20227979,보통의 가족,2024-10-16,198917,488640
20241021,3,20232949,대도시의 사랑법,2024-10-01,102987,741226
20241021,4,20239670,베테랑2,2024-09-13,59953,7501511
20241021,5,20248492,와일드 로봇,2024-10-01,59417,596384
20241021,6,20040734,노트북,2004-11-26,29772,796307
20241021,7,20185249,더러운 돈에 손대지 마라,2024-10-17,20423,84296
20241021,8,20241497,스마일 2,2024-10-16,15207,50163
20241021,9,20236228,오후 네시,2024-10-23,12298,12512
20241021,10,20233057,아마존 활명수,2024-10-30,12024,12024
20241028,1,20240941,베놈: 라스트 댄스,2024-10-23,519512,1311386
20241028,2,20233057,아마존 활명수,2024-10-30,356616,368640
20241028,3,20227979,보통의 가족,2024-10-16,108956,597596
20241028,4,20232949,대도시의 사랑법,2024-10-01,82259,823485
20241028,5,20190280,날씨의 아이,2019-10-30,59332,829553
20241028,6,20248492,와일드 로봇,2024-10-01,36317,632701
20241028,7,20242375,롱레그스,2024-10-30,28394,29214
20241028,8,20245399,4분 44초,2024-11-01,26263,26263
20241028,9,20040734,노트북,2004-11-26,19873,816180
20241028,10,20239670,베테랑2,2024-09-13,18330,7519841
20241104,1,20240941,베놈: 라스트 댄스,2024-10-23,269096,1580482
20241104,2,20233261,청설,2024-11-06,232996,239574
20241104,3,20233057,아마존 활명수,2024-10-30,158171,526811
20241104,4,20245078,레드 원,2024-11-06,44954,44954
20241104,5,20227979,보통의 가족,2024-10-16,40215,637811
20241104,6,20232949,대도시의 사랑법,2024-10-01,35355,858840
20241104,7,20245121,데드라인,2024-11-06,23546,24556
20241104,8,20190280,날씨의 아이,2019-10-30,20960,850513
20241104,9,20248492,와일드 로봇,2024-10-01,20108,652809
20241104,10,20244912,아노라,2024-11-06,19372,22155
20241111,1,20242248,글래디에이터 Ⅱ,2024-11-13,440727,442871
20241111,2,20233261,청설,2024-11-06,284326,523900
20241111,3,20190353,사흘,2024-11-14,150206,150420
20241111,4,20240941,베놈: 라스트 댄스,2024-10-23,128091,1708573
20241111,5,20233057,아마존 활명수,2024-10-30,54084,580895
20241111,6,20248492,와일드 로봇,2024-10-01,17492,670301
20241111,7,20179281,컨택트,2017-02-02,14502,648652
20241111,8,20232949,대도시의 사랑법,2024-10-01,14069,872909
20241111,9,20244912,아노라,2024-11-06,12363,34518
20241111,10,20245078,레드 원,2024-11-06,12105,57059
20241118,1,20247693,위키드,2024-11-20,649167,650253
20241118,2,20225184,히든페이스,2024-11-20,344728,354454
20241118,3,20242248,글래디에이터 Ⅱ,2024-11-13,285396,728267
20241118,4,20233261,청설,2024-11-06,179414,703314
20241118,5,20190353,사흘,2024-11-14,44308,194728
20241118,6,20245801,나의 히어로 아카데미아 더 무비: 유어 넥스트,2024-11-20,43190,44567
20241118,7,20240941,베놈: 라스트 댄스,2024-10-23,39956,1748529
20241118,8,20228313,"오늘 밤, 세계에서 이 사랑이 사라진다 해도",2022-11-30,19433,1203106
20241118,9,20233057,아마존 활명수,2024-10-30,16217,597112
20241118,10,20248492,와일드 로봇,2024-10-01,8808,679109
20241125,1,20240737,모아나 2,2024-11-27,1368361,1368361
20241125,2,20247693,위키드,2024-11-20,545424,1195677
20241125,3,20225184,히든페이스,2024-11-20,371063,725517
20241125,4,20242248,글래디에이터 Ⅱ,2024-11-13,133976,862243
20241125,5,20233261,청설,2024-11-06,74501,777815
20241125,6,20245801,나의 히어로 아카데미아 더 무비: 유어 넥스트,2024-11-20,16673,61240
20241125,7,20212352,1승,2024-12-04,16476,16476
20241125,8,20228313,"오늘 밤, 세계에서 이 사랑이 사라진다 해도",2022-11-30,11016,1214122
20241125,9,20240941,베놈: 라스트 댄스,2024-10-23,10358,1758887
20241125,10,20247017,대가족,2024-12-11,9802,13147
20241202,1,20240737,모아나 2,2024-11-27,836760,2205121
20241202,2,20200142,소방관,2024-12-04,737162,744135
20241202,3,20247693,위키드,2024-11-20,302338,1498015
20241202,4,20225184,히든페이스,2024-11-20,178991,904508
20241202,5,20212352,1승,2024-12-04,175421,191897
20241202,6,20242248,글래디에이터 Ⅱ,2024-11-13,34849,897092
20241202,7,20246609,"플레이브 팬 콘서트 ‘헬로, 아스테룸!’ 앙코르 인 시네마",2024-12-04,20397,20397
20241202,8,20233261,청설,2024-11-06,16368,794183
20241202,9,20247017,대가족,2024-12-11,14002,27149
20241202,10,20235994,원정빌라,2024-12-04,10415,10854
20241209,1,20200142,소방관,2024-12-04,1020731,1764866
20241209,2,20240737,모아나 2,2024-11-27,540762,2745883
20241209,3,20247693,위키드,2024-11-20,209010,1707025
20241209,4,20247017,대가족,2024-12-11,162309,189458
20241209,5,20212352,1승,2024-12-04,90093,281990
20241209,6,20225184,히든페이스,2024-11-20,69642,974150
20241209,7,20244762,서브스턴스,2024-12-11,52173,55360
20241209,8,20247430,퍼스트레이디,2024-12-12,30919,33145
20241209,9,20223278,극장판 주술회전 0,2022-02-17,29276,694278
20241209,10,20149120,인터스텔라,2014-11-06,27871,10370394
20241216,1,20200142,소방관,2024-12-04,831863,2596729
20241216,2,20240193,무파사: 라이온 킹,2024-12-18,311520,311520
20241216,3,20240737,모아나 2,2024-11-27,302521,3048404
20241216,4,20245977,극장판 짱구는 못말려: 우리들의 공룡일기,2024-12-18,245027,253195
20241216,5,20247693,위키드,2024-11-20,168862,1875887
20241216,6,20247017,대가족,2024-12-11,100140,289598
20241216,7,20244762,서브스턴스,2024-12-11,56135,111495
20241216,8,20212352,1승,2024-12-04,34493,316483
20241216,9,20247430,퍼스트레이디,2024-12-12,33002,66147
20241216,10,20225184,히든페이스,2024-11-20,27721,1001871
20241223,1,20228796,하얼빈,2024-12-24,2362463,2385300
20241223,2,20200142,소방관,2024-12-04,619828,3216557
20241223,3,20240193,무파사: 라이온 킹,2024-12-18,303195,614715
20241223,4,20240737,모아나 2,2024-11-27,289617,3338021
20241223,5,20245977,극장판 짱구는 못말려: 우리들의 공룡일기,2024-12-18,280857,534052
20241223,6,20247693,위키드,2024-11-20,153659,2029546
20241223,7,20246201,니코: 오로라 원정대의 모험,2024-12-25,40188,45558
20241223,8,20244762,서브스턴스,2024-12-11,35902,147397
20241223,9,20246361,뽀로로 극장판 바닷속 대모험,2025-01-01,28960,33897
20241223,10,20101224,해리 포터와 죽음의 성물1,2010-12-15,28218,2881718
20241230,1,20228796,하얼빈,2024-12-24,1287622,3672922
20241230,2,20200142,소방관,2024-12-04,335394,3551951
20241230,3,20190300,보고타: 마지막 기회의 땅,2024-12-31,320018,322552
20241230,4,20244167,수퍼 소닉3,2025-01-01,177477,198934
20241230,5,20246361,뽀로로 극장판 바닷속 대모험,2025-01-01,160502,194399
20241230,6,20240193,무파사: 라이온 킹,2024-12-18,142264,756979
20241230,7,20240737,모아나 2,2024-11-27,115826,3453847
20241230,8,20245977,극장판 짱구는 못말려: 우리들의 공룡일기,2024-12-18,113529,647581
20241230,9,20247693,위키드,2024-11-20,89480,2119026
20241230,10,20244850,시빌 워: 분열의 시대,2024-12-31,79645,80373
20250106,1,20228796,하얼빈,2024-12-24,507470,4180392
20250106,2,20200142,소방관,2024-12-04,151020,3702971
20250106,3,20248082,동화지만 청불입니다,2025-01-08,101307,101767
20250106,4,20246361,뽀로로 극장판 바닷속 대모험,2025-01-01,83614,278013
20250106,5,20244167,수퍼 소닉3,2025-01-01,77924,276858
20250106,6,20190300,보고타: 마지막 기회의 땅,2024-12-31,73735,396287
20250106,7,20245977,극장판 짱구는 못말려: 우리들의 공룡일기,2024-12-18,53459,701040
20250106,8,20240193,무파사: 라이온 킹,2024-12-18,49854,806833
20250106,9,20247693,위키드,2024-11-20,44323,2163349
20250106,10,20240737,모아나 2,2024-11-27,41439,3495286
20250113,1,20228796,하얼빈,2024-12-24,315306,4495698
20250113,2,20200142,소방관,2024-12-04,103165,3806136
20250113,3,20248082,동화지만 청불입니다,2025-01-08,55849,157616
20250113,4,20244762,서브스턴스,2024-12-11,49388,254541
20250113,5,20246361,뽀로로 극장판 바닷속 대모험,2025-01-01,48579,326592
20250113,6,20244167,수퍼 소닉3,2025-01-01,45242,322100
20250113,7,20245977,극장판 짱구는 못말려: 우리들의 공룡일기,2024-12-18,41526,742566
20250113,8,20247693,위키드,2024-11-20,31816,2195165
20250113,9,20240737,모아나 2,2024-11-27,27231,3522517
20250113,10,20240193,무파사: 라이온 킹,2024-12-18,26999,833832
20250120,1,20247450,검은 수녀들,2025-01-24,606145,606145
20250120,2,20233006,히트맨2,2025-01-22,601507,604875
20250120,3,20228796,하얼빈,2024-12-24,146517,4642215
20250120,4,20051060,극장판 포켓몬스터 AG: 뮤와 파동의 용사 루카리오,2025-01-22,63944,64585
20250120,5,20244762,서브스턴스,2024-12-11,48329,302870
20250120,6,20200142,소방관,2024-12-04,34415,3840551
20250120,7,20241110,아이유 콘서트 : 더 위닝,2025-01-24,28061,28061
20250120,8,20246361,뽀로로 극장판 바닷속 대모험,2025-01-01,23005,349597
20250120,9,20245977,극장판 짱구는 못말려: 우리들의 공룡일기,2024-12-18,20329,762895
20250120,10,20224303,귀신경찰,2025-01-24,20284,21949
20250127,1,20233006,히트맨2,2025-01-22,1363853,1968728
20250127,2,20247450,검은 수녀들,2025-01-24,824238,1430383
20250127,3,20223819,말할 수 없는 비밀,2025-01-27,350375,352660
20250127,4,20228796,하얼빈,2024-12-24,220901,4863116
20250127,5,20051060,극장판 포켓몬스터 AG: 뮤와 파동의 용사 루카리오,2025-01-22,81784,146369
20250127,6,20244762,서브스턴스,2024-12-11,77013,379883
20250127,7,20246361,뽀로로 극장판 바닷속 대모험,2025-01-01,38803,388400
20250127,8,20240855,바다 탐험대 옥토넛 어보브 앤 비욘드 : 극지방 대작전,2025-01-27,30471,30631
20250127,9,20241110,아이유 콘서트 : 더 위닝,2025-01-24,26872,54933
20250127,10,20224303,귀신경찰,2025-01-24,25495,47444
20250203,1,20233006,히트맨2,2025-01-22,347361,2316089
20250203,2,20223819,말할 수 없는 비밀,2025-01-27,221817,574477
20250203,3,20247450,검은 수녀들,2025-01-24,169933,1600316
20250203,4,20216476,브로큰,2025-02-05,159882,160998
20250203,5,20244762,서브스턴스,2024-12-11,52662,432545
20250203,6,20228796,하얼빈,2024-12-24,33109,4896225
20250203,7,20051060,극장판 포켓몬스터 AG: 뮤와 파동의 용사 루카리오,2025-01-22,20299,166668
20250203,8,20246777,더 폴: 디렉터스 컷,2024-12-25,18737,116729
20250203,9,20246361,뽀로로 극장판 바닷속 대모험,2025-01-01,14844,403244
20250203,10,20241110,아이유 콘서트 : 더 위닝,2025-01-24,11001,65934
20250210,1,20242404,캡틴 아메리카: 브레이브 뉴 월드,2025-02-12,792684,792684
20250210,2,20233006,히트맨2,2025-01-22,146159,2462248
20250210,3,20223819,말할 수 없는 비밀,2025-01-27,139577,714054
20250210,4,20247450,검은 수녀들,2025-01-24,51032,1651348
20250210,5,20244762,서브스턴스,2024-12-11,41063,473608
20250210,6,19988717,명탐정 코난: 14번째 표적,2025-02-14,37618,41430
20250210,7,20216476,브로큰,2025-02-05,31003,192001
20250210,8,20251800,브루탈리스트,2025-02-12,23676,26660
20250210,9,20246777,더 폴: 디렉터스 컷,2024-12-25,22433,139162
20250210,10,20248710,엘리: 몬스터 패밀리,2025-02-14,16837,17509
20250217,1,20242404,캡틴 아메리카: 브레이브 뉴 월드,2025-02-12,519673,1312357
20250217,2,20240614,퇴마록,2025-02-21,108722,115471
20250217,3,20223819,말할 수 없는 비밀,2025-01-27,75334,789388
20250217,4,20241093,"그 시절, 우리가 좋아했던 소녀",2025-02-21,70743,70990
20250217,5,20233006,히트맨2,2025-01-22,64958,2527206
20250217,6,20252329,패딩턴: 페루에 가다!,2025-02-19,48314,49313
20250217,7,20244762,서브스턴스,2024-12-11,33825,507433
20250217,8,19988717,명탐정 코난: 14번째 표적,2025-02-14,26552,67982
20250217,9,20251800,브루탈리스트,2025-02-12,25690,52350
20250217,10,20252194,영화 이상한 과자 가게 전천당,2025-02-19,25297,26187
20250224,1,20244821,미키 17,2025-02-28,984068,986860
20250224,2,20242404,캡틴 아메리카: 브레이브 뉴 월드,2025-02-12,239254,1551611
20250224,3,20240614,퇴마록,2025-02-21,157817,273288
20250224,4,20241093,"그 시절, 우리가 좋아했던 소녀",2025-02-21,65220,136210
20250224,5,20234689,괜찮아 괜찮아 괜찮아! ,2025-02-26,52957,56351
20250224,6,20252329,패딩턴: 페루에 가다!,2025-02-19,48707,98020
20250224,7,20240147,컴플리트 언노운,2025-02-26,31744,34518
20250224,8,20252587,이찬원 콘서트 찬가: 디어 마이 찬스,2025-02-26,30268,30268
20250224,9,20223819,말할 수 없는 비밀,2025-01-27,27868,817256
20250224,10,20236034,백수아파트,2025-02-26,27136,27136
20250303,1,20244821,미키 17,2025-02-28,1111687,2098547
20250303,2,20240614,퇴마록,2025-02-21,111641,384929
20250303,3,20242404,캡틴 아메리카: 브레이브 뉴 월드,2025-02-12,81331,1632942
20250303,4,20249251,콘클라베,2025-03-05,70949,75092
20250303,5,20234689,괜찮아 괜찮아 괜찮아! ,2025-02-26,44241,100592
20250303,6,20252719,힘내라 대한민국,2025-02-27,36239,58462
20250303,7,20253113,플레이브 '대쉬' 인 시네마, ,32702,32702
20250303,8,20241093,"그 시절, 우리가 좋아했던 소녀",2025-02-21,22669,158879
20250303,9,20252329,패딩턴: 페루에 가다!,2025-02-19,21037,119057
20250303,10,20240147,컴플리트 언노운,2025-02-26,17418,51936
20250310,1,20244821,미키 17,2025-02-28,506267,2604814
20250310,2,20253101,극장판 진격의 거인 완결편 더 라스트 어택,2025-03-13,199754,201591
20250310,3,20249251,콘클라베,2025-03-05,69059,144151
20250310,4,20240614,퇴마록,2025-02-21,55082,440011
20250310,5,20236573,침범,2025-03-12,52220,55567
20250310,6,20145141,위플래쉬,2015-03-12,47178,1695263
20250310,7,20249564,노보케인,2025-03-12,23802,24010
20250310,8,20242404,캡틴 아메리카: 브레이브 뉴 월드,2025-02-12,17641,1650583
20250310,9,20249325,에밀리아 페레즈,2025-03-12,16411,20603
20250310,10,20252503,200% 울프: 최강 푸들이 될 거야!,2025-03-12,11885,12153
20250317,1,20244821,미키 17,2025-02-28,241538,2846352
20250317,2,20253101,극장판 진격의 거인 완결편 더 라스트 어택,2025-03-13,193442,395033
20250317,3,20243562,백설공주,2025-03-19,128056,128056
20250317,4,20216726,스트리밍,2025-03-21,78751,78751
20250317,5,20241827,플로우,2025-03-19,52597,58942
20250317,6,20249251,콘클라베,2025-03-05,50386,194537
20250317,7,20244317,고독한 미식가 더 무비,2025-03-19,49917,54513
20250317,8,20240614,퇴마록,2025-02-21,35786,475797
20250317,9,20253092,악령: 깨어난 시체,2025-03-19,28778,29098
20250317,10,20236573,침범,2025-03-12,23771,79338
20250324,1,20203863,승부,2025-03-26,696862,700837
20250324,2,20253101,극장판 진격의 거인 완결편 더 라스트 어택,2025-03-13,144892,539925
20250324,3,20244821,미키 17,2025-02-28,113020,2959372
20250324,4,20241827,플로우,2025-03-19,50888,109830
20250324,5,20243562,백설공주,2025-03-19,44734,172790
20250324,6,20249251,콘클라베,2025-03-05,36230,230767
20250324,7,20244317,고독한 미식가 더 무비,2025-03-19,24821,79334
20250324,8,20216726,스트리밍,2025-03-21,23565,102316
20250324,9,20252890,라스트 마일,2025-03-26,19625,22077
20250324,10,20240614,퇴마록,2025-02-21,14607,490404
20250331,1,20203863,승부,2025-03-26,651423,1352260
20250331,2,20233008,로비,2025-04-02,163414,165353
20250331,3,20253101,극장판 진격의 거인 완결편 더 라스트 어택,2025-03-13,102188,642113
20250331,4,20244821,미키 17,2025-02-28,39028,2998400
20250331,5,20241827,플로우,2025-03-19,28691,138521
20250331,6,20253093,헤레틱,2025-04-02,24341,24740
20250331,7,20249251,콘클라베,2025-03-05,22813,253580
20250331,8,20252890,라스트 마일,2025-03-26,16402,38479
20250331,9,20253233,세븐틴 [라잇 히어] 월드 투어 인 시네마,2025-04-02,14728,14728
20250331,10,20251573,미스터 로봇,2025-04-04,14077,15513
20250407,1,20203863,승부,2025-03-26,456391,1808651
20250407,2,20233008,로비,2025-04-02,77841,243194
20250407,3,20246665,아마추어,2025-04-09,74178,74425
20250407,4,20253101,극장판 진격의 거인 완결편 더 라스트 어택,2025-03-13,67399,709512
20250407,5,20171024,너의 췌장을 먹고 싶어,2017-10-25,23775,492595
20250407,6,20253200,베러맨,2025-04-09,18610,22687
20250407,7,20241827,플로우,2025-03-19,17503,156024
20250407,8,20232394,야당,2025-04-16,16249,16528
20250407,9,20253537,백설공주와 일곱난쟁이,2025-04-10,15017,15017
20250407,10,20249251,콘클라베,2025-03-05,13359,266939
20250414,1,20232394,야당,2025-04-16,771945,788473
20250414,2,20203863,승부,2025-03-26,192135,2000786
20250414,3,20253101,극장판 진격의 거인 완결편 더 라스트 어택,2025-03-13,42809,752321
20250414,4,20253280,A MINECRAFT MOVIE 마인크래프트 무비,2025-04-26,21184,21184
20250414,5,20246665,아마추어,2025-04-09,18194,92619
20250414,6,20249250,브리짓 존스의 일기: 뉴 챕터,2025-04-16,17694,29701
20250414,7,20233008,로비,2025-04-02,13920,257114
20250414,8,20249269,마리아,2025-04-16,10952,13571
20250414,9,20241827,플로우,2025-03-19,10689,166713
20250414,10,20171024,너의 췌장을 먹고 싶어,2017-10-25,9882,502477
20250421,1,20232394,야당,2025-04-16,848238,1636711
20250421,2,20253280,A MINECRAFT MOVIE 마인크래프트 무비,2025-04-26,341848,363032
20250421,3,20203863,승부,2025-03-26,98963,2099749
20250421,4,20253651,압수수색: 내란의 시작,2025-04-23,40284,41578
20250421,5,20253101,극장판 진격의 거인 완결편 더 라스트 어택,2025-03-13,38287,790608
20250421,6,20249251,콘클라베,2025-03-05,20588,295384
20250421,7,20249250,브리짓 존스의 일기: 뉴 챕터,2025-04-16,11403,41104
20250421,8,20253505,스노우 폭스2: 몬스터타운 구하기,2025-04-26,9519,9519
20250421,9,20240398,파과,2025-04-30,8637,8884
20250421,10,20030272,4월 이야기,2000-04-08,7422,13403
20250428,1,20232394,야당,2025-04-16,743134,2379845
20250428,2,20218800,거룩한 밤: 데몬 헌터스,2025-04-30,495293,499334
20250428,3,20244883,썬더볼츠＊,2025-04-30,477282,477906
20250428,4,20253280,A MINECRAFT MOVIE 마인크래프트 무비,2025-04-26,437748,800780
20250428,5,20240398,파과,2025-04-30,175174,184058
20250428,6,20203863,승부,2025-03-26,34066,2133815
20250428,7,20253101,극장판 진격의 거인 완결편 더 라스트 어택,2025-03-13,33176,823784
20250428,8,20253530,시크릿쥬쥬 마법의 하모니,2025-05-01,29247,31755
20250428,9,20246318,해피엔드,2025-04-30,23518,26951
20250428,10,20249251,콘클라베,2025-03-05,18757,314141
20250505,1,20232394,야당,2025-04-16,602070,2981915
20250505,2,20253280,A MINECRAFT MOVIE 마인크래프트 무비,2025-04-26,436086,1236866
20250505,3,20244883,썬더볼츠＊,2025-04-30,326075,803981
20250505,4,20218800,거룩한 밤: 데몬 헌터스,2025-04-30,234279,733613
20250505,5,20240398,파과,2025-04-30,210319,394377
20250505,6,20194912,바이러스,2025-05-07,49403,55173
20250505,7,20246318,해피엔드,2025-04-30,31186,58137
20250505,8,20253530,시크릿쥬쥬 마법의 하모니,2025-05-01,29400,61155
20250505,9,20253101,극장판 진격의 거인 완결편 더 라스트 어택,2025-03-13,29361,853145
20250505,10,20253595,괴수 8호: 미션 리컨,2025-05-07,25370,27346
20250512,1,20246489,미션 임파서블: 파이널 레코닝,2025-05-17,760077,763045
20250512,2,20232394,야당,2025-04-16,227665,3209580
20250512,3,20240398,파과,2025-04-30,99558,493935
20250512,4,20244883,썬더볼츠＊,2025-04-30,85260,889241
20250512,5,20253280,A MINECRAFT MOVIE 마인크래프트 무비,2025-04-26,76972,1313838
20250512,6,20253766,파이널 데스티네이션 블러드라인,2025-05-14,43119,46392
20250512,7,20218800,거룩한 밤: 데몬 헌터스,2025-04-30,36807,770420
20250512,8,20246318,해피엔드,2025-04-30,21705,79842
20250512,9,20194912,바이러스,2025-05-07,16617,71790
20250512,10,20253101,극장판 진격의 거인 완결편 더 라스트 어택,2025-03-13,15537,868682
20250519,1,20246489,미션 임파서블: 파이널 레코닝,2025-05-17,1077364,1840409
20250519,2,20247590,릴로 & 스티치,2025-05-21,188789,188789
20250519,3,20232394,야당,2025-04-16,111652,3321232
20250519,4,20240398,파과,2025-04-30,38087,532022
20250519,5,20253280,A MINECRAFT MOVIE 마인크래프트 무비,2025-04-26,30471,1344309
20250519,6,20244883,썬더볼츠＊,2025-04-30,24381,913622
20250519,7,20253766,파이널 데스티네이션 블러드라인,2025-05-14,23915,70307
20250519,8,20254687,"부정선거, 신의 작품인가",2025-05-21,22008,22947
20250519,9,20253956,나를 모르는 그녀의 세계에서,2025-05-22,16715,18808
20250519,10,20253101,극장판 진격의 거인 완결편 더 라스트 어택,2025-03-13,15724,884406
20250526,1,20246489,미션 임파서블: 파이널 레코닝,2025-05-17,631956,2472365
20250526,2,20211791,하이파이브,2025-05-30,395000,395493
20250526,3,20231495,소주전쟁,2025-05-30,135892,136160
20250526,4,20247590,릴로 & 스티치,2025-05-21,132981,321770
20250526,5,20232394,야당,2025-04-16,47416,3368648
20250526,6,20254602,씨너스: 죄인들,2025-05-28,34663,35996
20250526,7,20254481,알사탕, ,28222,29054
20250526,8,20253797,극장판 프로젝트 세카이 부서진 세카이와 전해지지 않는 미쿠의 노래,2025-05-29,27911,33355
20250526,9,20254607,페니키안 스킴,2025-05-28,18766,19014
20250526,10,20240398,파과,2025-04-30,14530,546552
20250602,1,20211791,하이파이브,2025-05-30,755247,1150740
20250602,2,20247176,드래곤 길들이기,2025-06-06,541348,544085
20250602,3,20246489,미션 임파서블: 파이널 레코닝,2025-05-17,527957,3000322
20250602,4,20254722,신명,2025-06-02,378641,391473
20250602,5,20247590,릴로 & 스티치,2025-05-21,121875,443645
20250602,6,20231495,소주전쟁,2025-05-30,118889,255049
20250602,7,20254481,알사탕, ,37897,66951
20250602,8,20253922,브링 허 백,2025-06-06,33225,35873
20250602,9,20254602,씨너스: 죄인들,2025-05-28,21726,57722
20250602,10,20253797,극장판 프로젝트 세카이 부서진 세카이와 전해지지 않는 미쿠의 노래,2025-05-29,18317,51672
20250609,1,20247176,드래곤 길들이기,2025-06-06,433898,977983
20250609,2,20211791,하이파이브,2025-05-30,353160,1503900
20250609,3,20254722,신명,2025-06-02,194463,585936
20250609,4,20246489,미션 임파서블: 파이널 레코닝,2025-05-17,179189,3179511
20250609,5,20254481,알사탕, ,28327,95278
20250609,6,20247590,릴로 & 스티치,2025-05-21,27654,471299
20250609,7,20253922,브링 허 백,2025-06-06,17340,53213
20250609,8,20231495,소주전쟁,2025-05-30,16931,271980
20250609,9,20236522,태양의 노래,2025-06-11,16204,17303
20250609,10,19990140,인생은 아름다워,1999-03-06,15725,144459
20250616,1,20247176,드래곤 길들이기,2025-06-06,306158,1284141
20250616,2,20247591,엘리오,2025-06-18,255164,258045
20250616,3,20253114,28년 후,2025-06-19,233967,233967
20250616,4,20211791,하이파이브,2025-05-30,227112,1731012
20250616,5,20246489,미션 임파서블: 파이널 레코닝,2025-05-17,121102,3300613
20250616,6,20254722,신명,2025-06-02,118115,704051
20250616,7,20254481,알사탕, ,15816,111094
20250616,8,20254122,퀴어,2025-06-20,10545,11027
20250616,9,20253922,브링 허 백,2025-06-06,9460,62673
20250616,10,20253797,극장판 프로젝트 세카이 부서진 세카이와 전해지지 않는 미쿠의 노래,2025-05-29,9397,71227
20250623,1,20254501,F1 더 무비,2025-06-25,481875,482499
20250623,2,20247176,드래곤 길들이기,2025-06-06,245260,1529401
20250623,3,20233220,노이즈,2025-06-25,200643,202569
20250623,4,20247591,엘리오,2025-06-18,181159,439204
20250623,5,20211791,하이파이브,2025-05-30,110345,1841357
20250623,6,20253114,28년 후,2025-06-19,88985,322952
20250623,7,20246489,미션 임파서블: 파이널 레코닝,2025-05-17,54973,3355586
20250623,8,20254722,신명,2025-06-02,44902,748953
20250623,9,20030401,바람계곡의 나우시카,2000-12-30,27654,28196
20250623,10,20254237,무명 無名,2025-06-25,26494,33425
20250630,1,20252527,쥬라기 월드: 새로운 시작,2025-07-02,1058894,1059086
20250630,2,20254501,F1 더 무비,2025-06-25,498575,981074
20250630,3,20233220,노이즈,2025-06-25,470908,673477
20250630,4,20247176,드래곤 길들이기,2025-06-06,156131,1685532
20250630,5,20247591,엘리오,2025-06-18,101893,541097
20250630,6,20211791,하이파이브,2025-05-30,34973,1876330
20250630,7,20253114,28년 후,2025-06-19,23168,346120
20250630,8,20246489,미션 임파서블: 파이널 레코닝,2025-05-17,21910,3377496
20250630,9,20030401,바람계곡의 나우시카,2000-12-30,20359,48555
20250630,10,20254237,무명 無名,2025-06-25,15760,49185
20250707,1,20252527,쥬라기 월드: 새로운 시작,2025-07-02,676858,1735944
20250707,2,20249729,슈퍼맨,2025-07-09,547805,548429
20250707,3,20233220,노이즈,2025-06-25,510178,1183655
20250707,4,20254501,F1 더 무비,2025-06-25,426164,1407238
20250707,5,20247176,드래곤 길들이기,2025-06-06,73243,1758775
20250707,6,20247638,괴기열차,2025-07-09,67442,67948
20250707,7,20247591,엘리오,2025-06-18,50648,591745
20250707,8,20254722,신명,2025-06-02,14732,777701
20250707,9,20255397,극장판 도라에몽: 진구의 그림이야기,2025-07-16,12163,12163
20250707,10,20254237,무명 無名,2025-06-25,10046,59231
20250714,1,20254501,F1 더 무비,2025-06-25,466405,1873643
20250714,2,20254275,킹 오브 킹스,2025-07-16,376105,388399
20250714,3,20254824,명탐정 코난: 척안의 잔상,2025-07-16,314689,324101
20250714,4,20252527,쥬라기 월드: 새로운 시작,2025-07-02,302795,2038739
20250714,5,20233220,노이즈,2025-06-25,296490,1480145
20250714,6,20249729,슈퍼맨,2025-07-09,226765,775194
20250714,7,20255397,극장판 도라에몽: 진구의 그림이야기,2025-07-16,35894,48057
20250714,8,20247638,괴기열차,2025-07-09,24587,92535
20250714,9,20247176,드래곤 길들이기,2025-06-06,19376,1778151
20250714,10,20252526,메간 2.0,2025-07-16,15890,15890
20250721,1,20233227,전지적 독자 시점,2025-07-23,626179,627805
20250721,2,20254501,F1 더 무비,2025-06-25,520056,2393699
20250721,3,20252552,판타스틱 4: 새로운 출발,2025-07-24,342333,342333
20250721,4,20254275,킹 오브 킹스,2025-07-16,341663,730062
20250721,5,20254824,명탐정 코난: 척안의 잔상,2025-07-16,199084,523185
20250721,6,20233220,노이즈,2025-06-25,157655,1637800
20250721,7,20252527,쥬라기 월드: 새로운 시작,2025-07-02,123770,2162509
20250721,8,20249729,슈퍼맨,2025-07-09,66020,841214
20250721,9,20254603,베베핀 극장판: 사라진 베베핀과 핑크퐁 대모험,2025-07-24,63110,69110
20250721,10,20241941,좀비딸,2025-07-30,29594,29892
20250728,1,20241941,좀비딸,2025-07-30,1838816,1868708
20250728,2,20254501,F1 더 무비,2025-06-25,702942,3096641
20250728,3,20233227,전지적 독자 시점,2025-07-23,346070,973875
20250728,4,20254275,킹 오브 킹스,2025-07-16,285015,1015077
20250728,5,20252552,판타스틱 4: 새로운 출발,2025-07-24,199304,541637
20250728,6,20247460,배드 가이즈 2,2025-07-30,190192,200928
20250728,7,20254824,명탐정 코난: 척안의 잔상,2025-07-16,128081,651266
20250728,8,20254603,베베핀 극장판: 사라진 베베핀과 핑크퐁 대모험,2025-07-24,86655,155765
20250728,9,20233220,노이즈,2025-06-25,57038,1694838
20250728,10,20252527,쥬라기 월드: 새로운 시작,2025-07-02,50187,2212696
20250804,1,20241941,좀비딸,2025-07-30,1480041,3348749
20250804,2,20254501,F1 더 무비,2025-06-25,546039,3642680
20250804,3,20248711,발레리나,2025-08-06,179540,187192
20250804,4,20254275,킹 오브 킹스,2025-07-16,142112,1157189
20250804,5,20247460,배드 가이즈 2,2025-07-30,104469,305397
20250804,6,20252680,스머프,2025-08-06,90121,91236
20250804,7,20233227,전지적 독자 시점,2025-07-23,71237,1045112
20250804,8,20254824,명탐정 코난: 척안의 잔상,2025-07-16,49102,700368
20250804,9,20244537,강령: 귀신놀이,2025-08-06,41446,42354
20250804,10,20252552,판타스틱 4: 새로운 출발,2025-07-24,39155,580792
20250811,1,20241941,좀비딸,2025-07-30,1170024,4518773
20250811,2,20254501,F1 더 무비,2025-06-25,563293,4205973
20250811,3,20210546,악마가 이사왔다,2025-08-13,265430,270059
20250811,4,20256701,긴키 지방의 어느 장소에 대하여,2025-08-13,101644,101644
20250811,5,20248711,발레리나,2025-08-06,99689,286881
20250811,6,20254275,킹 오브 킹스,2025-07-16,86529,1243718
20250811,7,20252680,스머프,2025-08-06,63993,155229
20250811,8,20247460,배드 가이즈 2,2025-07-30,63319,368716
20250811,9,20255655,식스데이즈,2025-08-13,33338,33902
20250811,10,20244537,강령: 귀신놀이,2025-08-06,25039,67393
20250818,1,20253289,극장판 귀멸의 칼날: 무한성편,2025-08-22,1625445,1649077
20250818,2,20241941,좀비딸,2025-07-30,484779,5003552
20250818,3,20254501,F1 더 무비,2025-06-25,299435,4505408
20250818,4,20210546,악마가 이사왔다,2025-08-13,108548,378607
20250818,5,20256701,긴키 지방의 어느 장소에 대하여,2025-08-13,86929,188573
20250818,6,20254275,킹 오브 킹스,2025-07-16,34404,1278122
20250818,7,20248711,발레리나,2025-08-06,27215,314096
20250818,8,20252680,스머프,2025-08-06,21642,176871
20250818,9,20247460,배드 가이즈 2,2025-07-30,19052,387768
20250818,10,20255937,어글리 시스터,2025-08-20,17268,17468
20250825,1,20253289,극장판 귀멸의 칼날: 무한성편,2025-08-22,1504641,3153718
20250825,2,20241941,좀비딸,2025-07-30,343524,5347076
20250825,3,20254501,F1 더 무비,2025-06-25,254976,4760384
20250825,4,20256281,첫사랑 엔딩,2025-08-27,64337,64337
20250825,5,20256701,긴키 지방의 어느 장소에 대하여,2025-08-13,61983,250556
20250825,6,20257209,임영웅 [아임 히어로 2] 청음회,2025-08-28,50068,50068
20250825,7,20256202,노바디2,2025-08-27,42193,46044
20250825,8,20210546,악마가 이사왔다,2025-08-13,38619,417226
20250825,9,20256185,프리키 프라이데이 2,2025-08-27,22148,22556
20250825,10,20254275,킹 오브 킹스,2025-07-16,17913,1296035
20250901,1,20253289,극장판 귀멸의 칼날: 무한성편,2025-08-22,803885,3957603
20250901,2,20256702,컨저링: 마지막 의식,2025-09-03,232802,233147
20250901,3,20254501,F1 더 무비,2025-06-25,153087,4913471
20250901,4,20233039,살인자 리포트,2025-09-05,151846,152744
20250901,5,20241941,좀비딸,2025-07-30,149377,5496453
20250901,6,20256281,첫사랑 엔딩,2025-08-27,45301,109638
20250901,7,20256071,투게더,2025-09-03,26455,29034
20250901,8,20256701,긴키 지방의 어느 장소에 대하여,2025-08-13,17973,268529
20250901,9,20210546,악마가 이사왔다,2025-08-13,11437,428663
20250901,10,20256741,아기돼지 3형제: 도넛별 대모험,2025-09-04,11362,13824
20250908,1,20253289,극장판 귀멸의 칼날: 무한성편,2025-08-22,508347,4465950
20250908,2,20242964,얼굴,2025-09-11,317230,317230
20250908,3,20233039,살인자 리포트,2025-09-05,144839,297583
20250908,4,20256702,컨저링: 마지막 의식,2025-09-03,132628,365775
20250908,5,20254501,F1 더 무비,2025-06-25,125534,5039005
20250908,6,20241941,좀비딸,2025-07-30,78840,5575293
20250908,7,20247245,홈캠,2025-09-10,60673,62076
20250908,8,20030047,모노노케 히메,2003-04-25,32137,33356
20250908,9,20256281,첫사랑 엔딩,2025-08-27,21464,131102
20250908,10,20257083,건국전쟁2 ,2025-09-10,20252,20849
20250915,1,20242964,얼굴,2025-09-11,405633,722863
20250915,2,20253289,극장판 귀멸의 칼날: 무한성편,2025-08-22,334822,4800772
20250915,3,20030047,모노노케 히메,2003-04-25,95360,128716
20250915,4,20254501,F1 더 무비,2025-06-25,71567,5110572
20250915,5,20233039,살인자 리포트,2025-09-05,54363,351946
20250915,6,20245485,귀시,2025-09-17,53859,55070
20250915,7,20257095,명탐정 코난: 17년 전의 진상,2025-09-19,46721,46721
20250915,8,20256702,컨저링: 마지막 의식,2025-09-03,45052,410827
20250915,9,20241941,좀비딸,2025-07-30,36191,5611484
20250915,10,20256864,프랑켄슈타인 : 더 뮤지컬 라이브,2025-09-18,31003,31282
20250922,1,20243561,어쩔수가없다,2025-09-24,1073601,1073665
20250922,2,20256757,극장판 체인소 맨: 레제편,2025-09-24,474471,474471
20250922,3,20253289,극장판 귀멸의 칼날: 무한성편,2025-08-22,195502,4996274
20250922,4,20242964,얼굴,2025-09-11,184524,907387
20250922,5,20256526,브레드이발소: 베이커리타운의 악당들,2025-09-27,59542,72573
20250922,6,20030047,모노노케 히메,2003-04-25,36081,164797
20250922,7,20254501,F1 더 무비,2025-06-25,32261,5142833
20250922,8,20257095,명탐정 코난: 17년 전의 진상,2025-09-19,24880,71601
20250922,9,20256864,프랑켄슈타인 : 더 뮤지컬 라이브,2025-09-18,18021,49303
20250922,10,20233039,살인자 리포트,2025-09-05,12433,364379
20250929,1,20243561,어쩔수가없다,2025-09-24,784377,1858042
20250929,2,20228988,보스,2025-10-03,669748,671923
20250929,3,20256757,극장판 체인소 맨: 레제편,2025-09-24,604325,1078796
20250929,4,20253289,극장판 귀멸의 칼날: 무한성편,2025-08-22,193073,5189347
20250929,5,20256397,원 배틀 애프터 어나더,2025-10-01,132784,134031
20250929,6,20242964,얼굴,2025-09-11,95124,1002511
20250929,7,20243864,연의 편지,2025-10-01,82826,91267
20250929,8,20256526,브레드이발소: 베이커리타운의 악당들,2025-09-27,76832,149405
20250929,9,20257208,개비의 매직하우스 극장판,2025-10-03,38004,48530
20250929,10,20254501,F1 더 무비,2025-06-25,25464,5168297
20251006,1,20228988,보스,2025-10-03,1364639,2036562
20251006,2,20243561,어쩔수가없다,2025-09-24,772379,2630421
20251006,3,20256757,극장판 체인소 맨: 레제편,2025-09-24,757831,1836627
20251006,4,20256397,원 배틀 애프터 어나더,2025-10-01,233326,367357
20251006,5,20253289,극장판 귀멸의 칼날: 무한성편,2025-08-22,209750,5399097
20251006,6,20254021,트론: 아레스,2025-10-08,139389,140013
20251006,7,20256526,브레드이발소: 베이커리타운의 악당들,2025-09-27,100998,250403
20251006,8,20243864,연의 편지,2025-10-01,89512,180779
20251006,9,20242964,얼굴,2025-09-11,62767,1065278
20251006,10,20257208,개비의 매직하우스 극장판,2025-10-03,52883,101413
20251013,1,20256757,극장판 체인소 맨: 레제편,2025-09-24,378905,2215532
20251013,2,20228988,보스,2025-10-03,221607,2258169
20251013,3,20243561,어쩔수가없다,2025-09-24,147511,2777932
20251013,4,20257658,극장판 주술회전: 회옥·옥절,2025-10-16,122017,133743
20251013,5,20256397,원 배틀 애프터 어나더,2025-10-01,80464,447821
20251013,6,20253289,극장판 귀멸의 칼날: 무한성편,2025-08-22,69481,5468578
20251013,7,20256684,웨폰,2025-10-15,54130,54428
20251013,8,20243864,연의 편지,2025-10-01,26281,207060
20251013,9,20254021,트론: 아레스,2025-10-08,24855,164868
20251013,10,20257728,중간계,2025-10-15,22281,22447
20251020,1,20256757,극장판 체인소 맨: 레제편,2025-09-24,334669,2550201
20251020,2,20257570,8번 출구,2025-10-22,185642,186103
20251020,3,20228988,보스,2025-10-03,120273,2378442
20251020,4,20243561,어쩔수가없다,2025-09-24,91041,2868973
20251020,5,20090284,코렐라인,2009-05-21,82027,302338
20251020,6,20253289,극장판 귀멸의 칼날: 무한성편,2025-08-22,61643,5530221
20251020,7,20257658,극장판 주술회전: 회옥·옥절,2025-10-16,58739,192482
20251020,8,20256397,원 배틀 애프터 어나더,2025-10-01,46027,493848
20251020,9,20247429,세계의 주인,2025-10-22,29344,30724
20251020,10,20256684,웨폰,2025-10-15,21665,76093
20251027,1,20253852,퍼스트 라이드,2025-10-29,356906,368803
20251027,2,20256757,극장판 체인소 맨: 레제편,2025-09-24,243920,2794121
20251027,3,20257570,8번 출구,2025-10-22,136895,322998
20251027,4,20090284,코렐라인,2009-05-21,66172,368510
20251027,5,20243561,어쩔수가없다,2025-09-24,50923,2919896
20251027,6,20253289,극장판 귀멸의 칼날: 무한성편,2025-08-22,44055,5574276
20251027,7,20228988,보스,2025-10-03,42200,2420642
20251027,8,20259147,케이팝 데몬 헌터스,2025-10-31,39175,39175
20251027,9,20247429,세계의 주인,2025-10-22,34903,65627
20251027,10,20257658,극장판 주술회전: 회옥·옥절,2025-10-16,25417,217899
20251103,1,20254375,프레데터: 죽음의 땅,2025-11-05,219855,221103
20251103,2,20253852,퍼스트 라이드,2025-10-29,209409,578212
20251103,3,20256757,극장판 체인소 맨: 레제편,2025-09-24,183283,2977404
20251103,4,20257570,8번 출구,2025-10-22,73363,396361
20251103,5,20256320,부고니아,2025-11-05,36609,38708
20251103,6,20090284,코렐라인,2009-05-21,30311,398821
20251103,7,20253289,극장판 귀멸의 칼날: 무한성편,2025-08-22,27172,5601448
20251103,8,20247429,세계의 주인,2025-10-22,24377,90004
20251103,9,20253340,구원자,2025-11-05,22442,23265
20251103,10,20247693,위키드,2024-11-20,18659,2265307
20251110,1,20258383,나우 유 씨 미 3,2025-11-12,586743,586743
20251110,2,20256757,극장판 체인소 맨: 레제편,2025-09-24,181245,3158649
20251110,3,20254375,프레데터: 죽음의 땅,2025-11-05,137786,358889
20251110,4,20253852,퍼스트 라이드,2025-10-29,112705,690917
20251110,5,20257570,8번 출구,2025-10-22,37443,433804
20251110,6,20253289,극장판 귀멸의 칼날: 무한성편,2025-08-22,26132,5627580
20251110,7,20256320,부고니아,2025-11-05,22493,61201
20251110,8,20247429,세계의 주인,2025-10-22,18556,108560
20251110,9,20090284,코렐라인,2009-05-21,18490,417311
20251110,10,20258385,꼬마돼지 베이브와 타피티,2025-11-13,14242,15309
20251117,1,20255381,위키드: 포 굿,2025-11-19,536738,537362
20251117,2,20258383,나우 유 씨 미 3,2025-11-12,426542,1013285
20251117,3,20256757,극장판 체인소 맨: 레제편,2025-09-24,117627,3276276
20251117,4,20257161,국보,2025-11-19,53715,58330
20251117,5,20254375,프레데터: 죽음의 땅,2025-11-05,50739,409628
20251117,6,20253852,퍼스트 라이드,2025-10-29,38190,729107
20251117,7,20243405,나혼자 프린스,2025-11-19,34739,35872
20251117,8,20247429,세계의 주인,2025-10-22,19547,128107
20251117,9,20253289,극장판 귀멸의 칼날: 무한성편,2025-08-22,19201,5646781
20251117,10,20257570,8번 출구,2025-10-22,13608,447412
20251124,1,20252432,주토피아 2,2025-11-26,2105953,2106866
20251124,2,20255381,위키드: 포 굿,2025-11-19,244566,781928
20251124,3,20258383,나우 유 씨 미 3,2025-11-12,238807,1252092
20251124,4,20256757,극장판 체인소 맨: 레제편,2025-09-24,73407,3349683
20251124,5,20257161,국보,2025-11-19,56996,115326
20251124,6,20247429,세계의 주인,2025-10-22,25257,153364
20251124,7,20243405,나혼자 프린스,2025-11-19,16764,52636
20251124,8,20253289,극장판 귀멸의 칼날: 무한성편,2025-08-22,15916,5662697
20251124,9,20242374,한란,2025-11-26,14222,15325
20251124,10,20254375,프레데터: 죽음의 땅,2025-11-05,11371,420999
20251201,1,20252432,주토피아 2,2025-11-26,1824350,3931216
20251201,2,20258739,극장판 주술회전: 시부야사변 X 사멸회유,2025-12-03,197821,199480
20251201,3,20249326,윗집 사람들,2025-12-03,176421,185501
20251201,4,20233259,정보원,2025-12-03,92023,101264
20251201,5,20255381,위키드: 포 굿,2025-11-19,89164,871092
20251201,6,20253906,프레디의 피자가게 2,2025-12-03,85992,86134
20251201,7,20258383,나우 유 씨 미 3,2025-11-12,74619,1326711
20251201,8,20256757,극장판 체인소 맨: 레제편,2025-09-24,43737,3393420
20251201,9,20257161,국보,2025-11-19,28628,143954
20251201,10,20259618,콘크리트 마켓,2025-12-03,18656,19039
20251208,1,20252432,주토피아 2,2025-11-26,1439693,5370909
20251208,2,20249326,윗집 사람들,2025-12-03,223556,409057
20251208,3,20258739,극장판 주술회전: 시부야사변 X 사멸회유,2025-12-03,100558,300038
20251208,4,20253906,프레디의 피자가게 2,2025-12-03,92519,178653
20251208,5,20258808,뽀로로 극장판 스위트캐슬 대모험,2025-12-11,80942,81994
20251208,6,20255381,위키드: 포 굿,2025-11-19,56130,927222
20251208,7,20233259,정보원,2025-12-03,45057,146321
20251208,8,20258383,나우 유 씨 미 3,2025-11-12,30415,1357126
20251208,9,20256025,더 러닝 맨,2025-12-10,29951,30998
20251208,10,20257161,국보,2025-11-19,24819,168773
20251215,1,20256396,아바타: 불과 재,2025-12-17,1744038,1745418
20251215,2,20252432,주토피아 2,2025-11-26,963168,6334077
20251215,3,20249326,윗집 사람들,2025-12-03,95028,504085
20251215,4,20258808,뽀로로 극장판 스위트캐슬 대모험,2025-12-11,54816,136810
20251215,5,20258739,극장판 주술회전: 시부야사변 X 사멸회유,2025-12-03,40307,340345
20251215,6,20253906,프레디의 피자가게 2,2025-12-03,36805,215458
20251215,7,20255381,위키드: 포 굿,2025-11-19,20708,947930
20251215,8,20254054,여행과 나날,2025-12-10,16457,37076
20251215,9,20233259,정보원,2025-12-03,15055,161376
20251215,10,20257161,국보,2025-11-19,11843,180616
20251222,1,20256396,아바타: 불과 재,2025-12-17,2290940,4036358
20251222,2,20252432,주토피아 2,2025-11-26,1145745,7479822
20251222,3,20254219,"오늘 밤, 세계에서 이 사랑이 사라진다 해도",2025-12-24,365118,365407
20251222,4,20259383,극장판 짱구는 못말려: 초화려! 작열하는 떡잎마을 댄서즈,2025-12-24,267605,277767
20251222,5,20258808,뽀로로 극장판 스위트캐슬 대모험,2025-12-11,62593,199403
20251222,6,20249326,윗집 사람들,2025-12-03,36720,540805
20251222,7,20253906,프레디의 피자가게 2,2025-12-03,15167,230625
20251222,8,20258739,극장판 주술회전: 시부야사변 X 사멸회유,2025-12-03,14894,355239
20251222,9,20255381,위키드: 포 굿,2025-11-19,13868,961798
20251222,10,20258621,척의 일생,2025-12-24,12487,14090
20251229,1,20256396,아바타: 불과 재,2025-12-17,1521801,5558159
20251229,2,20252432,주토피아 2,2025-11-26,608819,8088641
20251229,3,20249255,만약에 우리,2025-12-31,474303,493114
20251229,4,20254219,"오늘 밤, 세계에서 이 사랑이 사라진다 해도",2025-12-24,291984,657391
20251229,5,20259383,극장판 짱구는 못말려: 초화려! 작열하는 떡잎마을 댄서즈,2025-12-24,125269,403036
20251229,6,20247457,신의악단,2025-12-31,111912,115147
20251229,7,20256173,스폰지밥 무비: 네모바지를 찾아서,2026-01-01,57196,59560
20251229,8,20258808,뽀로로 극장판 스위트캐슬 대모험,2025-12-11,34553,233956
20251229,9,20258272,톰과 제리: 황금나침반 대소동,2026-01-01,26035,26491
20251229,10,20259893,화양연화 특별판,2025-12-31,24587,26574
20260105,1,20249255,만약에 우리,2025-12-31,553303,1046417
20260105,2,20256396,아바타: 불과 재,2025-12-17,521473,6079632
20260105,3,20252432,주토피아 2,2025-11-26,225283,8313924
20260105,4,20247457,신의악단,2025-12-31,145283,260430
20260105,5,20254219,"오늘 밤, 세계에서 이 사랑이 사라진다 해도",2025-12-24,121903,779294
20260105,6,20259383,극장판 짱구는 못말려: 초화려! 작열하는 떡잎마을 댄서즈,2025-12-24,49727,452763
20260105,7,20250115,굿 포츈,2026-01-07,20210,20610
20260105,8,20256173,스폰지밥 무비: 네모바지를 찾아서,2026-01-01,19802,79362
20260105,9,20258808,뽀로로 극장판 스위트캐슬 대모험,2025-12-11,13889,247845
20260105,10,20259563,파더 마더 시스터 브라더,2025-12-31,12857,25982
20260112,1,20249255,만약에 우리,2025-12-31,527418,1573835
20260112,2,20256396,아바타: 불과 재,2025-12-17,299201,6378833
20260112,3,20247457,신의악단,2025-12-31,175451,435881
20260112,4,20250482,"신비아파트 10주년 극장판: 한 번 더, 소환",2026-01-14,152240,160045
20260112,5,20250188,하트맨,2026-01-14,152199,158191
20260112,6,20252432,주토피아 2,2025-11-26,126599,8440523
20260112,7,20254219,"오늘 밤, 세계에서 이 사랑이 사라진다 해도",2025-12-24,56389,835683
20260112,8,20259383,극장판 짱구는 못말려: 초화려! 작열하는 떡잎마을 댄서즈,2025-12-24,20418,473181
20260112,9,20250299,고고다이노 극장판: 곤충세계 대모험,2026-01-14,18079,20811
20260112,10,20228555,더 퍼스트 슬램덩크,2023-01-04,14898,4918475
20260119,1,20249255,만약에 우리,2025-12-31,427185,2001020
20260119,2,20247457,신의악단,2025-12-31,247572,683453
20260119,3,20256396,아바타: 불과 재,2025-12-17,186007,6564840
20260119,4,20249624,프로젝트 Y,2026-01-21,99729,101882
20260119,5,20250482,"신비아파트 10주년 극장판: 한 번 더, 소환",2026-01-14,85104,245149
20260119,6,20252432,주토피아 2,2025-11-26,79492,8520015
20260119,7,20250188,하트맨,2026-01-14,70130,228321
20260119,8,20040549,천공의 성 라퓨타,2004-04-30,43813,65782
20260119,9,20258324,731,2026-01-21,22668,22668
20260119,10,20259552,시라트,2026-01-21,20334,22935
20260126,1,20249255,만약에 우리,2025-12-31,321825,2322845
20260126,2,20247457,신의악단,2025-12-31,250931,934384
20260126,3,20256396,아바타: 불과 재,2025-12-17,115046,6679886
20260126,4,20250644,직장상사 길들이기,2026-01-28,54085,55651
20260126,5,20250482,"신비아파트 10주년 극장판: 한 번 더, 소환",2026-01-14,49281,294430
20260126,6,20252432,주토피아 2,2025-11-26,48205,8568220
20260126,7,20250686,하우스메이드,2026-01-28,44562,46458
20260126,8,20247690,시스터,2026-01-28,43580,45046
20260126,9,20249624,프로젝트 Y,2026-01-21,34158,136040
20260126,10,20040549,천공의 성 라퓨타,2004-04-30,29782,95564
20260202,1,20242837,왕과 사는 남자,2026-02-04,974784,1001089
20260202,2,20247457,신의악단,2025-12-31,181503,1115887
20260202,3,20249255,만약에 우리,2025-12-31,161560,2484405
20260202,4,20261439,"2024.12.03 그날 조작된 내란, 감춰진 진실",2026-02-04,117767,120480
20260202,5,20250878,노 머시: 90분,2026-02-04,53971,60849
20260202,6,20256396,아바타: 불과 재,2025-12-17,44506,6724392
20260202,7,20250482,"신비아파트 10주년 극장판: 한 번 더, 소환",2026-01-14,24653,319083
20260202,8,20252432,주토피아 2,2025-11-26,21420,8589640
20260202,9,20247690,시스터,2026-01-28,21095,66141
20260202,10,20261526,아이엠스타!X프리파라 더 무비 -만남의 기적!-,2026-02-04,20463,20463
20260209,1,20242837,왕과 사는 남자,2026-02-04,1321514,2322603
20260209,2,20241266,휴민트,2026-02-11,689028,703797
20260209,3,20252373,넘버원,2026-02-11,99066,117154
20260209,4,20247457,신의악단,2025-12-31,88855,1204742
20260209,5,20249255,만약에 우리,2025-12-31,64552,2548957
20260209,6,20261439,"2024.12.03 그날 조작된 내란, 감춰진 진실",2026-02-04,54782,175262
20260209,7,20257823,폭풍의 언덕,2026-02-11,34396,35917
20260209,8,20250878,노 머시: 90분,2026-02-04,27159,88008
20260209,9,20261526,아이엠스타!X프리파라 더 무비 -만남의 기적!-,2026-02-04,19635,40098
20260209,10,20250604,극장판 엉덩이 탐정: 스타 앤드 문,2026-02-07,16848,37540
20260216,1,20242837,왕과 사는 남자,2026-02-04,3506192,5828795
20260216,2,20241266,휴민트,2026-02-11,875209,1579006
20260216,3,20247457,신의악단,2025-12-31,143903,1348645
20260216,4,20252373,넘버원,2026-02-11,122258,239412
20260216,5,20261208,귀신 부르는 앱: 영,2026-02-18,59783,60423
20260216,6,20249255,만약에 우리,2025-12-31,40988,2589945
20260216,7,20261150,점보,2026-02-18,37448,38969
20260216,8,20261439,"2024.12.03 그날 조작된 내란, 감춰진 진실",2026-02-04,32407,207669
20260216,9,20261526,아이엠스타!X프리파라 더 무비 -만남의 기적!-,2026-02-04,22672,62770
20260216,10,20257823,폭풍의 언덕,2026-02-11,19413,55330
20260223,1,20242837,왕과 사는 남자,2026-02-04,2655567,8484362
20260223,2,20241266,휴민트,2026-02-11,243160,1822166
20260223,3,20259583,초속 5센티미터,2026-02-25,58514,59587
20260223,4,20247457,신의악단,2025-12-31,43093,1391738
20260223,5,20261181,너자 2,2026-02-25,32805,34848
20260223,6,20252373,넘버원,2026-02-11,29375,268787
20260223,7,20261208,귀신 부르는 앱: 영,2026-02-18,27283,87706
20260223,8,20256283,호퍼스,2026-03-04,22996,22996
20260223,9,20257744,28년 후: 뼈의 사원,2026-02-27,21565,21565
20260223,10,20250365,햄넷,2026-02-25,20643,25816
20260302,1,20242837,왕과 사는 남자,2026-02-04,3019272,11503634
20260302,2,20256283,호퍼스,2026-03-04,292180,315176
20260302,3,20241266,휴민트,2026-02-11,110032,1932198
20260302,4,20247457,신의악단,2025-12-31,28898,1420636
20260302,5,20241501,매드 댄스 오피스,2026-03-04,25007,26973
20260302,6,20261181,너자 2,2026-02-25,22260,57108
20260302,7,20259583,초속 5센티미터,2026-02-25,20553,80140
20260302,8,20258444,브라이드!,2026-03-04,19325,19325
20260302,9,20250365,햄넷,2026-02-25,18826,44642
20260302,10,20257744,28년 후: 뼈의 사원,2026-02-27,15338,36903
20260309,1,20242837,왕과 사는 남자,2026-02-04,1964055,13467689
20260309,2,20256283,호퍼스,2026-03-04,215984,531160
20260309,3,20232662,삼악도,2026-03-11,56770,57385
20260309,4,20254501,F1 더 무비,2025-06-25,46224,5261209
20260309,5,20241266,휴민트,2026-02-11,35403,1967601
20260309,6,20241501,매드 댄스 오피스,2026-03-04,16337,43310
20260309,7,20060033,오만과 편견,2006-03-24,13063,898112
20260309,8,20247457,신의악단,2025-12-31,11537,1432173
20260309,9,20259583,초속 5센티미터,2026-02-25,10733,90873
20260309,10,20253101,극장판 진격의 거인 완결편 더 라스트 어택,2025-03-13,10681,960945
20260316,1,20242837,왕과 사는 남자,2026-02-04,1289319,14757008
20260316,2,20261782,프로젝트 헤일메리,2026-03-18,559626,561363
20260316,3,20256283,호퍼스,2026-03-04,115268,646428
20260316,4,20241575,메소드연기,2026-03-18,40134,43722
20260316,5,20253101,극장판 진격의 거인 완결편 더 라스트 어택,2025-03-13,28469,989414
20260316,6,20232662,삼악도,2026-03-11,25172,82557
20260316,7,20261804,폭탄,2026-03-18,17673,18614
20260316,8,20241266,휴민트,2026-02-11,10728,1978329
20260316,9,20060033,오만과 편견,2006-03-24,8119,906231
20260316,10,20261437,녹나무의 파수꾼,2026-03-18,7599,7599
20260323,1,20242837,왕과 사는 남자,2026-02-04,858847,15615855
20260323,2,20261782,프로젝트 헤일메리,2026-03-18,589283,1150646
20260323,3,20256283,호퍼스,2026-03-04,61657,708085
20260323,4,20261906,명탐정 코난: 세기말의 마술사,2026-03-27,48467,51932
20260323,5,20253289,극장판 귀멸의 칼날: 무한성편,2025-08-22,34621,5735580
20260323,6,20253101,극장판 진격의 거인 완결편 더 라스트 어택,2025-03-13,29940,1019354
20260323,7,20257521,프로텍터,2026-03-25,18694,18908
20260323,8,20241575,메소드연기,2026-03-18,14424,58146
20260323,9,19970100,첨밀밀 ,1997-03-01,12743,15729
20260323,10,20262179,펫 트레인,2026-03-28,11759,11759
20260330,1,20261782,프로젝트 헤일메리,2026-03-18,484750,1635396
20260330,2,20242837,왕과 사는 남자,2026-02-04,475809,16091664
20260330,3,20192680,끝장수사,2026-04-02,55668,56313
20260330,4,20261666,네가 마지막으로 남긴 노래,2026-04-01,52454,54007
20260330,5,20253289,극장판 귀멸의 칼날: 무한성편,2025-08-22,46946,5782526
20260330,6,20256283,호퍼스,2026-03-04,29971,738056
20260330,7,20261906,명탐정 코난: 세기말의 마술사,2026-03-27,28280,80212
20260330,8,20254121,살목지,2026-04-08,18818,26721
20260330,9,20262101,킬 빌: 더 홀 블러디 어페어,2026-04-01,10548,11358
20260330,10,20253101,극장판 진격의 거인 완결편 더 라스트 어택,2025-03-13,9527,1028881
20260406,1,20254121,살목지,2026-04-08,697280,724001
20260406,2,20261782,프로젝트 헤일메리,2026-03-18,406714,2042110
20260406,3,20242837,왕과 사는 남자,2026-02-04,305558,16397222
20260406,4,20192680,끝장수사,2026-04-02,26699,83012
20260406,5,20261666,네가 마지막으로 남긴 노래,2026-04-01,22193,76200
20260406,6,20261622,위 리브 인 타임,2026-04-08,20497,21231
20260406,7,20253289,극장판 귀멸의 칼날: 무한성편,2025-08-22,19301,5801827
20260406,8,20256283,호퍼스,2026-03-04,15990,754046
20260406,9,20262343,크라임 101,2026-04-08,14057,14569
20260406,10,20262648,런닝맨: 라이트&쉐도우,2026-04-11,13055,13055
20260413,1,20254121,살목지,2026-04-08,737820,1461821
20260413,2,20261782,프로젝트 헤일메리,2026-03-18,255992,2298102
20260413,3,20242837,왕과 사는 남자,2026-02-04,192288,16589510
20260413,4,20247648,내 이름은,2026-04-15,94493,100139
20260413,5,20070602,마녀배달부 키키,2007-11-22,30379,97494
20260413,6,20262907,고트: 더 레전드,2026-04-17,18883,19034
20260413,7,20262383,쉘터,2026-04-15,15331,15331
20260413,8,20261622,위 리브 인 타임,2026-04-08,10953,32184
20260413,9,19980231,트루먼 쇼,1998-10-24,9261,29252
20260413,10,20249507,극장판 하이큐!! 쓰레기장의 결전,2024-05-15,8752,754737
20260420,1,20254121,살목지,2026-04-08,521933,1983754
20260420,2,20261782,프로젝트 헤일메리,2026-03-18,192788,2490890
20260420,3,20240532,짱구,2026-04-22,158853,163898
20260420,4,20262685,란 12.3,2026-04-22,132607,133648
20260420,5,20242837,왕과 사는 남자,2026-02-04,117286,16706796
20260420,6,20247648,내 이름은,2026-04-15,61467,161606
20260420,7,20262657,리 크로닌의 미이라,2026-04-22,26913,28187
20260420,8,20262775,기동전사 건담: 섬광의 하사웨이 키르케의 마녀,2026-04-22,18411,18411
20260420,9,20070602,마녀배달부 키키,2007-11-22,18201,115695
20260420,10,20262907,고트: 더 레전드,2026-04-17,11022,30056
20260427,1,20259791,악마는 프라다를 입는다 2,2026-04-29,736019,736019
20260427,2,20259773,슈퍼 마리오 갤럭시,2026-04-29,682970,685937
20260427,3,20254121,살목지,2026-04-08,652271,2636025
20260427,4,20261782,프로젝트 헤일메리,2026-03-18,158695,2649585
20260427,5,20240532,짱구,2026-04-22,134603,298501
20260427,6,20242837,왕과 사는 남자,2026-02-04,72704,16779500
20260427,7,20262685,란 12.3,2026-04-22,65450,199098
20260427,8,20247648,내 이름은,2026-04-15,30367,191973
20260427,9,20262775,기동전사 건담: 섬광의 하사웨이 키르케의 마녀,2026-04-22,14698,33109
20260427,10,20070602,마녀배달부 키키,2007-11-22,12158,127853
20260504,1,20259773,슈퍼 마리오 갤럭시,2026-04-29,632768,1318705
20260504,2,20259791,악마는 프라다를 입는다 2,2026-04-29,485598,1221617
20260504,3,20254121,살목지,2026-04-08,386732,3022757
20260504,4,20261782,프로젝트 헤일메리,2026-03-18,133381,2782966
20260504,5,20240532,짱구,2026-04-22,78108,376609
20260504,6,20242837,왕과 사는 남자,2026-02-04,54021,16833521
20260504,7,20262685,란 12.3,2026-04-22,31289,230387
20260504,8,20247648,내 이름은,2026-04-15,12771,204744
20260504,9,20262947,모탈 컴뱃 2,2026-05-06,11883,12049
20260504,10,20259626,마이클,2026-05-13,9863,16865
20260511,1,20259626,마이클,2026-05-13,631027,647892
20260511,2,20259791,악마는 프라다를 입는다 2,2026-04-29,222569,1444186
20260511,3,20259773,슈퍼 마리오 갤럭시,2026-04-29,150781,1469486
20260511,4,20254121,살목지,2026-04-08,146951,3169708
20260511,5,20261782,프로젝트 헤일메리,2026-03-18,64178,2847144
20260511,6,20242837,왕과 사는 남자,2026-02-04,30358,16863879
20260511,7,20240532,짱구,2026-04-22,27248,403857
20260511,8,20194376,탑건: 매버릭,2022-06-22,21095,8270540
20260511,9,20252801,교생실습,2026-05-13,19928,22022
20260511,10,20040695,이프 온리,2004-10-29,17944,1055590
20260518,1,20252402,군체,2026-05-21,1419048,1419454
20260518,2,20259626,마이클,2026-05-13,427324,1075216
20260518,3,20259791,악마는 프라다를 입는다 2,2026-04-29,98072,1542258
20260518,4,20259773,슈퍼 마리오 갤럭시,2026-04-29,69323,1538809
20260518,5,20254121,살목지,2026-04-08,52777,3222485
20260518,6,20262975,신극장판 은혼: 요시와라 대염상,2026-05-20,40960,42748
20260518,7,20261782,프로젝트 헤일메리,2026-03-18,29484,2876628
20260518,8,20263344,너바나 더 밴드 : 전설적 밴드 ‘너바나’와는 별 관련 없는 ‘너바나 더 밴드’의 콤비 맷과 제이. 어느 날 공연을 위해 타임머신을 만드는 황당한 작전을 세우고 처음 만났던 17년 전으로 돌,2026-05-20,19033,20552
20260518,9,20242837,왕과 사는 남자,2026-02-04,17118,16880997
20260518,10,20263253,극장판 내 마음의 위험한 녀석,2026-05-21,15740,15740
20260525,1,20252402,군체,2026-05-21,1948219,3367673
20260525,2,20263030,백룸,2026-05-27,390530,391058
20260525,3,20259626,마이클,2026-05-13,319717,1394933
20260525,4,20258236,만달로리안과 그로구,2026-05-27,115328,116720
20260525,5,20259773,슈퍼 마리오 갤럭시,2026-04-29,67518,1606327
20260525,6,20263512,이상한 과자 가게 전천당,2026-05-29,59821,60421
20260525,7,20259791,악마는 프라다를 입는다 2,2026-04-29,43147,1585405
20260525,8,20263344,너바나 더 밴드 : 전설적 밴드 ‘너바나’와는 별 관련 없는 ‘너바나 더 밴드’의 콤비 맷과 제이. 어느 날 공연을 위해 타임머신을 만드는 황당한 작전을 세우고 처음 만났던 17년 전으로 돌,2026-05-20,25121,45673
20260525,9,20262975,신극장판 은혼: 요시와라 대염상,2026-05-20,22311,65059
20260525,10,20263222,극장판 호빵맨: 세균맨과 그림책의 루룬,2026-05-23,17872,30336
20260601,1,20252402,군체,2026-05-21,1252611,4620284
20260601,2,20248252,와일드 씽,2026-06-03,523731,543712
20260601,3,20263030,백룸,2026-05-27,408565,799623
20260601,4,20259626,마이클,2026-05-13,145212,1540145
20260601,5,20263512,이상한 과자 가게 전천당,2026-05-29,76396,136817
20260601,6,20258236,만달로리안과 그로구,2026-05-27,75119,191839
20260601,7,20259773,슈퍼 마리오 갤럭시,2026-04-29,24209,1630536
20260601,8,20263761,플레이브 아시아 투어 [대쉬: 퀀텀 리프] 앙코르 인 시네마,2026-06-03,22876,22876
20260601,9,20263344,너바나 더 밴드 : 전설적 밴드 ‘너바나’와는 별 관련 없는 ‘너바나 더 밴드’의 콤비 맷과 제이. 어느 날 공연을 위해 타임머신을 만드는 황당한 작전을 세우고 처음 만났던 17년 전으로 돌,2026-05-20,15009,60682
20260601,10,20263272,돌핀보이: 푸른 바다의 수호자,2026-06-03,13402,13617
20260608,1,20252402,군체,2026-05-21,485318,5105602
20260608,2,20248252,와일드 씽,2026-06-03,326011,869723
20260608,3,20250655,디스클로저 데이,2026-06-10,194670,194670
20260608,4,20263030,백룸,2026-05-27,176434,976057
20260608,5,20259626,마이클,2026-05-13,48890,1589035
20260608,6,20261766,상자 속의 양,2026-06-10,30275,41753
20260608,7,20263512,이상한 과자 가게 전천당,2026-05-29,22346,159163
20260608,8,20258236,만달로리안과 그로구,2026-05-27,20836,212675
20260608,9,20163018,싱 스트리트,2016-05-19,13842,589440
20260608,10,20263761,플레이브 아시아 투어 [대쉬: 퀀텀 리프] 앙코르 인 시네마,2026-06-03,8514,31390
20260615,1,20259781,토이 스토리 5,2026-06-17,870844,872381
20260615,2,20252402,군체,2026-05-21,314653,5420255
20260615,3,20248252,와일드 씽,2026-06-03,230820,1100543
20260615,4,20263030,백룸,2026-05-27,110689,1086746
20260615,5,20250655,디스클로저 데이,2026-06-10,48584,243254
20260615,6,20248484,신사: 악귀의 속삭임,2026-06-17,32304,33418
20260615,7,20259626,마이클,2026-05-13,22844,1611879
20260615,8,20261766,상자 속의 양,2026-06-10,21959,63712
20260615,9,20149629,비긴 어게인,2014-08-13,15958,3729396
20260615,10,20163018,싱 스트리트,2016-05-19,10875,600315
20260622,1,20259781,토이 스토리 5,2026-06-17,744942,1617323
20260622,2,20242402,눈동자,2026-06-24,302120,305222
20260622,3,20252402,군체,2026-05-21,186507,5606762
20260622,4,20248252,와일드 씽,2026-06-03,133496,1234039
20260622,5,20250489,슈퍼걸,2026-06-24,111847,111847
20260622,6,20263030,백룸,2026-05-27,67207,1153953
20260622,7,20250655,디스클로저 데이,2026-06-10,12565,255819
20260622,8,20248484,신사: 악귀의 속삭임,2026-06-17,12293,45711
20260622,9,20261524,짝사랑 세계,2026-06-24,11174,11606
20260622,10,20149629,비긴 어게인,2014-08-13,11080,3740476
20260629,1,20259781,토이 스토리 5,2026-06-17,601158,2218481
20260629,2,20242402,눈동자,2026-06-24,537462,842684
20260629,3,20252402,군체,2026-05-21,128289,5735051
20260629,4,20248252,와일드 씽,2026-06-03,69572,1303611
20260629,5,20263530,마티 슈프림,2026-07-01,69065,70262
20260629,6,20264027,극장판 도라에몽: 신 진구의 해저비밀성,2026-07-01,39155,40057
20260629,7,20263030,백룸,2026-05-27,38130,1192083
20260629,8,20264056,그린랜드 2: 마이그레이션,2026-07-01,35155,35573
20260629,9,20250489,슈퍼걸,2026-06-24,26709,138556
20260629,10,20264427,극장판 암살교실 모두의 시간,2026-07-01,17220,17220
20260706,1,20259946,모아나,2026-07-08,511456,511456
20260706,2,20242402,눈동자,2026-06-24,434554,1277238
20260706,3,20259781,토이 스토리 5,2026-06-17,361815,2580296
20260706,4,20252402,군체,2026-05-21,72022,5807073
20260706,5,20262902,다윗,2026-07-10,59310,75469
20260706,6,20263530,마티 슈프림,2026-07-01,31828,102090
20260706,7,20248252,와일드 씽,2026-06-03,29617,1333228
20260706,8,20264027,극장판 도라에몽: 신 진구의 해저비밀성,2026-07-01,17093,57150
20260706,9,20263030,백룸,2026-05-27,16980,1209063
20260706,10,20264056,그린랜드 2: 마이그레이션,2026-07-01,16970,52543
20260713,1,20233219,호프,2026-07-15,2118949,2129629
20260713,2,20261784,미니언즈 & 몬스터즈,2026-07-15,370851,374688
20260713,3,20259946,모아나,2026-07-08,260631,772087
20260713,4,20259781,토이 스토리 5,2026-06-17,169869,2750165
20260713,5,20242402,눈동자,2026-06-24,153970,1431208
20260713,6,20262902,다윗,2026-07-10,84281,159750
20260713,7,20252402,군체,2026-05-21,26808,5833881
20260713,8,20263530,마티 슈프림,2026-07-01,14993,117083
20260713,9,20264027,극장판 도라에몽: 신 진구의 해저비밀성,2026-07-01,8586,65736
20260713,10,20248252,와일드 씽,2026-06-03,7654,1340882
20260720,1,20233219,호프,2026-07-15,1286040,3415669
20260720,2,20261784,미니언즈 & 몬스터즈,2026-07-15,188274,562962
20260720,3,20259946,모아나,2026-07-08,137148,909235
20260720,4,20259781,토이 스토리 5,2026-06-17,86956,2837121
20260720,5,20242402,눈동자,2026-06-24,80406,1511614
20260720,6,20262902,다윗,2026-07-10,60601,220351
20260720,7,20264665,드림 애니멀즈: 더무비,2026-07-24,16703,24404
20260720,8,20252402,군체,2026-05-21,8849,5842730
20260720,9,20263530,마티 슈프림,2026-07-01,8224,125307
20260720,10,20264753,호컴,2026-07-22,6862,7972
20260727,1,20262770,스파이더맨: 브랜드 뉴 데이,2026-07-29,3388311,3388311
20260727,2,20233219,호프,2026-07-15,694870,4110539
20260727,3,20261784,미니언즈 & 몬스터즈,2026-07-15,150978,713940
20260727,4,20259946,모아나,2026-07-08,90712,999947
20260727,5,20259781,토이 스토리 5,2026-06-17,75089,2912210
20260727,6,20262902,다윗,2026-07-10,42998,263349
20260727,7,20242402,눈동자,2026-06-24,25761,1537375
20260727,8,20264148,어떻게 해야 했을까?,2026-07-29,23766,24008
20260727,9,20262381,사랑의 하츄핑: 고래보석의 전설,2026-08-05,23006,26496
20260727,10,20264665,드림 애니멀즈: 더무비,2026-07-24,17592,41996
20260803,1,20262770,스파이더맨: 브랜드 뉴 데이,2026-07-29,2528021,5916332
20260803,2,20250654,오디세이,2026-08-05,1874131,1874755
20260803,3,20262381,사랑의 하츄핑: 고래보석의 전설,2026-08-05,407308,433804
20260803,4,20233219,호프,2026-07-15,283324,4393863
20260803,5,20261784,미니언즈 & 몬스터즈,2026-07-15,49350,763290
20260803,6,20259781,토이 스토리 5,2026-06-17,27166,2939376
20260803,7,20262902,다윗,2026-07-10,26001,289350
20260803,8,20264148,어떻게 해야 했을까?,2026-07-29,25720,49728
20260803,9,20259946,모아나,2026-07-08,20982,1020929
20260803,10,20264635,명탐정 코난: 하이웨이의 타천사,2026-08-12,8828,8828
20260810,1,20250654,오디세이,2026-08-05,2667664,4542419
20260810,2,20262770,스파이더맨: 브랜드 뉴 데이,2026-07-29,1362991,7279323
20260810,3,20264635,명탐정 코난: 하이웨이의 타천사,2026-08-12,217197,226025
20260810,4,20262381,사랑의 하츄핑: 고래보석의 전설,2026-08-05,199719,633523
20260810,5,20255484,오케이 마담2,2026-08-12,192181,203964
20260810,6,20233219,호프,2026-07-15,81690,4475553
20260810,7,20262945,퍼피 구조대: 더 다이노 무비,2026-08-13,43879,47625
20260810,8,20264148,어떻게 해야 했을까?,2026-07-29,19584,69312
20260810,9,20261784,미니언즈 & 몬스터즈,2026-07-15,9460,772750
20260810,10,20262902,다윗,2026-07-10,9344,298694
20260817,1,20250654,오디세이,2026-08-05,2566915,7109334
20260817,2,20262770,스파이더맨: 브랜드 뉴 데이,2026-07-29,848280,8127603
20260817,3,20262381,사랑의 하츄핑: 고래보석의 전설,2026-08-05,154713,788236
20260817,4,20264635,명탐정 코난: 하이웨이의 타천사,2026-08-12,130249,356274
20260817,5,20255484,오케이 마담2,2026-08-12,101543,305507
20260817,6,20264035,인시디어스: 그들이 넘어왔다,2026-08-20,93920,93920
20260817,7,20262945,퍼피 구조대: 더 다이노 무비,2026-08-13,47980,95605
20260817,8,20233219,호프,2026-07-15,42840,4518393
20260817,9,20100810,마루 밑 아리에티,2010-09-09,17436,1086258
20260817,10,20264148,어떻게 해야 했을까?,2026-07-29,15280,84592
20121112,1,20124054,늑대소년,2012-10-31,1489671,5093547
20121112,2,20126469,브레이킹 던 part2,2012-11-15,1080606,1080714
20121112,3,20124075,내가 살인범이다,2012-11-08,811508,1538285
20121112,4,20124079,"광해, 왕이 된 남자",2012-09-13,198822,11933661
20121112,5,20113461,007 스카이폴,2012-10-26,165138,2285051
20121112,6,20126089,자칼이 온다,2012-11-15,133459,140131
20121112,7,20120562,업사이드 다운,2012-11-08,43041,169384
20121112,8,20120421,살인소설,2012-11-15,33345,33809
20121112,9,20120362,나우이즈굿 ,2012-11-08,21939,56691
20121112,10,20124057,용의자X,2012-10-18,15405,1549944
20121119,1,20124054,늑대소년,2012-10-31,921971,6015518
20121119,2,20126469,브레이킹 던 part2,2012-11-15,860024,1940738
20121119,3,20124075,내가 살인범이다,2012-11-08,571139,2109424
20121119,4,20124348,돈 크라이 마미,2012-11-22,536041,538117
20121119,5,20127546,남영동1985,2012-11-22,181245,188019
20121119,6,20124079,"광해, 왕이 된 남자",2012-09-13,130824,12064485
20121119,7,20113461,007 스카이폴,2012-10-26,64368,2349419
20121119,8,20126089,자칼이 온다,2012-11-15,61300,201431
20121119,9,20126407,가디언즈,2012-11-29,56846,56846
20121119,10,20125406,음치 클리닉 ,2012-11-29,38148,42251
