영화코드,영화명,개봉일,장르,대표장르,국가,대표국가
19820019,만추,20110217,멜로/로맨스,멜로/로맨스,"한국,미국,홍콩",한국
19880001,이웃집 토토로,20010728,"애니메이션,드라마",애니메이션,일본,일본
19888010,시네마 천국,19900707,"드라마,멜로/로맨스",드라마,"프랑스,이탈리아",프랑스
19900100,,,,,,
19910182,늑대와 춤을,19910331,"서부극(웨스턴),드라마",서부극(웨스턴),미국,미국
19910247,터미네이터2 3D,19910706,"액션,SF,스릴러",액션,미국,미국
19920231,미녀와 야수,19920704,"애니메이션,드라마,가족",애니메이션,미국,미국
19930176,쥬라기 공원,19930717,"SF,액션,어드벤처",SF,미국,미국
19940256,라이온 킹,19940702,"애니메이션,어드벤처,가족,뮤지컬,드라마",애니메이션,미국,미국
19950084,쇼생크 탈출,19950204,드라마,드라마,미국,미국
19950095,레옹,19950218,"액션,범죄",액션,프랑스,프랑스
19960041,아기공룡 둘리-얼음별 대모험,19960724,"애니메이션,어드벤처,코미디,가족",애니메이션,한국,한국
19960126,비포 선라이즈,19960330,"멜로/로맨스,드라마",멜로/로맨스,"미국,오스트리아 ,스위스",미국
19970100,첨밀밀,19970301,멜로/로맨스,멜로/로맨스,홍콩,홍콩
19978805,큐어,20220706,공포(호러),공포(호러),일본,일본
19980074,타이타닉,19980220,"드라마,멜로/로맨스,액션",드라마,미국,미국
19980231,트루먼 쇼,19981024,"드라마,코미디,판타지",드라마,미국,미국
19988717,명탐정 코난: 14번째 표적,20250214,애니메이션,애니메이션,일본,일본
19990140,인생은 아름다워,19990306,"드라마,전쟁,코미디",드라마,이탈리아,이탈리아
19990216,스타워즈:에피소드1 보이지 않는 위험,19990626,"SF,액션,어드벤처,판타지",SF,미국,미국
19990220,노팅 힐,19990703,"멜로/로맨스,코미디",멜로/로맨스,"미국,영국",미국
20010083,반지의 제왕 : 반지원정대,20011231,드라마,드라마,미국,미국
20010238,메멘토,20010824,"미스터리,범죄,스릴러",미스터리,미국,미국
20010241,브리짓 존스의 일기,20010901,"멜로/로맨스,코미디",멜로/로맨스,영국,영국
20010291,해리포터와 마법사의 돌,20011213,"가족,판타지",가족,미국,미국
20010292,몬스터 주식회사,20011220,"애니메이션,코미디",애니메이션,미국,미국
20020168,센과 치히로의 행방불명,20020627,"애니메이션,어드벤처,가족,판타지",애니메이션,일본,일본
20020186,헤드윅,20020809,뮤지컬,뮤지컬,미국,미국
20020222,해리포터와 비밀의 방,20021213,드라마,드라마,미국,미국
20020234,반지의 제왕 : 두 개의 탑,20021219,"액션,어드벤처,판타지",액션,미국,미국
20030047,모노노케 히메,20030425,"애니메이션,드라마,액션,어드벤처",애니메이션,일본,일본
20030072,니모를 찾아서,20030605,"애니메이션,코미디,어드벤처,가족",애니메이션,미국,미국
20030206,베이직,20040206,액션,액션,미국,미국
20030272,4월 이야기,20000408,"멜로/로맨스,드라마",멜로/로맨스,일본,일본
20030316,반지의 제왕 : 왕의 귀환,20031217,"판타지,어드벤처",판타지,미국,미국
20030350,올드보이,20031121,스릴러,스릴러,한국,한국
20030371,태극기 휘날리며,20040205,"전쟁,드라마",전쟁,한국,한국
20030401,바람계곡의 나우시카,20001230,"애니메이션,어드벤처,판타지,SF",애니메이션,일본,일본
20030404,러브 액츄얼리,20031205,"멜로/로맨스,드라마,코미디",멜로/로맨스,"미국,영국",미국
20030408,해피 에로 크리스마스,20031217,드라마,드라마,한국,한국
20030410,실미도,20031224,전쟁,전쟁,한국,한국
20030413,목포는 항구다,20040220,"드라마,코미디",드라마,한국,한국
20030420,동해물과 백두산이,20031231,코미디,코미디,한국,한국
20030426,더 캣,20031231,"판타지,어드벤처",판타지,미국,미국
20030430,라스트 사무라이,20040109,액션,액션,미국,미국
20030433,말죽거리 잔혹사,20040116,"액션,멜로/로맨스",액션,한국,한국
20030434,안녕! 유에프오,20040130,드라마,드라마,한국,한국
20030435,내사랑 싸가지,20040116,코미디,코미디,한국,한국
20030436,브라더 베어,20040116,드라마,드라마,미국,미국
20030437,런어웨이,20040130,스릴러,스릴러,미국,미국
20030439,그녀를 모르면 간첩,20040130,코미디,코미디,한국,한국
20030440,자토이치,20040130,액션,액션,일본,일본
20040441,빙우,20040116,드라마,드라마,한국,한국
20040442,피터 팬,20040116,"어드벤처,가족,판타지",어드벤처,미국,미국
20040443,페이첵,20040122,액션,액션,미국,미국
20040446,그녀를 믿지 마세요,20040220,코미디,코미디,한국,한국
20040447,스쿨 오브 락,20040227,코미디,코미디,영국,영국
20040448,타임라인,20040227,SF,SF,미국,미국
20040455,무간도3: 종극무간,20040702,드라마,드라마,홍콩,홍콩
20040456,어깨동무,20040312,코미디,코미디,한국,한국
20040459,스파이 키드 3D,20040213,액션,액션,미국,미국
20040460,열두명의 웬수들,20040213,코미디,코미디,미국,미국
20040461,콜드 마운틴,20040220,전쟁,전쟁,미국,미국
20040462,빅 피쉬,20040305,판타지,판타지,미국,미국
20040464,8명의 여인들,20040227,코미디,코미디,프랑스,프랑스
20040467,사랑할 때 버려야 할 아까운 것들,20040213,코미디,코미디,미국,미국
20040471,어디선가 누군가에 무슨일이 생기면 틀림없이 나타난다 홍반장,20040312,코미디,코미디,한국,한국
20040472,귀여워,20041126,"드라마,코미디",드라마,한국,한국
20040476,사랑도 통역이 되나요?,20040220,"멜로/로맨스,액션",멜로/로맨스,미국,미국
20040479,휴먼 스테인,20040305,드라마,드라마,미국,미국
20040481,어린 신부,20040402,코미디,코미디,한국,한국
20040482,맹부삼천지교,20040326,코미디,코미디,한국,한국
20040483,효자동 이발사,20040505,드라마,드라마,한국,한국
20040484,하류인생,20040521,액션,액션,한국,한국
20040486,마지막 늑대,20040401,코미디,코미디,한국,한국
20040487,범죄의 재구성,20040415,스릴러,스릴러,한국,한국
20040488,아라한 장풍대작전,20040430,"액션,드라마",액션,한국,한국
20040489,여자는 남자의 미래다,20040505,드라마,드라마,한국,한국
20040490,투모로우,20040603,SF,SF,미국,미국
20040491,스파이더맨 2,20040630,SF,SF,미국,미국
20040496,아홉살 인생,20040326,드라마,드라마,한국,한국
20040498,그놈은 멋있었다,20040722,코미디,코미디,한국,한국
20040499,저지 걸,20040409,멜로/로맨스,멜로/로맨스,미국,미국
20040505,사마리아,20040305,드라마,드라마,한국,한국
20040506,허니,20040326,드라마,드라마,미국,미국
20040509,모나리자 스마일,20040319,드라마,드라마,미국,미국
20040512,헌티드,20040312,액션,액션,미국,미국
20040514,바람의 전설,20040409,드라마,드라마,한국,한국
20040515,인어 공주,20040630,드라마,드라마,한국,한국
20040519,히달고,20040319,액션,액션,미국,미국
20040521,더티 댄싱 - 하바나 나이트,20040423,멜로/로맨스,멜로/로맨스,미국,미국
20040522,폴리와 함께,20040402,멜로/로맨스,멜로/로맨스,미국,미국
20040524,테이킹 라이브즈,20040415,스릴러,스릴러,미국,미국
20040525,패션 오브 크라이스트,20040402,드라마,드라마,미국,미국
20040526,첫키스만 50번째,20040415,코미디,코미디,미국,미국
20040528,고티카,20040402,공포(호러),공포(호러),미국,미국
20040533,인 더 컷,20040430,스릴러,스릴러,미국,미국
20040537,라이어,20040423,"코미디,멜로/로맨스",코미디,한국,한국
20040543,스쿠비-두2 : 몬스터 대소동,20040430,코미디,코미디,미국,미국
20040544,스타스키와 허치,20040430,액션,액션,미국,미국
20040549,천공의 성 라퓨타,20040430,애니메이션,애니메이션,일본,일본
20040553,새벽의 저주,20040514,"공포(호러),스릴러",공포(호러),"미국,캐나다,일본,프랑스",미국
20040554,가족,20040903,드라마,드라마,한국,한국
20040555,트로이,20040521,사극,사극,미국,미국
20040556,킬 빌2,20040514,액션,액션,미국,미국
20040559,나두야 간다,20040625,코미디,코미디,한국,한국
20040566,슈렉2,20040618,애니메이션,애니메이션,미국,미국
20040567,투 가이즈,20040709,코미디,코미디,한국,한국
20040568,내 여자친구를 소개합니다,20040603,"멜로/로맨스,드라마",멜로/로맨스,한국,한국
20040569,디 아이2,20040526,공포(호러),공포(호러),홍콩,홍콩
20040570,옹박 - 무에타이의 후예,20040526,액션,액션,태국,태국
20040571,령,20040617,공포(호러),공포(호러),한국,한국
20040573,킹 아더,20040723,사극,사극,미국,미국
20040576,늑대의 유혹,20040722,드라마,드라마,한국,한국
20040579,블러디 선데이,20040618,드라마,드라마,영국,영국
20040580,반 헬싱,20040730,액션,액션,미국,미국
20040581,퀸카로 살아남는 법,20040903,코미디,코미디,미국,미국
20040582,내 남자 친구는 왕자님,20040618,멜로/로맨스,멜로/로맨스,미국,미국
20040583,아는 여자,20040625,드라마,드라마,한국,한국
20040585,내 남자의 로맨스,20040716,드라마,드라마,한국,한국
20040588,레이디킬러,20040604,코미디,코미디,미국,미국
20040589,페이스,20040611,공포(호러),공포(호러),한국,한국
20040591,데스티네이션 2,20040611,공포(호러),공포(호러),미국,미국
20040592,몬스터,20040618,드라마,드라마,독일,독일
20040593,분신사바,20040805,공포(호러),공포(호러),한국,한국
20040595,"달마야, 서울 가자",20040709,코미디,코미디,한국,한국
20040596,바람의 파이터,20040812,액션,액션,한국,한국
20040597,"아이, 로봇",20040730,SF,SF,미국,미국
20040598,해리포터와 아즈카반의 죄수,20040716,드라마,드라마,미국,미국
20040600,프레디 대 제이슨-13일의 금요일11,20040827,공포(호러),공포(호러),미국,미국
20040605,착신아리,20040709,공포(호러),공포(호러),일본,일본
20040608,거미숲,20040903,"미스터리,범죄",미스터리,한국,한국
20040610,화씨 911,20040722,다큐멘터리,다큐멘터리,미국,미국
20040612,신부수업,20040805,"드라마,멜로/로맨스",드라마,한국,한국
20040613,알포인트,20040820,전쟁,전쟁,한국,한국
20040614,인형사,20040730,공포(호러),공포(호러),한국,한국
20040615,본 슈프리머시,20040820,액션,액션,미국,미국
20040616,가필드,20040819,코미디,코미디,미국,미국
20040617,시실리 2km,20040813,코미디,코미디,한국,한국
20040618,리딕 - 헬리온 최후의 빛,20040813,SF,SF,미국,미국
20040619,슈퍼스타 감사용,20040917,드라마,드라마,한국,한국
20040623,헬보이,20040820,SF,SF,미국,미국
20040624,누구나 비밀은 있다,20040730,"코미디,멜로/로맨스",코미디,한국,한국
20040625,얼굴 없는 미녀,20040806,스릴러,스릴러,한국,한국
20040628,우리 형,20041008,드라마,드라마,한국,한국
20040631,터미널,20040827,드라마,드라마,미국,미국
20040637,쓰리 몬스터,20040820,공포(호러),공포(호러),"한국,홍콩,일본",한국
20040638,텍사스 전기톱 연쇄살인사건,20050616,공포(호러),공포(호러),미국,미국
20040640,연인,20040910,"멜로/로맨스,액션",멜로/로맨스,중국,중국
20040641,S 다이어리,20041022,코미디,코미디,한국,한국
20040642,80일간의 세계 일주,20040917,"코미디,드라마,어드벤처,액션",코미디,미국,미국
20040648,에이리언 VS 프레데터,20040903,SF,SF,미국,미국
20040649,귀신이 산다,20040917,"코미디,공포(호러),판타지",코미디,한국,한국
20040650,빌리지,20040924,공포(호러),공포(호러),미국,미국
20040651,꽃피는 봄이 오면,20040923,드라마,드라마,한국,한국
20040655,콜래트럴,20041015,액션,액션,미국,미국
20040656,세상의 중심에서 사랑을 외치다,20041008,멜로/로맨스,멜로/로맨스,일본,일본
20040657,여선생 VS 여제자,20041117,코미디,코미디,한국,한국
20040658,썸,20041022,스릴러,스릴러,한국,한국
20040659,돈 텔 파파,20040903,코미디,코미디,한국,한국
20040669,캣우먼,20040924,액션,액션,미국,미국
20040670,맨 온 파이어,20040924,액션,액션,미국,미국
20040671,주홍글씨,20041029,"스릴러,멜로/로맨스",스릴러,한국,한국
20040672,발레 교습소,20041203,드라마,드라마,한국,한국
20040673,내 머리 속의 지우개,20041105,멜로/로맨스,멜로/로맨스,한국,한국
20040676,스텝포드 와이프,20041001,코미디,코미디,미국,미국
20040680,21 그램,20041023,드라마,드라마,미국,미국
20040682,역도산,20041215,드라마,드라마,한국,한국
20040685,프린세스 다이어리 2,20041029,멜로/로맨스,멜로/로맨스,미국,미국
20040687,아나콘다2 : 사라지지 않는 저주,20050415,공포(호러),공포(호러),미국,미국
20040688,빈집,20041015,드라마,드라마,한국,한국
20040689,비포 선셋,20041022,드라마,드라마,미국,미국
20040690,2046,20041015,드라마,드라마,홍콩,홍콩
20040694,완벽한 그녀에게 딱 한가지 없는 것,20041105,코미디,코미디,미국,미국
20040695,이프 온리,20041029,"멜로/로맨스,판타지",멜로/로맨스,미국,미국
20040696,레지던트 이블 2-아포칼립스,20041105,액션,액션,미국,미국
20040698,쉘 위 댄스,20041112,드라마,드라마,미국,미국
20040700,나비효과,20041112,드라마,드라마,미국,미국
20040702,윔블던,20050325,드라마,드라마,영국,영국
20040704,하나와 앨리스,20041117,드라마,드라마,일본,일본
20040705,월드 오브 투모로우,20050114,SF,SF,미국,미국
20040706,알렉산더,20041231,"전쟁,드라마",전쟁,미국,미국
20040711,화이트 칙스,20041117,코미디,코미디,미국,미국
20040715,포가튼,20041203,스릴러,스릴러,미국,미국
20040716,모터사이클 다이어리,20041112,드라마,드라마,영국,영국
20040717,블레이드 3,20041215,액션,액션,미국,미국
20040720,택시: 더 멕시멈,20041117,액션,액션,미국,미국
20040721,오페라의 유령,20041208,"뮤지컬,드라마",뮤지컬,미국,미국
20040723,사랑에 빠지는 아주 특별한 법칙,20041112,멜로/로맨스,멜로/로맨스,아일랜드,아일랜드
20040725,화양연화,20001020,"드라마,멜로/로맨스",드라마,"홍콩,프랑스",홍콩
20040731,엑소시스트: 더 비기닝,20041117,공포(호러),공포(호러),미국,미국
20040734,노트북,20041126,멜로/로맨스,멜로/로맨스,미국,미국
20040736,엘프,20041215,코미디,코미디,미국,미국
20040738,"DMZ, 비무장지대",20041126,"드라마,전쟁",드라마,한국,한국
20040741,래더 49,20050325,드라마,드라마,미국,미국
20040743,브리짓 존스의 일기2 : 열정과 애정,20041208,"멜로/로맨스,드라마",멜로/로맨스,영국,영국
20040744,샤크,20050107,"애니메이션,코미디",애니메이션,미국,미국
20040745,인크레더블,20041215,애니메이션,애니메이션,미국,미국
20040746,서바이빙 크리스마스,20041224,코미디,코미디,미국,미국
20040748,폴라 익스프레스,20041223,애니메이션,애니메이션,미국,미국
20040749,에비에이터,20050218,"드라마,어드벤처,멜로/로맨스",드라마,독일,독일
20040750,신석기 블루스,20041230,코미디,코미디,한국,한국
20040751,"여자, 정혜",20050310,드라마,드라마,한국,한국
20040752,까불지마,20041203,드라마,드라마,한국,한국
20040754,블랙아웃,20050407,스릴러,스릴러,독일,독일
20040755,내셔널 트레져,20041231,액션,액션,미국,미국
20040756,하울의 움직이는 성,20041223,애니메이션,애니메이션,일본,일본
20040761,룩 앳 미,,드라마,드라마,,
20040766,여고생 시집가기,20041223,코미디,코미디,한국,한국
20040771,레드 아이,20050218,공포(호러),공포(호러),한국,한국
20040772,역전의 명수,20050415,코미디,코미디,한국,한국
20040774,몽정기2,20050114,코미디,코미디,한국,한국
20040775,키다리 아저씨,20050114,드라마,드라마,한국,한국
20040776,쿵푸 허슬,20050114,코미디,코미디,중국,중국
20040778,마파도,20050310,코미디,코미디,한국,한국
20040779,레모니 스니켓의 위험한 대결,20050128,코미디,코미디,미국,미국
20040781,피닉스,20050204,액션,액션,미국,미국
20040785,말아톤,20050127,드라마,드라마,한국,한국
20040786,공공의 적 2,20050127,드라마,드라마,한국,한국
20040790,뉴 폴리스 스토리,20050121,액션,액션,홍콩,홍콩
20040791,엘렉트라,20050121,액션,액션,미국,미국
20040793,"제니, 주노",20050218,드라마,드라마,한국,한국
20040797,마더 데레사,20050121,드라마,드라마,이탈리아,이탈리아
20040798,클로저,20050203,"멜로/로맨스,드라마",멜로/로맨스,미국,미국
20041524,극장판 포켓몬스터 AG - 아름다운 소원의 별 지라치,20140813,애니메이션,애니메이션,일본,일본
20048103,오션스 트웰브,20050107,"범죄,코미디",범죄,"호주,미국",호주
20048799,명탐정 코난:은빛 날개의 마술사,20130124,애니메이션,애니메이션,일본,일본
20050001,2005 [통합]패키지영화,,,,기타,기타
20050004,네버랜드를 찾아서,20050225,드라마,드라마,미국,미국
20050007,그때 그 사람들,20050203,"미스터리,코미디",미스터리,한국,한국
20050008,B형 남자친구,20050203,코미디,코미디,한국,한국
20050010,콘스탄틴,20050208,"드라마,액션,스릴러,판타지",드라마,미국,미국
20050011,파송송 계란탁,20050218,코미디,코미디,한국,한국
20050012,레이,20050225,드라마,드라마,미국,미국
20050013,잠복근무,20050317,"코미디,액션",코미디,한국,한국
20050014,쏘우,20050310,"스릴러,공포(호러)",스릴러,미국,미국
20050016,나인 야드 2,20050224,코미디,코미디,미국,미국
20050017,달콤한 인생,20050401,액션,액션,한국,한국
20050018,숨바꼭질,20050225,"드라마,공포(호러),스릴러",드라마,미국,미국
20050027,코러스,20050303,드라마,드라마,프랑스,프랑스
20050028,밀리언 달러 베이비,20050310,드라마,드라마,미국,미국
20050029,엄마,20050407,드라마,드라마,한국,한국
20050033,Mr.히치: 당신을 위한 데이트 코치,20050311,"멜로/로맨스,코미디",멜로/로맨스,미국,미국
20050034,미트 페어런츠2,20050415,코미디,코미디,미국,미국
20050037,호스티지,20050318,스릴러,스릴러,미국,미국
20050039,유희왕,20100128,"애니메이션,액션,어드벤처",애니메이션,일본,일본
20050042,"지금, 만나러 갑니다",20050325,"드라마,멜로/로맨스,판타지",드라마,일본,일본
20050045,"안녕, 형아",20050527,드라마,드라마,한국,한국
20050046,남극일기,20050519,스릴러,스릴러,한국,한국
20050048,미스 에이전트2 : 라스베가스 잠입사건,20050401,"액션,코미디",액션,미국,미국
20050049,주먹이 운다(Crying Fist),20050401,드라마,드라마,한국,한국
20050058,화이트 노이즈,20050408,"공포(호러),미스터리,스릴러",공포(호러),미국,미국
20050060,어바웃 러브,20050421,드라마,드라마,영국,영국
20050061,코치 카터,20050513,드라마,드라마,미국,미국
20050062,링2(2005),20050603,공포(호러),공포(호러),미국,미국
20050064,간 큰 가족,20050609,코미디,코미디,한국,한국
20050065,트리플 X2 : 넥스트 레벨,20050429,"범죄,액션,스릴러,어드벤처",범죄,미국,미국
20050069,인터프리터,20050422,"드라마,스릴러",드라마,영국,영국
20050072,착신아리2,20050429,공포(호러),공포(호러),일본,일본
20050074,밀리언즈,20050504,"코미디,드라마",코미디,영국,영국
20050076,혈의 누,20050504,스릴러,스릴러,한국,한국
20050077,댄서의 순정,20050428,드라마,드라마,한국,한국
20050078,킹덤 오브 헤븐,20050504,액션,액션,미국,미국
20050082,이터널 선샤인,20051110,멜로/로맨스,멜로/로맨스,미국,미국
20050083,연애술사,20050520,"멜로/로맨스,코미디",멜로/로맨스,한국,한국
20050084,씬 시티,20050630,"범죄,스릴러,액션",범죄,미국,미국
20050085,스타워즈 에피소드3 - 시스의복수,20050526,SF,SF,미국,미국
20050086,사과,20081016,"드라마,멜로/로맨스",드라마,한국,한국
20050087,그루지,20050526,공포(호러),공포(호러),일본,일본
20050092,"우리, 사랑일까요?",20050520,"드라마,코미디,멜로/로맨스",드라마,미국,미국
20050095,킨제이 보고서,20050513,드라마,드라마,미국,미국
20050101,하우스 오브 왁스,20050520,공포(호러),공포(호러),미국,미국
20050108,게스후,20050902,코미디,코미디,미국,미국
20050110,연애의 목적,20050610,"드라마,코미디,멜로/로맨스",드라마,한국,한국
20050112,배트맨 비긴즈,20050624,"범죄,액션,판타지",범죄,미국,미국
20050113,미스터 & 미세스 스미스,20050616,"멜로/로맨스,액션,어드벤처,스릴러",멜로/로맨스,미국,미국
20050115,사하라,20050624,"액션,어드벤처",액션,미국,미국
20050117,pm 11:14,20050602,"드라마,스릴러,범죄,코미디",드라마,미국,미국
20050126,패시파이어,20050603,"액션,코미디",액션,미국,미국
20050129,셔터,20050630,공포(호러),공포(호러),태국,태국
20050130,어썰트 13,20050707,"공포(호러),액션,드라마,범죄",공포(호러),미국,미국
20050131,아미티빌 호러,20050701,공포(호러),공포(호러),미국,미국
20050135,분홍신,20050630,공포(호러),공포(호러),한국,한국
20050137,우주전쟁,20050707,"드라마,액션,SF,스릴러",드라마,미국,미국
20050140,마다가스카,20050714,"애니메이션,코미디,어드벤처",애니메이션,미국,미국
20050141,천군,20050715,액션,액션,한국,한국
20050142,여고괴담 4 : 목소리,20050715,공포(호러),공포(호러),한국,한국
20050144,아일랜드,20050721,"SF,드라마,액션,스릴러",SF,미국,미국
20050145,판타스틱4,20050811,"액션,SF,판타지",액션,미국,미국
20050147,샤크보이와 라바걸의 모험 : 3-D,20050721,"SF,액션,판타지,가족",SF,미국,미국
20050148,친절한 금자씨,20050729,스릴러,스릴러,한국,한국
20050152,베니스의 상인,20051020,드라마,드라마,이탈리아,이탈리아
20050154,발리언트(애니),20050805,코미디,코미디,영국,영국
20050160,가발,20050812,공포(호러),공포(호러),한국,한국
20050164,더 독,20050916,"액션,스릴러",액션,프랑스,프랑스
20050168,로봇(애니),20050728,코미디,코미디,미국,미국
20050176,부기맨,20050728,공포(호러),공포(호러),미국,미국
20050178,박수칠 때 떠나라,20050811,"드라마,코미디,미스터리",드라마,한국,한국
20050179,스텔스,20050728,"액션,어드벤처,스릴러",액션,미국,미국
20050180,웰컴 투 동막골,20050804,"전쟁,드라마",전쟁,한국,한국
20050185,애프터 선셋,20050825,코미디,코미디,미국,미국
20050186,옹박 : 두번째 미션,20050818,액션,액션,태국,태국
20050189,"이대로, 죽을 순 없다(Short Time)",20050818,코미디,코미디,한국,한국
20050190,첼로-홍미주 일가 살인사건,20050818,공포(호러),공포(호러),한국,한국
20050198,인 굿 컴퍼니,20050826,"코미디,드라마",코미디,미국,미국
20050205,그녀는 요술쟁이,20050825,"코미디,멜로/로맨스,판타지",코미디,미국,미국
20050207,크림슨 리버2,20050901,"범죄,액션",범죄,"프랑스,영국,이탈리아",프랑스
20050216,형사 Duelist,20050908,"멜로/로맨스,액션",멜로/로맨스,한국,한국
20050218,랜드 오브 데드,20050902,"공포(호러),액션,스릴러",공포(호러),미국,미국
20050219,가문의 위기,20050907,코미디,코미디,한국,한국
20050220,외출,20050907,멜로/로맨스,멜로/로맨스,한국,한국
20050221,나이트 플라이트,20050909,"스릴러,액션",스릴러,미국,미국
20050222,신데렐라맨,20050915,드라마,드라마,미국,미국
20050225,찰리와 초콜릿 공장,20050916,"코미디,가족,판타지",코미디,미국,미국
20050228,보글보글 스폰지밥(애니),20050930,"애니메이션,코미디",애니메이션,미국,미국
20050229,4 브라더스,20051014,"액션,드라마,범죄",액션,미국,미국
20050232,내 생애 가장 아름다운 일주일,20051007,멜로/로맨스,멜로/로맨스,한국,한국
20050233,강력 3반,20050929,액션,액션,한국,한국
20050237,미스터 주부퀴즈왕,20050930,코미디,코미디,한국,한국
20050238,칠검,20050929,액션,액션,홍콩,홍콩
20050239,너는 내 운명,20050923,멜로/로맨스,멜로/로맨스,한국,한국
20050245,사랑니,20050929,멜로/로맨스,멜로/로맨스,한국,한국
20050249,날 미치게하는 남자,20051007,"코미디,멜로/로맨스,드라마",코미디,미국,미국
20050250,당신이 사랑하는 동안에,20051013,"드라마,멜로/로맨스,스릴러",드라마,미국,미국
20050253,유령신부(애니),20051103,"애니메이션,드라마,멜로/로맨스,판타지",애니메이션,영국,영국
20050254,퍼펙트 웨딩(몬스터 인 로),20051020,코미디,코미디,미국,미국
20050255,플라이트 플랜,20051118,드라마,드라마,미국,미국
20050256,새드무비,20051020,드라마,드라마,한국,한국
20050257,케이브,20051020,드라마,드라마,독일,독일
20050258,신화 : 진시황릉의 비밀,20051013,"액션,어드벤처,판타지",액션,홍콩,홍콩
20050259,트랜스포터 엑스트림,20051020,액션,액션,미국,미국
20050261,야수와 미녀,20051027,코미디,코미디,한국,한국
20050263,레전드 오브 조로,20051028,액션,액션,미국,미국
20050271,오로라 공주,20051027,"범죄,스릴러",범죄,한국,한국
20050276,"사랑해, 말순씨",20051103,드라마,드라마,한국,한국
20050277,40살까지 못해본 사람,20051104,"코미디,멜로/로맨스,드라마",코미디,미국,미국
20050278,월래스와 그로밋 : 거대토끼의 저주,20051104,"애니메이션,코미디,가족,어드벤처",애니메이션,영국,영국
20050280,미스터 소크라테스,20051110,액션,액션,한국,한국
20050283,"소년, 천국에 가다",20051111,드라마,드라마,한국,한국
20050284,도쿄타워,20051123,드라마,드라마,일본,일본
20050288,무영검,20051118,액션,액션,한국,한국
20050289,엘리자베스타운,20051118,"코미디,드라마,멜로/로맨스",코미디,미국,미국
20050290,로드 오브 워,20051118,"액션,드라마,범죄,스릴러",액션,미국,미국
20050291,그림형제 : 마르바덴 숲의 전설,20051117,"판타지,가족,어드벤처",판타지,미국,미국
20050292,광식이 동생 광태,20051123,코미디,코미디,한국,한국
20050305,나의 결혼원정기,20051123,드라마,드라마,한국,한국
20050306,애인,20051208,멜로/로맨스,멜로/로맨스,한국,한국
20050308,카리스마 탈출기,20060330,코미디,코미디,한국,한국
20050310,해리 포터와 불의 잔,20051201,"액션,판타지",액션,미국,미국
20050313,아치와 씨팍,20060628,"애니메이션,코미디,액션,SF,범죄",애니메이션,한국,한국
20050318,6월의 일기,20051201,"드라마,범죄",드라마,한국,한국
20050319,저스트 라이크 헤븐,20051201,"코미디,멜로/로맨스",코미디,미국,미국
20050320,둠,20051202,"액션,공포(호러),SF",액션,미국,미국
20050321,브로큰 플라워,,코미디,코미디,,
20050322,프라임 러브,20051208,"코미디,멜로/로맨스",코미디,미국,미국
20050324,킹콩,20051214,"드라마,어드벤처",드라마,미국,미국
20050326,태풍,20051214,"드라마,액션",드라마,한국,한국
20050330,작업의 정석,20051221,코미디,코미디,한국,한국
20050331,"우리, 사랑해도 되나요?",20051215,"멜로/로맨스,드라마,코미디",멜로/로맨스,미국,미국
20050332,파랑주의보,20051222,드라마,드라마,한국,한국
20050333,왕의 남자,20051229,드라마,드라마,한국,한국
20050338,"나니아 연대기-사자,마녀 그리고 옷장",20051229,"가족,어드벤처,판타지",가족,미국,미국
20050342,청연,20051229,드라마,드라마,한국,한국
20050344,여교수의 은밀한 매력,20060316,코미디,코미디,한국,한국
20050345,야수,20060112,액션,액션,한국,한국
20050346,싸움의 기술,20060105,코미디,코미디,한국,한국
20050349,홀리데이,20060119,"드라마,스릴러,범죄",드라마,한국,한국
20050350,데이지,20060309,멜로/로맨스,멜로/로맨스,"한국,네덜란드,홍콩",한국
20050351,쏘우 2,20060216,"공포(호러),스릴러",공포(호러),미국,미국
20050352,당신이 그녀라면,20060112,"코미디,드라마",코미디,미국,미국
20050353,퍼햅스 러브,20060105,뮤지컬,뮤지컬,홍콩,홍콩
20050354,사랑을 놓치다,20060126,"멜로/로맨스,드라마",멜로/로맨스,한국,한국
20050355,음란서생,20060223,"사극,코미디",사극,한국,한국
20050359,무극,20060126,"멜로/로맨스,액션,판타지",멜로/로맨스,중국,중국
20050360,내니맥피-우리 유모는 마법사,20060203,"코미디,가족",코미디,영국,영국
20050361,투 브라더스,20060120,"드라마,가족,어드벤처",드라마,"프랑스,영국",프랑스
20050362,게이샤의 추억,20060202,드라마,드라마,미국,미국
20050363,투사부일체,20060119,코미디,코미디,한국,한국
20050364,치킨리틀,20060126,"애니메이션,코미디,어드벤처",애니메이션,미국,미국
20051060,극장판 포켓몬스터 AG: 뮤와 파동의 용사 루카리오,20250122,애니메이션,애니메이션,일본,일본
20058720,명탐정 코난 : 수평선상의 음모,20130807,애니메이션,애니메이션,일본,일본
20060005,맨발의 기봉이,20060426,"드라마,코미디,가족",드라마,한국,한국
20060015,백만장자의 첫사랑,20060209,"멜로/로맨스,코미디",멜로/로맨스,한국,한국
20060016,뮌헨,20060210,"스릴러,드라마,범죄",스릴러,미국,미국
20060017,흡혈형사 나도열,20060209,"코미디,드라마",코미디,한국,한국
20060018,빨간모자의 진실,20060406,"애니메이션,코미디",애니메이션,미국,미국
20060019,구세주,20060216,"코미디,액션,멜로/로맨스",코미디,한국,한국
20060022,폭풍우 치는 밤에,20060209,애니메이션,애니메이션,일본,일본
20060024,파이어월,20060217,"액션,스릴러,범죄",액션,미국,미국
20060025,손님은 왕이다,20060223,"드라마,범죄,미스터리",드라마,한국,한국
20060031,언더월드2 - 에볼루션,20060223,"액션,공포(호러),판타지",액션,미국,미국
20060033,오만과 편견,20060324,"멜로/로맨스,드라마",멜로/로맨스,미국,미국
20060038,웨딩 크래셔,20060301,코미디,코미디,미국,미국
20060040,브로크백 마운틴,20060301,드라마,드라마,미국,미국
20060042,앙코르,20060309,드라마,드라마,미국,미국
20060046,방과후 옥상,20060316,코미디,코미디,한국,한국
20060047,로망스,20060316,멜로/로맨스,멜로/로맨스,한국,한국
20060048,브이 포 벤데타,20060316,액션,액션,미국,미국
20060050,무인 곽원갑,20060323,액션,액션,중국,중국
20060051,청춘만화,20060323,"코미디,멜로/로맨스",코미디,한국,한국
20060052,엑소시즘 오브 에밀리 로즈,20060413,공포(호러),공포(호러),미국,미국
20060056,원초적 본능 2,20060330,스릴러,스릴러,미국,미국
20060057,뻔뻔한 딕&제인,20060330,"코미디,범죄",코미디,미국,미국
20060067,시리아나,20060330,"스릴러,드라마",스릴러,미국,미국
20060068,"달콤, 살벌한 연인",20060406,"스릴러,멜로/로맨스",스릴러,한국,한국
20060070,구타유발자들,20060531,"코미디,범죄",코미디,한국,한국
20060073,크래쉬,20060406,"드라마,범죄,미스터리",드라마,미국,미국
20060075,달콤한 백수와 사랑만들기,20060407,"멜로/로맨스,코미디",멜로/로맨스,미국,미국
20060076,에디슨 시티,20060406,액션,액션,미국,미국
20060077,연리지,20060413,"멜로/로맨스,드라마",멜로/로맨스,한국,한국
20060080,드리머,20060413,드라마,드라마,미국,미국
20060082,매치 포인트,20060413,"멜로/로맨스,드라마",멜로/로맨스,"영국,미국",영국
20060085,도마뱀,20060427,"멜로/로맨스,드라마",멜로/로맨스,한국,한국
20060087,인사이드 맨,20060421,"드라마,범죄",드라마,미국,미국
20060088,마이 캡틴 김대출,20060420,"코미디,드라마",코미디,한국,한국
20060089,식스틴블럭,20060420,"액션,범죄",액션,미국,미국
20060090,아이스 에이지 2,20060420,"애니메이션,코미디,어드벤처",애니메이션,미국,미국
20060093,국경의 남쪽,20060504,드라마,드라마,한국,한국
20060100,사생결단,20060427,액션,액션,한국,한국
20060107,미션 임파서블 3,20060503,액션,액션,미국,미국
20060112,공필두,20060511,코미디,코미디,한국,한국
20060113,파이널 데스티네이션,20060511,"공포(호러),드라마",공포(호러),미국,미국
20060117,다빈치 코드,20060518,"미스터리,스릴러",미스터리,미국,미국
20060119,개구리중사 케로로,20060504,"애니메이션,코미디",애니메이션,일본,일본
20060121,안소니 짐머,20060511,스릴러,스릴러,프랑스,프랑스
20060123,가족의 탄생,20060518,드라마,드라마,한국,한국
20060124,호로비츠를 위하여,20060525,드라마,드라마,한국,한국
20060125,"생, 날선생",20060525,코미디,코미디,한국,한국
20060126,행운을 돌려줘!,20060525,"멜로/로맨스,코미디",멜로/로맨스,미국,미국
20060129,포세이돈,20060531,"액션,드라마,스릴러",액션,미국,미국
20060130,헷지,20060531,"애니메이션,코미디",애니메이션,미국,미국
20060134,짝패,20060525,액션,액션,한국,한국
20060135,모노폴리,20060601,범죄,범죄,한국,한국
20060136,엑스맨 : 최후의 전쟁,20060615,"SF,액션",SF,미국,미국
20060137,비열한 거리,20060615,"액션,범죄,드라마",액션,한국,한국
20060138,강적,20060622,"액션,드라마",액션,한국,한국
20060139,하프 라이트,20060628,스릴러,스릴러,미국,미국
20060140,레이크 하우스,20060831,"멜로/로맨스,드라마",멜로/로맨스,미국,미국
20060146,캐리비안의 해적 : 망자의 함,20060706,"액션,코미디,어드벤처,판타지",액션,미국,미국
20060147,한반도,20060713,"드라마,액션",드라마,한국,한국
20060148,수퍼맨 리턴즈,20060628,"SF,액션,판타지",SF,미국,미국
20060149,카,20060720,"애니메이션,액션,코미디",애니메이션,미국,미국
20060151,괴물,20060727,"SF,가족,드라마",SF,한국,한국
20060152,오멘,20060606,공포(호러),공포(호러),미국,미국
20060155,이온 플럭스,20060622,액션,액션,미국,미국
20060156,럭키 넘버 슬레븐,20060622,"스릴러,범죄",스릴러,미국,미국
20060157,아랑,20060628,공포(호러),공포(호러),한국,한국
20060160,아파트,20060706,공포(호러),공포(호러),한국,한국
20060161,환생,20060608,공포(호러),공포(호러),일본,일본
20060164,착신아리 파이널,20060622,공포(호러),공포(호러),"일본,한국",일본
20060173,패스트 앤 퓨리어스 도쿄 드리프트,20060720,"액션,범죄",액션,미국,미국
20060179,밴디다스,,"액션,코미디",액션,,
20060180,파이스토리,20060706,"애니메이션,가족",애니메이션,"한국,미국",한국
20060191,플라이 대디,20060803,드라마,드라마,한국,한국
20060192,사일런트 힐,20061109,"공포(호러),스릴러",공포(호러),"미국,일본,프랑스,캐나다",미국
20060193,울트라바이올렛,20060720,"액션,SF",액션,미국,미국
20060194,가필드 2,20060727,"애니메이션,코미디",애니메이션,미국,미국
20060196,얼음왕국 : 북극의 여름이야기(다큐),20060713,다큐멘터리,다큐멘터리,"프랑스,캐나다",프랑스
20060197,몬스터 하우스,20060810,"공포(호러),코미디,애니메이션",공포(호러),미국,미국
20060202,유실물,20060727,공포(호러),공포(호러),일본,일본
20060204,포켓몬 레인저와 바다의 왕자 마나피,20060720,"애니메이션,어드벤처",애니메이션,일본,일본
20060207,2월 29일 - 어느날 갑자기 첫번째 이야기,20060721,공포(호러),공포(호러),한국,한국
20060208,네번째 층 - 어느날 갑자기 두번째 이야기,20060727,공포(호러),공포(호러),한국,한국
20060210,스승의 은혜,20060803,공포(호러),공포(호러),한국,한국
20060212,게드전기 : 어스시의 전설,20060810,"애니메이션,판타지,어드벤처",애니메이션,일본,일본
20060214,각설탕,20060810,드라마,드라마,한국,한국
20060215,레이디 인 더 워터,20061013,판타지,판타지,미국,미국
20060218,다세포소녀,20060810,"코미디,멜로/로맨스",코미디,한국,한국
20060219,마이애미 바이스,20060817,액션,액션,미국,미국
20060220,"사랑하니까, 괜찮아",20060817,"멜로/로맨스,드라마",멜로/로맨스,한국,한국
20060222,천하장사 마돈나,20060831,"드라마,코미디",드라마,한국,한국
20060223,겁나는 여친의 완벽한 비밀,20060817,"코미디,멜로/로맨스",코미디,미국,미국
20060224,신데렐라,20060817,공포(호러),공포(호러),한국,한국
20060225,예의없는 것들,20060824,"액션,코미디",액션,한국,한국
20060229,아이스케키,20060824,드라마,드라마,한국,한국
20060230,전설의 고향,20070523,공포(호러),공포(호러),한국,한국
20060231,뚝방전설,20060907,"액션,코미디",액션,한국,한국
20060232,센티넬,20060907,"범죄,드라마",범죄,미국,미국
20060233,플라이트93,20060908,"범죄,드라마",범죄,미국,미국
20060234,"두뇌유희프로젝트, 퍼즐",20060914,"범죄,스릴러",범죄,한국,한국
20060236,폭력써클,20061019,"액션,드라마",액션,한국,한국
20060237,앤트 불리,20060928,"애니메이션,코미디",애니메이션,미국,미국
20060240,13구역,20060824,"액션,SF",액션,프랑스,프랑스
20060241,일본침몰,20060831,드라마,드라마,일본,일본
20060242,"연애, 그 참을 수 없는 가벼움",20060907,"멜로/로맨스,드라마",멜로/로맨스,한국,한국
20060244,우리들의 행복한 시간,20060914,드라마,드라마,한국,한국
20060245,원탁의 천사,20060824,"코미디,판타지",코미디,한국,한국
20060247,해변의 여인,20060831,"드라마,멜로/로맨스",드라마,한국,한국
20060257,가문의 부활 - 가문의 영광3,20060921,코미디,코미디,한국,한국
20060258,야연,20060921,"사극,멜로/로맨스",사극,중국,중국
20060259,BB프로젝트,20060928,액션,액션,홍콩,홍콩
20060261,열혈남아,20061109,"드라마,범죄,액션",드라마,한국,한국
20060262,월드 트레이드 센터,20061015,드라마,드라마,미국,미국
20060264,악마는 프라다를 입는다,20061025,드라마,드라마,미국,미국
20060272,구미호 가족,20060928,"코미디,뮤지컬,판타지",코미디,한국,한국
20060276,무도리,20060921,"드라마,코미디",드라마,한국,한국
20060277,타짜,20060928,드라마,드라마,한국,한국
20060278,DOA,20061019,액션,액션,"독일,영국",독일
20060279,마음이...,20061026,드라마,드라마,한국,한국
20060280,잔혹한 출근,20061102,"코미디,범죄",코미디,한국,한국
20060281,가디언,20061102,액션,액션,미국,미국
20060282,브레이크 업 : 이별후애(愛),20070322,"코미디,멜로/로맨스",코미디,미국,미국
20060283,애정결핍이 두 남자에게 미치는 영향,20061116,코미디,코미디,한국,한국
20060284,라디오 스타,20060928,드라마,드라마,한국,한국
20060288,가을로,20061026,"멜로/로맨스,드라마",멜로/로맨스,한국,한국
20060291,잘 살아보세,20060928,코미디,코미디,한국,한국
20060292,거룩한 계보,20061019,"드라마,액션",드라마,한국,한국
20060299,원피스 - 기계태엽성의 메카거병,20061026,"애니메이션,코미디",애니메이션,일본,일본
20060301,데스노트,20061102,"범죄,스릴러,드라마",범죄,일본,일본
20060310,그루지 2,20061116,공포(호러),공포(호러),미국,미국
20060311,어느 멋진 순간,20061116,"드라마,멜로/로맨스",드라마,미국,미국
20060315,플러쉬,20061123,"애니메이션,코미디,액션",애니메이션,"미국,영국",미국
20060316,사랑 따윈 필요 없어,20061109,"멜로/로맨스,드라마",멜로/로맨스,한국,한국
20060318,해피 피트,20061221,"애니메이션,코미디",애니메이션,"미국,호주",미국
20060319,박물관이 살아있다!,20061221,"코미디,어드벤처",코미디,미국,미국
20060334,스텝 업,20061123,멜로/로맨스,멜로/로맨스,미국,미국
20060337,디파티드,20061123,드라마,드라마,미국,미국
20060338,그해 여름,20061130,"멜로/로맨스,드라마",멜로/로맨스,한국,한국
20060339,사랑할 때 이야기하는 것들,20061130,"멜로/로맨스,드라마",멜로/로맨스,한국,한국
20060340,프레스티지,20061102,스릴러,스릴러,"미국,영국",미국
20060345,에라곤,20070111,"판타지,드라마,액션,스릴러",판타지,미국,미국
20060347,판의 미로 - 오필리아와 세 개의 열쇠,20061130,"드라마,판타지,전쟁",드라마,"스페인,멕시코",스페인
20060348,로맨틱 홀리데이,20061214,"코미디,멜로/로맨스",코미디,미국,미국
20060352,누가 그녀와 잤을까?,20061116,코미디,코미디,한국,한국
20060353,해바라기,20061123,액션,액션,한국,한국
20060354,쏘우 3,20061130,"공포(호러),스릴러",공포(호러),미국,미국
20060356,싸이보그지만 괜찮아,20061207,"SF,멜로/로맨스,판타지",SF,한국,한국
20060357,조폭마누라3,20061228,"액션,코미디",액션,"한국,홍콩",한국
20060358,007 카지노 로얄,20061221,액션,액션,미국,미국
20060364,저스트 프렌드,20061207,"코미디,멜로/로맨스",코미디,미국,미국
20060365,수면의 과학,,"코미디,판타지",코미디,,
20060369,Mr.로빈 꼬시기,20061207,"멜로/로맨스,코미디",멜로/로맨스,한국,한국
20060370,중천,20061221,"액션,드라마,판타지",액션,"한국,중국",한국
20060373,조용한 세상,20061214,"드라마,미스터리,스릴러",드라마,한국,한국
20060375,샬롯의 거미줄,20070208,"드라마,코미디,가족",드라마,미국,미국
20060383,부그와 엘리엇(애니),20070104,"애니메이션,코미디,어드벤처,가족",애니메이션,미국,미국
20060387,미녀는 괴로워,20061214,"멜로/로맨스,코미디",멜로/로맨스,한국,한국
20060388,위대한 탄생,20061221,드라마,드라마,미국,미국
20060389,오래된 정원,20070104,드라마,드라마,한국,한국
20060390,데자뷰,20070111,액션,액션,미국,미국
20060391,묵공,20070110,"전쟁,드라마,액션",전쟁,"중국,한국,일본,홍콩",중국
20060396,올드미스다이어리,20061221,코미디,코미디,한국,한국
20060397,클릭,20070201,"코미디,드라마,판타지",코미디,미국,미국
20060398,록키 발보아,20070214,"드라마,액션",드라마,미국,미국
20060403,언니가 간다,20070104,코미디,코미디,한국,한국
20060405,데스노트 : 라스트 네임,20070110,"범죄,드라마,스릴러",범죄,일본,일본
20060407,마파도2,20070118,코미디,코미디,한국,한국
20060408,천년여우 여우비,20070125,"애니메이션,가족,판타지",애니메이션,한국,한국
20060409,미스 포터,20070125,드라마,드라마,영국,영국
20060410,황후화,20070125,"액션,드라마",액션,홍콩,홍콩
20060412,허브,20070111,드라마,드라마,한국,한국
20060413,블러드 다이아몬드,20070111,"드라마,스릴러",드라마,미국,미국
20060417,최강로맨스,20070125,"멜로/로맨스,코미디",멜로/로맨스,한국,한국
20060419,아포칼립토,20070131,"액션,어드벤처",액션,미국,미국
20060420,쏜다,20070314,코미디,코미디,한국,한국
20060421,바람피기 좋은 날,20070208,"드라마,멜로/로맨스,코미디",드라마,한국,한국
20060422,비밀의 숲 테라비시아,20070215,"어드벤처,드라마,가족,판타지",어드벤처,미국,미국
20060423,드림걸즈,20070222,"드라마,뮤지컬",드라마,미국,미국
20060425,사랑방 선수와 어머니,20070808,코미디,코미디,한국,한국
20060430,행복을 찾아서,20070228,"드라마,가족",드라마,미국,미국
20061223,소년은 울지 않는다,20081106,"액션,전쟁",액션,한국,한국
20068576,그날의 분위기,20160114,멜로/로맨스,멜로/로맨스,한국,한국
20068590,인류멸망 보고서,20120411,SF,SF,한국,한국
20068659,명탐정 코난 : 탐정들의 진혼가,20140213,애니메이션,애니메이션,일본,일본
20070009,바벨,20070222,드라마,드라마,"멕시코,프랑스,미국",멕시코
20070010,마강호텔,20070222,"코미디,드라마",코미디,한국,한국
20070013,아버지의 깃발,20070215,"드라마,사극,전쟁",드라마,미국,미국
20070014,1번가의 기적,20070214,"드라마,코미디",드라마,한국,한국
20070015,그놈 목소리,20070201,"드라마,스릴러",드라마,한국,한국
20070020,복면달호,20070214,"코미디,드라마",코미디,한국,한국
20070021,김관장 대 김관장 대 김관장,20070208,코미디,코미디,한국,한국
20070023,어깨 너머의 연인,20071018,"드라마,멜로/로맨스",드라마,한국,한국
20070025,한니발 라이징,20070228,"스릴러,드라마,범죄",스릴러,미국,미국
20070029,블랙북,20070329,"드라마,스릴러,전쟁",드라마,네덜란드,네덜란드
20070033,300,20070314,액션,액션,미국,미국
20070034,그 여자 작사 그 남자 작곡,20070228,"멜로/로맨스,드라마",멜로/로맨스,미국,미국
20070036,일루셔니스트,20070308,"드라마,멜로/로맨스,판타지",드라마,미국,미국
20070037,페인티드 베일,20070315,"멜로/로맨스,드라마",멜로/로맨스,"중국,미국,캐나다",중국
20070042,좋지 아니한가,20070301,"드라마,코미디",드라마,한국,한국
20070043,스모킹 에이스,20070308,"액션,코미디,스릴러,범죄",액션,"미국,영국,프랑스",미국
20070047,뷰티풀 선데이,20070329,스릴러,스릴러,한국,한국
20070049,굿셰퍼드,20070419,"미스터리,드라마,스릴러",미스터리,미국,미국
20070050,마하 2.6: 풀스피드,20070405,"액션,어드벤처",액션,프랑스,프랑스
20070055,로빈슨 가족,20070419,"애니메이션,코미디,어드벤처,가족,SF",애니메이션,미국,미국
20070056,스파이더맨 3,20070501,"액션,SF",액션,미국,미국
20070057,캐리비안의 해적: 세상의 끝에서,20070523,"액션,코미디,어드벤처,판타지",액션,미국,미국
20070058,오션스 써틴,20070614,"범죄,드라마,코미디",범죄,미국,미국
20070059,판타스틱 4: 실버 서퍼의 위협,20070808,"SF,액션,어드벤처",SF,미국,미국
20070060,다이 하드 4 : 죽어도 산다,20070717,액션,액션,미국,미국
20070061,트랜스포머,20070628,"SF,액션,어드벤처",SF,미국,미국
20070063,해리 포터와 불사조 기사단,20070711,"판타지,액션,어드벤처",판타지,미국,미국
20070064,"심슨가족, 더무비",20070822,"애니메이션,코미디,어드벤처",애니메이션,미국,미국
20070066,수,20070322,액션,액션,"한국,일본",한국
20070071,넘버23,20070322,스릴러,스릴러,미국,미국
20070072,우아한 세계,20070405,액션,액션,한국,한국
20070083,향수 : 어느 살인자의 이야기,20070322,"드라마,스릴러",드라마,영국,영국
20070084,이장과 군수,20070329,코미디,코미디,한국,한국
20070085,미스터 빈의 홀리데이,20070815,코미디,코미디,영국,영국
20070088,고스트 라이더,20070412,"액션,스릴러,판타지",액션,미국,미국
20070089,만남의 광장,20070815,코미디,코미디,한국,한국
20070091,마을금고 연쇄습격사건,20071114,코미디,코미디,한국,한국
20070092,메신져 - 죽은자들의 경고,20070606,공포(호러),공포(호러),미국,미국
20070096,눈부신 날에,20070419,드라마,드라마,한국,한국
20070097,동갑내기 과외하기 레슨 2,20070419,"코미디,멜로/로맨스",코미디,한국,한국
20070099,천년학,20070412,드라마,드라마,한국,한국
20070100,상성: 상처받은 도시,20070531,"액션,스릴러,범죄",액션,홍콩,홍콩
20070102,빼꼼의 머그잔 여행,20070322,"드라마,어드벤처",드라마,한국,한국
20070103,리핑 10개의 재앙,20070419,"SF,공포(호러),스릴러",SF,미국,미국
20070104,극락도 살인사건,20070412,"공포(호러),미스터리,스릴러",공포(호러),한국,한국
20070106,선샤인,20070419,"SF,스릴러",SF,미국,미국
20070107,내 생애 최악의 남자,20070830,"드라마,멜로/로맨스",드라마,한국,한국
20070108,철없는 그녀의 아찔한 연애코치,20070405,"코미디,드라마,멜로/로맨스",코미디,미국,미국
20070110,날아라 허동구,20070426,"가족,드라마",가족,한국,한국
20070111,아들,20070501,"드라마,가족",드라마,한국,한국
20070113,더블타겟,20070426,"액션,드라마,스릴러",액션,미국,미국
20070115,밀양,20070523,드라마,드라마,한국,한국
20070116,슈렉3,20070606,"애니메이션,코미디,어드벤처,가족,판타지",애니메이션,미국,미국
20070117,서핑 업,20070809,"애니메이션,드라마,액션,가족",애니메이션,미국,미국
20070124,닌자거북이 TMNT,20070425,"액션,코미디,어드벤처,판타지",액션,미국,미국
20070127,용호문,20070510,액션,액션,홍콩,홍콩
20070128,황진이,20070606,"드라마,멜로/로맨스",드라마,한국,한국
20070130,내일의 기억,20070510,드라마,드라마,일본,일본
20070137,팩토리 걸,20070531,드라마,드라마,미국,미국
20070148,쉬즈 더 맨,20070503,"코미디,멜로/로맨스",코미디,"미국,캐나다",미국
20070151,못말리는 결혼,20070510,코미디,코미디,한국,한국
20070172,넥스트,20070517,"SF,스릴러,액션",SF,미국,미국
20070173,눈물이 주룩주룩,20070517,"드라마,멜로/로맨스,미스터리,코미디",드라마,일본,일본
20070179,황색 눈물,20070614,드라마,드라마,일본,일본
20070192,데스워터,20070531,공포(호러),공포(호러),일본,일본
20070196,러브 & 트러블,20070614,"멜로/로맨스,코미디",멜로/로맨스,프랑스,프랑스
20070198,4.4.4,20070620,"범죄,공포(호러),스릴러",범죄,"미국,러시아",미국
20070204,뜨거운녀석들,20070621,"코미디,액션,미스터리,범죄",코미디,영국,영국
20070205,검은 집,20070621,"스릴러,미스터리,공포(호러)",스릴러,한국,한국
20070206,두 번째 사랑,20070621,"드라마,멜로/로맨스",드라마,"한국,미국",한국
20070208,택시 4,20070705,"액션,코미디",액션,프랑스,프랑스
20070209,화려한 휴가,20070725,드라마,드라마,한국,한국
20070216,시간을 달리는 소녀,20070614,"애니메이션,판타지,멜로/로맨스",애니메이션,일본,일본
20070226,"뉴욕에서 온 남자, 파리에서 온 여자",20070719,"멜로/로맨스,드라마,코미디",멜로/로맨스,"프랑스,독일",프랑스
20070229,일본인디필름 페스티벌 리턴즈,20070628,기타,기타,일본,일본
20070234,디센트,20070705,"공포(호러),스릴러,어드벤처",공포(호러),영국,영국
20070250,해부학 교실,20070711,"공포(호러),스릴러",공포(호러),한국,한국
20070254,샴,20070717,"공포(호러),드라마",공포(호러),태국,태국
20070257,므이,20070725,공포(호러),공포(호러),"한국,베트남",한국
20070261,에반 올마이티,20070725,"코미디,판타지",코미디,미국,미국
20070262,기담,20070801,"공포(호러),미스터리,스릴러",공포(호러),한국,한국
20070264,라따뚜이,20070725,"애니메이션,드라마,코미디,가족",애니메이션,미국,미국
20070268,파워레인저매직포스&트레저포스,20070717,"액션,SF",액션,일본,일본
20070289,리턴,20070808,"미스터리,스릴러",미스터리,한국,한국
20070291,무림여대생,20080626,"멜로/로맨스,액션,코미디",멜로/로맨스,한국,한국
20070293,꽃미남 연쇄 테러 사건,20070726,코미디,코미디,한국,한국
20070294,디스터비아,20070830,스릴러,스릴러,미국,미국
20070303,조디악,20070815,"범죄,드라마,스릴러",범죄,미국,미국
20070305,두 사람이다,20070822,공포(호러),공포(호러),한국,한국
20070306,스타더스트,20070815,"판타지,액션,어드벤처,SF",판타지,미국,미국
20070316,디워,20070801,"액션,판타지",액션,한국,한국
20070317,1408,20070801,"공포(호러),스릴러",공포(호러),미국,미국
20070348,죽어도 해피엔딩,20070822,"코미디,멜로/로맨스,스릴러",코미디,한국,한국
20070352,러시 아워 3,20071003,"범죄,코미디,액션,스릴러",범죄,미국,미국
20070355,데쓰 프루프,20070906,"액션,스릴러",액션,미국,미국
20070358,어머니는 죽지 않는다,20070912,"가족,드라마",가족,한국,한국
20070367,지금 사랑하는 사람과 살고 있습니까?,20070815,"드라마,멜로/로맨스",드라마,한국,한국
20070370,라파예트,20070830,전쟁,전쟁,미국,미국
20070374,사랑의 레시피,20070830,"멜로/로맨스,드라마,코미디",멜로/로맨스,미국,미국
20070379,두 얼굴의 여친,20070913,"멜로/로맨스,코미디",멜로/로맨스,한국,한국
20070380,즐거운 인생,20070913,드라마,드라마,한국,한국
20070381,마이 파더,20070906,"드라마,가족",드라마,한국,한국
20070382,우리 생애 최고의 순간,20080110,드라마,드라마,한국,한국
20070383,상사부일체,20070919,"코미디,액션",코미디,한국,한국
20070393,브라보 마이 라이프,20070906,"드라마,코미디",드라마,한국,한국
20070421,권순분여사 납치사건,20070912,코미디,코미디,한국,한국
20070422,본 얼티메이텀,20070912,"액션,스릴러,미스터리,어드벤처",액션,미국,미국
20070424,인베이젼,20070920,"SF,공포(호러),스릴러",SF,미국,미국
20070433,행복,20071003,"드라마,멜로/로맨스",드라마,한국,한국
20070434,바르게 살자,20071018,"코미디,드라마",코미디,한국,한국
20070435,식객,20071101,드라마,드라마,한국,한국
20070441,사랑,20070919,"멜로/로맨스,액션",멜로/로맨스,한국,한국
20070449,브레이브 원,20071011,"드라마,스릴러,범죄",드라마,미국,미국
20070450,엠,20071025,"미스터리,멜로/로맨스,스릴러",미스터리,한국,한국
20070453,아드레날린24,20071003,액션,액션,미국,미국
20070454,원스,20070920,드라마,드라마,아일랜드,아일랜드
20070456,비커밍 제인,20071011,"드라마,멜로/로맨스",드라마,미국,미국
20070457,카핑 베토벤,20071003,"드라마,멜로/로맨스",드라마,독일,독일
20070458,냉정과 열정사이,20031010,"멜로/로맨스,드라마",멜로/로맨스,일본,일본
20070462,내니 다이어리,20071003,"코미디,드라마",코미디,미국,미국
20070465,블랙 달리아,20071101,"드라마,미스터리,범죄",드라마,"독일,미국,프랑스",독일
20070466,세븐 데이즈,20071114,"스릴러,범죄",스릴러,한국,한국
20070474,더 버터플라이,20071108,"스릴러,드라마,범죄",스릴러,영국,영국
20070494,킹덤,20071101,"액션,스릴러",액션,미국,미국
20070495,거침없이 쏴라! 슛뎀업,20071011,액션,액션,미국,미국
20070497,궁녀,20071018,"미스터리,스릴러",미스터리,한국,한국
20070498,히트맨,20071129,"액션,범죄",액션,미국,미국
20070499,마이클 클레이튼,20071129,"스릴러,드라마",스릴러,미국,미국
20070500,펀치레이디,20071025,"드라마,코미디",드라마,한국,한국
20070501,히어로,20071101,드라마,드라마,일본,일본
20070502,오다기리 죠의 도쿄타워,20071025,드라마,드라마,일본,일본
20070504,스카우트,20071114,"드라마,코미디",드라마,한국,한국
20070520,레지던트 이블 3 - 인류의 멸망,20071018,"액션,공포(호러),SF,스릴러",액션,"프랑스,호주,독일,영국,미국",프랑스
20070521,베오울프,20071114,"애니메이션,드라마,어드벤처,판타지",애니메이션,미국,미국
20070522,라 비 앙 로즈,20071121,드라마,드라마,"프랑스,영국,체코",프랑스
20070543,로스트 라이온즈,20071108,드라마,드라마,미국,미국
20070545,열한번째 엄마,20071129,드라마,드라마,한국,한국
20070548,6년째 연애중,20080205,"멜로/로맨스,드라마",멜로/로맨스,한국,한국
20070549,내셔널 트레져:비밀의 책,20071219,"액션,어드벤처",액션,미국,미국
20070550,나는 전설이다,20071212,"SF,드라마,액션",SF,미국,미국
20070551,황금 나침반,20071218,"판타지,드라마,액션,어드벤처",판타지,미국,미국
20070555,골든 에이지,20071122,"드라마,사극",드라마,영국,영국
20070562,앨빈과 슈퍼밴드,20071219,"코미디,가족,애니메이션",코미디,미국,미국
20070563,꿀벌대소동,20080103,"가족,애니메이션,어드벤처,코미디",가족,미국,미국
20070566,마법에 걸린 사랑,20080110,"멜로/로맨스,드라마,코미디",멜로/로맨스,미국,미국
20070582,"색, 계",20071108,멜로/로맨스,멜로/로맨스,미국,미국
20070585,어거스트 러쉬,20071129,드라마,드라마,미국,미국
20070586,마고리엄의 장난감 백화점,20071224,"가족,코미디,판타지",가족,미국,미국
20070593,쏘우 4,20071121,"공포(호러),스릴러",공포(호러),미국,미국
20070602,마녀배달부 키키,20071122,"애니메이션,드라마,가족,판타지",애니메이션,일본,일본
20070610,싸움,20071212,"멜로/로맨스,코미디",멜로/로맨스,한국,한국
20070635,헤어스프레이,20071206,"드라마,뮤지컬",드라마,미국,미국
20070636,데스 센텐스,20071206,"액션,드라마",액션,미국,미국
20070637,색즉시공 시즌2,20071212,코미디,코미디,한국,한국
20070639,내 사랑,20071218,"멜로/로맨스,드라마",멜로/로맨스,한국,한국
20070640,용의주도 미스신,20071218,"멜로/로맨스,코미디",멜로/로맨스,한국,한국
20070642,아메리칸 갱스터,20071227,"범죄,드라마",범죄,미국,미국
20070660,뜨거운 것이 좋아,20080117,드라마,드라마,한국,한국
20070661,기다리다 미쳐,20080101,멜로/로맨스,멜로/로맨스,한국,한국
20070672,클로버필드,20080124,"SF,스릴러,액션",SF,미국,미국
20070675,인디아나 존스 4 : 크리스탈 해골의 왕국,20080522,"액션,어드벤처",액션,미국,미국
20071003,P.S. 아이 러브 유,20080103,"멜로/로맨스,드라마",멜로/로맨스,미국,미국
20071013,작전명 발키리,20090122,"스릴러,드라마,전쟁",스릴러,"미국,독일",미국
20071014,엘라의 모험 : 해피엔딩의 위기,20080124,"애니메이션,코미디,가족",애니메이션,"독일,미국",독일
20071015,아더와 미니모이-제1탄비밀원정대의출정,20090709,"어드벤처,판타지",어드벤처,프랑스,프랑스
20071042,미스트,20080110,"SF,공포(호러),드라마",SF,미국,미국
20071047,"대한이, 민국씨",20080214,코미디,코미디,한국,한국
20071054,중경삼림,19950902,드라마,드라마,홍콩,홍콩
20071060,걸스카우트,20080605,"드라마,범죄,코미디",드라마,한국,한국
20071064,무방비도시,20080110,"범죄,액션",범죄,한국,한국
20071065,써티 데이즈 오브 나이트,20080110,"공포(호러),스릴러",공포(호러),미국,미국
20071066,말할 수 없는 비밀,20080110,"멜로/로맨스,드라마",멜로/로맨스,"대만,홍콩",대만
20071067,슈퍼맨이었던 사나이,20080131,"드라마,코미디",드라마,한국,한국
20071675,더 게임,20080130,스릴러,스릴러,한국,한국
20072148,GP 506,20080403,"공포(호러),미스터리,스릴러",공포(호러),한국,한국
20072151,바보,20080228,드라마,드라마,한국,한국
20072152,"좋은 놈, 나쁜 놈, 이상한 놈",20080717,"서부극(웨스턴),액션,어드벤처",서부극(웨스턴),한국,한국
20072520,우리 동네,20071129,"스릴러,범죄",스릴러,한국,한국
20072673,흑심모녀,20080612,"가족,멜로/로맨스,코미디,판타지",가족,한국,한국
20072686,모던보이,20081002,"드라마,멜로/로맨스,미스터리",드라마,한국,한국
20078386,블라인드,20210114,"드라마,멜로/로맨스",드라마,네덜란드,네덜란드
20078561,명탐정 코난:감벽의 관,20180214,애니메이션,애니메이션,일본,일본
20080008,어린 왕자,20080117,드라마,드라마,한국,한국
20080009,스위니 토드 : 어느 잔혹한 이발사 이야기,20080117,"뮤지컬,범죄,스릴러",뮤지컬,미국,미국
20080010,에이리언 VS 프레데터2,20080117,"SF,액션,어드벤처",SF,미국,미국
20080011,원스어폰어타임,20080131,"액션,코미디",액션,한국,한국
20080013,명장,20080130,"액션,전쟁",액션,중국,중국
20080014,마지막 선물,20080205,드라마,드라마,한국,한국
20080015,라듸오 데이즈,20080131,코미디,코미디,한국,한국
20080021,찰리윌슨의 전쟁,20080206,"코미디,드라마",코미디,미국,미국
20080024,오퍼나지: 비밀의계단,20080214,"드라마,미스터리,스릴러",드라마,"스페인,멕시코",스페인
20080032,밴티지 포인트,20080228,"스릴러,드라마,액션",스릴러,미국,미국
20080038,스파이더위크가의 비밀,20080214,"어드벤처,판타지",어드벤처,미국,미국
20080046,추격자,20080214,"범죄,스릴러,액션",범죄,한국,한국
20080047,점퍼,20080214,"SF,드라마,어드벤처",SF,미국,미국
20080055,워터호스,20080320,"어드벤처,가족,판타지",어드벤처,미국,미국
20080062,데스노트 L: 새로운 시작,20080221,"스릴러,판타지",스릴러,일본,일본
20080065,어톤먼트,20080221,"멜로/로맨스,드라마,전쟁",멜로/로맨스,미국,미국
20080078,람보 4 : 라스트 블러드,20080228,"액션,스릴러,전쟁",액션,"미국,독일",미국
20080079,사랑보다 황금,20080228,"멜로/로맨스,어드벤처,코미디",멜로/로맨스,미국,미국
20080105,집결호,20080306,"액션,전쟁",액션,"중국,한국,홍콩",중국
20080141,27번의 결혼리허설,20080306,"멜로/로맨스,코미디",멜로/로맨스,미국,미국
20080142,마이 뉴 파트너,20080306,"액션,코미디",액션,한국,한국
20080145,마이 블루베리 나이츠,20080306,멜로/로맨스,멜로/로맨스,"홍콩,프랑스",홍콩
20080146,허밍,20080313,"멜로/로맨스,드라마,판타지",멜로/로맨스,한국,한국
20080148,"10,000 BC",20080313,"어드벤처,드라마",어드벤처,미국,미국
20080149,스텝업 2 : 더 스트리트,20080313,"멜로/로맨스,드라마",멜로/로맨스,미국,미국
20080226,숙명,20080320,"드라마,액션",드라마,한국,한국
20080230,천일의 스캔들,20080320,"사극,멜로/로맨스",사극,미국,미국
20080236,나의 특별한 사랑이야기,20080409,"코미디,드라마,멜로/로맨스",코미디,미국,미국
20080252,데스 디파잉:어느 마술사의 사랑,20080327,"드라마,멜로/로맨스,스릴러",드라마,"영국,호주",영국
20080254,어웨이크,20080327,"스릴러,드라마",스릴러,미국,미국
20080258,댄 인 러브,20080327,"코미디,드라마,멜로/로맨스",코미디,미국,미국
20080269,해피 투게더,19980822,"드라마,멜로/로맨스",드라마,홍콩,홍콩
20080291,삼국지:용의 부활,20080403,"사극,드라마,액션,전쟁",사극,"중국,한국,홍콩",중국
20080331,도레미파솔라시도,20080403,드라마,드라마,한국,한국
20080337,테이큰,20080409,"범죄,스릴러,액션",범죄,프랑스,프랑스
20080348,연의 황후,20080409,"사극,드라마,액션,멜로/로맨스,판타지",사극,홍콩,홍콩
20080349,버킷 리스트:죽기전에 꼭 하고싶은것들,20080409,"코미디,드라마,어드벤처",코미디,미국,미국
20080350,내가 숨쉬는 공기,20080409,"범죄,드라마,스릴러",범죄,미국,미국
20080363,스트리트 킹,20080417,"범죄,드라마,스릴러",범죄,미국,미국
20080364,킬위드미,20080417,"범죄,스릴러",범죄,미국,미국
20080365,패솔로지,20080417,"공포(호러),스릴러,범죄",공포(호러),미국,미국
20080379,포비든 킹덤: 전설의 마스터를 찾아서,20080424,"액션,어드벤처,판타지",액션,미국,미국
20080393,호튼,20080430,"애니메이션,어드벤처,가족",애니메이션,미국,미국
20080394,비스티 보이즈,20080430,드라마,드라마,한국,한국
20080396,아이언맨,20080430,"SF,드라마,액션",SF,미국,미국
20080397,가루지기,20080430,"드라마,뮤지컬,코미디",드라마,한국,한국
20080399,트럭,20080925,"범죄,스릴러",범죄,한국,한국
20080472,명탐정 코난:베이커가의 망령,20080501,애니메이션,애니메이션,일본,일본
20080476,스피드 레이서,20080508,"액션,가족",액션,미국,미국
20080478,프라이스리스,20080508,"코미디,드라마,멜로/로맨스",코미디,프랑스,프랑스
20080479,나니아 연대기:캐스피언 왕자,20080515,"어드벤처,가족,판타지",어드벤처,"미국,영국",미국
20080514,페넬로피,20080515,"코미디,멜로/로맨스,판타지",코미디,"미국,영국",미국
20080516,서울이 보이냐,20080508,"가족,드라마",가족,한국,한국
20080637,서양 골동 양과자점 앤티크,20081113,드라마,드라마,한국,한국
20080641,라스베가스에서만 생길 수 있는 일,20080529,"멜로/로맨스,코미디",멜로/로맨스,미국,미국
20080653,쿵푸 팬더,20080605,"애니메이션,코미디,액션,가족",애니메이션,미국,미국
20080654,겟 썸,20080522,"액션,드라마",액션,미국,미국
20080656,날나리 종부전,20080522,코미디,코미디,한국,한국
20080659,88분,20080529,"드라마,미스터리,스릴러",드라마,"미국,독일,캐나다",미국
20080660,바디,20080529,공포(호러),공포(호러),태국,태국
20080661,위 오운 더 나잇,20080529,"범죄,드라마,스릴러",범죄,미국,미국
20080663,크로싱,20080626,드라마,드라마,"한국,중국,몽고",한국
20080706,디 아이,20080605,"공포(호러),드라마,스릴러",공포(호러),미국,미국
20080709,섹스 앤 더 시티,20080605,"멜로/로맨스,코미디",멜로/로맨스,미국,미국
20080736,강철중: 공공의 적 1-1,20080619,"드라마,액션",드라마,한국,한국
20080741,고고 70,20081003,드라마,드라마,한국,한국
20080743,1724 기방난동사건,20081203,"사극,액션,코미디",사극,한국,한국
20080750,달콤한 거짓말,20081218,"멜로/로맨스,코미디",멜로/로맨스,한국,한국
20080764,님은 먼 곳에,20080724,"드라마,전쟁",드라마,"한국,태국",한국
20080828,도화선,20080612,액션,액션,홍콩,홍콩
20080829,해프닝,20080612,"SF,드라마,미스터리",SF,미국,미국
20080830,인크레더블 헐크,20080612,"액션,판타지,SF",액션,미국,미국
20080833,다찌마와리,20080814,"액션,어드벤처,코미디",액션,한국,한국
20080835,21,20080619,"범죄,드라마",범죄,미국,미국
20080836,겟 스마트,20080619,"범죄,액션,코미디",범죄,미국,미국
20080837,둠스데이:지구 최후의 날,20080619,"SF,액션",SF,"미국,영국,남아프리카공화국",미국
20080845,크로우즈 제로,20080702,"스릴러,액션",스릴러,일본,일본
20080847,원티드,20080626,"스릴러,액션",스릴러,미국,미국
20080848,돼지코 아기공룡 임피의 모험,20080626,"애니메이션,코미디,어드벤처,가족,판타지",애니메이션,독일,독일
20080870,마린보이,20090205,"액션,스릴러,범죄",액션,한국,한국
20080871,잘못된 만남,20080710,"드라마,코미디",드라마,한국,한국
20080873,핸콕,20080702,"액션,드라마,코미디",액션,미국,미국
20080874,노크:낯선 자들의 방문,20080702,"공포(호러),스릴러",공포(호러),미국,미국
20080878,알이씨(Rec),20080710,공포(호러),공포(호러),스페인,스페인
20080887,비몽,20081009,"드라마,멜로/로맨스,판타지",드라마,"한국,일본",한국
20080890,순정만화,20081127,"멜로/로맨스,코미디",멜로/로맨스,한국,한국
20080914,적벽대전:거대한 전쟁의 시작,20080710,"액션,드라마,전쟁",액션,중국,중국
20080946,님스 아일랜드,20080717,"코미디,어드벤처,가족",코미디,미국,미국
20080962,극장판 도라에몽:진구의 마계대모험 7인의 마법사,20080717,"애니메이션,코미디,어드벤처,가족",애니메이션,일본,일본
20080963,스페이스 침스:우주선을 찾아서,20080717,"애니메이션,코미디,어드벤처,SF",애니메이션,미국,미국
20080965,CJ7:장강7호,20080821,"SF,코미디,판타지",SF,홍콩,홍콩
20080968,눈에는 눈 이에는 이,20080731,"범죄,스릴러,액션",범죄,한국,한국
20080992,100 피트,20080724,"공포(호러),스릴러",공포(호러),미국,미국
20080996,미이라 3:황제의 무덤,20080730,"액션,어드벤처,판타지",액션,미국,미국
20081001,신기전,20080904,"사극,드라마,액션,전쟁",사극,한국,한국
20081002,멋진 하루,20080925,"드라마,멜로/로맨스",드라마,한국,한국
20081003,박쥐,20090430,"공포(호러),드라마",공포(호러),"한국,미국,호주",한국
20081056,다크 나이트,20080806,"범죄,드라마,액션,미스터리",범죄,미국,미국
20081057,월ㆍE,20080806,"애니메이션,코미디,액션,어드벤처,가족,SF",애니메이션,미국,미국
20081058,고死 : 피의 중간고사,20080807,"공포(호러),스릴러",공포(호러),한국,한국
20081059,케로로 더 무비:케로로 VS 케로로 천공대결전,20080807,"애니메이션,코미디,어드벤처,SF",애니메이션,일본,일본
20081094,미드나잇 미트 트레인,20080821,"공포(호러),범죄,스릴러",공포(호러),미국,미국
20081096,엑스파일:나는 믿고싶다,20080813,"SF,미스터리,어드벤처",SF,미국,미국
20081132,아기와 나,20080814,"드라마,코미디",드라마,한국,한국
20081136,렛 미 인,20081113,"공포(호러),드라마",공포(호러),스웨덴,스웨덴
20081158,미러,20080918,"공포(호러),스릴러",공포(호러),"미국,루마니아",미국
20081169,맘마미아!,20080903,"멜로/로맨스,뮤지컬",멜로/로맨스,미국,미국
20081172,꽃보다 남자,20080911,멜로/로맨스,멜로/로맨스,일본,일본
20081173,스타워즈 : 클론 전쟁,20080904,"애니메이션,액션,어드벤처,SF",애니메이션,미국,미국
20081199,지구,20080904,"다큐멘터리,어드벤처,가족",다큐멘터리,"영국,독일",영국
20081212,20세기 소년,20080911,"SF,어드벤처,판타지",SF,일본,일본
20081243,영화는 영화다,20080911,"액션,드라마,범죄",액션,한국,한국
20081244,울학교 이티,20080911,"드라마,코미디",드라마,한국,한국
20081247,방콕 데인저러스,20080911,"액션,범죄,스릴러",액션,미국,미국
20081276,황시,20080918,"전쟁,드라마",전쟁,"호주,중국,독일",호주
20081331,동키호테,20080925,"애니메이션,코미디,액션,어드벤처,가족",애니메이션,"스페인,이탈리아",스페인
20081332,헬보이 2 : 골든 아미,20080925,"SF,액션,어드벤처",SF,"미국,독일",미국
20081334,바빌론 A.D.,20081002,"SF,스릴러,액션",SF,미국,미국
20081361,하우 투 루즈 프렌즈,20081016,"코미디,멜로/로맨스",코미디,영국,영국
20081363,더 클럽,20081002,"멜로/로맨스,드라마,스릴러",멜로/로맨스,미국,미국
20081364,내 친구의 사생활,20081009,"멜로/로맨스,코미디",멜로/로맨스,미국,미국
20081366,이글 아이,20081009,"액션,스릴러,미스터리",액션,미국,미국
20081390,공작부인:세기의 스캔들,20081016,"사극,멜로/로맨스",사극,"미국,영국",미국
20081391,미쓰 홍당무,20081016,"드라마,코미디",드라마,한국,한국
20081393,데스 레이스,20081016,"SF,액션,어드벤처",SF,미국,미국
20081395,아내가 결혼했다,20081023,"멜로/로맨스,드라마",멜로/로맨스,한국,한국
20081403,그 남자의 책 198쪽,20081023,"멜로/로맨스,드라마,애니메이션",멜로/로맨스,한국,한국
20081444,바디 오브 라이즈,20081023,"스릴러,액션",스릴러,미국,미국
20081445,굿바이,20081030,드라마,드라마,일본,일본
20081446,화피,20081023,"스릴러,판타지,사극",스릴러,"홍콩,싱가포르,중국",홍콩
20081454,언노운 우먼,20090701,"드라마,미스터리,스릴러",드라마,"이탈리아,프랑스",이탈리아
20081484,007 퀀텀 오브 솔러스,20081105,"액션,어드벤처",액션,미국,미국
20081485,플라이 미 투 더 문,20081030,"애니메이션,어드벤처,가족,SF",애니메이션,벨기에,벨기에
20081519,너를 잊지 않을 거야,20081030,드라마,드라마,"일본,한국",일본
20081535,눈먼자들의 도시,20081120,"드라마,멜로/로맨스,스릴러,미스터리",드라마,"캐나다,일본,브라질",캐나다
20081565,뱅크 잡,20081030,"범죄,스릴러",범죄,영국,영국
20081611,미인도,20081113,"사극,드라마,멜로/로맨스",사극,한국,한국
20081618,커넥트,20081120,"액션,스릴러,범죄",액션,홍콩,홍콩
20081623,맥스 페인,20081120,"범죄,스릴러,액션",범죄,미국,미국
20081672,과속스캔들,20081203,코미디,코미디,한국,한국
20081673,오스트레일리아,20081210,"사극,멜로/로맨스,서부극(웨스턴)",사극,미국,미국
20081681,쏘우 V,20081203,"범죄,공포(호러),스릴러",범죄,"미국,캐나다",미국
20081686,벼랑 위의 포뇨,20081217,"애니메이션,어드벤처,판타지",애니메이션,일본,일본
20081696,잃어버린 세계를 찾아서,20081217,"SF,어드벤처,가족,액션",SF,미국,미국
20081697,트와일라잇,20081210,"액션,멜로/로맨스,판타지,공포(호러)",액션,미국,미국
20081700,트로픽 썬더,20081210,"액션,코미디,어드벤처,전쟁",액션,"미국,독일",미국
20081703,예스맨,20081217,"코미디,드라마",코미디,미국,미국
20081716,쌍화점,20081230,드라마,드라마,한국,한국
20081718,로맨틱 아일랜드,20081224,"멜로/로맨스,코미디",멜로/로맨스,한국,한국
20081723,지구가 멈추는 날,20081224,"SF,액션,스릴러",SF,미국,미국
20081727,워낭소리,20090115,다큐멘터리,다큐멘터리,한국,한국
20081729,킬 미,20091105,"멜로/로맨스,코미디",멜로/로맨스,한국,한국
20081737,7급 공무원,20090422,"코미디,액션,드라마,범죄",코미디,한국,한국
20081738,니코,20081224,"애니메이션,어드벤처,가족",애니메이션,"핀란드,덴마크,독일,아일랜드",핀란드
20081744,볼트,20081231,"애니메이션,코미디,어드벤처,가족",애니메이션,미국,미국
20081790,디파이언스,20090108,"드라마,전쟁",드라마,미국,미국
20081791,마다가스카 2,20090108,"애니메이션,어드벤처,가족,액션",애니메이션,미국,미국
20081809,트랜스포터-라스트 미션,20090108,액션,액션,프랑스,프랑스
20088506,26년,20121129,"액션,드라마",액션,한국,한국
20090006,탑 블레이드 더 무비,20090115,애니메이션,애니메이션,일본,일본
20090012,그는 당신에게 반하지 않았다,20090212,"멜로/로맨스,코미디",멜로/로맨스,미국,미국
20090014,유감스러운 도시,20090122,"코미디,액션,범죄",코미디,한국,한국
20090015,적벽대전 2 : 최후의 결전,20090122,"액션,전쟁,드라마,사극",액션,중국,중국
20090017,베드타임 스토리,20090122,"코미디,판타지,어드벤처,가족",코미디,미국,미국
20090018,체인질링,20090122,"드라마,미스터리,범죄",드라마,미국,미국
20090019,잉크하트 : 어둠의 부활,20090129,"어드벤처,판타지,가족",어드벤처,미국,미국
20090022,키친,20090205,멜로/로맨스,멜로/로맨스,한국,한국
20090023,작전,20090212,"범죄,드라마,스릴러",범죄,한국,한국
20090024,벤자민 버튼의 시간은 거꾸로 간다,20090212,"드라마,판타지",드라마,미국,미국
20090025,문프린세스 : 문에이커의 비밀,20090219,"어드벤처,판타지",어드벤처,"영국,프랑스",영국
20090026,세븐 파운즈,20090205,드라마,드라마,미국,미국
20090027,말리와 나,20090219,"드라마,코미디,멜로/로맨스,가족",드라마,미국,미국
20090029,알파독,20090129,"드라마,범죄",드라마,미국,미국
20090035,똥파리,20090416,드라마,드라마,한국,한국
20090042,핸드폰,20090219,스릴러,스릴러,한국,한국
20090043,왓치맨,20090305,"액션,미스터리,판타지,SF",액션,미국,미국
20090044,작은 영웅 데스페로,20090212,"애니메이션,어드벤처,판타지,코미디,가족",애니메이션,미국,미국
20090051,차우,20090715,"액션,어드벤처,코미디",액션,한국,한국
20090061,블러디 발렌타인,20090722,"공포(호러),스릴러",공포(호러),미국,미국
20090063,인터내셔널,20090226,"액션,스릴러,드라마",액션,미국,미국
20090064,그랜 토리노,20090319,"드라마,범죄,스릴러",드라마,미국,미국
20090065,더 리더: 책 읽어주는 남자,20090326,"드라마,멜로/로맨스,범죄,전쟁",드라마,"미국,독일",미국
20090068,더 레슬러,20090305,"드라마,액션",드라마,미국,미국
20090074,해운대,20090722,"액션,드라마,어드벤처",액션,한국,한국
20090077,전우치,20091223,"액션,코미디,판타지",액션,한국,한국
20090082,드래곤볼 에볼루션,20090312,"액션,어드벤처,SF,가족",액션,미국,미국
20090083,언데드,20090226,"공포(호러),스릴러",공포(호러),미국,미국
20090085,슬픔보다 더 슬픈 이야기,20090311,"멜로/로맨스,드라마",멜로/로맨스,한국,한국
20090086,킬러들의 도시,20090305,"범죄,드라마,스릴러",범죄,"영국,미국",영국
20090087,뉴욕은 언제나 사랑 중,20090312,"멜로/로맨스,코미디",멜로/로맨스,미국,미국
20090088,신부들의 전쟁,20090402,"코미디,멜로/로맨스",코미디,미국,미국
20090089,파르나서스 박사의 상상극장,20091223,"판타지,어드벤처,미스터리",판타지,미국,미국
20090090,쇼퍼홀릭,20090326,"코미디,드라마,멜로/로맨스",코미디,미국,미국
20090091,13일의 금요일,20090312,공포(호러),공포(호러),미국,미국
20090146,펜트하우스 코끼리,20091105,"드라마,멜로/로맨스",드라마,한국,한국
20090156,그림자 살인,20090402,"미스터리,스릴러,사극,범죄",미스터리,한국,한국
20090157,푸시,20090319,"SF,스릴러,드라마",SF,미국,미국
20090160,평행이론,20100218,"스릴러,액션,드라마,미스터리",스릴러,한국,한국
20090161,슬럼독 밀리어네어,20090319,"드라마,멜로/로맨스,범죄",드라마,"영국,미국",영국
20090167,기프트,20090326,"액션,스릴러,미스터리",액션,미국,미국
20090169,실종,20090319,"범죄,스릴러,미스터리",범죄,한국,한국
20090174,카오스,20090326,"액션,드라마,범죄,스릴러",액션,"영국,미국,캐나다",영국
20090176,분노의 질주: 더 오리지널,20090402,액션,액션,미국,미국
20090190,미쓰 루시힐,20090409,"코미디,멜로/로맨스",코미디,미국,미국
20090191,안나와 알렉스 : 두자매 이야기,20090409,"공포(호러),스릴러",공포(호러),미국,미국
20090192,용의자 X의 헌신,20090409,"미스터리,스릴러,범죄",미스터리,일본,일본
20090193,우리 집에 왜 왔니,20090409,"드라마,멜로/로맨스,코미디",드라마,한국,한국
20090195,몬스터 vs 에이리언,20090423,"애니메이션,어드벤처,SF,코미디",애니메이션,미국,미국
20090203,내 남자의 아내도 좋아,20090415,"드라마,멜로/로맨스",드라마,"스페인,미국",스페인
20090205,더블 스파이,20090416,"범죄,멜로/로맨스,스릴러",범죄,"미국,독일",미국
20090206,노잉,20090416,"SF,액션,미스터리,드라마",SF,미국,미국
20090207,엽문,20090416,"액션,드라마",액션,홍콩,홍콩
20090210,13구역: 얼티메이텀,20090416,액션,액션,프랑스,프랑스
20090214,스테이트 오브 플레이,20090430,"드라마,범죄,스릴러",드라마,미국,미국
20090219,제독의 연인,20090423,"드라마,전쟁",드라마,러시아,러시아
20090222,엑스맨 탄생: 울버린,20090430,"SF,액션,판타지",SF,미국,미국
20090225,인사동 스캔들,20090429,"드라마,범죄,액션",드라마,한국,한국
20090226,케로로 더 무비: 드래곤 워리어,20090430,"애니메이션,SF,어드벤처",애니메이션,일본,일본
20090227,리틀 비버,20090430,"가족,어드벤처",가족,프랑스,프랑스
20090234,천사와 악마,20090514,"미스터리,범죄,스릴러",미스터리,미국,미국
20090235,스타 트렉: 더 비기닝,20090507,"SF,액션,어드벤처",SF,미국,미국
20090237,김씨표류기,20090514,"코미디,드라마",코미디,한국,한국
20090238,터미네이터 : 미래전쟁의 시작,20090521,"SF,액션",SF,미국,미국
20090248,마더,20090528,드라마,드라마,한국,한국
20090259,옹박: 더 레전드,20090514,액션,액션,태국,태국
20090261,잘 알지도 못하면서,20090514,"드라마,멜로/로맨스",드라마,한국,한국
20090265,할로윈:살인마의 탄생,20090514,공포(호러),공포(호러),미국,미국
20090269,에코,20090528,"드라마,공포(호러),미스터리,스릴러",드라마,미국,미국
20090282,박물관이 살아있다 2,20090604,"어드벤처,코미디,액션",어드벤처,미국,미국
20090284,코렐라인,20090521,"애니메이션,가족,판타지,어드벤처,드라마",애니메이션,미국,미국
20090287,펠햄 123,20090611,"액션,스릴러,범죄",액션,미국,미국
20090288,드래그 미 투 헬,20090611,"공포(호러),스릴러,판타지",공포(호러),미국,미국
20090297,거북이 달린다,20090611,"드라마,액션,범죄",드라마,한국,한국
20090303,트랜스포머: 패자의 역습,20090624,"SF,액션,어드벤처",SF,미국,미국
20090304,요가학원,20090820,공포(호러),공포(호러),한국,한국
20090305,백야행,20091119,"멜로/로맨스,미스터리,범죄,스릴러",멜로/로맨스,한국,한국
20090307,국가대표,20090729,"드라마,액션,코미디",드라마,한국,한국
20090308,불꽃처럼 나비처럼,20090924,"멜로/로맨스,사극",멜로/로맨스,한국,한국
20090311,시크릿,20091203,"스릴러,드라마,미스터리",스릴러,한국,한국
20090314,임피 원더랜드 가다,20090611,"애니메이션,어드벤처,가족",애니메이션,독일,독일
20090319,오감도,20090709,"드라마,멜로/로맨스",드라마,한국,한국
20090320,블러드,20090611,"액션,공포(호러),스릴러",액션,"홍콩,프랑스,중국",홍콩
20090327,여고괴담 5,20090618,"공포(호러),스릴러",공포(호러),한국,한국
20090329,내 사랑 내 곁에,20090924,"드라마,멜로/로맨스",드라마,한국,한국
20090331,폭풍전야,20100401,"드라마,멜로/로맨스",드라마,한국,한국
20090332,신주쿠 사건,20090618,"액션,드라마,범죄",액션,홍콩,홍콩
20090333,블룸 형제 사기단,20090618,"코미디,드라마,멜로/로맨스,범죄,어드벤처,가족",코미디,미국,미국
20090336,킹콩을 들다,20090701,드라마,드라마,한국,한국
20090343,링스 어드벤처,20090624,"애니메이션,코미디,드라마",애니메이션,스페인,스페인
20090345,주온-원혼의 부활,20090709,공포(호러),공포(호러),일본,일본
20090379,해리 포터와 혼혈 왕자,20090715,"어드벤처,액션,가족",어드벤처,미국,미국
20090389,10억,20090806,"스릴러,어드벤처",스릴러,"한국,호주",한국
20090391,업,20090729,"애니메이션,코미디,어드벤처,가족",애니메이션,미국,미국
20090403,극장판 도라에몽: 진구의 공룡대탐험,20090715,"애니메이션,가족,SF,어드벤처",애니메이션,일본,일본
20090408,아이스 에이지 3: 공룡시대,20090812,"애니메이션,어드벤처,가족,드라마",애니메이션,미국,미국
20090411,메디엄,20090729,"공포(호러),스릴러",공포(호러),미국,미국
20090412,명탐정 코난 : 칠흑의 추적자,20090729,"애니메이션,미스터리,범죄",애니메이션,일본,일본
20090425,블랙,20090827,드라마,드라마,인도,인도
20090426,퍼블릭 에너미,20090812,"범죄,액션",범죄,미국,미국
20090427,지.아이.조 : 전쟁의 서막,20090806,액션,액션,미국,미국
20090428,나의 로맨틱 가이드,20090827,"코미디,멜로/로맨스",코미디,"미국,스페인",미국
20090434,불신지옥,20090812,"미스터리,공포(호러)",미스터리,한국,한국
20090445,썸머 워즈,20090813,"애니메이션,SF,전쟁",애니메이션,일본,일본
20090449,프로포즈,20090903,"멜로/로맨스,코미디,드라마",멜로/로맨스,미국,미국
20090453,드림업,20090903,"드라마,코미디",드라마,미국,미국
20090454,소피의 연애 매뉴얼,20090820,"멜로/로맨스,코미디",멜로/로맨스,"중국,한국",중국
20090455,오펀: 천사의 비밀,20090820,"공포(호러),드라마,스릴러",공포(호러),미국,미국
20090459,퍼펙트 겟어웨이,20090820,"스릴러,어드벤처,공포(호러)",스릴러,미국,미국
20090462,코코 샤넬,20090827,드라마,드라마,프랑스,프랑스
20090469,마이 시스터즈 키퍼,20090910,드라마,드라마,미국,미국
20090484,애자,20090909,"드라마,코미디",드라마,한국,한국
20090485,왼편 마지막 집,20090903,"공포(호러),스릴러,범죄",공포(호러),미국,미국
20090501,9:나인,20090909,"애니메이션,액션,스릴러,미스터리,어드벤처,판타지,SF",애니메이션,미국,미국
20090510,이태원 살인사건,20090910,"범죄,미스터리,스릴러",범죄,한국,한국
20090511,하이 레인,20090909,"스릴러,액션,어드벤처",스릴러,프랑스,프랑스
20090513,어글리 트루스,20090917,"코미디,멜로/로맨스",코미디,미국,미국
20090527,국가대표 완결판-못 다한 이야기,20090910,"드라마,코미디",드라마,한국,한국
20090528,페임,20090924,"뮤지컬,드라마",뮤지컬,미국,미국
20090529,S러버,20090917,"코미디,드라마,멜로/로맨스",코미디,미국,미국
20090554,써로게이트,20091001,"SF,스릴러,액션",SF,미국,미국
20090555,게이머,20091001,"액션,SF,스릴러",액션,미국,미국
20090556,나는 갈매기,20090926,다큐멘터리,다큐멘터리,한국,한국
20090557,호우시절,20091008,멜로/로맨스,멜로/로맨스,"한국,중국",한국
20090562,정승필 실종사건,20091008,코미디,코미디,한국,한국
20090570,짱구는 못말려 극장판:태풍을 부르는 노래하는 엉덩이 폭탄,20090924,"애니메이션,코미디,가족",애니메이션,일본,일본
20090572,파이널 데스티네이션 4,20091001,"공포(호러),스릴러",공포(호러),미국,미국
20090578,바스터즈: 거친 녀석들,20091028,"액션,드라마,전쟁",액션,"미국,독일",미국
20090579,디스트릭트 9,20091015,"SF,액션,스릴러,드라마,코미디",SF,"미국,뉴질랜드",미국
20090580,나는 비와 함께 간다,20091015,"범죄,스릴러,액션",범죄,프랑스,프랑스
20090581,부산,20091015,"액션,드라마",액션,한국,한국
20090590,청담보살,20091111,"멜로/로맨스,코미디",멜로/로맨스,한국,한국
20090599,뉴욕 아이 러브 유,20091022,"코미디,드라마,멜로/로맨스",코미디,미국,미국
20090604,마이클 잭슨의 디스 이즈 잇,20091028,다큐멘터리,다큐멘터리,미국,미국
20090605,굿모닝 프레지던트,20091022,"코미디,드라마",코미디,한국,한국
20090613,팬도럼,20091022,"액션,공포(호러),SF,스릴러",액션,"독일,영국",독일
20090664,시간 여행자의 아내,20091028,"멜로/로맨스,드라마,SF",멜로/로맨스,미국,미국
20090667,파주,20091028,"드라마,멜로/로맨스",드라마,한국,한국
20090669,집행자,20091105,드라마,드라마,한국,한국
20090678,닌자 어쌔신,20091126,"액션,드라마,범죄",액션,미국,미국
20090681,크리스마스 캐롤,20091126,"애니메이션,드라마,가족,판타지",애니메이션,미국,미국
20090682,솔로이스트,20091119,드라마,드라마,미국,미국
20090683,500일의 썸머,20100121,"드라마,멜로/로맨스",드라마,미국,미국
20090685,2012,20091112,"SF,액션,어드벤처",SF,미국,미국
20090718,하늘에서 음식이 내린다면,20100211,"애니메이션,가족",애니메이션,미국,미국
20090724,내 눈에 콩깍지,20091105,"멜로/로맨스,코미디",멜로/로맨스,한국,한국
20090800,19-Nineteen,20091112,드라마,드라마,한국,한국
20090801,천국의 우편배달부,20091112,"멜로/로맨스,판타지",멜로/로맨스,한국,한국
20090811,에반게리온: 파,20091203,"애니메이션,액션,SF",애니메이션,일본,일본
20090815,홍길동의 후예,20091126,"액션,코미디,드라마",액션,한국,한국
20090821,아스트로 보이-아톰의 귀환,20100113,"애니메이션,액션,SF",애니메이션,미국,미국
20090822,바람,20091126,"드라마,액션",드라마,한국,한국
20090826,모범시민,20091210,"스릴러,드라마,범죄,액션",스릴러,미국,미국
20090828,뉴 문,20091202,"판타지,드라마,멜로/로맨스",판타지,미국,미국
20090834,아바타,20091217,"SF,액션,어드벤처",SF,미국,미국
20090840,위대한 침묵,20091203,다큐멘터리,다큐멘터리,"독일,프랑스,스위스",독일
20090850,공주와 개구리,20100121,"애니메이션,멜로/로맨스",애니메이션,미국,미국
20090856,셜록 홈즈,20091223,"미스터리,범죄,어드벤처",미스터리,"미국,영국",미국
20090857,파라노말 액티비티,20100113,"공포(호러),미스터리,스릴러",공포(호러),미국,미국
20090860,포켓 몬스터 DP: 아르세우스 초극의 시공으로,20091224,"애니메이션,어드벤처,판타지,액션",애니메이션,일본,일본
20090861,앨빈과 슈퍼밴드2,20091230,"가족,코미디,드라마",가족,미국,미국
20090862,여배우들,20091210,드라마,드라마,한국,한국
20090864,더 로드,20100107,"SF,드라마,스릴러",SF,미국,미국
20090865,러블리 본즈,20100225,"범죄,드라마,판타지",범죄,미국,미국
20090875,걸프렌즈,20091217,"멜로/로맨스,코미디",멜로/로맨스,한국,한국
20090888,용서는 없다,20100107,"범죄,스릴러",범죄,한국,한국
20090890,아빠가 여자를 좋아해,20100114,"멜로/로맨스,코미디",멜로/로맨스,한국,한국
20090891,나인,20091231,"멜로/로맨스,뮤지컬",멜로/로맨스,"미국,이탈리아",미국
20090892,웨딩드레스,20100114,드라마,드라마,한국,한국
20090893,극장판파워레인저 엔진포스VS 와일드스피릿,20100107,"SF,액션",SF,일본,일본
20090894,사랑은 너무 복잡해,20100311,"멜로/로맨스,코미디",멜로/로맨스,미국,미국
20090895,주유소 습격사건 2,20100121,"액션,코미디",액션,한국,한국
20090897,꼬마 니콜라,20100128,"가족,코미디",가족,프랑스,프랑스
20090904,의형제,20100204,"드라마,액션",드라마,한국,한국
20090913,들어는 봤니? 모건 부부,20100128,"코미디,멜로/로맨스",코미디,미국,미국
20090914,하모니,20100128,드라마,드라마,한국,한국
20090916,8인: 최후의 결사단,20100121,"액션,사극",액션,중국,중국
20090921,엣지 오브 다크니스,20100602,"범죄,드라마,미스터리,스릴러",범죄,"영국,미국",영국
20090922,빨간모자의 진실 2,20110713,애니메이션,애니메이션,미국,미국
20090923,퍼시 잭슨과 번개 도둑,20100211,"판타지,어드벤처",판타지,미국,미국
20090926,식객2 : 김치전쟁,20100128,드라마,드라마,한국,한국
20090927,방자전,20100602,"사극,코미디,멜로/로맨스",사극,한국,한국
20090929,울프맨,20100211,"공포(호러),스릴러",공포(호러),미국,미국
20090930,이상한 나라의 앨리스,20100304,"판타지,어드벤처,가족",판타지,미국,미국
20090931,구르믈 버서난 달처럼,20100428,"사극,액션",사극,한국,한국
20090932,데이브레이커스,20100318,"드라마,스릴러,액션",드라마,미국,미국
20090933,아이언맨 2,20100429,"SF,액션,어드벤처",SF,미국,미국
20090939,육혈포 강도단,20100318,"코미디,드라마,액션",코미디,한국,한국
20090943,스플라이스,20100701,"SF,공포(호러),스릴러",SF,캐나다,캐나다
20090945,발렌타인 데이,20100211,"멜로/로맨스,코미디",멜로/로맨스,미국,미국
20090947,집 나온 남자들,20100408,"코미디,드라마",코미디,한국,한국
20090948,그린 존,20100325,"드라마,전쟁,액션",드라마,미국,미국
20090950,월 스트리트: 머니 네버 슬립스,20101021,"드라마,범죄,스릴러",드라마,미국,미국
20090951,로빈 후드,20100513,"액션,드라마,사극",액션,미국,미국
20090952,내니맥피 2: 유모와마법소동,20100811,"가족,코미디,판타지",가족,미국,미국
20090953,오션스,20100728,"다큐멘터리,드라마",다큐멘터리,프랑스,프랑스
20098169,쥬라기 월드,20150611,"액션,어드벤처,SF",액션,미국,미국
2009A362,파이터,20110310,드라마,드라마,미국,미국
20100012,원피스 극장판: 스트롱 월드,20100211,"애니메이션,판타지",애니메이션,일본,일본
20100017,공자 춘추전국시대,20100211,"드라마,액션,사극",드라마,중국,중국
20100018,타이탄,20100401,"액션,어드벤처,판타지",액션,미국,미국
20100039,하치 이야기,20100218,"드라마,가족",드라마,"미국,영국",미국
20100057,참을 수 없는,20101021,"멜로/로맨스,드라마",멜로/로맨스,한국,한국
20100075,무법자,20100318,"드라마,범죄,스릴러",드라마,한국,한국
20100077,포스 카인드,20100225,"SF,미스터리,스릴러",SF,미국,미국
20100090,클로이,20100225,"드라마,스릴러",드라마,프랑스,프랑스
20100098,디어 존,20100304,"드라마,멜로/로맨스,전쟁",드라마,미국,미국
20100101,프롬 파리 위드 러브,20100311,"액션,스릴러,범죄",액션,프랑스,프랑스
20100103,셔터 아일랜드,20100318,"드라마,미스터리,스릴러",드라마,미국,미국
20100105,우리가 꿈꾸는 기적: 인빅터스,20100304,드라마,드라마,미국,미국
20100107,비밀애,20100325,멜로/로맨스,멜로/로맨스,한국,한국
20100115,대병소장,20100311,"액션,코미디",액션,홍콩,홍콩
20100116,솔로몬 케인,20100325,"액션,어드벤처,판타지",액션,"프랑스,체코,영국",프랑스
20100128,프로포즈 데이,20100408,"멜로/로맨스,코미디",멜로/로맨스,미국,미국
20100129,반가운 살인자,20100408,"코미디,스릴러",코미디,한국,한국
20100131,베스트셀러,20100415,"미스터리,스릴러,드라마",미스터리,한국,한국
20100141,아마존의 눈물,20100325,다큐멘터리,다큐멘터리,한국,한국
20100142,크레이지,20100408,"공포(호러),SF,스릴러",공포(호러),"미국,아랍에미리트연합국정부",미국
20100143,일라이,20100415,"액션,어드벤처,드라마,스릴러,서부극(웨스턴)",액션,미국,미국
20100165,블라인드 사이드,20100415,드라마,드라마,미국,미국
20100166,케로로 더 무비 5: 기적의 사차원섬,20100429,"애니메이션,어드벤처,가족",애니메이션,일본,일본
20100168,친정엄마,20100422,"드라마,가족",드라마,한국,한국
20100169,킥 애스: 영웅의 탄생,20100422,"액션,어드벤처,코미디",액션,"영국,미국",영국
20100170,바운티 헌터,20100415,"멜로/로맨스,코미디",멜로/로맨스,미국,미국
20100176,허트 로커,20100422,"전쟁,액션",전쟁,미국,미국
20100188,하녀,20100513,"스릴러,멜로/로맨스",스릴러,한국,한국
20100189,브라더스,20100505,"드라마,전쟁",드라마,미국,미국
20100190,드래곤 길들이기,20100520,"애니메이션,코미디,어드벤처,가족",애니메이션,미국,미국
20100191,시,20100513,드라마,드라마,한국,한국
20100192,나이트메어,20100520,"공포(호러),스릴러",공포(호러),미국,미국
20100193,페르시아의 왕자: 시간의 모래,20100527,"액션,어드벤처,판타지",액션,미국,미국
20100198,대한민국 1%,20100505,"드라마,액션",드라마,한국,한국
20100206,꿈은 이루어진다,20100527,"코미디,드라마",코미디,한국,한국
20100209,이끼,20100714,"드라마,스릴러",드라마,한국,한국
20100210,맨발의 꿈,20100624,드라마,드라마,"한국,인도네시아,일본",한국
20100211,다이노 타임,20150430,"애니메이션,어드벤처,코미디",애니메이션,"한국,미국",한국
20100213,부당거래,20101028,"범죄,드라마",범죄,한국,한국
20100214,아저씨,20100804,"액션,드라마",액션,한국,한국
20100215,점박이:한반도의 공룡3D,20120126,"애니메이션,어드벤처,액션",애니메이션,한국,한국
20100256,내 깡패 같은 애인,20100520,"드라마,코미디,멜로/로맨스",드라마,한국,한국
20100278,유령작가,20100602,"미스터리,스릴러",미스터리,"프랑스,독일,영국",프랑스
20100281,김복남 살인사건의 전말,20100902,"스릴러,드라마",스릴러,한국,한국
20100285,섹스 앤 더 시티 2,20100610,"드라마,멜로/로맨스,코미디",드라마,미국,미국
20100291,스트리트댄스,20100616,"드라마,멜로/로맨스",드라마,영국,영국
20100292,베스트 키드,20100610,"가족,드라마,액션",가족,미국,미국
20100295,A-특공대,20100610,액션,액션,미국,미국
20100296,포화속으로,20100616,"드라마,전쟁",드라마,한국,한국
20100300,죽이고 싶은,20100826,스릴러,스릴러,한국,한국
20100301,악마를 보았다,20100812,스릴러,스릴러,한국,한국
20100302,심야의 F.M.,20101014,"스릴러,범죄",스릴러,한국,한국
20100305,해결사,20100909,"액션,스릴러",액션,한국,한국
20100310,나잇&데이,20100624,"액션,코미디",액션,미국,미국
20100311,엽문2,20100616,"액션,드라마",액션,홍콩,홍콩
20100312,인셉션,20100721,"드라마,미스터리",드라마,미국,미국
20100326,고死 두 번째 이야기: 교생실습,20100728,"공포(호러),스릴러",공포(호러),한국,한국
20100329,그랑프리,20100916,드라마,드라마,한국,한국
20100330,런어웨이즈,,드라마,드라마,,
20100332,토마스와 친구들 - 극장판 2,20100610,"애니메이션,액션,어드벤처,가족",애니메이션,미국,미국
20100333,슈렉 포에버,20100701,"애니메이션,코미디,가족",애니메이션,미국,미국
20100335,여대생 기숙사,20100623,"공포(호러),스릴러",공포(호러),미국,미국
20100339,필립모리스,20100701,"코미디,드라마",코미디,프랑스,프랑스
20100353,파괴된 사나이,20100701,"드라마,스릴러",드라마,한국,한국
20100361,이클립스,20100707,"판타지,멜로/로맨스,스릴러",판타지,미국,미국
20100362,킬러 인사이드 미,20100707,"범죄,드라마,스릴러",범죄,미국,미국
20100370,솔트,20100729,"스릴러,액션",스릴러,미국,미국
20100376,아더와 미니모이 2 : 셀레니아 공주 구출 작전,20100708,"판타지,어드벤처,애니메이션",판타지,프랑스,프랑스
20100377,토이 스토리 3,20100805,"가족,코미디,판타지",가족,미국,미국
20100378,명탐정 코난: 천공의 난파선,20100721,"애니메이션,가족",애니메이션,일본,일본
20100379,극장판 도라에몽: 진구의 인어대해전,20100728,"애니메이션,가족,판타지",애니메이션,일본,일본
20100380,마음이2,20100721,드라마,드라마,"한국,중국",한국
20100381,마법사의 제자,20100721,"드라마,액션,판타지,어드벤처",드라마,미국,미국
20100382,스텝 업 3D,20100805,"드라마,멜로/로맨스",드라마,미국,미국
20100758,오션월드 3D,20100811,"다큐멘터리,어드벤처",다큐멘터리,영국,영국
20100766,킬러스,20100902,"액션,코미디,멜로/로맨스",액션,미국,미국
20100767,라스트 에어벤더,20100819,"액션,가족,판타지,어드벤처",액션,미국,미국
20100768,익스펜더블,20100819,"스릴러,액션",스릴러,미국,미국
20100769,폐가,20100819,공포(호러),공포(호러),한국,한국
20100794,프레데터스,20100826,"액션,스릴러,SF,어드벤처",액션,미국,미국
20100796,아바타 3D 스페셜에디션,20100904,"SF,액션",SF,미국,미국
20100807,뮬란: 전사의 귀환,20100902,"액션,드라마",액션,중국,중국
20100808,애프터 라이프,20100902,"드라마,미스터리,스릴러",드라마,미국,미국
20100810,마루 밑 아리에티,20100909,애니메이션,애니메이션,일본,일본
20100811,레지던트 이블 4: 끝나지 않은 전쟁 3D,20100916,"공포(호러),스릴러,액션",공포(호러),"독일,미국,영국",독일
20100812,캣츠 앤 독스 2,20100916,"가족,코미디,액션",가족,"미국,오스트리아 ",미국
20100813,퀴즈왕,20100916,코미디,코미디,한국,한국
20100814,슈퍼  배드,20100916,"애니메이션,가족",애니메이션,미국,미국
20100816,피라냐,20100826,"액션,공포(호러),스릴러",액션,미국,미국
20100833,무적자,20100916,"드라마,액션",드라마,"한국,홍콩,일본,태국",한국
20100834,시라노; 연애조작단,20100916,"멜로/로맨스,코미디",멜로/로맨스,한국,한국
20100835,방가? 방가!,20100930,"코미디,드라마",코미디,한국,한국
20100962,"울지마, 톤즈",20100909,다큐멘터리,다큐멘터리,한국,한국
20100975,레터스 투 줄리엣,20101006,"멜로/로맨스,코미디",멜로/로맨스,미국,미국
20100977,적인걸: 측천무후의 비밀,20101006,"액션,범죄,미스터리,스릴러",액션,"중국,홍콩",중국
20100979,검우강호,20101014,액션,액션,"홍콩,중국,미국",홍콩
20100980,22 블렛,20101014,"액션,범죄",액션,프랑스,프랑스
20100991,먹고 기도하고 사랑하라,20100930,"드라마,멜로/로맨스",드라마,미국,미국
20101006,가디언의 전설,20101028,"애니메이션,어드벤처,판타지",애니메이션,"미국,호주",미국
20101007,나탈리,20101028,"멜로/로맨스,드라마",멜로/로맨스,한국,한국
20101008,레드,20101103,액션,액션,"미국,캐나다",미국
20101009,불량남녀,20101104,코미디,코미디,한국,한국
20101010,초능력자,20101110,"SF,드라마",SF,한국,한국
20101011,쏘우 3D,20101118,공포(호러),공포(호러),"미국,캐나다",미국
20101012,페스티발,20101118,코미디,코미디,한국,한국
20101013,소셜 네트워크,20101118,드라마,드라마,미국,미국
20101014,워리어스 웨이,20101201,"액션,판타지",액션,미국,미국
20101015,파라노말 액티비티 2,20101021,공포(호러),공포(호러),미국,미국
20101038,대지진,20101104,드라마,드라마,중국,중국
20101039,돌이킬 수 없는,20101104,"미스터리,드라마",미스터리,한국,한국
20101069,데블,20101104,공포(호러),공포(호러),미국,미국
20101070,언스토퍼블,20101110,"액션,스릴러,드라마",액션,미국,미국
20101109,두 여자,20101118,"멜로/로맨스,드라마",멜로/로맨스,한국,한국
20101113,이층의 악당,20101124,"코미디,미스터리",코미디,한국,한국
20101118,스위치,20101201,"멜로/로맨스,코미디",멜로/로맨스,미국,미국
20101133,스카이 라인,20101124,"액션,스릴러,SF",액션,미국,미국
20101138,베리드,20101208,드라마,드라마,스페인,스페인
20101140,라스트 엑소시즘,20101201,"공포(호러),스릴러",공포(호러),미국,미국
20101170,렛 미 인,20101118,"드라마,판타지,공포(호러),미스터리",드라마,"영국,미국",영국
20101200,김종욱 찾기,20101208,"멜로/로맨스,드라마",멜로/로맨스,한국,한국
20101206,더 콘서트,20101125,"드라마,코미디",드라마,"프랑스,이탈리아,벨기에,루마니아",프랑스
20101209,라스트 갓파더,20101229,코미디,코미디,"한국,미국",한국
20101212,투어리스트,20101209,"드라마,스릴러",드라마,미국,미국
20101213,나니아 연대기: 새벽 출정호의 항해,20101208,"판타지,가족,어드벤처",판타지,미국,미국
20101221,쩨쩨한 로맨스,20101201,"코미디,멜로/로맨스",코미디,한국,한국
20101222,황해,20101222,"스릴러,액션,범죄",스릴러,"한국,미국,중국",한국
20101223,헬로우 고스트,20101222,"코미디,드라마",코미디,한국,한국
20101224,해리 포터와 죽음의 성물1,20101215,"미스터리,판타지",미스터리,미국,미국
20101225,트론: 새로운 시작,20101229,"SF,스릴러,액션",SF,미국,미국
20101226,극장판 포켓 몬스터 DP 「환영의 패왕 조로아크」,20101223,애니메이션,애니메이션,일본,일본
20101227,톨스토이의 마지막 인생,20101215,"드라마,멜로/로맨스",드라마,"영국,미국,러시아,독일",영국
20101348,새미의 어드벤쳐,20101215,"애니메이션,어드벤처",애니메이션,벨기에,벨기에
20101378,쓰리 데이즈,20101222,"범죄,스릴러,액션",범죄,"미국,프랑스",미국
20101395,라푼젤,20110210,"애니메이션,코미디,멜로/로맨스,가족",애니메이션,미국,미국
20101399,심장이 뛴다,20110105,드라마,드라마,한국,한국
20102413,극장판 메탈 베이블레이드 VS 태양 작열의 침략자 솔블레이즈,20110105,애니메이션,애니메이션,일본,일본
20102414,조선명탐정 : 각시투구꽃의 비밀,20110127,"코미디,액션",코미디,한국,한국
20102415,평양성,20110127,"전쟁,코미디,드라마",전쟁,한국,한국
20102416,글러브,20110120,드라마,드라마,한국,한국
20102417,걸리버 여행기,20110127,"코미디,어드벤처",코미디,미국,미국
20102418,그린 호넷,20110127,드라마,드라마,미국,미국
20102419,타운,20110127,"드라마,범죄,스릴러",드라마,미국,미국
20102421,메가마인드,20110113,애니메이션,애니메이션,미국,미국
20110029,시즌 오브 더 위치: 마녀 호송단,20110113,"어드벤처,드라마,판타지",어드벤처,미국,미국
20110030,꿀벌 하치의 대모험,20110113,애니메이션,애니메이션,일본,일본
20110031,러브 & 드럭스,20110113,"멜로/로맨스,코미디",멜로/로맨스,미국,미국
20110071,제인 에어,20110420,"드라마,멜로/로맨스",드라마,영국,영국
20110171,마오의 라스트 댄서,20110428,드라마,드라마,호주,호주
20110172,더 라이트: 악마는 있다,20110420,"미스터리,스릴러",미스터리,미국,미국
20110182,스크림 4G,20110609,"미스터리,공포(호러),스릴러",미스터리,미국,미국
20110185,분노의 질주: 언리미티드,20110420,"스릴러,드라마,범죄,액션",스릴러,미국,미국
20110193,써니,20110504,"드라마,코미디",드라마,한국,한국
20110211,토르: 천둥의 신,20110428,"액션,어드벤처,판타지",액션,미국,미국
20110221,소스 코드,20110504,"액션,SF,스릴러",액션,미국,미국
20110233,화이트: 저주의 멜로디,20110609,공포(호러),공포(호러),한국,한국
20110249,하울링,20120216,"범죄,드라마",범죄,한국,한국
20110250,짱구는 못말려 극장판 : 초시공! 태풍을 부르는 나의 신부,20110505,애니메이션,애니메이션,일본,일본
20110251,풍산개,20110623,드라마,드라마,한국,한국
20110261,썬더일레븐 극장판 : 최강군단 오우거의 습격,20110505,"애니메이션,어드벤처,액션",애니메이션,일본,일본
20110279,마당을 나온 암탉,20110728,애니메이션,애니메이션,한국,한국
20110289,회초리,20110519,드라마,드라마,한국,한국
20110290,퀵,20110720,"코미디,액션",코미디,한국,한국
20110292,옥보단 3D,20110512,"성인물(에로),드라마",성인물(에로),홍콩,홍콩
20110294,캐리비안의 해적: 낯선 조류,20110519,"액션,판타지",액션,미국,미국
20110295,마이 웨이,20111221,"전쟁,액션,드라마",전쟁,"한국,일본,중국",한국
20110296,고양이: 죽음을 보는 두 개의 눈,20110707,공포(호러),공포(호러),한국,한국
20110297,블라인드,20110810,스릴러,스릴러,한국,한국
20110301,푸른소금,20110831,"액션,드라마,멜로/로맨스",액션,"한국,필리핀",한국
20110302,최종병기 활,20110810,"사극,액션",사극,한국,한국
20110303,통증,20110907,"멜로/로맨스,드라마",멜로/로맨스,한국,한국
20110311,천녀유혼,20110512,"SF,판타지,멜로/로맨스",SF,중국,중국
20110312,미확인 동영상 : 절대클릭금지,20120530,공포(호러),공포(호러),한국,한국
20110313,모비딕,20110609,"스릴러,드라마",스릴러,한국,한국
20110322,오늘,20111027,드라마,드라마,한국,한국
20110501,삼국지: 명장 관우,20110519,"전쟁,액션,드라마",전쟁,홍콩,홍콩
20110502,레지던트,20110602,"스릴러,공포(호러)",스릴러,"영국,미국",영국
20110511,쿵푸팬더 2,20110526,"애니메이션,액션,어드벤처,코미디,가족",애니메이션,미국,미국
20110561,엑스맨: 퍼스트 클래스,20110602,액션,액션,미국,미국
20110571,프리스트,20110609,액션,액션,미국,미국
20110581,링컨 차를 타는 변호사,20110616,"범죄,스릴러",범죄,미국,미국
20110612,커플즈,20111102,"멜로/로맨스,코미디",멜로/로맨스,한국,한국
20110613,의뢰인,20110929,스릴러,스릴러,한국,한국
20110655,그린랜턴: 반지의 선택,20110616,"SF,액션",SF,미국,미국
20110656,슈퍼 에이트,20110616,SF,SF,미국,미국
20110657,리오,20110727,"애니메이션,어드벤처,코미디",애니메이션,미국,미국
20110659,트랜스포머 3,20110629,"액션,어드벤처",액션,미국,미국
20110660,정무문 : 100대 1의 전설,20110622,액션,액션,"홍콩,중국",홍콩
20110798,러브 앤 프렌즈,20110616,드라마,드라마,미국,미국
20110881,창수,20131128,드라마,드라마,한국,한국
20110882,밀레니엄 : 여자를 증오한 남자들,20120111,"스릴러,드라마",스릴러,"미국,스웨덴,영국,독일",미국
20110896,혹성탈출: 진화의 시작,20110817,"액션,SF,드라마",액션,미국,미국
20110899,세 얼간이,20110818,코미디,코미디,인도,인도
20110905,브레이킹 던 part1,20111130,"드라마,판타지,멜로/로맨스",드라마,미국,미국
20110906,특수본,20111124,"액션,범죄",액션,한국,한국
20110911,명탐정 코난 : 침묵의 15분,20110803,애니메이션,애니메이션,일본,일본
20110988,음모자,20110630,드라마,드라마,미국,미국
20111009,해리 포터와 죽음의 성물2,20110713,"판타지,미스터리",판타지,미국,미국
20111034,바니버디,20110720,애니메이션,애니메이션,미국,미국
20111101,고 녀석 맛나겠다,20110707,애니메이션,애니메이션,일본,일본
20111113,퍼스트 어벤져,20110728,"액션,SF",액션,미국,미국
20111249,카 2,20110720,"애니메이션,코미디",애니메이션,미국,미국
20111351,포인트 블랭크,20110713,스릴러,스릴러,프랑스,프랑스
20111536,쥴리의 육지 대모험,20110908,애니메이션,애니메이션,"미국,홍콩,말레이시아",미국
20111540,개구쟁이 스머프,20110811,애니메이션,애니메이션,미국,미국
20111571,파퍼씨네 펭귄들,20110907,코미디,코미디,미국,미국
20111671,콜롬비아나,20110831,액션,액션,"미국,프랑스",미국
20111692,행오버 2,20110825,코미디,코미디,미국,미국
20111702,극장판 도라에몽: 진구와 철인군단 날아라 천사들,20110728,"애니메이션,가족",애니메이션,일본,일본
20111757,카우보이 & 에이리언,20110811,"액션,SF,스릴러",액션,미국,미국
20111774,가비,20120315,"드라마,멜로/로맨스,미스터리",드라마,한국,한국
20111892,어브덕션,20110929,"액션,드라마,미스터리",액션,미국,미국
20111893,킬러 엘리트,20110922,"스릴러,액션",스릴러,미국,미국
20111914,카운트다운,20110929,"드라마,액션",드라마,한국,한국
20111928,너는 펫,20111110,"멜로/로맨스,코미디",멜로/로맨스,한국,한국
20111987,신들의 전쟁,20111110,"드라마,액션,판타지",드라마,미국,미국
20112050,파이널 데스티네이션5,20110908,"공포(호러),액션",공포(호러),미국,미국
20112082,챔프,20110907,드라마,드라마,한국,한국
20112121,내 여자친구의 결혼식,20110825,코미디,코미디,미국,미국
20112134,배틀쉽,20120411,"SF,액션",SF,미국,미국
20112141,돈비 어프레이드 : 어둠 속의 속삭임,20110825,"공포(호러),스릴러",공포(호러),"미국,호주,멕시코",미국
20112173,리얼 스틸,20111012,"액션,드라마,SF",액션,미국,미국
20112175,컨테이젼,20110922,"액션,SF,스릴러,미스터리",액션,미국,미국
20112207,미션임파서블:고스트프로토콜,20111215,액션,액션,미국,미국
20112208,더 킥,20111103,액션,액션,"한국,태국",한국
20112221,히트,20111013,"드라마,액션,코미디",드라마,한국,한국
20112272,가문의 영광4 - 가문의 수난,20110907,코미디,코미디,한국,한국
20112303,코쿠리코 언덕에서,20110929,"애니메이션,멜로/로맨스",애니메이션,일본,일본
20112311,머니볼,20111117,드라마,드라마,미국,미국
20112534,도가니,20110922,드라마,드라마,한국,한국
20112542,틴틴 : 유니콘호의 비밀,20111207,"애니메이션,가족,어드벤처",애니메이션,"미국,뉴질랜드,벨기에",미국
20112552,투혼,20111006,드라마,드라마,한국,한국
20112553,쟈니 잉글리쉬2 : 네버다이,20111102,코미디,코미디,미국,미국
20112561,원 데이,20121213,"드라마,멜로/로맨스",드라마,미국,미국
20112589,오직 그대만,20111020,멜로/로맨스,멜로/로맨스,한국,한국
20112621,셜록홈즈 : 그림자 게임,20111221,"액션,미스터리",액션,미국,미국
20112651,삼총사 3D,20111012,"액션,어드벤처",액션,"독일,영국,프랑스",독일
20112692,드라이브,20111117,"액션,멜로/로맨스",액션,미국,미국
20112693,파라노말 액티비티 3,20111020,공포(호러),공포(호러),미국,미국
20112695,완득이,20111020,드라마,드라마,한국,한국
20112703,다크 나이트 라이즈,20120719,"액션,범죄,스릴러",액션,"미국,영국",미국
20112704,인 타임,20111027,"SF,스릴러,액션",SF,미국,미국
20112707,타워 하이스트,20111117,"액션,코미디,범죄",액션,미국,미국
20112708,극장판 포켓몬스터 베스트 위시 「비크티니와 흑의 영웅 제크로무」,20111222,"애니메이션,판타지,어드벤처",애니메이션,일본,일본
20112709,극장판 포켓몬스터 베스트 위시「비크티니와 백의 영웅 레시라무」,20111222,"애니메이션,판타지,어드벤처",애니메이션,일본,일본
20112762,티끌모아 로맨스,20111110,"멜로/로맨스,코미디",멜로/로맨스,한국,한국
20112763,헬프,20111103,드라마,드라마,미국,미국
20112821,프렌즈 위드 베네핏,20111027,"코미디,멜로/로맨스",코미디,미국,미국
20112822,청원,20111102,드라마,드라마,인도,인도
20112934,완벽한 파트너,20111117,코미디,코미디,한국,한국
20112972,아더 크리스마스,20111125,"애니메이션,가족",애니메이션,미국,미국
20113001,Mr.아이돌,20111103,드라마,드라마,한국,한국
20113201,하트 브레이커,20120419,"코미디,멜로/로맨스",코미디,프랑스,프랑스
20113252,톰보이,20200514,드라마,드라마,프랑스,프랑스
20113260,퍼펙트 게임,20111221,드라마,드라마,한국,한국
20113271,프렌즈: 몬스터섬의비밀,20111229,"애니메이션,어드벤처",애니메이션,일본,일본
20113306,50/50,20111124,"코미디,드라마",코미디,미국,미국
20113307,블리츠,20111207,"스릴러,드라마",스릴러,영국,영국
20113311,앨빈과 슈퍼밴드3,20111215,"애니메이션,코미디,어드벤처,가족",애니메이션,미국,미국
20113312,결정적 한방,20111207,"코미디,드라마",코미디,한국,한국
20113381,오싹한 연애,20111201,"공포(호러),멜로/로맨스,코미디",공포(호러),한국,한국
20113391,나는 공무원이다,20120712,"코미디,드라마",코미디,한국,한국
20113461,007 스카이폴,20121026,액션,액션,"미국,영국",미국
20113472,우리는 동물원을 샀다,20120118,"가족,코미디",가족,미국,미국
20113532,미쓰GO,20120621,"액션,코미디,범죄",액션,한국,한국
20113533,후궁 : 제왕의 첩,20120606,"사극,멜로/로맨스",사극,한국,한국
20113535,부러진 화살,20120118,드라마,드라마,한국,한국
20113554,내 아내의 모든 것,20120517,"코미디,멜로/로맨스",코미디,한국,한국
20113557,범죄와의 전쟁: 나쁜놈들 전성시대,20120202,"범죄,드라마",범죄,한국,한국
20113636,네버엔딩 스토리,20120118,"코미디,멜로/로맨스",코미디,한국,한국
20113643,파파,20120201,"가족,코미디",가족,"한국,미국",한국
20113652,다크아워,20120105,"SF,액션",SF,미국,미국
20113653,잃어버린 세계를 찾아서 2: 신비의 섬,20120119,"액션,어드벤처",액션,미국,미국
20113671,원더풀 라디오,20120105,"드라마,멜로/로맨스",드라마,한국,한국
20113743,댄싱퀸,20120118,"코미디,드라마",코미디,한국,한국
20113745,스노우 화이트 앤 더 헌츠맨,20120530,"액션,어드벤처,판타지",액션,미국,미국
20113811,코알라 키드 : 영웅의 탄생,20120112,애니메이션,애니메이션,"한국,미국",한국
20113821,더 레이븐,20120705,"스릴러,미스터리",스릴러,"미국,헝가리,스페인",미국
20113862,장화신은 고양이,20120112,"애니메이션,어드벤처,코미디,판타지",애니메이션,미국,미국
20113881,하이힐을 신고 달리는 여자,20120202,코미디,코미디,미국,미국
20113883,초한지 - 천하대전,20120111,액션,액션,"중국,홍콩",중국
20113885,맨 인 블랙 3,20120524,"액션,코미디,SF",액션,미국,미국
20113886,회사원,20121011,"액션,드라마",액션,한국,한국
20113887,점쟁이들,20121003,"코미디,공포(호러)",코미디,한국,한국
20113889,로렉스,20120503,애니메이션,애니메이션,미국,미국
20113890,고스트 라이더 : 복수의 화신,20120216,"액션,판타지,스릴러",액션,미국,미국
20113911,해피 피트 2,20120202,"애니메이션,코미디,가족",애니메이션,호주,호주
20113912,철의 여인,20120223,드라마,드라마,영국,영국
20113916,러브픽션,20120229,"멜로/로맨스,코미디",멜로/로맨스,한국,한국
20113920,토르: 마법망치의 전설,20120209,"애니메이션,어드벤처",애니메이션,아이슬란드,아이슬란드
20113951,페이스메이커,20120118,드라마,드라마,한국,한국
20113972,지.아이.조 2,20130328,"액션,어드벤처,SF",액션,"미국,캐나다",미국
20113975,우먼 인 블랙,20120216,"드라마,공포(호러),스릴러",드라마,영국,영국
20119137,가필드 펫 포스 3D,20110127,"애니메이션,코미디,가족",애니메이션,미국,미국
20119155,아프리카 마법여행,20110120,"어드벤처,드라마,가족,판타지",어드벤처,스페인,스페인
20119277,상하이,20110127,"드라마,미스터리,멜로/로맨스",드라마,미국,미국
20119337,그대를 사랑합니다,20110217,드라마,드라마,한국,한국
20119341,아이들...,20110217,"범죄,스릴러",범죄,한국,한국
20119358,127시간,20110217,"드라마,스릴러",드라마,미국,미국
20119418,생텀,20110210,"어드벤처,드라마,액션,스릴러",어드벤처,"미국,호주",미국
20119419,웨이 백,20110317,드라마,드라마,미국,미국
20119420,아이 엠 넘버 포,20110224,"액션,SF",액션,미국,미국
20119427,메카닉,20110224,"드라마,액션,스릴러",드라마,미국,미국
20119429,언노운,20110217,"드라마,스릴러,액션",드라마,미국,미국
20119430,컨트롤러,20110303,"스릴러,드라마,멜로/로맨스",스릴러,미국,미국
20119508,친구와 연인사이,20110210,"코미디,멜로/로맨스",코미디,미국,미국
20119511,사랑이 무서워,20110310,"코미디,멜로/로맨스",코미디,한국,한국
20119513,7광구,20110804,"SF,액션,스릴러",SF,한국,한국
20119515,고지전,20110720,"드라마,전쟁",드라마,한국,한국
20119527,헤드,20110526,"액션,스릴러",액션,한국,한국
20119529,적과의 동침,20110427,"드라마,멜로/로맨스",드라마,한국,한국
20119556,알파 앤 오메가,20110224,"애니메이션,어드벤처,코미디,가족",애니메이션,"미국,인도",미국
20119577,블랙 스완,20110224,"드라마,스릴러",드라마,미국,미국
20119618,위험한 상견례,20110331,"코미디,멜로/로맨스",코미디,한국,한국
20119619,체포왕,20110504,"코미디,액션",코미디,한국,한국
20119627,세상에서 가장 아름다운 이별,20110420,드라마,드라마,한국,한국
20119628,마마,20110601,드라마,드라마,한국,한국
20119630,랭고,20110303,"애니메이션,액션",애니메이션,미국,미국
20119637,킹스 스피치,20110317,드라마,드라마,"영국,호주",영국
20119667,굿모닝 에브리원,20110317,"드라마,코미디,멜로/로맨스",드라마,미국,미국
20119707,월드 인베이젼,20110310,"SF,액션",SF,미국,미국
20119717,로맨틱 헤븐,20110324,드라마,드라마,한국,한국
20119720,마이 블랙 미니드레스,20110324,드라마,드라마,한국,한국
20119721,황당한 외계인: 폴,20110407,"코미디,SF",코미디,미국,미국
20119768,레드 라이딩 후드,20110317,"드라마,판타지,멜로/로맨스",드라마,"미국,캐나다",미국
20119771,내 이름은 칸,20110324,드라마,드라마,인도,인도
20119772,줄리아의 눈,20110331,"미스터리,스릴러,범죄,공포(호러)",미스터리,스페인,스페인
20119802,비스틀리,20110317,"드라마,판타지,멜로/로맨스",드라마,미국,미국
20119806,미트 페어런츠 3,20110331,코미디,코미디,미국,미국
20119852,한나,20110414,"액션,스릴러",액션,미국,미국
20119854,써커 펀치,20110407,액션,액션,미국,미국
20119855,라스트 나잇,20110407,멜로/로맨스,멜로/로맨스,"미국,프랑스",미국
20119856,베니싱,20110331,미스터리,미스터리,미국,미국
20119972,노미오와 줄리엣,20110414,"애니메이션,코미디,가족,판타지,멜로/로맨스",애니메이션,"영국,미국",영국
20119974,수상한 고객들,20110414,"코미디,드라마",코미디,한국,한국
20119989,나는 아빠다,20110414,"액션,드라마",액션,한국,한국
20120021,조조-황제의 반란,20121018,사극,사극,중국,중국
20120103,닥터,20130620,스릴러,스릴러,한국,한국
20120108,지슬 - 끝나지 않은 세월2,20130321,드라마,드라마,한국,한국
20120362,나우이즈굿,20121108,"드라마,멜로/로맨스",드라마,영국,영국
20120381,피노키오: 당나귀 섬의 비밀,20130425,"애니메이션,코미디,드라마",애니메이션,"이탈리아,멕시코,벨기에,프랑스,룩셈부르크",이탈리아
20120421,살인소설,20121115,"미스터리,스릴러",미스터리,미국,미국
20120426,고령화 가족,20130509,"드라마,코미디",드라마,한국,한국
20120428,톱스타,20131024,드라마,드라마,한국,한국
20120430,철가방 우수氏,20121122,드라마,드라마,한국,한국
20120467,스토커,20130228,"드라마,스릴러",드라마,미국,미국
20120562,업사이드 다운,20121108,"SF,판타지",SF,"캐나다,프랑스",캐나다
20120942,밀림의 왕자 레오2,20121108,애니메이션,애니메이션,일본,일본
20121549,전국노래자랑,20130501,"코미디,드라마",코미디,한국,한국
20121621,아이언맨 3,20130425,"액션,어드벤처,SF",액션,미국,미국
20121861,더 임파서블,20130117,"액션,드라마,스릴러",액션,"스페인,미국",스페인
20122021,트랜스포머: 사라진 시대,20140625,"액션,SF,어드벤처",액션,미국,미국
20122089,슈퍼배드 2,20130912,애니메이션,애니메이션,미국,미국
20122122,월드 워 Z,20130620,"드라마,스릴러,SF,액션,어드벤처",드라마,미국,미국
20122192,극장판 파워레인저: 캡틴포스 VS 미라클포스 199 히어로 대결전,20121213,애니메이션,애니메이션,"일본,네덜란드",일본
20122231,안나 카레니나,20130321,드라마,드라마,미국,미국
20122523,니코: 산타비행단의 모험,20121225,"애니메이션,어드벤처,가족",애니메이션,"핀란드,덴마크,아일랜드,독일",핀란드
20122625,오즈 그레이트 앤드 파워풀,20130307,"판타지,어드벤처,액션",판타지,미국,미국
20122783,감시자들,20130703,"범죄,액션",범죄,한국,한국
20122784,몽타주,20130516,스릴러,스릴러,한국,한국
20122785,롤러코스터,20131017,코미디,코미디,한국,한국
20122786,응징자,20131030,"액션,스릴러",액션,한국,한국
20122787,또 하나의 약속,20140206,드라마,드라마,한국,한국
20122803,파이스토리 : 악당상어 소탕작전,20130110,애니메이션,애니메이션,"미국,한국",미국
20122843,차이니즈 조디악,20130227,"액션,어드벤처",액션,중국,중국
20123161,늑대소년-확장판,20121206,"멜로/로맨스,드라마,판타지",멜로/로맨스,한국,한국
20123201,노리개,20130418,드라마,드라마,한국,한국
20123217,극장판 포켓몬스터 베스트위시「메로엣타의 반짝반짝 음악회」,20121219,애니메이션,애니메이션,일본,일본
20123329,스타트렉 다크니스,20130530,"액션,SF,어드벤처",액션,미국,미국
20123333,잭 리처,20130117,액션,액션,미국,미국
20123381,깡철이,20131002,"드라마,액션,가족",드라마,한국,한국
20123383,화이: 괴물을 삼킨 아이,20131009,"액션,스릴러",액션,한국,한국
20123384,밤의 여왕,20131017,"멜로/로맨스,코미디",멜로/로맨스,한국,한국
20123387,다이하드: 굿 데이 투 다이,20130206,"액션,범죄,스릴러",액션,미국,미국
20123421,눈의 여왕,20130207,애니메이션,애니메이션,러시아,러시아
20123484,실버라이닝 플레이북,20130214,"멜로/로맨스,코미디,드라마",멜로/로맨스,미국,미국
20123501,군도: 민란의 시대,20140723,"사극,액션",사극,한국,한국
20123641,잭 더 자이언트 킬러,20130228,"판타지,드라마,어드벤처",판타지,미국,미국
20123644,해양경찰 마르코,20130214,"어드벤처,애니메이션",어드벤처,덴마크,덴마크
20123681,뽀로로 극장판 슈퍼썰매 대모험,20130123,애니메이션,애니메이션,한국,한국
20123821,더 자이언트,20130221,애니메이션,애니메이션,"미국,태국",미국
20124021,더 그레이,20120216,"액션,드라마,스릴러",액션,"미국,캐나다",미국
20124024,클라우드 아틀라스,20130109,"SF,판타지",SF,"미국,독일",미국
20124032,간기남,20120411,"코미디,스릴러",코미디,한국,한국
20124034,도둑들,20120725,"액션,범죄",액션,"한국,홍콩",한국
20124039,타워,20121225,드라마,드라마,한국,한국
20124045,코리아,20120503,드라마,드라마,한국,한국
20124047,백프로,20140403,"코미디,드라마",코미디,한국,한국
20124049,R2B: 리턴투베이스,20120815,"액션,드라마",액션,한국,한국
20124050,화차,20120308,미스터리,미스터리,한국,한국
20124051,시체가 돌아왔다,20120329,"범죄,드라마",범죄,한국,한국
20124054,늑대소년,20121031,"멜로/로맨스,드라마,판타지",멜로/로맨스,한국,한국
20124055,아부의 왕,20120621,코미디,코미디,한국,한국
20124057,용의자X,20121018,미스터리,미스터리,한국,한국
20124058,5백만불의 사나이,20120719,코미디,코미디,한국,한국
20124062,연가시,20120705,"공포(호러),SF",공포(호러),한국,한국
20124063,공모자들,20120829,"범죄,스릴러",범죄,한국,한국
20124064,돈의 맛,20120517,드라마,드라마,"한국,필리핀",한국
20124065,차형사,20120530,"코미디,액션",코미디,한국,한국
20124066,은교,20120425,멜로/로맨스,멜로/로맨스,한국,한국
20124067,바람과 함께 사라지다,20120808,"코미디,사극",코미디,한국,한국
20124070,강철대오:구국의 철가방,20121025,코미디,코미디,한국,한국
20124074,건축학개론,20120322,"멜로/로맨스,드라마",멜로/로맨스,한국,한국
20124075,내가 살인범이다,20121108,"액션,스릴러",액션,한국,한국
20124079,"광해, 왕이 된 남자",20120913,"사극,드라마",사극,한국,한국
20124080,나는 왕이로소이다,20120808,"사극,코미디",사극,한국,한국
20124082,미스터 고,20130717,"코미디,드라마",코미디,"한국,중국",한국
20124083,베를린,20130130,액션,액션,"한국,독일",한국
20124086,스파이,20130905,액션,액션,"한국,태국",한국
20124096,디스 민즈 워,20120229,"액션,코미디,멜로/로맨스",액션,미국,미국
20124099,워 호스,20120209,"전쟁,드라마",전쟁,미국,미국
20124127,헝거게임: 판엠의 불꽃,20120405,"액션,드라마,SF",액션,미국,미국
20124134,팅커 테일러 솔저 스파이,20120209,스릴러,스릴러,"영국,프랑스,독일",영국
20124136,마다가스카3 : 이번엔 서커스다!,20120606,"애니메이션,어드벤처,코미디",애니메이션,미국,미국
20124142,언터처블: 1%의 우정,20120322,"코미디,드라마",코미디,프랑스,프랑스
20124348,돈 크라이 마미,20121122,"스릴러,드라마",스릴러,한국,한국
20124349,무서운 이야기,20120725,공포(호러),공포(호러),한국,한국
20124399,반창꼬,20121219,멜로/로맨스,멜로/로맨스,한국,한국
20124400,간첩,20120920,"드라마,코미디,액션",드라마,한국,한국
20124401,신세계,20130221,"범죄,액션",범죄,한국,한국
20124402,열한시,20131128,스릴러,스릴러,한국,한국
20124420,맨 온 렛지,20120222,"범죄,스릴러",범죄,미국,미국
20124449,세이프 하우스,20120229,"액션,스릴러",액션,"미국,남아프리카공화국",미국
20124609,액트 오브 밸러: 최정예 특수부대,20120229,"액션,어드벤처,스릴러",액션,미국,미국
20124629,존 카터: 바숨 전쟁의 서막,20120308,"SF,액션",SF,미국,미국
20124666,크로니클,20120315,"액션,스릴러",액션,미국,미국
20124717,타이탄의 분노,20120329,"액션,판타지",액션,미국,미국
20124721,어벤져스,20120426,"액션,SF",액션,미국,미국
20124746,언더월드 4: 어웨이크닝,20120222,"액션,판타지,SF,공포(호러)",액션,미국,미국
20124873,콘트라밴드,20120322,"액션,스릴러",액션,"미국,영국",미국
20124874,서약,20120314,"드라마,멜로/로맨스",드라마,"미국,프랑스,브라질",미국
20124917,복숭아나무,20121031,멜로/로맨스,멜로/로맨스,한국,한국
20124932,저스티스,20120315,"액션,드라마,스릴러",액션,미국,미국
20124934,피에타,20120906,드라마,드라마,한국,한국
20124935,박수건달,20130109,코미디,코미디,한국,한국
20124936,나의 PS 파트너,20121206,"멜로/로맨스,코미디",멜로/로맨스,한국,한국
20124937,감기,20130814,"드라마,어드벤처,액션",드라마,한국,한국
20124938,용의자,20131224,"액션,스릴러",액션,한국,한국
20124946,락아웃: 익스트림미션,20120614,"SF,액션,스릴러",SF,"미국,프랑스",미국
20125048,호빗: 뜻밖의 여정,20121213,"어드벤처,판타지",어드벤처,"미국,뉴질랜드",미국
20125086,프로메테우스,20120606,"SF,스릴러",SF,미국,미국
20125106,코난: 암흑의 시대,20120405,"판타지,액션",판타지,미국,미국
20125126,킹메이커,20120419,드라마,드라마,미국,미국
20125333,전설의 주먹,20130410,"드라마,액션",드라마,한국,한국
20125338,링컨: 뱀파이어 헌터,20120830,"액션,스릴러,공포(호러)",액션,미국,미국
20125406,음치 클리닉,20121129,"멜로/로맨스,코미디",멜로/로맨스,한국,한국
20125426,백설공주,20120503,"판타지,어드벤처",판타지,미국,미국
20125427,짱구는 못말려 극장판: 태풍을 부르는 황금스파이 대작전,20120426,애니메이션,애니메이션,일본,일본
20125646,사다코 3D : 죽음의 동영상,20120614,공포(호러),공포(호러),일본,일본
20125647,토탈 리콜,20120815,"SF,액션",SF,"미국,캐나다",미국
20125806,극장판 썬더일레븐GO : 궁극의 우정 그리폰,20120524,애니메이션,애니메이션,일본,일본
20125866,다크 섀도우,20120510,"드라마,공포(호러),스릴러,미스터리",드라마,미국,미국
20125907,콜드 라잇 오브 데이,20120517,"액션,스릴러",액션,미국,미국
20125916,두 개의 달,20120712,공포(호러),공포(호러),한국,한국
20125920,이웃사람,20120822,스릴러,스릴러,한국,한국
20125990,남쪽으로 튀어,20130206,"코미디,드라마",코미디,한국,한국
20126077,어메이징 스파이더맨,20120628,액션,액션,미국,미국
20126087,남자사용설명서,20130214,"코미디,멜로/로맨스",코미디,한국,한국
20126089,자칼이 온다,20121115,코미디,코미디,한국,한국
20126090,조선미녀삼총사,20140129,"코미디,액션,사극",코미디,한국,한국
20126091,관상,20130911,"사극,드라마",사극,한국,한국
20126253,토토의 움직이는 숲,20130620,애니메이션,애니메이션,덴마크,덴마크
20126306,장고:분노의 추적자,20130321,"서부극(웨스턴),드라마",서부극(웨스턴),미국,미국
20126388,잠베지아: 신비한 나무섬의 비밀,20121225,애니메이션,애니메이션,"남아프리카공화국,미국",남아프리카공화국
20126406,새미의 어드벤쳐 2,20120801,"애니메이션,어드벤처",애니메이션,벨기에,벨기에
20126407,가디언즈,20121129,"애니메이션,어드벤처",애니메이션,미국,미국
20126409,본 레거시,20120906,"액션,스릴러",액션,미국,미국
20126413,페이스 블라인드,20120621,"범죄,미스터리,스릴러",범죄,"미국,프랑스,캐나다",미국
20126448,스텝업4 : 레볼루션,20120815,멜로/로맨스,멜로/로맨스,미국,미국
20126469,브레이킹 던 part2,20121115,"드라마,판타지,멜로/로맨스",드라마,미국,미국
20126566,캐빈 인 더 우즈,20120628,"공포(호러),스릴러",공포(호러),미국,미국
20126583,마이 리틀 히어로,20130109,드라마,드라마,한국,한국
20126617,더 씽,20120614,"공포(호러),미스터리,SF",공포(호러),미국,미국
20126667,아이스 에이지 4: 대륙 이동설,20120725,"애니메이션,어드벤처,코미디,가족",애니메이션,미국,미국
20126671,런닝맨,20130404,"액션,코미디",액션,"한국,미국",한국
20126672,은밀하게 위대하게,20130605,"액션,코미디,드라마",액션,한국,한국
20126674,설국열차,20130801,"SF,액션",SF,"한국,체코",한국
20126686,미드나잇 인 파리,20120705,"코미디,멜로/로맨스,판타지",코미디,"미국,스페인",미국
20126745,리미트리스,20120712,"미스터리,스릴러,액션",미스터리,미국,미국
20127086,락 오브 에이지,20120802,"뮤지컬,드라마",뮤지컬,미국,미국
20127108,모모와 다락방의 수상한 요괴들,20120705,"애니메이션,드라마,가족,판타지",애니메이션,일본,일본
20127266,극장판 도라에몽: 진구와 기적의 섬 애니멀 어드벤처,20120725,"애니메이션,어드벤처",애니메이션,일본,일본
20127306,명탐정 코난: 11번째 스트라이커,20120719,애니메이션,애니메이션,일본,일본
20127401,레지던트 이블 5 : 최후의 심판,20120913,"액션,공포(호러),SF,스릴러",액션,"미국,독일",미국
20127494,늑대아이,20120913,"애니메이션,판타지,멜로/로맨스,드라마,어드벤처",애니메이션,일본,일본
20127546,남영동1985,20121122,드라마,드라마,한국,한국
20127593,7번방의 선물,20130123,"코미디,드라마",코미디,한국,한국
20127595,동창생,20131106,"액션,드라마",액션,한국,한국
20127597,뜨거운 안녕,20130530,드라마,드라마,"한국,일본",한국
20127634,메리다와 마법의 숲,20120927,애니메이션,애니메이션,미국,미국
20127887,빌리와 용감한 녀석들 3D,20120808,"애니메이션,가족",애니메이션,독일,독일
20128079,정글번치 : 빙산으로의 귀환,20131002,애니메이션,애니메이션,프랑스,프랑스
20128143,익스펜더블 2,20120906,"액션,어드벤처",액션,미국,미국
20128247,극장판 포켓몬스터 베스트위시「큐레무 VS 성검사 케르디오」,20121219,애니메이션,애니메이션,일본,일본
20128270,루퍼,20121011,"SF,액션",SF,미국,미국
20128271,577 프로젝트,20120830,"코미디,드라마",코미디,한국,한국
20128274,레미제라블,20121219,드라마,드라마,미국,미국
20128386,라이프 오브 파이,20130101,"어드벤처,드라마",어드벤처,미국,미국
20128447,테이큰 2,20120927,"액션,범죄,드라마",액션,프랑스,프랑스
20128687,가문의 영광5 - 가문의 귀환,20121219,코미디,코미디,한국,한국
20128690,연애의 온도,20130321,"멜로/로맨스,코미디",멜로/로맨스,한국,한국
20128691,미나문방구,20130516,"드라마,코미디",드라마,한국,한국
20128747,분노의 윤리학,20130221,"스릴러,드라마",스릴러,한국,한국
20129079,파라노말 액티비티4,20121025,"스릴러,공포(호러)",스릴러,미국,미국
20129092,테드: 황금도시 파이티티를 찾아서,20120920,애니메이션,애니메이션,스페인,스페인
20129114,더 웹툰: 예고살인,20130627,"공포(호러),스릴러",공포(호러),한국,한국
20129156,몬스터 호텔,20130117,"애니메이션,가족",애니메이션,미국,미국
20129166,19곰 테드,20120927,"코미디,판타지",코미디,미국,미국
20129262,제로 다크 서티,20130307,"전쟁,액션,스릴러",전쟁,미국,미국
20129368,파파로티,20130314,드라마,드라마,한국,한국
20129370,명량,20140730,"사극,액션",사극,한국,한국
20129388,주먹왕 랄프,20121219,애니메이션,애니메이션,미국,미국
20129407,로우리스: 나쁜 영웅들,20121018,"액션,범죄",액션,미국,미국
20129588,섀도우 헌터스: 뼈의 도시,20130912,"판타지,액션",판타지,"미국,독일",미국
20129606,공범,20131024,"스릴러,드라마",스릴러,한국,한국
20129626,위험한 관계,20121011,"멜로/로맨스,전쟁,드라마",멜로/로맨스,"한국,중국",한국
20129766,프랑켄위니,20121011,"애니메이션,코미디,공포(호러)",애니메이션,미국,미국
20129787,방황하는 칼날,20140410,"범죄,스릴러",범죄,한국,한국
20129790,아르고,20121031,스릴러,스릴러,미국,미국
20130021,"협녀, 칼의 기억",20150813,"사극,액션",사극,한국,한국
20130442,끝까지 간다,20140529,"액션,스릴러,범죄",액션,한국,한국
20130522,트랜센던스,20140514,"SF,액션,드라마",SF,미국,미국
20130561,관능의 법칙,20140213,"드라마,코미디",드라마,한국,한국
20130566,무뢰한,20150527,멜로/로맨스,멜로/로맨스,한국,한국
20130569,슈퍼윙스 3D,20130814,"애니메이션,어드벤처,코미디",애니메이션,러시아,러시아
20130574,개를 훔치는 완벽한 방법,20141231,"드라마,가족",드라마,한국,한국
20130783,프리즈너스,20131002,"범죄,드라마,스릴러",범죄,미국,미국
20131001,프리버즈: 밍쿠와 찌아의 도시 대탈출,20130917,"애니메이션,어드벤처",애니메이션,아르헨티나,아르헨티나
20131102,수상한 그녀,20140122,드라마,드라마,한국,한국
20131245,블랙 가스펠,20131114,드라마,드라마,한국,한국
20131246,엔더스 게임,20131231,"SF,액션,어드벤처",SF,미국,미국
20131248,드래곤 길들이기 2,20140723,"애니메이션,액션,어드벤처",애니메이션,미국,미국
20131262,허삼관,20150114,드라마,드라마,한국,한국
20131381,컨저링,20130917,"공포(호러),스릴러",공포(호러),미국,미국
20131541,블루 재스민,20130925,드라마,드라마,미국,미국
20131630,히든 카드,20130926,"범죄,스릴러",범죄,미국,미국
20131681,드래곤볼Z : 신들의 전쟁,20130829,"애니메이션,액션,어드벤처,SF",애니메이션,일본,일본
20132082,바람이 분다,20130905,"애니메이션,드라마",애니메이션,일본,일본
20132120,러시 : 더 라이벌,20131009,"액션,드라마",액션,미국,미국
20132261,로덴시아: 마법왕국의 전설,20131002,"애니메이션,어드벤처",애니메이션,"페루,아르헨티나",페루
20132482,우는 남자,20140604,"액션,드라마",액션,한국,한국
20132821,캡틴 필립스,20131023,"액션,드라마",액션,미국,미국
20132824,리딕,20131128,"SF,액션",SF,미국,미국
20133152,카운슬러,20131114,"범죄,드라마,스릴러",범죄,"미국,영국",미국
20133322,인간중독,20140514,"멜로/로맨스,드라마",멜로/로맨스,한국,한국
20133585,인사이드 르윈,20140129,드라마,드라마,"미국,프랑스",미국
20133601,천재 강아지 미스터 피바디,20140424,"애니메이션,어드벤처,가족",애니메이션,미국,미국
20133602,노아,20140320,"어드벤처,드라마,판타지",어드벤처,미국,미국
20133603,다이애나,20140306,"드라마,멜로/로맨스",드라마,"영국,프랑스,스웨덴,벨기에",영국
20133641,경주,20140612,"드라마,코미디,멜로/로맨스",드라마,한국,한국
20133682,화장,20150409,드라마,드라마,한국,한국
20133701,하늘에서 음식이 내린다면 2,20131121,"애니메이션,코미디,가족",애니메이션,미국,미국
20133760,세이프 헤이븐,20131106,"멜로/로맨스,드라마",멜로/로맨스,미국,미국
20133924,빌리와 용감한 녀석들 2,20130221,"애니메이션,어드벤처",애니메이션,인도,인도
20133981,헨젤과 그레텔: 마녀 사냥꾼 3D,20130214,"액션,코미디,판타지",액션,"미국,영국",미국
20134028,폼페이: 최후의 날,20140220,"액션,어드벤처,드라마",액션,"미국,독일",미국
20134046,월터의 상상은 현실이 된다,20131231,"어드벤처,코미디,드라마",어드벤처,미국,미국
20134082,해무(海霧),20140813,드라마,드라마,한국,한국
20134102,글래디에이터: 로마 영웅 탄생의 비밀 3D,20130314,"애니메이션,액션,어드벤처",애니메이션,이탈리아,이탈리아
20134122,한공주,20140417,드라마,드라마,한국,한국
20134123,집으로 가는 길,20131211,드라마,드라마,한국,한국
20134124,배우는 배우다,20131024,드라마,드라마,한국,한국
20134144,화이트 고릴라,20131031,애니메이션,애니메이션,스페인,스페인
20134181,오블리비언,20130411,"액션,SF",액션,미국,미국
20134206,썬더와 마법저택,20131224,"애니메이션,어드벤처,가족",애니메이션,벨기에,벨기에
20134267,호빗: 스마우그의 폐허,20131212,"어드벤처,드라마,판타지",어드벤처,"미국,뉴질랜드",미국
20134268,버틀러: 대통령의 집사,20131128,"드라마,기타",드라마,미국,미국
20134407,사이코메트리,20130307,미스터리,미스터리,한국,한국
20134533,타잔 3D,20140109,"애니메이션,액션,어드벤처",애니메이션,독일,독일
20134562,비포 미드나잇,20130522,멜로/로맨스,멜로/로맨스,미국,미국
20134581,링컨,20130314,"드라마,전쟁",드라마,미국,미국
20134582,소원,20131002,드라마,드라마,한국,한국
20134585,가시,20140410,"멜로/로맨스,드라마",멜로/로맨스,한국,한국
20134586,도희야,20140522,드라마,드라마,한국,한국
20134587,로보캅,20140213,"액션,SF",액션,미국,미국
20134588,덕수리 5형제,20141204,"코미디,스릴러",코미디,한국,한국
20134589,제보자,20141002,드라마,드라마,한국,한국
20134590,빅매치,20141127,액션,액션,한국,한국
20134591,황제를 위하여,20140611,"액션,범죄",액션,한국,한국
20134592,"극장판 포켓몬스터 베스트위시: 신의 속도 게노세크트, 뮤츠의 각성",20140109,"애니메이션,어드벤처",애니메이션,일본,일본
20134594,두근두근 내 인생,20140903,드라마,드라마,한국,한국
20134603,로마 위드 러브,20130418,코미디,코미디,"미국,이탈리아,스페인",미국
20134701,웃는 남자,20130328,"미스터리,판타지",미스터리,"프랑스,체코",프랑스
20134798,연평해전,20150624,드라마,드라마,한국,한국
20134801,더 파이브,20131114,"스릴러,드라마",스릴러,한국,한국
20134803,변호인,20131218,드라마,드라마,한국,한국
20134804,타짜-신의 손,20140903,드라마,드라마,한국,한국
20134869,호스트,20130404,"SF,판타지",SF,미국,미국
20134983,원피스 극장판 Z,20130321,애니메이션,애니메이션,일본,일본
20134984,다이노소어 어드벤처 3D,20131219,"액션,가족",액션,"미국,영국",미국
20135001,몬스터 대학교,20130912,애니메이션,애니메이션,미국,미국
20135221,분노의 질주: 더 맥시멈,20130522,액션,액션,미국,미국
20135241,웜 바디스,20130314,"멜로/로맨스,액션",멜로/로맨스,미국,미국
20135304,극장판 포켓몬스터DP: 기라티나와 하늘의 꽃다발 쉐이미,20220601,애니메이션,애니메이션,일본,일본
20135305,극장판 포켓몬스터DP - 디아루가 VS 펄기아 VS 다크라이,20180606,애니메이션,애니메이션,일본,일본
20135362,크루즈 패밀리,20130516,"애니메이션,가족,코미디",애니메이션,미국,미국
20135369,저스틴,20131231,"애니메이션,어드벤처",애니메이션,스페인,스페인
20135370,이스케이프 플랜,20131205,"액션,스릴러",액션,미국,미국
20135386,슬로우 비디오,20141002,"드라마,코미디",드라마,한국,한국
20135427,세이빙 산타,20131219,"애니메이션,코미디,가족",애니메이션,영국,영국
20135428,어바웃 타임,20131205,"멜로/로맨스,코미디",멜로/로맨스,영국,영국
20135581,호프 스프링즈,20130404,"멜로/로맨스,코미디",멜로/로맨스,미국,미국
20135656,루시,20140903,액션,액션,"미국,프랑스",미국
20135657,인시디어스: 두번째 집,20131205,공포(호러),공포(호러),미국,미국
20135661,어메이징 스파이더맨 2,20140423,"액션,판타지",액션,미국,미국
20136043,신이 보낸 사람,20140213,드라마,드라마,한국,한국
20136049,숨바꼭질,20130814,스릴러,스릴러,한국,한국
20136052,더 테러 라이브,20130731,"범죄,기타",범죄,한국,한국
20136057,소수의견,20150624,드라마,드라마,한국,한국
20136058,무서운 이야기 2,20130605,"미스터리,공포(호러)",미스터리,한국,한국
20136060,몬스터,20140313,스릴러,스릴러,한국,한국
20136061,결혼전야,20131121,"멜로/로맨스,코미디",멜로/로맨스,한국,한국
20136062,하이힐,20140603,"범죄,액션",범죄,한국,한국
20136063,순수의 시대,20150305,"사극,드라마",사극,한국,한국
20136064,해적: 바다로 간 산적,20140806,어드벤처,어드벤처,한국,한국
20136068,히말라야,20151216,드라마,드라마,한국,한국
20136138,송 포 유,20130418,"코미디,드라마",코미디,영국,영국
20136219,위대한 개츠비,20130516,"드라마,멜로/로맨스",드라마,"미국,호주",미국
20136308,비행기,20131219,애니메이션,애니메이션,미국,미국
20136312,아빠를 빌려드립니다,20141120,"코미디,가족,드라마",코미디,한국,한국
20136337,잭 라이언 : 코드네임 쉐도우,20140116,"액션,드라마,스릴러",액션,"미국,러시아",미국
20136445,레고 무비,20140206,"애니메이션,코미디,액션,가족",애니메이션,미국,미국
20136662,뷰티풀 크리처스,20130418,"스릴러,액션,판타지,멜로/로맨스",스릴러,미국,미국
20136736,초원의 왕 도제,20140327,"애니메이션,어드벤처",애니메이션,일본,일본
20136741,짱구는 못말려 극장판:태풍을 부르는 나와 우주의 프린세스,20130425,애니메이션,애니메이션,일본,일본
20136761,개구쟁이 스머프 2,20130801,"애니메이션,코미디,가족",애니메이션,미국,미국
20136783,꼬마영웅 경찰차 프로디,20130411,"애니메이션,코미디,가족",애니메이션,"노르웨이,미국",노르웨이
20136800,넛잡: 땅콩 도둑들,20140129,"애니메이션,어드벤처,코미디,가족",애니메이션,"한국,캐나다,미국",한국
20136802,카트,20141113,드라마,드라마,한국,한국
20136803,겨울왕국,20140116,"애니메이션,어드벤처,가족,코미디,뮤지컬,판타지",애니메이션,미국,미국
20136812,더 울프 오브 월스트리트,20140109,"범죄,드라마",범죄,미국,미국
20136860,극장판 가면라이더 VS 파워레인저 슈퍼히어로 대전,20140123,액션,액션,일본,일본
20136862,론 레인저,20130704,"액션,어드벤처",액션,미국,미국
20136863,마담 뺑덕,20141002,멜로/로맨스,멜로/로맨스,한국,한국
20136866,노예 12년,20140227,드라마,드라마,"미국,영국",미국
20136869,은밀한 유혹,20150604,"멜로/로맨스,범죄",멜로/로맨스,한국,한국
20136887,아메리칸 허슬,20140220,"범죄,드라마",범죄,미국,미국
20136888,강남 1970,20150121,"액션,드라마",액션,한국,한국
20136921,에반게리온: Q,20130425,애니메이션,애니메이션,일본,일본
20136926,프란시스 하,20140717,"코미디,멜로/로맨스",코미디,미국,미국
20136961,퍼시픽 림,20130711,"액션,SF,어드벤처",액션,미국,미국
20136962,레드: 더 레전드,20130718,"액션,코미디,범죄",액션,미국,미국
20137043,남자가 사랑할 때,20140122,"멜로/로맨스,드라마",멜로/로맨스,한국,한국
20137044,친구 2,20131114,액션,액션,한국,한국
20137048,국제시장,20141217,드라마,드라마,한국,한국
20137081,이별계약,,"멜로/로맨스,드라마",멜로/로맨스,,
20137082,스니치,20130509,액션,액션,미국,미국
20137121,더 울버린,20130725,"액션,SF",액션,미국,미국
20137352,루비 스팍스,20180510,"코미디,판타지",코미디,미국,미국
20137422,폭풍우 치는 밤에: 비밀 친구,20130501,애니메이션,애니메이션,일본,일본
20137426,애프터 어스,20130530,"SF,액션,어드벤처",SF,미국,미국
20137549,터보,20130725,애니메이션,애니메이션,미국,미국
20137562,퍼시 잭슨과 괴물의 바다,20130912,"판타지,어드벤처",판타지,미국,미국
20137811,엘리시움,20130829,"SF,액션",SF,미국,미국
20137815,화이트 하우스 다운,20130627,"액션,드라마",액션,미국,미국
20137961,맨 오브 스틸,20130613,SF,SF,미국,미국
20137963,백악관 최후의 날,20130605,"액션,스릴러",액션,미국,미국
20138141,더 콜,20130620,스릴러,스릴러,미국,미국
20138201,극장판 썬더일레븐 GO VS 골판지 전사 W,20130605,애니메이션,애니메이션,일본,일본
20138202,에픽 : 숲속의 전설,20130807,"애니메이션,어드벤처",애니메이션,미국,미국
20138223,노브레싱,20131030,"드라마,멜로/로맨스",드라마,"한국,필리핀",한국
20138224,플랜맨,20140109,드라마,드라마,한국,한국
20138226,우아한 거짓말,20140313,드라마,드라마,한국,한국
20138355,토르: 다크 월드,20131030,"액션,어드벤처,판타지",액션,미국,미국
20138421,R.I.P.D. : 알.아이.피.디.,20130822,"액션,코미디,범죄",액션,미국,미국
20138544,헝거게임: 캣칭 파이어,20131121,"판타지,액션",판타지,미국,미국
20138712,꼭두각시,20130620,"공포(호러),스릴러",공포(호러),한국,한국
20138881,나우 유 씨 미 : 마술사기단,20130822,"범죄,액션,스릴러",범죄,미국,미국
20138884,빅 웨딩,20130627,"멜로/로맨스,코미디",멜로/로맨스,미국,미국
20138962,리오 2,20140501,"애니메이션,코미디,어드벤처",애니메이션,미국,미국
20139072,일대종사,20130822,"액션,드라마",액션,중국,중국
20139141,토니 스토리: 깡통제국의 비밀,20130718,애니메이션,애니메이션,독일,독일
20139164,표적,20140430,"액션,드라마",액션,한국,한국
20139183,역린,20140430,사극,사극,한국,한국
20139201,신의 한 수,20140703,"범죄,액션",범죄,한국,한국
20139221,그래비티,20131017,"SF,드라마",SF,미국,미국
20139263,쿵후팬더: 영웅의 탄생,20130704,애니메이션,애니메이션,중국,중국
20139265,잡스,20130829,드라마,드라마,미국,미국
20139383,극장판 도라에몽: 진구의 비밀도구 박물관,20130725,"애니메이션,어드벤처",애니메이션,일본,일본
20139401,찌라시: 위험한 소문,20140220,"범죄,드라마",범죄,한국,한국
20139601,더 퍼지,20131106,"스릴러,SF",스릴러,미국,미국
20139723,사이드 이펙트,20130711,"스릴러,범죄,드라마",스릴러,미국,미국
20139881,피끓는 청춘,20140122,"코미디,멜로/로맨스,드라마",코미디,한국,한국
20139964,레드카펫,20141023,"멜로/로맨스,코미디",멜로/로맨스,한국,한국
20139981,캐치미,20131218,"코미디,멜로/로맨스",코미디,한국,한국
20140110,킹스맨 : 시크릿 에이전트,20150211,"액션,스릴러",액션,"미국,영국",미국
20140144,도리화가,20151125,"사극,드라마",사극,한국,한국
20140145,홈,20150521,"애니메이션,어드벤처,판타지",애니메이션,미국,미국
20140181,극장판 도라에몽: 진구의 아프리카 모험 ~베코와 5인의 탐험대~,20140904,"애니메이션,어드벤처",애니메이션,일본,일본
20140193,서부전선,20150924,"전쟁,드라마",전쟁,한국,한국
20140194,곡성,20160512,"미스터리,스릴러,드라마",미스터리,"한국,미국",한국
20140207,꼬마 유령,20150611,"판타지,가족",판타지,"독일,스위스",독일
20140226,호빗: 다섯 군대 전투,20141217,"어드벤처,판타지",어드벤처,"미국,뉴질랜드",미국
20140241,고녀석 맛나겠다2 : 함께라서 행복해,20150729,"애니메이션,가족,어드벤처",애니메이션,한국,한국
20140247,베리 굿 걸,20140925,"멜로/로맨스,드라마",멜로/로맨스,미국,미국
20140402,헝거게임: 모킹제이,20141120,"어드벤처,SF,스릴러",어드벤처,미국,미국
20140425,나를 찾아줘,20141023,스릴러,스릴러,미국,미국
20140431,메이즈 러너,20140918,"액션,미스터리,SF,스릴러",액션,미국,미국
20140458,노벰버 맨,20141016,"액션,스릴러",액션,미국,미국
20140524,툼스톤,20140918,"액션,범죄,드라마,미스터리,스릴러",액션,미국,미국
20140694,퓨리,20141120,"액션,드라마,전쟁",액션,"미국,영국",미국
20140703,장수상회,20150409,"멜로/로맨스,드라마",멜로/로맨스,한국,한국
20140704,비밀은 없다,20160623,스릴러,스릴러,한국,한국
20140842,엑소더스: 신들과 왕들,20141203,드라마,드라마,"미국,영국,스페인",미국
20141028,정글히어로,20141002,애니메이션,애니메이션,한국,한국
20141060,쓰리 썸머 나잇,20150715,코미디,코미디,한국,한국
20141085,한 번 더 해피엔딩,20150408,"멜로/로맨스,코미디",멜로/로맨스,미국,미국
20141111,"님아, 그 강을 건너지 마오",20141127,다큐멘터리,다큐멘터리,한국,한국
20141113,애나벨,20141002,공포(호러),공포(호러),미국,미국
20141224,경성학교: 사라진 소녀들,20150618,"미스터리,드라마",미스터리,한국,한국
20141261,드라큘라: 전설의 시작,20141008,"판타지,액션",판타지,미국,미국
20141281,"극장판 파워레인저 다이노포스VS고버스터즈 공룡 대결전! ~안녕, 영원한 친구여!~",20141002,"액션,SF",액션,일본,일본
20141384,터미네이터 제니시스,20150702,"액션,어드벤처,SF,스릴러",액션,미국,미국
20141602,소셜포비아,20150312,"스릴러,드라마",스릴러,한국,한국
20141961,내가 잠들기 전에,20141030,"미스터리,스릴러",미스터리,영국,영국
20141962,이미테이션 게임,20150217,"드라마,스릴러",드라마,영국,영국
20142023,아더 우먼,20141113,"코미디,멜로/로맨스",코미디,미국,미국
20142301,박스트롤,20141106,"애니메이션,가족,어드벤처,코미디",애니메이션,미국,미국
20142321,울브스,20141113,"판타지,액션",판타지,미국,미국
20142402,간신,20150521,사극,사극,한국,한국
20142406,탐정 홍길동: 사라진 마을,20160504,"드라마,액션",드라마,한국,한국
20142407,오늘의 연애,20150114,"멜로/로맨스,코미디",멜로/로맨스,한국,한국
20142421,"러브, 로지",20141210,"코미디,멜로/로맨스",코미디,"영국,독일",영국
20142481,왓 이프,20141113,"코미디,드라마,멜로/로맨스",코미디,"아일랜드,캐나다",아일랜드
20142561,7번째 아들,20150211,"어드벤처,가족,판타지",어드벤처,"미국,영국,캐나다",미국
20142621,시간이탈자,20160413,스릴러,스릴러,한국,한국
20142641,나를 잊지 말아요,20160107,멜로/로맨스,멜로/로맨스,한국,한국
20142843,꾸뻬씨의 행복여행,20141127,"어드벤처,드라마",어드벤처,"영국,독일,캐나다,남아프리카공화국",영국
20142855,성난 변호사,20151008,"범죄,액션",범죄,한국,한국
20142856,나의 절친 악당들,20150625,"범죄,액션,드라마",범죄,한국,한국
20142884,엘리노어 릭비: 그 남자 그 여자,20150409,드라마,드라마,미국,미국
20142962,극장판 포켓몬스터 XY : 파괴의 포켓몬과 디안시,20150114,애니메이션,애니메이션,일본,일본
20143253,존 윅,20150121,"액션,스릴러",액션,미국,미국
20143344,눈의 여왕 2: 트롤의 마법거울,20141224,"애니메이션,판타지,가족",애니메이션,러시아,러시아
20143422,숲속으로,20141224,뮤지컬,뮤지컬,미국,미국
20143441,몬스터 싱어: 매직 인 파리,20220526,"애니메이션,뮤지컬,어드벤처",애니메이션,프랑스,프랑스
20143509,엽기적인 그녀 2,20160512,"멜로/로맨스,코미디",멜로/로맨스,한국,한국
20143510,함정,20150910,"스릴러,범죄",스릴러,한국,한국
20143511,오피스,20150903,"스릴러,미스터리",스릴러,한국,한국
20143512,위험한 상견례 2,20150429,"멜로/로맨스,코미디",멜로/로맨스,한국,한국
20143513,미쓰 와이프,20150813,코미디,코미디,한국,한국
20143541,박물관이 살아있다 : 비밀의 무덤,20150114,"어드벤처,코미디,가족",어드벤처,"미국,영국",미국
20143543,사랑에 대한 모든 것,20141210,멜로/로맨스,멜로/로맨스,미국,미국
20143565,부니 베어: 롤라 구출 대모험,20141120,"애니메이션,어드벤처",애니메이션,중국,중국
20143572,뷰티 인사이드,20150820,"판타지,멜로/로맨스",판타지,한국,한국
20143580,분노의 질주: 더 세븐,20150401,"액션,범죄,스릴러",액션,미국,미국
20143602,일곱난쟁이,20141224,"애니메이션,어드벤처,가족",애니메이션,독일,독일
20143639,뽀로로 극장판 눈요정 마을 대모험,,애니메이션,애니메이션,한국,한국
20143642,테이큰 3,20150101,"액션,범죄,스릴러",액션,미국,미국
20143754,아메리칸 스나이퍼,20150114,액션,액션,미국,미국
20144102,워터 디바이너,20150128,"드라마,전쟁",드라마,"미국,호주,터키",미국
20144322,도라에몽 : 스탠 바이 미,20150212,애니메이션,애니메이션,일본,일본
20144442,조선마술사,20151230,드라마,드라마,한국,한국
20144444,아가씨,20160601,"스릴러,드라마",스릴러,한국,한국
20144461,인서전트,20150325,"SF,액션",SF,미국,미국
20144481,타임 패러독스,20150107,"SF,스릴러",SF,호주,호주
20144507,빅 아이즈,20150128,드라마,드라마,미국,미국
20144523,패딩턴,20150107,"코미디,가족,어드벤처",코미디,"영국,프랑스,캐나다",영국
20144621,기생수 파트1,20150226,"스릴러,SF",스릴러,일본,일본
20144641,판도라,20161207,"드라마,스릴러",드라마,한국,한국
20144682,샌 안드레아스,20150603,"액션,드라마,스릴러",액션,미국,미국
20144683,하트 오브 더 씨,20151203,"액션,어드벤처,드라마",액션,미국,미국
20144741,매드 맥스: 분노의 도로,20150514,"액션,어드벤처,스릴러",액션,"미국,호주",미국
20144801,버드맨,20150305,"코미디,드라마",코미디,미국,미국
20145041,더 이퀄라이저,20150128,"액션,범죄,스릴러",액션,미국,미국
20145042,스틸 앨리스,20150429,드라마,드라마,미국,미국
20145085,세인트 빈센트,20150305,"코미디,드라마",코미디,미국,미국
20145141,위플래쉬,20150312,드라마,드라마,미국,미국
20145171,대호,20151216,사극,사극,한국,한국
20145281,코블러,20150408,"판타지,코미디",판타지,미국,미국
20145361,미니언즈,20150729,애니메이션,애니메이션,미국,미국
20145396,널 기다리며,20160310,스릴러,스릴러,한국,한국
20145501,돌연변이,20151022,"드라마,코미디",드라마,한국,한국
20145502,남과 여,20160225,멜로/로맨스,멜로/로맨스,한국,한국
20145503,검은 사제들,20151105,"미스터리,드라마",미스터리,한국,한국
20145504,특종: 량첸살인기,20151022,스릴러,스릴러,한국,한국
20145506,해어화,20160413,"사극,드라마",사극,한국,한국
20145507,검사외전,20160203,"범죄,코미디",범죄,한국,한국
20145521,엑스 마키나,20150121,"SF,스릴러",SF,미국,미국
20147096,프랑켄슈타인: 불멸의 영웅,20140206,"액션,SF,판타지",액션,"미국,호주",미국
20147129,패션왕,20141106,"코미디,드라마",코미디,한국,한국
20147161,디노타샤: 공룡대탐험,20140129,"애니메이션,어드벤처",애니메이션,미국,미국
20147176,상의원,20141224,"사극,드라마",사극,한국,한국
20147247,300: 제국의 부활,20140306,"액션,드라마,전쟁",액션,미국,미국
20147250,폴리스 스토리 2014,20140129,"액션,범죄,드라마,스릴러",액션,중국,중국
20147283,다이버전트,20140416,"SF,판타지,액션,멜로/로맨스",SF,미국,미국
20147299,논스톱,20140227,액션,액션,"미국,프랑스",미국
20147430,모뉴먼츠 맨: 세기의 작전,20140227,"액션,드라마",액션,"미국,독일",미국
20147609,헤라클레스 : 레전드 비긴즈,20140410,"액션,판타지",액션,미국,미국
20147612,쓰리데이즈 투 킬,20140403,"액션,스릴러",액션,미국,미국
20147613,그레이의 50가지 그림자,20150226,"드라마,멜로/로맨스",드라마,미국,미국
20147649,벨과 세바스찬,20140320,어드벤처,어드벤처,프랑스,프랑스
20147669,엑스맨: 데이즈 오브 퓨처 패스트,20140522,"액션,판타지,SF,어드벤처",액션,미국,미국
20147678,어거스트: 가족의 초상,20140403,드라마,드라마,미국,미국
20147683,라스트베가스,20140508,코미디,코미디,미국,미국
20147693,원 챈스,20140313,"코미디,드라마",코미디,"영국,미국",영국
20147727,그랜드 부다페스트 호텔,20140320,"미스터리,어드벤처",미스터리,"미국,독일",미국
20147790,캡틴 아메리카: 윈터 솔져,20140326,"액션,어드벤처,SF",액션,미국,미국
20147803,한여름의 판타지아,,드라마,드라마,,
20147874,고질라,20140515,"액션,SF",액션,미국,미국
20147930,나의 사랑 나의 신부,20141008,"멜로/로맨스,코미디",멜로/로맨스,한국,한국
20147931,소녀괴담,20140702,"미스터리,공포(호러)",미스터리,한국,한국
20147947,워킹걸,20150107,"코미디,멜로/로맨스",코미디,한국,한국
20147948,페이스 오브 러브,20140416,"드라마,멜로/로맨스",드라마,미국,미국
20147953,론 서바이버,20140402,"액션,드라마,스릴러",액션,미국,미국
20147968,선 오브 갓,20140410,드라마,드라마,미국,미국
20147971,짱구는 못말려 극장판：엄청 맛있어! B급 음식 서바이벌!,20140403,애니메이션,애니메이션,일본,일본
20148048,베테랑,20150805,"액션,드라마",액션,한국,한국
20148129,더 바디,20140522,스릴러,스릴러,스페인,스페인
20148132,닌자터틀,20140828,"액션,어드벤처,코미디",액션,미국,미국
20148188,쎄시봉,20150205,"멜로/로맨스,코미디,드라마",멜로/로맨스,한국,한국
20148232,니드 포 스피드,20140416,"액션,범죄,드라마,스릴러",액션,미국,미국
20148277,몬스터 왕국,20140501,"애니메이션,어드벤처",애니메이션,"스웨덴,덴마크",스웨덴
20148383,말레피센트,20140529,"액션,어드벤처,드라마",액션,미국,미국
20148460,서울역,20160817,애니메이션,애니메이션,한국,한국
20148461,살인의뢰,20150312,"범죄,스릴러",범죄,한국,한국
20148493,어벤져스: 에이지 오브 울트론,20150423,"액션,어드벤처,판타지,SF",액션,미국,미국
20148553,내 심장을 쏴라,20150128,드라마,드라마,한국,한국
20148626,나의 독재자,20141030,드라마,드라마,한국,한국
20148648,극장판 루팡 3세 VS 명탐정 코난,20140529,애니메이션,애니메이션,일본,일본
20148686,오큘러스,20140529,"미스터리,공포(호러),스릴러",미스터리,미국,미국
20148728,창문 넘어 도망친 100세 노인,20140618,"어드벤처,코미디,드라마",어드벤처,스웨덴,스웨덴
20148745,좋은 친구들,20140710,"범죄,드라마",범죄,한국,한국
20148748,그녀,20140522,"드라마,멜로/로맨스",드라마,미국,미국
20148795,미녀와 야수,20140618,"판타지,멜로/로맨스",판타지,프랑스,프랑스
20148807,엣지 오브 투모로우,20140604,"액션,SF",액션,미국,미국
20148830,마담 프루스트의 비밀정원,20140724,드라마,드라마,프랑스,프랑스
20148834,베스트 오퍼,20140612,"미스터리,멜로/로맨스",미스터리,이탈리아,이탈리아
20148841,헬머니,20150305,코미디,코미디,한국,한국
20148842,우리는 형제입니다,20141023,"코미디,드라마",코미디,한국,한국
20148844,손님,20150709,"판타지,공포(호러)",판타지,한국,한국
20148845,스물,20150325,"코미디,드라마",코미디,한국,한국
20148846,사도,20150916,사극,사극,한국,한국
20148851,암살,20150722,"액션,드라마",액션,한국,한국
20148855,극비수사,20150618,"드라마,범죄",드라마,한국,한국
20148877,그레이스 오브 모나코,20140618,드라마,드라마,"프랑스,미국,벨기에,이탈리아",프랑스
20148927,맨홀,20141008,"공포(호러),스릴러",공포(호러),한국,한국
20148973,혹성탈출: 반격의 서막,20140710,"액션,드라마,SF,스릴러",액션,미국,미국
20148994,님포매니악 볼륨1,20140618,드라마,드라마,"덴마크,독일,프랑스,벨기에,영국",덴마크
20149037,주피터 어센딩,20150205,"SF,액션,어드벤처",SF,미국,미국
20149062,연애의 맛,20150507,"멜로/로맨스,코미디",멜로/로맨스,한국,한국
20149099,더 기버: 기억전달자,20140820,"SF,드라마,판타지",SF,미국,미국
20149120,인터스텔라,20141106,SF,SF,"미국,영국",미국
20149140,브릭 맨션: 통제불능 범죄구역,20140827,"액션,범죄,드라마",액션,"프랑스,캐나다",프랑스
20149265,기술자들,20141224,"범죄,액션",범죄,한국,한국
20149266,차이나타운,20150429,"범죄,드라마",범죄,한국,한국
20149271,나쁜 이웃들,20140703,코미디,코미디,미국,미국
20149287,덤 앤 더머 투,20141127,코미디,코미디,미국,미국
20149288,더 시그널,20140709,"SF,액션,스릴러",SF,미국,미국
20149314,내부자들,20151119,"범죄,드라마",범죄,한국,한국
20149317,가디언즈 오브 갤럭시,20140731,"액션,어드벤처,SF",액션,미국,미국
20149394,주온 : 끝의 시작,20140716,공포(호러),공포(호러),일본,일본
20149401,스폰지밥 3D,20150218,"애니메이션,어드벤처,코미디",애니메이션,미국,미국
20149462,천하무적 키코리키,20140717,"애니메이션,어드벤처",애니메이션,러시아,러시아
20149511,분신사바 2,20140716,"공포(호러),스릴러",공포(호러),"중국,한국",중국
20149567,명탐정 코난 : 이차원의 저격수,20140806,"애니메이션,스릴러,어드벤처",애니메이션,일본,일본
20149568,허큘리스,20140806,"액션,어드벤처",액션,미국,미국
20149569,악의 연대기,20150514,스릴러,스릴러,한국,한국
20149570,조선명탐정 : 사라진 놉의 딸,20150211,"사극,코미디,어드벤처",사극,한국,한국
20149629,비긴 어게인,20140813,멜로/로맨스,멜로/로맨스,미국,미국
20149758,터키,20140731,"애니메이션,코미디",애니메이션,미국,미국
20149811,인투 더 스톰,20140828,"액션,스릴러",액션,미국,미국
20149818,익스펜더블 3,20140820,"액션,어드벤처,스릴러",액션,미국,미국
20149831,더 퍼지 : 거리의 반란,20140827,"공포(호러),스릴러",공포(호러),미국,미국
20149846,"안녕, 헤이즐",20140813,"드라마,멜로/로맨스",드라마,미국,미국
20149859,마다가스카의 펭귄,20141231,"애니메이션,코미디,어드벤처,가족",애니메이션,미국,미국
20149910,보이후드,20141023,드라마,드라마,미국,미국
20149930,스텝 업: 올 인,20140903,"드라마,멜로/로맨스",드라마,미국,미국
20149948,언브로큰,20150107,"액션,드라마,전쟁",액션,미국,미국
20149951,빅 히어로,20150121,"애니메이션,액션,코미디",애니메이션,미국,미국
20149961,미안해 사랑해 고마워,20151028,드라마,드라마,한국,한국
20149970,마야,20140904,애니메이션,애니메이션,"독일,호주",독일
20149978,비행기 2: 소방구조대,20140813,"애니메이션,어드벤처,코미디",애니메이션,미국,미국
20149984,컬러풀 웨딩즈,20141016,코미디,코미디,프랑스,프랑스
20150024,짱구는 못말려 극장판: 나의 이사 이야기 선인장 대습격,20160107,애니메이션,애니메이션,일본,일본
20150025,내부자들: 디 오리지널,20151231,"범죄,드라마",범죄,한국,한국
20150203,나우 유 씨 미 2,20160713,"범죄,액션",범죄,미국,미국
20150255,리틀드래곤 코코넛,20150702,애니메이션,애니메이션,독일,독일
20150385,닌자터틀 : 어둠의 히어로,20160616,"액션,어드벤처",액션,미국,미국
20150461,스티브 잡스,20160121,드라마,드라마,미국,미국
20150501,극장판 요괴워치: 탄생의 비밀이다냥!,20150722,애니메이션,애니메이션,일본,일본
20150522,러덜리스,20150709,"코미디,드라마",코미디,미국,미국
20150523,엑스맨: 아포칼립스,20160525,"액션,어드벤처,판타지,SF",액션,미국,미국
20150562,팬,20151008,"판타지,어드벤처",판타지,미국,미국
20150564,혼숨,20161026,공포(호러),공포(호러),한국,한국
20150565,스포트라이트,20160224,"드라마,스릴러",드라마,미국,미국
20150566,극장판 꼬마버스 타요의 에이스 구출작전,20160121,애니메이션,애니메이션,한국,한국
20150567,스타트렉 비욘드,20160817,"액션,SF",액션,미국,미국
20150622,메이즈 러너: 스코치 트라이얼,20150916,"액션,SF,스릴러",액션,미국,미국
20150725,극장판 아이엠스타 : 꿈의 오디션!,20160211,애니메이션,애니메이션,일본,일본
20150741,인시디어스 3,20150709,공포(호러),공포(호러),미국,미국
20150752,스누피: 더 피너츠 무비,20151224,"애니메이션,어드벤처,코미디",애니메이션,미국,미국
20150782,인디펜던스 데이 : 리써전스,20160622,"액션,어드벤처,SF",액션,미국,미국
20150901,올레,20160825,"드라마,코미디",드라마,한국,한국
20150902,대배우,20160330,코미디,코미디,한국,한국
20150903,번개맨,20160211,"판타지,가족",판타지,한국,한국
20150942,캐롤,20160204,드라마,드라마,"미국,영국",미국
20150964,조작된 도시,20170209,"범죄,액션",범죄,한국,한국
20150966,사랑하기 때문에,20170104,"코미디,멜로/로맨스",코미디,한국,한국
20150968,국가대표 2,20160810,드라마,드라마,한국,한국
20150969,궁합,20180228,"코미디,드라마",코미디,한국,한국
20150971,해빙,20170301,스릴러,스릴러,한국,한국
20150972,굿바이 싱글,20160629,"코미디,드라마",코미디,한국,한국
20150976,신과함께-죄와 벌,20171220,"판타지,드라마",판타지,한국,한국
20150977,좋아해줘,20160217,"멜로/로맨스,코미디",멜로/로맨스,한국,한국
20150979,덕혜옹주,20160803,"사극,드라마",사극,한국,한국
20151002,우먼 인 골드,20150709,드라마,드라마,"미국,영국",미국
20151003,장산범,20170817,"미스터리,스릴러",미스터리,한국,한국
20151021,순정,20160224,드라마,드라마,한국,한국
20151022,걷기왕,20161020,드라마,드라마,한국,한국
20151111,빌리와 용감한 녀석들: 치킨 히어로,20160217,애니메이션,애니메이션,"미국,멕시코",미국
20151181,여교사,20170104,드라마,드라마,한국,한국
20151225,인사이드 아웃,20150709,"애니메이션,코미디",애니메이션,미국,미국
20151227,아빠는 딸,20170412,코미디,코미디,한국,한국
20151228,공조,20170118,액션,액션,한국,한국
20151229,더 킹,20170118,"범죄,드라마",범죄,한국,한국
20151230,원라인,20170329,범죄,범죄,한국,한국
20151383,마션,20151008,"액션,어드벤처,SF",액션,미국,미국
20151421,에베레스트,20150924,"어드벤처,드라마,스릴러",어드벤처,"미국,영국",미국
20151481,헝거게임: 더 파이널,20151118,"액션,어드벤처",액션,미국,미국
20151521,셀프/리스,20150910,"SF,액션,스릴러",SF,미국,미국
20151803,쿵푸팬더3,20160128,"애니메이션,액션,어드벤처",애니메이션,미국,미국
20151815,뮨: 달의 요정,20150924,애니메이션,애니메이션,프랑스,프랑스
20151884,런던 해즈 폴른,20160310,"액션,범죄,스릴러",액션,"미국,영국",미국
20151964,명탐정 코난 : 화염의 해바라기,20150805,애니메이션,애니메이션,일본,일본
20152022,인턴,20150924,코미디,코미디,미국,미국
20152371,"당신, 거기 있어줄래요",20161214,"판타지,드라마",판타지,한국,한국
20152372,아마조니아,20150805,다큐멘터리,다큐멘터리,"프랑스,브라질",프랑스
20152745,맨 프롬 UNCLE,20151028,"액션,어드벤처,코미디",액션,미국,미국
20152781,배트맨 대 슈퍼맨: 저스티스의 시작,20160324,"액션,어드벤처,판타지",액션,미국,미국
20152782,"날, 보러와요",20160407,"미스터리,스릴러",미스터리,한국,한국
20152866,아메리칸 울트라,20150827,"액션,코미디",액션,미국,미국
20152869,갤로우즈,20150903,공포(호러),공포(호러),미국,미국
20152871,스파이 브릿지,20151105,"스릴러,드라마",스릴러,미국,미국
20152963,수어사이드 스쿼드,20160803,액션,액션,미국,미국
20153022,더 매직: 리틀톰과 도둑공주,20150924,"애니메이션,판타지,뮤지컬",애니메이션,"스페인,쿠바",스페인
20153083,사우스포,20151203,"드라마,액션",드라마,미국,미국
20153087,포인트 브레이크,20160107,"범죄,액션",범죄,미국,미국
20153201,트랜스포터: 리퓰드,20151015,"액션,범죄,스릴러",액션,"프랑스,중국",프랑스
20153385,히트맨: 에이전트 47,20150903,"액션,범죄,스릴러",액션,미국,미국
20153443,아수라,20160928,"범죄,액션",범죄,한국,한국
20153444,럭키,20161013,코미디,코미디,한국,한국
20153446,너의 결혼식,20180822,멜로/로맨스,멜로/로맨스,한국,한국
20153447,바람 바람 바람,20180405,코미디,코미디,한국,한국
20153470,극장판 도라에몽 : 진구의 우주영웅기~스페이스 히어로즈~,20150917,"애니메이션,SF,어드벤처",애니메이션,일본,일본
20153702,포켓몬 더 무비 XY 후파: 광륜의 초마신,20151223,"애니메이션,어드벤처,판타지",애니메이션,일본,일본
20153741,미씽: 사라진 여자,20161130,미스터리,미스터리,한국,한국
20153781,데드풀,20160217,"액션,SF",액션,미국,미국
20154001,레버넌트: 죽음에서 돌아온 자,20160114,"어드벤처,드라마",어드벤처,미국,미국
20154141,스타워즈: 깨어난 포스,20151217,"액션,어드벤처,판타지",액션,미국,미국
20154162,스트레이트 아웃 오브 컴턴,20150910,드라마,드라마,미국,미국
20154242,몬스터 호텔 2,20151224,애니메이션,애니메이션,미국,미국
20154661,형,20161123,"코미디,드라마",코미디,한국,한국
20154905,가려진 시간,20161116,"드라마,판타지",드라마,한국,한국
20154906,사냥,20160629,액션,액션,한국,한국
20154907,희생부활자,20171012,"미스터리,스릴러",미스터리,한국,한국
20154908,7년의 밤,20180328,"스릴러,드라마",스릴러,한국,한국
20154909,살인자의 기억법,20170906,"범죄,스릴러",범죄,한국,한국
20154910,터널,20160810,드라마,드라마,한국,한국
20155020,대니쉬 걸,20160217,드라마,드라마,"미국,영국",미국
20155101,하늘을 걷는 남자,20151028,드라마,드라마,미국,미국
20155202,레전드,20151210,"액션,범죄,드라마",액션,"프랑스,영국",프랑스
20155223,목숨 건 연애,20161214,"멜로/로맨스,코미디",멜로/로맨스,"한국,대만,중국",한국
20155277,더 셰프,20151105,드라마,드라마,미국,미국
20155422,굿 다이노,20160107,"애니메이션,어드벤처,코미디",애니메이션,미국,미국
20155423,시카리오: 암살자의 도시,20151203,"범죄,미스터리,스릴러",범죄,미국,미국
20155501,주토피아,20160217,"애니메이션,액션,어드벤처",애니메이션,미국,미국
20155562,아델라인 : 멈춰진 시간,20151015,"판타지,멜로/로맨스",판타지,미국,미국
20155563,어린왕자,20151223,"애니메이션,판타지,어드벤처",애니메이션,프랑스,프랑스
20155639,더 비지트,20151015,"스릴러,공포(호러)",스릴러,미국,미국
20155690,프리덤,20151119,"드라마,가족",드라마,미국,미국
20155702,앤트맨,20150903,"액션,SF",액션,"미국,영국",미국
20155761,명탐정 코난 : 코난 실종사건 - 사상 최악의 이틀,20150212,"애니메이션,어드벤처,스릴러",애니메이션,일본,일본
20155826,치외법권,20150827,액션,액션,한국,한국
20155881,오즈의 마법사: 돌아온 도로시,20150212,"애니메이션,판타지,뮤지컬,어드벤처,가족",애니메이션,미국,미국
20156007,인페르노,20161019,"미스터리,스릴러",미스터리,"미국,일본,터키,헝가리",미국
20156082,마이펫의 이중생활,20160803,"애니메이션,코미디,가족",애니메이션,미국,미국
20156161,백 투 더 비기닝,20150226,"SF,스릴러",SF,미국,미국
20156207,앵그리버드 더 무비,20160519,애니메이션,애니메이션,"미국,핀란드",미국
20156250,인천상륙작전,20160727,"전쟁,드라마",전쟁,한국,한국
20156275,파더 앤 도터,20151210,드라마,드라마,"미국,이탈리아",미국
20156301,다크 플레이스,20150715,"드라마,미스터리,스릴러",드라마,"미국,영국,프랑스",미국
20156321,약장수,20150423,드라마,드라마,한국,한국
20156360,개구리왕국,20151112,"애니메이션,어드벤처",애니메이션,중국,중국
20156383,아더와 미니모이 3: 두 세계의 전쟁,20151105,애니메이션,애니메이션,프랑스,프랑스
20156402,채피,20150312,"액션,스릴러",액션,미국,미국
20156441,최강전사 미니특공대 : 새로운 악당의 습격,20150205,애니메이션,애니메이션,한국,한국
20156553,비밀,20151015,"미스터리,드라마",미스터리,한국,한국
20156554,물괴,20180912,"액션,사극",액션,한국,한국
20156557,탐정 : 더 비기닝,20150924,"코미디,범죄",코미디,한국,한국
20156559,계춘할망,20160519,"가족,드라마",가족,한국,한국
20156562,루시드 드림,20170222,"SF,스릴러",SF,한국,한국
20156564,부산행,20160720,"액션,스릴러",액션,한국,한국
20156570,크림슨 피크,20151125,"판타지,스릴러",판타지,미국,미국
20156704,드래곤 블레이드,20150312,"액션,어드벤처",액션,중국,중국
20156708,석조저택 살인사건,20170509,스릴러,스릴러,한국,한국
20156748,열정같은소리하고있네,20151125,드라마,드라마,한국,한국
20156749,19곰 테드 2,20150625,코미디,코미디,미국,미국
20156807,뽀로로 극장판 컴퓨터 왕국 대모험,20151210,애니메이션,애니메이션,한국,한국
20156841,신데렐라,20150319,멜로/로맨스,멜로/로맨스,미국,미국
20156904,추억의 마니,20150319,애니메이션,애니메이션,일본,일본
20156970,심야식당,20150618,드라마,드라마,일본,일본
20156977,위자,20150416,"미스터리,공포(호러)",미스터리,미국,미국
20157021,"땡큐, 대디",20150423,드라마,드라마,프랑스,프랑스
20157041,런 올 나이트,20150319,"액션,스릴러",액션,미국,미국
20157042,셜록: 유령신부,20160102,"범죄,드라마",범죄,영국,영국
20157096,보루토 - 나루토 더 무비,20151210,애니메이션,애니메이션,일본,일본
20157121,송 원,20150401,"드라마,멜로/로맨스",드라마,미국,미국
20157158,구스범스,20160114,"액션,어드벤처,코미디",액션,미국,미국
20157175,괴물의 아이,20151125,"애니메이션,판타지,어드벤처",애니메이션,일본,일본
20157197,라스트 위치 헌터,20151230,"액션,어드벤처,판타지",액션,미국,미국
20157394,팔로우,20150402,공포(호러),공포(호러),미국,미국
20157432,007 스펙터,20151111,"액션,어드벤처,범죄,스릴러",액션,"영국,미국",영국
20157464,더 폰,20151022,"스릴러,액션",스릴러,한국,한국
20157465,그놈이다,20151028,스릴러,스릴러,한국,한국
20157466,"로봇, 소리",20160127,드라마,드라마,한국,한국
20157501,극적인 하룻밤,20151203,"멜로/로맨스,코미디",멜로/로맨스,한국,한국
20157531,판타스틱 4,20150820,"액션,판타지,SF",액션,미국,미국
20157584,윈드랜드,20150402,애니메이션,애니메이션,이탈리아,이탈리아
20157881,미션 임파서블: 로그네이션,20150730,"액션,스릴러,어드벤처",액션,미국,미국
20157883,극장판 파워레인저 트레인포스 VS 다이노포스 THE MOVIE,20151126,"액션,SF",액션,일본,일본
20157904,더 건맨,20150416,"액션,스릴러",액션,"프랑스,스페인,영국",프랑스
20158047,발레리안: 천 개 행성의 도시,20170830,"액션,어드벤처,SF",액션,프랑스,프랑스
20158062,숀더쉽,20150813,"애니메이션,어드벤처,코미디",애니메이션,"영국,프랑스",영국
20158069,노아의 방주: 남겨진 녀석들,20150430,애니메이션,애니메이션,"독일,벨기에,룩셈부르크,아일랜드",독일
20158091,유고와 라라: 하늘고래와 구름섬 대모험,20150409,애니메이션,애니메이션,중국,중국
20158150,워크래프트: 전쟁의 서막,20160609,"액션,어드벤처,판타지",액션,미국,미국
20158241,픽셀,20150716,"액션,어드벤처",액션,미국,미국
20158242,무서운 이야기 3 : 화성에서 온 소녀,20160601,공포(호러),공포(호러),한국,한국
20158428,빌리와 용감한 녀석들 3,20150430,"애니메이션,어드벤처",애니메이션,미국,미국
20158461,짱구는 못말려 극장판 : 정면승부! 로봇아빠의 역습,20150423,"애니메이션,코미디,어드벤처",애니메이션,일본,일본
20158481,퇴마: 무녀굴,20150820,"공포(호러),스릴러",공포(호러),한국,한국
20158482,동주,20160217,드라마,드라마,한국,한국
20158483,오빠생각,20160121,"드라마,전쟁",드라마,한국,한국
20158485,옥자,20170629,"어드벤처,액션,드라마",어드벤처,미국,미국
20158529,조이,20160310,"코미디,드라마",코미디,미국,미국
20158621,스파이,20150521,"액션,코미디",액션,미국,미국
20158670,위아영,20150514,"코미디,드라마",코미디,미국,미국
20158704,언프렌디드: 친구삭제,20150507,"공포(호러),스릴러",공포(호러),미국,미국
20158799,눈길,20170301,드라마,드라마,한국,한국
20158885,이웃집에 신이 산다,,코미디,코미디,,
20158982,트릭,20160713,"스릴러,드라마",스릴러,한국,한국
20158984,헌츠맨: 윈터스 워,20160413,"액션,어드벤처",액션,미국,미국
20159001,라자루스,20150702,공포(호러),공포(호러),미국,미국
20159058,도리를 찾아서,20160706,"애니메이션,어드벤처,코미디",애니메이션,미국,미국
20159059,앨빈과 슈퍼밴드: 악동 어드벤처,20160204,"애니메이션,어드벤처,코미디",애니메이션,미국,미국
20159141,피치 퍼펙트: 언프리티 걸즈,20150528,"코미디,뮤지컬",코미디,미국,미국
20159162,갓 오브 이집트,20160303,"어드벤처,판타지",어드벤처,미국,미국
20159199,빅쇼트,20160121,드라마,드라마,미국,미국
20159364,캡틴 아메리카: 시빌 워,20160427,"액션,SF,스릴러",액션,미국,미국
20159573,령 : 저주받은 사진,20150604,공포(호러),공포(호러),일본,일본
20159641,위대한 소원,20160421,"코미디,드라마",코미디,한국,한국
20159643,글로리데이,20160324,드라마,드라마,한국,한국
20159644,봉이 김선달,20160706,사극,사극,한국,한국
20159645,특별수사: 사형수의 편지,20160616,"범죄,드라마",범죄,한국,한국
20159646,밀정,20160907,액션,액션,"한국,미국",한국
20159647,리얼,20170628,액션,액션,한국,한국
20159648,"고산자, 대동여지도",20160907,사극,사극,한국,한국
20159655,사이코패스,20150528,"애니메이션,판타지,스릴러,범죄,SF",애니메이션,일본,일본
20159657,최강전사 미니특공대: 영웅의 탄생,20160204,애니메이션,애니메이션,한국,한국
20159748,투모로우랜드,20150527,"액션,어드벤처,미스터리,SF",액션,미국,미국
20160143,피터와 드래곤,20160928,"어드벤처,가족,판타지",어드벤처,미국,미국
20160203,어카운턴트,20161013,"액션,스릴러",액션,미국,미국
20160472,두 남자,20161130,"범죄,액션",범죄,한국,한국
20160781,쿠보와 전설의 악기,20161026,"애니메이션,어드벤처,가족,판타지",애니메이션,미국,미국
20160862,선생님의 일기,20161102,"멜로/로맨스,드라마",멜로/로맨스,태국,태국
20161081,애나벨 : 인형의 주인,20170810,공포(호러),공포(호러),미국,미국
20161084,패신저스,20170104,"어드벤처,SF",어드벤처,미국,미국
20161141,50가지 그림자: 심연,20170209,"드라마,멜로/로맨스",드라마,미국,미국
20161162,블레어 위치,20161123,"공포(호러),스릴러",공포(호러),미국,미국
20161165,무한대를 본 남자,20161103,드라마,드라마,영국,영국
20161286,아이스 에이지: 지구 대충돌,20160720,"애니메이션,어드벤처,코미디",애니메이션,미국,미국
20161364,귀향,20160224,드라마,드라마,한국,한국
20161481,군함도,20170726,"액션,드라마",액션,한국,한국
20161527,로스트 인 더스트,20161103,"범죄,드라마",범죄,미국,미국
20161589,죽여주는 여자,20161006,드라마,드라마,한국,한국
20161594,마음이 외치고 싶어해,20160330,애니메이션,애니메이션,일본,일본
20161605,언더월드: 블러드 워,20161130,"액션,판타지,공포(호러)",액션,미국,미국
20161630,13시간,20160303,"액션,드라마,스릴러",액션,미국,미국
20161665,스머프: 비밀의 숲,20170428,"애니메이션,가족",애니메이션,미국,미국
20161681,미옥,20171109,"범죄,액션",범죄,한국,한국
20161723,싱글라이더,20170222,드라마,드라마,한국,한국
20161725,마스터,20161221,"액션,범죄",액션,한국,한국
20161726,임금님의 사건수첩,20170426,"코미디,어드벤처,액션",코미디,한국,한국
20161744,트롤,20170216,애니메이션,애니메이션,미국,미국
20161745,제 5침공,20160225,"액션,어드벤처,SF",액션,미국,미국
20161762,반드시 잡는다,20171129,스릴러,스릴러,한국,한국
20161763,"나, 다니엘 블레이크",,드라마,드라마,,
20161796,극장판 파워레인저: 닌자포스 VS 트레인포스 닌자 인 원더랜드,20161103,액션,액션,일본,일본
20161827,로건,20170301,"액션,SF",액션,미국,미국
20161843,위자: 저주의 시작,20161109,공포(호러),공포(호러),미국,미국
20161870,트럼보,20160407,드라마,드라마,미국,미국
20161872,너의 이름은.,20170104,"애니메이션,드라마,멜로/로맨스",애니메이션,일본,일본
20161881,부활,20160317,드라마,드라마,미국,미국
20161905,나의 그리스식 웨딩 2,20160330,코미디,코미디,미국,미국
20161907,제이슨 본,20160727,"액션,스릴러",액션,미국,미국
20161923,시간위의 집,20170405,"미스터리,스릴러",미스터리,한국,한국
20161964,독수리 에디,20160407,드라마,드라마,미국,미국
20161968,오 마이 그랜파,20160317,코미디,코미디,미국,미국
20162001,포레스트: 죽음의 숲,20160330,공포(호러),공포(호러),미국,미국
20162002,명탐정 코난: 순흑의 악몽,20160803,"애니메이션,미스터리,어드벤처",애니메이션,일본,일본
20162003,명탐정 코난:전율의 악보,20190214,"애니메이션,미스터리",애니메이션,일본,일본
20162025,씽,20161221,"애니메이션,뮤지컬",애니메이션,미국,미국
20162065,클로버필드 10번지,20160407,"미스터리,스릴러",미스터리,미국,미국
20162147,세상에서 고양이가 사라진다면,20161109,드라마,드라마,일본,일본
20162161,미스컨덕트,20160330,"범죄,스릴러",범죄,미국,미국
20162181,프리즌,20170323,"범죄,액션",범죄,한국,한국
20162183,포켓몬 더 무비 XY&Z 「볼케니온 : 기계왕국의 비밀」,20161222,"애니메이션,어드벤처,판타지,가족",애니메이션,일본,일본
20162299,시크릿 인 데어 아이즈,20160427,"미스터리,스릴러",미스터리,미국,미국
20162300,매직브러시,20160504,애니메이션,애니메이션,중국,중국
20162321,트리플 9,20160420,"범죄,스릴러",범죄,미국,미국
20162343,악녀,20170608,액션,액션,한국,한국
20162365,신비한 동물사전,20161116,"어드벤처,가족,판타지",어드벤처,"미국,영국",미국
20162381,일사각오,20160317,드라마,드라마,한국,한국
20162382,원피스 필름 골드,20161208,"애니메이션,어드벤처,판타지,액션",애니메이션,일본,일본
20162404,고스트버스터즈,20160825,"액션,코미디,SF",액션,미국,미국
20162431,극장판 프랭키와 친구들: 생명의 나무,20160413,애니메이션,애니메이션,한국,한국
20162442,청년경찰,20170809,액션,액션,한국,한국
20162461,다이노X 탐험대,20160504,"애니메이션,다큐멘터리",애니메이션,한국,한국
20162504,감바의 대모험,20161110,"애니메이션,어드벤처",애니메이션,일본,일본
20162542,다이노소어 어드벤처 : 백악기 공룡대백과,20160504,"애니메이션,액션,가족",애니메이션,영국,영국
20162545,"무현, 두 도시 이야기",20161026,다큐멘터리,다큐멘터리,한국,한국
20162569,오베라는 남자,20160525,드라마,드라마,스웨덴,스웨덴
20162607,슈퍼 버드,20170406,애니메이션,애니메이션,멕시코,멕시코
20162621,파라노말 액티비티: 더 고스트 디멘션,20160421,"미스터리,공포(호러)",미스터리,미국,미국
20162627,다이버전트 시리즈: 얼리전트,20160512,"액션,어드벤처,SF",액션,미국,미국
20162629,하이큐!! 끝과 시작,20161116,애니메이션,애니메이션,일본,일본
20162704,극장판 안녕 자두야,20160504,애니메이션,애니메이션,한국,한국
20162722,보안관,20170503,"범죄,코미디",범죄,한국,한국
20162727,루돌프와 많이있어,20161228,애니메이션,애니메이션,일본,일본
20162869,택시운전사,20170802,드라마,드라마,한국,한국
20162871,특별시민,20170426,드라마,드라마,한국,한국
20162873,레고 배트맨 무비,20170209,"애니메이션,액션,코미디",애니메이션,미국,미국
20162925,더 보이,20160601,"공포(호러),스릴러",공포(호러),미국,미국
20162928,카페 6,20161116,"멜로/로맨스,코미디",멜로/로맨스,대만,대만
20162941,컨저링 2,20160609,공포(호러),공포(호러),미국,미국
20162967,정글북,20160609,"어드벤처,드라마",어드벤처,미국,미국
20162968,거울나라의 앨리스,20160907,"어드벤처,가족,판타지",어드벤처,미국,미국
20163018,싱 스트리트,20160519,"드라마,멜로/로맨스",드라마,"아일랜드,영국,미국",아일랜드
20163041,자백,20161013,다큐멘터리,다큐멘터리,한국,한국
20163137,나의 소녀시대,20160512,"멜로/로맨스,드라마",멜로/로맨스,대만,대만
20163164,본 투 비 블루,20160609,드라마,드라마,"캐나다,영국,미국",캐나다
20163181,닥터 스트레인지,20161026,"액션,어드벤처,판타지",액션,미국,미국
20163182,하드코어 헨리,20160519,"액션,어드벤처,SF",액션,"미국,러시아",미국
20163183,로그 원: 스타워즈 스토리,20161228,"액션,어드벤처,판타지,SF",액션,미국,미국
20163194,공각기동대 : 고스트 인 더 쉘,20170329,"SF,범죄,액션",SF,미국,미국
20163202,크리미널,20160622,"액션,범죄",액션,"영국,미국",영국
20163215,미 비포 유,20160601,"멜로/로맨스,드라마",멜로/로맨스,미국,미국
20163217,라이트 아웃,20160824,공포(호러),공포(호러),미국,미국
20163294,매그니피센트 7,20160914,"액션,서부극(웨스턴)",액션,미국,미국
20163322,동급생,20160519,"애니메이션,드라마",애니메이션,일본,일본
20163521,스플릿,20161109,드라마,드라마,한국,한국
20163580,그레이트 월,20170215,"판타지,액션",판타지,"미국,중국",미국
20163603,가디언즈 오브 갤럭시 VOL. 2,20170503,"액션,SF",액션,미국,미국
20163661,레전드 오브 타잔,20160629,"액션,어드벤처",액션,미국,미국
20163824,미스 사이공 : 25주년 특별 공연,20161124,공연,공연,미국,미국
20163845,터닝메카드W: 블랙미러의 부활,20170118,애니메이션,애니메이션,한국,한국
20163884,아기배달부 스토크,20161207,애니메이션,애니메이션,미국,미국
20163903,리틀메딕: 몸속탐험대,20161124,"애니메이션,가족",애니메이션,독일,독일
20163961,데몰리션,20160713,드라마,드라마,미국,미국
20164174,브이아이피,20170823,"범죄,드라마",범죄,한국,한국
20164388,스노우타임,20161215,"애니메이션,가족",애니메이션,캐나다,캐나다
20164421,어쌔신 크리드,20170111,"액션,어드벤처,판타지,SF",액션,"미국,영국,프랑스",미국
20164424,대장 김창수,20171019,드라마,드라마,한국,한국
20164501,미스 페레그린과 이상한 아이들의 집,20160928,"미스터리,판타지",미스터리,"미국,벨기에,영국",미국
20164521,극장판 요괴워치: 염라대왕과 5개의 이야기다냥!,20160720,애니메이션,애니메이션,일본,일본
20164621,덩케르크,20170720,"액션,드라마,스릴러,전쟁",액션,"미국,영국",미국
20164721,미녀와 야수,20170316,"멜로/로맨스,판타지,뮤지컬",멜로/로맨스,미국,미국
20164844,불한당: 나쁜 놈들의 세상,20170517,"범죄,액션,드라마",범죄,한국,한국
20165045,머니백,20180412,"액션,드라마",액션,한국,한국
20165130,나의 산티아고,20160714,코미디,코미디,독일,독일
20165153,눈의 여왕 3: 눈과 불의 마법대결,20170104,"애니메이션,어드벤처,가족,판타지",애니메이션,러시아,러시아
20165201,언더 워터,20160713,"공포(호러),스릴러",공포(호러),미국,미국
20165281,마이 리틀 자이언트,20160810,"어드벤처,가족,판타지",어드벤처,미국,미국
20165285,극장판 도라에몽: 신 진구의 버스 오브 재팬,20161221,애니메이션,애니메이션,일본,일본
20165443,모아나,20170112,애니메이션,애니메이션,미국,미국
20165450,남한산성,20171003,"사극,드라마",사극,한국,한국
20165543,하이큐!! 승자와 패자,20161228,애니메이션,애니메이션,일본,일본
20165561,빅,20160727,"애니메이션,어드벤처,코미디,가족",애니메이션,"미국,인도",미국
20165748,꾼,20171122,범죄,범죄,한국,한국
20165927,문라이트,20170222,드라마,드라마,미국,미국
20165941,로빈슨 크루소,20160907,"애니메이션,어드벤처,코미디",애니메이션,벨기에,벨기에
20165961,슈퍼 프렌즈,20160810,애니메이션,애니메이션,한국,한국
20166101,존 윅 - 리로드,20170222,"액션,범죄,스릴러",액션,미국,미국
20166132,김광석,20170830,다큐멘터리,다큐멘터리,한국,한국
20166301,썬키스 패밀리,20190327,"가족,멜로/로맨스,코미디",가족,한국,한국
20166363,잭 리처: 네버 고 백,20161130,"액션,범죄,드라마",액션,미국,미국
20166384,하루,20170615,스릴러,스릴러,한국,한국
20166421,재심,20170215,드라마,드라마,한국,한국
20166488,미이라,20170606,"액션,어드벤처,판타지",액션,미국,미국
20166541,달빛궁궐,20160907,"애니메이션,판타지,어드벤처",애니메이션,한국,한국
20166721,장난감이 살아있다,20160907,"애니메이션,어드벤처,가족",애니메이션,"아르헨티나,스페인",아르헨티나
20166845,BIFAN2016 판타스틱 단편 걸작선 1,,기타,기타,기타,기타
20166901,플로렌스,20160824,드라마,드라마,영국,영국
20166967,트랜스포머: 최후의 기사,20170621,"액션,어드벤처,SF",액션,미국,미국
20167005,데스노트: 더 뉴 월드,20170329,"범죄,드라마,스릴러",범죄,일본,일본
20167007,살인소설,20180425,스릴러,스릴러,한국,한국
20167154,드림 쏭,20160914,애니메이션,애니메이션,미국,미국
20167261,메카닉: 리크루트,20160831,"액션,범죄,스릴러",액션,"미국,프랑스",미국
20167285,짱구는 못말려 극장판: 폭풍수면! 꿈꾸는 세계 대돌격,20170125,애니메이션,애니메이션,일본,일본
20167303,스파이더맨: 홈 커밍,20170705,"액션,어드벤처,SF",액션,미국,미국
20167324,라이언,20170201,드라마,드라마,"호주,영국,미국",호주
20167362,더 큐어,20170215,"미스터리,스릴러",미스터리,"미국,독일",미국
20167363,히든 피겨스,20170323,드라마,드라마,미국,미국
20167364,미스 슬로운,20170329,"드라마,스릴러",드라마,"미국,프랑스",미국
20167481,맨 인 더 다크,20161005,스릴러,스릴러,미국,미국
20167542,분노의 질주: 더 익스트림,20170412,"액션,범죄,스릴러",액션,"미국,일본,프랑스,캐나다",미국
20167563,이퀄스,20160831,"드라마,SF",드라마,미국,미국
20167644,발레리나,20170209,"애니메이션,어드벤처,가족,뮤지컬",애니메이션,"프랑스,캐나다",프랑스
20167716,트리플 엑스 리턴즈,20170208,"액션,어드벤처,스릴러",액션,미국,미국
20167839,벤허,20160914,"어드벤처,드라마",어드벤처,미국,미국
20167901,어느날,20170405,멜로/로맨스,멜로/로맨스,한국,한국
20167902,보통사람,20170323,드라마,드라마,한국,한국
20167903,원더풀 고스트,20180926,"코미디,드라마,범죄",코미디,한국,한국
20167904,라라랜드,20161207,"드라마,뮤지컬,멜로/로맨스",드라마,미국,미국
20167905,비정규직 특수요원,20170316,"코미디,액션",코미디,한국,한국
20167906,마이펫 오지,20170216,"애니메이션,어드벤처",애니메이션,"스페인,캐나다",스페인
20167922,핵소 고지,20170222,"드라마,전쟁",드라마,"미국,호주",미국
20168154,딥워터 호라이즌,20170125,"액션,드라마",액션,미국,미국
20168161,1급기밀,20180124,드라마,드라마,한국,한국
20168183,콩: 스컬 아일랜드,20170308,"액션,어드벤처,판타지",액션,미국,미국
20168221,저스티스 리그,20171115,"액션,어드벤처,판타지,SF",액션,미국,미국
20168241,잃어버린 도시 Z,20170921,"액션,어드벤처,드라마",액션,미국,미국
20168250,골든슬럼버,20180214,"범죄,드라마",범죄,한국,한국
20168261,원더 우먼,20170531,"액션,어드벤처,판타지,SF",액션,미국,미국
20168282,블레이드 러너 2049,20171012,"SF,액션",SF,미국,미국
20168323,염력,20180131,"드라마,코미디",드라마,한국,한국
20168381,얼라이드,20170111,"스릴러,드라마,멜로/로맨스",스릴러,미국,미국
20168401,카페 소사이어티,20160914,"멜로/로맨스,드라마",멜로/로맨스,미국,미국
20168501,바스티유 데이,20161013,액션,액션,"미국,프랑스",미국
20168664,반지의 제왕 : 두개의 탑 (확장판),20170118,"판타지,어드벤처,액션",판타지,"뉴질랜드,미국",뉴질랜드
20168688,레지던트 이블: 파멸의 날,20170125,"액션,공포(호러),SF,스릴러",액션,"미국,독일,호주,캐나다,프랑스",미국
20168721,아이엠스타 뮤직어워드,20160914,애니메이션,애니메이션,일본,일본
20168750,파도가 지나간 자리,20170308,"드라마,멜로/로맨스",드라마,"미국,뉴질랜드,영국",미국
20168754,7호실,20171115,코미디,코미디,한국,한국
20168773,마약왕,20181219,"범죄,드라마",범죄,한국,한국
20168885,브리짓 존스의 베이비,20160928,"코미디,멜로/로맨스",코미디,미국,미국
20168891,설리: 허드슨강의 기적,20160928,드라마,드라마,미국,미국
20169122,아이 엠 어 히어로,20160921,"액션,공포(호러)",액션,일본,일본
20169323,안도 타다오,20190425,다큐멘터리,다큐멘터리,일본,일본
20169348,대립군,20170531,"드라마,사극",드라마,한국,한국
20169643,침묵,20171102,드라마,드라마,한국,한국
20170022,다크타워: 희망의 탑,20170823,"액션,어드벤처,판타지",액션,미국,미국
20170124,명탐정 코난:진홍의 연가,20170802,애니메이션,애니메이션,일본,일본
20170241,23 아이덴티티,20170222,스릴러,스릴러,미국,미국
20170321,목소리의 형태,20170509,"애니메이션,멜로/로맨스",애니메이션,일본,일본
20170364,레고 닌자고 무비,20170928,"애니메이션,액션,코미디,어드벤처,가족",애니메이션,미국,미국
20170402,강철비,20171214,"액션,드라마",액션,한국,한국
20170443,스타워즈: 라스트 제다이,20171214,"액션,어드벤처,판타지,SF",액션,미국,미국
20170513,동네사람들,20181107,"액션,스릴러",액션,한국,한국
20170561,블랙 팬서,20180214,"액션,드라마,SF",액션,미국,미국
20170590,1987,20171227,드라마,드라마,한국,한국
20170607,몬스터 콜,20170914,"판타지,드라마",판타지,스페인,스페인
20170658,PMC: 더 벙커,20181226,액션,액션,한국,한국
20170669,지금 만나러 갑니다,20180314,멜로/로맨스,멜로/로맨스,한국,한국
20170670,목격자,20180815,스릴러,스릴러,한국,한국
20170841,리틀 포레스트,20180228,드라마,드라마,한국,한국
20170942,인랑,20180725,"SF,액션",SF,한국,한국
20170964,딥,20171003,"애니메이션,뮤지컬,어드벤처",애니메이션,스페인,스페인
20170982,캐리비안의 해적: 죽은 자는 말이 없다,20170524,"액션,어드벤처,판타지,코미디",액션,미국,미국
20171021,커런트 워,20190822,드라마,드라마,미국,미국
20171022,극장판 에그엔젤 코코밍: 푸르밍과 두근두근 코코밍 세계,20170907,애니메이션,애니메이션,일본,일본
20171024,너의 췌장을 먹고 싶어,20171025,드라마,드라마,일본,일본
20171090,베이비 드라이버,20170914,"액션,범죄,스릴러",액션,영국,영국
20171122,레디 플레이어 원,20180328,"액션,SF,어드벤처",액션,미국,미국
20171381,라이프,20170405,"SF,스릴러",SF,미국,미국
20171781,패트리어트 데이,20170406,"드라마,스릴러",드라마,미국,미국
20171801,극장판 암살교실 : 365일의 시간,20170323,애니메이션,애니메이션,일본,일본
20171817,넛잡 2,20171003,"애니메이션,어드벤처,코미디,가족",애니메이션,"한국,캐나다,중국",한국
20171909,쥬만지: 새로운 세계,20180103,"액션,어드벤처",액션,미국,미국
20171923,저수지 게임,20170907,다큐멘터리,다큐멘터리,한국,한국
20171962,킬러의 보디가드,20170830,"액션,코미디",액션,미국,미국
20172125,파운더,20170420,드라마,드라마,미국,미국
20172142,극장판 요괴워치: 하늘을 나는 고래와 더블세계다냥!,20170927,애니메이션,애니메이션,일본,일본
20172204,명당,20180919,사극,사극,한국,한국
20172241,꼬마돼지 베이브의 대모험,20170615,"애니메이션,어드벤처",애니메이션,독일,독일
20172244,치즈인더트랩,20180314,"멜로/로맨스,스릴러",멜로/로맨스,한국,한국
20172469,허스토리,20180627,드라마,드라마,한국,한국
20172541,오두막,20170420,드라마,드라마,미국,미국
20172603,부라더,20171102,코미디,코미디,한국,한국
20172627,리틀 프린세스 소피아 : 신비한 섬,20170928,"애니메이션,어드벤처,가족,판타지,뮤지컬",애니메이션,미국,미국
20172742,범죄도시,20171003,"범죄,액션",범죄,한국,한국
20173061,슈퍼 빼꼼: 스파이 대작전,20170503,"애니메이션,코미디",애니메이션,한국,한국
20173202,버닝,20180517,미스터리,미스터리,한국,한국
20173226,패왕별희 디 오리지널,20170330,"드라마,멜로/로맨스",드라마,중국,중국
20173301,"서서평, 천천히 평온하게",20170426,다큐멘터리,다큐멘터리,한국,한국
20173403,슈퍼배드 3,20170726,애니메이션,애니메이션,미국,미국
20173436,셰이프 오브 워터: 사랑의 모양,20180222,"어드벤처,판타지",어드벤처,미국,미국
20173547,다운사이징,20180111,"드라마,코미디",드라마,미국,미국
20173581,기억의 밤,20171129,"미스터리,스릴러",미스터리,한국,한국
20173642,너와 100번째 사랑,20170525,"드라마,멜로/로맨스",드라마,일본,일본
20173693,어쌔신: 더 비기닝,20171207,액션,액션,미국,미국
20173694,지오스톰,20171019,"액션,SF,스릴러",액션,미국,미국
20173724,직쏘,20171102,"공포(호러),스릴러,범죄",공포(호러),미국,미국
20173806,노 게임 노 라이프 -제로-,20171019,애니메이션,애니메이션,일본,일본
20173865,데자뷰,20180530,"미스터리,스릴러",미스터리,한국,한국
20173901,존 윅: 특별판,20170330,"액션,드라마",액션,미국,미국
20173945,인비저블 게스트,20170921,"범죄,미스터리,스릴러",범죄,스페인,스페인
20173961,킹 아서: 제왕의 검,20170517,"판타지,액션,어드벤처",판타지,"영국,호주,미국",영국
20173962,소공녀,20180322,"멜로/로맨스,드라마",멜로/로맨스,한국,한국
20174061,보스 베이비,20170503,"애니메이션,코미디,가족",애니메이션,미국,미국
20174142,아이 캔 스피크,20170921,코미디,코미디,한국,한국
20174165,극장판 또봇: 로봇군단의 습격,20170427,애니메이션,애니메이션,한국,한국
20174169,기묘한 가족,20190213,"코미디,가족",코미디,한국,한국
20174369,변산,20180704,드라마,드라마,한국,한국
20174585,메리와 마녀의 꽃,20171207,"애니메이션,어드벤처",애니메이션,일본,일본
20174602,노무현입니다,20170525,다큐멘터리,다큐멘터리,한국,한국
20174603,,,,,,
20174622,,,,,,
20174801,,,,,,
20174803,,,,,,
20174821,,,,,,
20174846,뽀로로 극장판 공룡섬 대모험,,애니메이션,애니메이션,,
20174965,극장판 포켓몬스터 너로 정했다!,,"애니메이션,어드벤처,가족",애니메이션,,
20174981,,,,,,
20175054,,,,,,
20175121,,,,,,
20175142,,,,,,
20175208,,,,,,
20175222,,,,,,
20175223,,,,,,
20175244,,,,,,
20175262,,,,,,
20175405,,,,,,
20175407,,,,,,
20175423,,,,,,
20175441,,,,,,
20175522,,,,,,
20175547,스윙키즈,,드라마,드라마,,
20175771,,,,,,
20175821,언더더씨,,애니메이션,애니메이션,,
20175982,다크 하우스,,"공포(호러),스릴러",공포(호러),,
20176022,더 크리스마스,,"애니메이션,어드벤처",애니메이션,,
20176053,,,,,,
20176067,,,,,,
20176069,,,,,,
20176070,,,,,,
20176082,몬스터 패밀리,,애니메이션,애니메이션,,
20176103,,,,,,
20176104,,,,,,
20176121,,,,,,
20176122,,,,,,
20176141,,,,,,
20176201,더 서클,,"드라마,SF,스릴러",드라마,,
20176251,,,,,,
20176367,,,,,,
20176442,,,,,,
20176562,,,,,,
20176741,꼬마참새 리차드: 아프리카 원정대,,애니메이션,애니메이션,,
20176767,,,,,,
20176814,,,,,,
20176848,,,,,,
20176917,,,,,,
20176947,,,,,,
20176961,,,,,,
20177005,,,,,,
20177104,,,,,,
20177181,,,,,,
20177221,,,,,,
20177266,,,,,,
20177282,,,,,,
20177308,,,,,,
20177473,,,,,,
20177478,,,,,,
20177479,,,,,,
20177501,,,,,,
20177537,,,,,,
20177538,,,,,,
20177539,,,,,,
20177541,,,,,,
20177552,국가부도의 날,,드라마,드라마,,
20177602,,,,,,
20177761,,,,,,
20177946,,,,,,
20178126,,,,,,
20178161,탐정: 리턴즈,,"코미디,범죄",코미디,,
20178230,,,,,,
20178321,,,,,,
20178395,,,,,,
20178401,,,,,,
20178424,,,,,,
20178444,,,,,,
20178449,,,,,,
20178490,,,,,,
20178501,니 부모 얼굴이 보고 싶다,,드라마,드라마,,
20178522,,,,,,
20178581,,,,,,
20178641,,,,,,
20178672,,,,,,
20178762,,,,,,
20178781,,,,,,
20178825,,,,,,
20178881,,,,,,
20178942,,,,,,
20178982,,,,,,
20179006,,,,,,
20179085,,,,,,
20179086,쥬라기 월드: 폴른 킹덤,,"액션,어드벤처,SF",액션,,
20179101,,,,,,
20179186,,,,,,
20179187,,,,,,
20179189,,,,,,
20179205,,,,,,
20179228,,,,,,
20179230,,,,,,
20179281,,,,,,
20179382,,,,,,
20179383,독전,,"범죄,액션",범죄,,
20179407,,,,,,
20179442,,,,,,
20179462,위대한 쇼맨,,"드라마,뮤지컬",드라마,,
20179491,,,,,,
20179662,,,,,,
20179696,,,,,,
20179731,,,,,,
20179901,,,,,,
20179942,,,,,,
20179985,,,,,,
20180167,,,,,,
20180282,,,,,,
20180290,아쿠아맨,,액션,액션,,
20180302,,,,,,
20180341,,,,,,
20180442,,,,,,
20180522,,,,,,
20180523,,,,,,
20180542,,,,,,
20180564,,,,,,
20180628,,,,,,
20180770,,,,,,
20180789,,,,,,
20180804,,,,,,
20180825,,,,,,
20180868,,,,,,
20180937,,,,,,
20180939,,,,,,
20180962,,,,,,
20180987,,,,,,
20181103,,,,,,
20181162,,,,,,
20181171,,,,,,
20181181,,,,,,
20181366,,,,,,
20181404,,,,,,
20181416,,,,,,
20181434,,,,,,
20181443,,,,,,
20181561,,,,,,
20181685,,,,,,
20181788,,,,,,
20181877,,,,,,
20181905,,,,,,
20181942,,,,,,
20181983,이웃사촌,,"드라마,코미디",드라마,,
20182021,,,,,,
20182046,,,,,,
20182082,,,,,,
20182241,,,,,,
20182352,,,,,,
20182360,,,,,,
20182385,,,,,,
20182387,,,,,,
20182403,,,,,,
20182421,그린치,,"애니메이션,코미디",애니메이션,,
20182447,,,,,,
20182490,,,,,,
20182501,,,,,,
20182530,,,,,,
20182544,,,,,,
20182561,,,,,,
20182564,,,,,,
20182585,,,,,,
20182588,,,,,,
20182669,,,,,,
20182674,,,,,,
20182693,,,,,,
20182701,,,,,,
20182935,,,,,,
20182966,,,,,,
20182984,,,,,,
20182989,,,,,,
20183002,,,,,,
20183003,,,,,,
20183007,,,,,,
20183050,,,,,,
20183073,,,,,,
20183084,,,,,,
20183096,,,,,,
20183195,,,,,,
20183238,스파이더맨: 뉴 유니버스,,"애니메이션,액션,가족",애니메이션,,
20183321,,,,,,
20183361,,,,,,
20183375,,,,,,
20183407,,,,,,
20183454,,,,,,
20183479,극장판 짱구는 못말려: 아뵤! 쿵후 보이즈 ~라면 대란~,,애니메이션,애니메이션,,
20183583,,,,,,
20183584,,,,,,
20183745,,,,,,
20183772,,,,,,
20183773,,,,,,
20183782,기생충,,드라마,드라마,,
20183785,,,,,,
20183801,,,,,,
20183813,결백,,드라마,드라마,,
20183844,,,,,,
20183867,알라딘,,"어드벤처,가족,판타지",어드벤처,,
20183915,,,,,,
20184047,토이 스토리 4,,"애니메이션,어드벤처,코미디",애니메이션,,
20184082,,,,,,
20184101,여중생A,,드라마,드라마,,
20184105,,,,,,
20184187,,,,,,
20184243,,,,,,
20184261,,,,,,
20184341,,,,,,
20184462,,,,,,
20184481,,,,,,
20184482,,,,,,
20184483,,,,,,
20184512,,,,,,
20184513,,,,,,
20184543,,,,,,
20184571,,,,,,
20184572,,,,,,
20184574,,,,,,
20184621,,,,,,
20184678,,,,,,
20184689,아일라,,"드라마,전쟁",드라마,,
20184721,,,,,,
20184801,,,,,,
20184802,,,,,,
20184845,미드나잇 선,,멜로/로맨스,멜로/로맨스,,
20184865,,,,,,
20184888,,,,,,
20184889,어벤져스: 엔드게임,,"액션,SF",액션,,
20184891,,,,,,
20184896,,,,,,
20184903,오션스8,,"액션,범죄",액션,,
20185001,,,,,,
20185046,,,,,,
20185081,아이 필 프리티,,코미디,코미디,,
20185124,,,,,,
20185161,,,,,,
20185242,,,,,,
20185249,,,,,,
20185341,,,,,,
20185352,,,,,,
20185353,,,,,,
20185361,,,,,,
20185384,,,,,,
20185406,,,,,,
20185444,,,,,,
20185478,,,,,,
20185485,보헤미안 랩소디,,드라마,드라마,,
20185576,,,,,,
20185621,,,,,,
20185648,유니콘 원정대: 비밀의 다이어리,,애니메이션,애니메이션,,
20185784,,,,,,
20185881,,,,,,
20185985,,,,,,
20185986,,,,,,
20186001,,,,,,
20186121,,,,,,
20186202,,,,,,
20186261,,,,,,
20186281,범블비,,"액션,어드벤처,SF",액션,,
20186321,,,,,,
20186324,,,,,,
20186501,,,,,,
20186822,,,,,,
20187322,,,,,,
20187427,,,,,,
20187521,,,,,,
20187641,,,,,,
20187647,,,,,,
20187657,,,,,,
20187959,,,,,,
20187981,,,,,,
20188042,,,,,,
20188144,,,,,,
20188282,,,,,,
20188304,,,,,,
20188362,,,,,,
20188404,,,,,,
20188421,,,,,,
20188441,,,,,,
20188462,,,,,,
20188581,,,,,,
20188661,,,,,,
20188750,,,,,,
20188941,,,,,,
20189067,,,,,,
20189123,,,,,,
20189261,,,,,,
20189262,,,,,,
20189268,,,,,,
20189362,,,,,,
20189385,,,,,,
20189462,,,,,,
20189463,,,,,,
20189663,,,,,,
20189746,,,,,,
20189783,,,,,,
20189843,호두까기 인형과 4개의 왕국,,"판타지,드라마",판타지,,
20189861,,,,,,
20189869,,,,,,
20189973,,,,,,
20189987,,,,,,
20190002,,,,,,
20190142,,,,,,
20190273,천로역정: 천국을 찾아서,,"애니메이션,어드벤처",애니메이션,,
20190280,,,,,,
20190299,,,,,,
20190300,,,,,,
20190323,,,,,,
20190324,3일의 휴가,,"판타지,드라마",판타지,,
20190353,,,,,,
20190461,,,,,,
20190466,세상을 바꾼 변호인,,드라마,드라마,,
20190545,,,,,,
20190582,,,,,,
20190601,,,,,,
20190621,,,,,,
20190683,,,,,,
20190741,,,,,,
20190808,,,,,,
20190815,,,,,,
20190864,,,,,,
20190885,사탄의 인형,,공포(호러),공포(호러),,
20191029,,,,,,
20191048,온워드: 단 하루의 기적,,"애니메이션,어드벤처,판타지",애니메이션,,
20191061,,,,,,
20191109,,,,,,
20191143,원더랜드,,드라마,드라마,,
20191183,,,,,,
20191243,,,,,,
20191401,,,,,,
20191408,,,,,,
20191589,,,,,,
20191601,,,,,,
20191604,,,,,,
20191741,,,,,,
20191781,북클럽,,코미디,코미디,,
20191951,,,,,,
20192022,,,,,,
20192083,,,,,,
20192101,,,,,,
20192151,,,,,,
20192193,도굴,,범죄,범죄,,
20192194,,,,,,
20192206,백두산,,"어드벤처,드라마",어드벤처,,
20192222,,,,,,
20192240,,,,,,
20192271,,,,,,
20192300,,,,,,
20192354,,,,,,
20192399,,,,,,
20192401,포드 V 페라리,,"액션,드라마",액션,,
20192567,원더 우먼 1984,,"액션,어드벤처",액션,,
20192589,,,,,,
20192591,,,,,,
20192680,,,,,,
20192696,발신제한,,"스릴러,액션",스릴러,,
20192721,캣츠,,"뮤지컬,드라마",뮤지컬,,
20192725,,,,,,
20192804,,,,,,
20192982,,,,,,
20192984,,,,,,
20192986,,,,,,
20192995,,,,,,
20193068,,,,,,
20193069,#살아있다,,드라마,드라마,,
20193082,,,,,,
20193275,,,,,,
20193321,,,,,,
20193385,,,,,,
20193450,,,,,,
20193526,,,,,,
20193601,,,,,,
20193665,,,,,,
20193666,,,,,,
20193706,,,,,,
20193801,,,,,,
20193807,,,,,,
20193821,,,,,,
20193822,,,,,,
20193859,사라진 시간,,"미스터리,드라마",미스터리,,
20193879,,,,,,
20193911,,,,,,
20194045,,,,,,
20194223,,,,,,
20194376,탑건: 매버릭,,액션,액션,,
20194384,,,,,,
20194403,킹스맨: 퍼스트 에이전트,,액션,액션,,
20194424,,,,,,
20194456,,,,,,
20194461,,,,,,
20194501,,,,,,
20194541,,,,,,
20194912,,,,,,
20195002,,,,,,
20195462,,,,,,
20195711,,,,,,
20195743,,,,,,
20195791,,,,,,
20195915,,,,,,
20195920,,,,,,
20195941,,,,,,
20195968,,,,,,
20196025,,,,,,
20196136,,,,,,
20196201,,,,,,
20196244,,,,,,
20196264,,,,,,
20196270,,,,,,
20196271,,,,,,
20196272,,,,,,
20196284,,,,,,
20196309,,,,,,
20196380,,,,,,
20196410,,,,,,
20196478,영웅,,"드라마,뮤지컬",드라마,,
20196601,,,,,,
20196655,,,,,,
20196657,맨 인 블랙: 인터내셔널,,"액션,코미디,SF",액션,,
20196669,,,,,,
20196670,,,,,,
20196676,,,,,,
20196702,야구소녀,,드라마,드라마,,
20196716,,,,,,
20196723,,,,,,
20196763,,,,,,
20196773,,,,,,
20196776,,,,,,
20196782,,,,,,
20196850,,,,,,
20196906,,,,,,
20197054,,,,,,
20197092,,,,,,
20197121,,,,,,
20197122,,,,,,
20197147,,,,,,
20197277,,,,,,
20197278,,,,,,
20197279,,,,,,
20197283,,,,,,
20197336,,,,,,
20197356,,,,,,
20197390,,,,,,
20197397,,,,,,
20197423,,,,,,
20197434,,,,,,
20197483,,,,,,
20197503,,,,,,
20197617,,,,,,
20197654,,,,,,
20197691,,,,,,
20197721,,,,,,
20197803,겨울왕국 2,,애니메이션,애니메이션,,
20197846,,,,,,
20197853,,,,,,
20197863,침입자,,"미스터리,스릴러",미스터리,,
20197922,,,,,,
20198053,,,,,,
20198056,,,,,,
20198104,,,,,,
20198146,,,,,,
20198161,미드나이트,,스릴러,스릴러,,
20198182,,,,,,
20198183,,,,,,
20198184,,,,,,
20198291,,,,,,
20198317,,,,,,
20198323,,,,,,
20198374,신비아파트 극장판 하늘도깨비 대 요르문간드,,애니메이션,애니메이션,,
20198403,,,,,,
20198414,시동,,드라마,드라마,,
20198421,,,,,,
20198429,,,,,,
20198430,나이브스 아웃,,"미스터리,스릴러",미스터리,,
20198431,,,,,,
20198453,롱 리브 더 킹: 목포 영웅,,"액션,드라마",액션,,
20198461,,,,,,
20198482,,,,,,
20198597,,,,,,
20198598,,,,,,
20198603,,,,,,
20198663,,,,,,
20198676,,,,,,
20198681,쥬만지: 넥스트 레벨,,액션,액션,,
20198818,프린스 코기,,애니메이션,애니메이션,,
20198844,,,,,,
20198890,,,,,,
20198961,,,,,,
20198982,,,,,,
20199063,,,,,,
20199428,,,,,,
20199446,,,,,,
20199448,,,,,,
20199500,,,,,,
20199541,,,,,,
20199576,,,,,,
20199581,,,,,,
20199630,,,,,,
20199736,,,,,,
20199816,,,,,,
20199822,,,,,,
20199842,,,,,,
20199882,,,,,,
20199883,,,,,,
20199950,,,,,,
20199951,,,,,,
20199981,눈의 여왕4,,"애니메이션,가족,판타지,어드벤처",애니메이션,,
20200065,,,,,,
20200142,소방관,,드라마,드라마,,
20200154,,,,,,
20200162,,,,,,
20200200,,,,,,
20200237,,,,,,
20200263,,,,,,
20200294,런,,"미스터리,스릴러",미스터리,,
20200302,,,,,,
20200311,,,,,,
20200361,,,,,,
20200416,크레센도,,드라마,드라마,,
20200418,,,,,,
20200474,,,,,,
20200491,,,,,,
20200512,,,,,,
20200524,,,,,,
20200554,,,,,,
20200622,,,,,,
20200703,,,,,,
20200749,,,,,,
20200845,,,,,,
20200883,,,,,,
20200936,,,,,,
20201002,조제,,"멜로/로맨스,드라마",멜로/로맨스,,
20201022,,,,,,
20201122,,,,,,
20201123,,,,,,
20201174,,,,,,
20201265,,,,,,
20201287,,,,,,
20201421,,,,,,
20201502,,,,,,
20201649,,,,,,
20201687,,,,,,
20201965,,,,,,
20201968,,,,,,
20202026,,,,,,
20202128,100% 울프: 푸들이 될 순 없어,,애니메이션,애니메이션,,
20202130,,,,,,
20202185,,,,,,
20202203,,,,,,
20202204,,,,,,
20202247,,,,,,
20202281,,,,,,
20202341,,,,,,
20202366,,,,,,
20202477,,,,,,
20202502,,,,,,
20202540,,,,,,
20202555,,,,,,
20202585,,,,,,
20202647,,,,,,
20202684,,,,,,
20202703,,,,,,
20202792,,,,,,
20202812,,,,,,
20202924,,,,,,
20202931,,,,,,
20202961,,,,,,
20203009,,,,,,
20203286,,,,,,
20203461,,,,,,
20203557,그녀가 죽었다,,"미스터리,스릴러",미스터리,,
20203689,,,,,,
20203702,노량: 죽음의 바다,,"사극,액션",사극,,
20203824,,,,,,
20203842,,,,,,
20203863,,,,,,
20204008,,,,,,
20204107,,,,,,
20204117,,,,,,
20204261,콰이어트 플레이스 2,,스릴러,스릴러,,
20204264,,,,,,
20204271,,,,,,
20204333,,,,,,
20204431,,,,,,
20204432,,,,,,
20204548,범죄도시2,,"범죄,액션",범죄,,
20204644,,,,,,
20204681,,,,,,
20204684,,,,,,
20204741,,,,,,
20204790,,,,,,
20204791,,,,,,
20204845,,,,,,
20205001,,,,,,
20205041,분노의 질주: 더 얼티메이트,,액션,액션,,
20205096,,,,,,
20205106,,,,,,
20205144,,,,,,
20205155,,,,,,
20205261,,,,,,
20205262,,,,,,
20205362,,,,,,
20205402,,,,,,
20205443,,,,,,
20205481,,,,,,
20205708,,,,,,
20205841,,,,,,
20205902,,,,,,
20205970,,,,,,
20205980,,,,,,
20205986,연애 빠진 로맨스,,"멜로/로맨스,코미디",멜로/로맨스,,
20206021,,,,,,
20206061,쥬라기 월드: 도미니언,,"액션,어드벤처",액션,,
20206062,,,,,,
20206178,,,,,,
20206190,,,,,,
20206257,브로커,,드라마,드라마,,
20206362,,,,,,
20206402,,,,,,
20206424,,,,,,
20206441,,,,,,
20206446,,,,,,
20206447,,,,,,
20206547,극장판 바이올렛 에버가든,,"애니메이션,드라마,판타지",애니메이션,,
20206588,,,,,,
20206710,,,,,,
20206826,,,,,,
20206865,,,,,,
20206946,,,,,,
20207341,,,,,,
20207443,,,,,,
20207501,,,,,,
20207722,,,,,,
20207893,,,,,,
20208006,,,,,,
20208101,,,,,,
20208122,,,,,,
20208182,,,,,,
20208245,,,,,,
20208264,,,,,,
20208282,,,,,,
20208393,,,,,,
20208446,,,,,,
20208448,,,,,,
20208508,,,,,,
20208562,,,,,,
20208617,,,,,,
20208686,,,,,,
20208721,,,,,,
20208828,불량한 가족,,"코미디,드라마",코미디,,
20208911,,,,,,
20208961,마리 퀴리,,드라마,드라마,,
20208962,,,,,,
20209013,,,,,,
20209029,,,,,,
20209161,,,,,,
20209304,,,,,,
20209343,,,,,,
20209370,,,,,,
20209463,,,,,,
20209538,썸머 85,,"멜로/로맨스,드라마",멜로/로맨스,,
20209627,,,,,,
20209644,엔딩스 비기닝스,,"드라마,멜로/로맨스",드라마,,
20209650,,,,,,
20209654,,,,,,
20209771,,,,,,
20209882,,,,,,
20209926,,,,,,
20210028,스파이더맨: 노 웨이 홈,,"액션,어드벤처,SF",액션,,
20210087,,,,,,
20210140,,,,,,
20210168,,,,,,
20210244,디어 에반 핸슨,,"뮤지컬,드라마",뮤지컬,,
20210262,,,,,,
20210301,,,,,,
20210364,탄생,,드라마,드라마,,
20210541,,,,,,
20210544,,,,,,
20210546,,,,,,
20210587,,,,,,
20210590,,,,,,
20210600,,,,,,
20210662,,,,,,
20210663,,,,,,
20210682,,,,,,
20210684,,,,,,
20210843,,,,,,
20210864,엔칸토: 마법의 세계,,애니메이션,애니메이션,,
20210865,,,,,,
20210937,아담스 패밀리 2,,"애니메이션,코미디,가족",애니메이션,,
20210962,,,,,,
20211177,,,,,,
20211200,,,,,,
20211241,,,,,,
20211242,,,,,,
20211261,,,,,,
20211271,,,,,,
20211281,매트릭스: 리저렉션,,"액션,SF",액션,,
20211313,,,,,,
20211321,,,,,,
20211382,,,,,,
20211413,,,,,,
20211472,,,,,,
20211477,,,,,,
20211568,,,,,,
20211735,,,,,,
20211740,,,,,,
20211768,신데렐라 2: 마법에 걸린 왕자,,"애니메이션,판타지,어드벤처",애니메이션,,
20211791,하이파이브,,"코미디,액션",코미디,,
20211792,,,,,,
20211831,극장판 소드 아트 온라인 -프로그레시브- 별 없는 밤의 아리아,,"애니메이션,액션,판타지",애니메이션,,
20211937,귀공자,,액션,액션,,
20212015,,,,,,
20212317,,,,,,
20212352,,,,,,
20212618,,,,,,
20212667,,,,,,
20212668,,,,,,
20212672,,,,,,
20212708,,,,,,
20212709,,,,,,
20212724,,,,,,
20212725,,,,,,
20212741,,,,,,
20212783,로스트 시티,,"액션,코미디,멜로/로맨스,어드벤처",액션,,
20212836,,,,,,
20212855,,,,,,
20212866,서울의 봄,,드라마,드라마,,
20212932,,,,,,
20212952,,,,,,
20212973,,,,,,
20214763,,,,,,
20214823,,,,,,
20214847,,,,,,
20214848,,,,,,
20214981,,,,,,
20215041,,,,,,
20215046,,,,,,
20215056,,,,,,
20215221,,,,,,
20215301,,,,,,
20215315,,,,,,
20215601,,,,,,
20215803,,,,,,
20215810,,,,,,
20215843,,,,,,
20215850,,,,,,
20216022,,,,,,
20216051,,,,,,
20216064,,,,,,
20216069,,,,,,
20216083,,,,,,
20216361,,,,,,
20216362,크루엘라,,"드라마,범죄,코미디",드라마,,
20216432,,,,,,
20216476,,,,,,
20216492,,,,,,
20216523,,,,,,
20216581,,,,,,
20216673,,,,,,
20216685,루카,,"애니메이션,어드벤처,코미디",애니메이션,,
20216703,,,,,,
20216710,,,,,,
20216726,,,,,,
20216768,,,,,,
20216801,,,,,,
20216908,,,,,,
20217024,,,,,,
20217174,,,,,,
20217278,,,,,,
20217298,,,,,,
20217334,,,,,,
20217478,,,,,,
20217484,,,,,,
20217490,,,,,,
20217500,,,,,,
20217551,,,,,,
20217573,,,,,,
20217624,,,,,,
20217651,,,,,,
20217692,,,,,,
20217707,,,,,,
20217736,컨저링3: 악마가 시켰다,,"공포(호러),미스터리,스릴러",공포(호러),,
20217742,,,,,,
20217769,,,,,,
20217807,,,,,,
20217826,,,,,,
20217845,,,,,,
20217905,,,,,,
20217950,킬러의 보디가드 2,,"액션,코미디,범죄",액션,,
20217982,,,,,,
20218006,,,,,,
20218052,,,,,,
20218240,여고괴담 여섯번째 이야기 : 모교,,"미스터리,공포(호러)",미스터리,,
20218256,,,,,,
20218333,,,,,,
20218345,,,,,,
20218348,,,,,,
20218349,,,,,,
20218364,,,,,,
20218390,,,,,,
20218391,,,,,,
20218392,,,,,,
20218415,드라이브 마이 카,,드라마,드라마,,
20218420,,,,,,
20218459,,,,,,
20218541,,,,,,
20218567,,,,,,
20218604,,,,,,
20218653,,,,,,
20218656,,,,,,
20218758,,,,,,
20218764,,,,,,
20218800,,,,,,
20218815,,,,,,
20218827,,,,,,
20218834,,,,,,
20218875,,,,,,
20218904,,,,,,
20218935,,,,,,
20218985,,,,,,
20219115,,,,,,
20219185,,,,,,
20219245,,,,,,
20219310,,,,,,
20219311,,,,,,
20219331,,,,,,
20219344,,,,,,
20219345,,,,,,
20219375,,,,,,
20219381,,,,,,
20219626,,,,,,
20219628,,,,,,
20219770,,,,,,
20219822,,,,,,
20219826,,,,,,
20223278,극장판 주술회전 0,,애니메이션,애니메이션,,
20223302,,,,,,
20223308,,,,,,
20223388,,,,,,
20223398,,,,,,
20223403,,,,,,
20223404,,,,,,
20223565,,,,,,
20223583,,,,,,
20223614,,,,,,
20223676,,,,,,
20223743,,,,,,
20223819,,,,,,
20223828,,,,,,
20223831,,,,,,
20223839,버즈 라이트이어,,"애니메이션,액션,어드벤처",애니메이션,,
20223896,,,,,,
20223940,,,,,,
20223950,,,,,,
20223953,,,,,,
20223991,,,,,,
20224069,,,,,,
20224109,,,,,,
20224142,,,,,,
20224143,,,,,,
20224148,,,,,,
20224223,,,,,,
20224270,,,,,,
20224303,,,,,,
20224304,,,,,,
20224468,,,,,,
20224517,,,,,,
20224579,,,,,,
20224598,,,,,,
20224634,,,,,,
20224662,,,,,,
20224666,,,,,,
20224667,,,,,,
20224757,룸 쉐어링,,드라마,드라마,,
20224780,,,,,,
20224791,,,,,,
20224882,마녀(魔女) Part2. The Other One,,액션,액션,,
20224891,,,,,,
20224965,,,,,,
20225055,,,,,,
20225061,아바타: 물의 길,,"액션,어드벤처,SF,스릴러",액션,,
20225114,극장판 윌벤져스 : 수상한 캠핑 대소동,,애니메이션,애니메이션,,
20225175,,,,,,
20225180,,,,,,
20225184,,,,,,
20225186,,,,,,
20225190,,,,,,
20225237,,,,,,
20225293,,,,,,
20225448,,,,,,
20225729,,,,,,
20225865,,,,,,
20225892,,,,,,
20225894,,,,,,
20225969,,,,,,
20225994,,,,,,
20226034,,,,,,
20226107,,,,,,
20226125,,,,,,
20226254,,,,,,
20226270,,,,,,
20226410,,,,,,
20226411,범죄도시3,,"범죄,액션",범죄,,
20226431,,,,,,
20226444,,,,,,
20226489,,,,,,
20226500,,,,,,
20226545,,,,,,
20226558,,,,,,
20226670,,,,,,
20226739,,,,,,
20226751,,,,,,
20226777,,,,,,
20226798,,,,,,
20226879,,,,,,
20226886,,,,,,
20226957,,,,,,
20227225,,,,,,
20227304,,,,,,
20227338,,,,,,
20227374,,,,,,
20227410,,,,,,
20227445,원피스 필름 레드,,애니메이션,애니메이션,,
20227514,,,,,,
20227626,,,,,,
20227654,수라,,다큐멘터리,다큐멘터리,,
20227684,,,,,,
20227751,,,,,,
20227762,올빼미,,스릴러,스릴러,,
20227885,,,,,,
20227890,,,,,,
20227925,,,,,,
20227979,,,,,,
20228016,,,,,,
20228190,,,,,,
20228255,,,,,,
20228297,,,,,,
20228308,극장판 뽀로로와 친구들: 바이러스를 없애줘!,,애니메이션,애니메이션,,
20228309,핑크퐁 시네마 콘서트 2: 원더스타 콘서트 대작전,,애니메이션,애니메이션,,
20228313,"오늘 밤, 세계에서 이 사랑이 사라진다 해도",,멜로/로맨스,멜로/로맨스,,
20228357,,,,,,
20228532,,,,,,
20228555,,,,,,
20228602,,,,,,
20228631,,,,,,
20228640,신비아파트 극장판 차원도깨비와 7개의 세계,,애니메이션,애니메이션,,
20228655,,,,,,
20228796,하얼빈,,드라마,드라마,,
20228797,범죄도시4,,"액션,범죄",액션,,
20228819,,,,,,
20228829,눈의 여왕5: 스노우 프린세스와 미러랜드의 비밀,,애니메이션,애니메이션,,
20228895,,,,,,
20228930,엘리멘탈,,애니메이션,애니메이션,,
20228966,,,,,,
20228988,,,,,,
20229166,,,,,,
20229205,,,,,,
20229365,,,,,,
20229551,,,,,,
2022B512,,,,,,
20230081,,,,,,
20230199,,,,,,
20230200,,,,,,
20230209,,,,,,
20230340,,,,,,
20230484,,,,,,
20230495,,,,,,
20230533,,,,,,
20230641,,,,,,
20230767,,,,,,
20231009,,,,,,
20231010,,,,,,
20231029,,,,,,
20231035,,,,,,
20231041,,,,,,
20231042,,,,,,
20231089,,,,,,
20231164,,,,,,
20231244,,,,,,
20231348,,,,,,
20231415,,,,,,
20231437,,,,,,
20231459,,,,,,
20231495,,,,,,
20231496,가디언즈 오브 갤럭시: Volume 3,,액션,액션,,
20231592,,,,,,
20231677,,,,,,
20231781,,,,,,
20231839,,,,,,
20231889,,,,,,
20231971,플래시,,액션,액션,,
20232025,트랜스포머: 비스트의 서막,,액션,액션,,
20232075,명탐정코난: 하이바라 아이 이야기 ~흑철의 미스터리 트레인,,애니메이션,애니메이션,,
20232180,스파이더맨: 어크로스 더 유니버스,,애니메이션,애니메이션,,
20232220,,,,,,
20232273,,,,,,
20232394,,,,,,
20232491,,,,,,
20232536,,,,,,
20232570,,,,,,
20232629,,,,,,
20232631,,,,,,
20232639,,,,,,
20232662,,,,,,
20232698,,,,,,
20232740,,,,,,
20232778,,,,,,
20232836,,,,,,
20232894,,,,,,
20232949,,,,,,
20233006,,,,,,
20233008,,,,,,
20233014,,,,,,
20233038,,,,,,
20233039,,,,,,
20233052,,,,,,
20233057,,,,,,
20233075,,,,,,
20233178,,,,,,
20233218,,,,,,
20233219,,,,,,
20233220,,,,,,
20233227,,,,,,
20233235,,,,,,
20233259,,,,,,
20233261,,,,,,
20233299,크레센도,,다큐멘터리,다큐멘터리,,
20233411,,,,,,
20233569,,,,,,
20233597,,,,,,
20233643,,,,,,
20233743,,,,,,
20233879,,,,,,
20234044,,,,,,
20234045,,,,,,
20234099,,,,,,
20234114,괴물,,"드라마,미스터리",드라마,,
20234213,,,,,,
20234253,,,,,,
20234277,,,,,,
20234281,,,,,,
20234293,,,,,,
20234413,프렌치 수프,,"멜로/로맨스,드라마",멜로/로맨스,,
20234581,,,,,,
20234613,,,,,,
20234663,,,,,,
20234664,,,,,,
20234666,,,,,,
20234673,뽀로로 극장판 슈퍼스타 대모험,,애니메이션,애니메이션,,
20234675,,,,,,
20234689,,,,,,
20234730,,,,,,
20234789,,,,,,
20234797,,,,,,
20234798,,,,,,
20234853,,,,,,
20234957,,,,,,
20235030,,,,,,
20235034,,,,,,
20235098,,,,,,
20235253,,,,,,
20235261,,,,,,
20235290,,,,,,
20235353,,,,,,
20235459,,,,,,
20235583,,,,,,
20235596,트롤: 밴드 투게더,,애니메이션,애니메이션,,
20235613,,,,,,
20235697,,,,,,
20235698,,,,,,
20235735,아쿠아맨과 로스트 킹덤,,"액션,어드벤처,판타지",액션,,
20235834,,,,,,
20235838,,,,,,
20235854,,,,,,
20235926,,,,,,
20235974,인사이드 아웃 2,,애니메이션,애니메이션,,
20235980,,,,,,
20235994,,,,,,
20236034,,,,,,
20236045,"바다 탐험대 옥토넛 어보브 앤 비욘드: 버드, 옥토경보를 울려라!",,애니메이션,애니메이션,,
20236080,,,,,,
20236146,신차원! 짱구는 못말려 더 무비 초능력 대결전 ~날아라 수제김밥~,,애니메이션,애니메이션,,
20236180,,,,,,
20236228,,,,,,
20236295,,,,,,
20236464,,,,,,
20236488,,,,,,
20236522,,,,,,
20236573,,,,,,
20236614,,,,,,
20236653,퓨리오사: 매드맥스 사가,,액션,액션,,
20236674,,,,,,
20236714,,,,,,
20236732,,,,,,
20239573,,,,,,
20239670,,,,,,
20239691,,,,,,
20239913,,,,,,
20240125,,,,,,
20240147,,,,,,
20240189,"1초 앞, 1초 뒤",,"멜로/로맨스,판타지",멜로/로맨스,,
20240193,무파사: 라이온 킹,,애니메이션,애니메이션,,
20240195,,,,,,
20240398,,,,,,
20240532,,,,,,
20240541,,,,,,
20240614,,,,,,
20240641,,,,,,
20240669,,,,,,
20240735,,,,,,
20240737,모아나 2,,애니메이션,애니메이션,,
20240781,,,,,,
20240850,,,,,,
20240855,,,,,,
20240925,,,,,,
20240926,,,,,,
20240941,,,,,,
20240983,,,,,,
20241093,,,,,,
20241098,,,,,,
20241110,,,,,,
20241266,,,,,,
20241337,,,,,,
20241343,,,,,,
20241497,,,,,,
20241501,,,,,,
20241575,,,,,,
20241827,,,,,,
20241924,,,,,,
20241941,,,,,,
20241984,,,,,,
20242098,,,,,,
20242248,,,,,,
20242374,,,,,,
20242375,,,,,,
20242402,,,,,,
20242404,,,,,,
20242495,,,,,,
20242541,,,,,,
20242794,,,,,,
20242837,,,,,,
20242964,,,,,,
20243405,,,,,,
20243561,,,,,,
20243562,,,,,,
20243721,,,,,,
20243824,,,,,,
20243864,,,,,,
20244001,,,,,,
20244002,,,,,,
20244167,,,,,,
20244317,,,,,,
20244341,,,,,,
20244537,,,,,,
20244762,서브스턴스,,스릴러,스릴러,,
20244821,,,,,,
20244850,,,,,,
20244883,,,,,,
20244912,,,,,,
20245078,,,,,,
20245121,,,,,,
20245399,,,,,,
20245485,,,,,,
20245801,,,,,,
20245977,극장판 짱구는 못말려: 우리들의 공룡일기,,애니메이션,애니메이션,,
20246201,,,,,,
20246318,,,,,,
20246361,,,,,,
20246489,미션 임파서블: 파이널 레코닝,,액션,액션,,
20246609,,,,,,
20246665,,,,,,
20246777,,,,,,
20246964,,,,,,
20246966,,,,,,
20247017,대가족,,"드라마,코미디",드라마,,
20247053,,,,,,
20247063,,,,,,
20247074,,,,,,
20247076,,,,,,
20247176,드래곤 길들이기,,"액션,어드벤처,판타지",액션,,
20247219,,,,,,
20247245,,,,,,
20247294,,,,,,
20247397,존 오브 인터레스트,,드라마,드라마,,
20247429,,,,,,
20247430,,,,,,
20247437,,,,,,
20247440,,,,,,
20247450,,,,,,
20247457,,,,,,
20247460,,,,,,
20247473,,,,,,
20247590,,,,,,
20247591,엘리오,,애니메이션,애니메이션,,
20247638,,,,,,
20247648,,,,,,
20247673,,,,,,
20247690,,,,,,
20247693,위키드,,"판타지,뮤지컬",판타지,,
20247780,,,,,,
20247781,,,,,,
20247782,,,,,,
20247783,,,,,,
20247811,,,,,,
20247962,,,,,,
20248082,,,,,,
20248222,,,,,,
20248252,,,,,,
20248465,하이재킹,,"범죄,액션",범죄,,
20248466,,,,,,
20248484,,,,,,
20248492,,,,,,
20248493,,,,,,
20248496,,,,,,
20248586,,,,,,
20248710,,,,,,
20248711,,,,,,
20248879,,,,,,
20249133,,,,,,
20249188,,,,,,
20249250,,,,,,
20249251,,,,,,
20249255,만약에 우리,,멜로/로맨스,멜로/로맨스,,
20249269,,,,,,
20249305,,,,,,
20249313,,,,,,
20249317,,,,,,
20249318,,,,,,
20249325,,,,,,
20249326,윗집 사람들,,"드라마,코미디",드라마,,
20249353,,,,,,
20249416,,,,,,
20249434,,,,,,
20249507,극장판 하이큐!! 쓰레기장의 결전,,애니메이션,애니메이션,,
20249564,,,,,,
20249624,,,,,,
20249729,,,,,,
20249733,,,,,,
20249845,,,,,,
20249899,,,,,,
20250115,,,,,,
20250188,,,,,,
20250299,,,,,,
20250365,,,,,,
20250482,,,,,,
20250489,,,,,,
20250604,,,,,,
20250644,,,,,,
20250654,,,,,,
20250655,,,,,,
20250686,,,,,,
20250878,,,,,,
20251573,,,,,,
20251800,,,,,,
20252194,,,,,,
20252329,,,,,,
20252373,,,,,,
20252402,,,,,,
20252432,주토피아 2,,애니메이션,애니메이션,,
20252503,,,,,,
20252526,,,,,,
20252527,,,,,,
20252552,,,,,,
20252587,,,,,,
20252680,,,,,,
20252719,,,,,,
20252801,,,,,,
20252890,,,,,,
20253092,,,,,,
20253093,,,,,,
20253101,,,,,,
20253113,,,,,,
20253114,28년 후,,"공포(호러),스릴러,드라마",공포(호러),,
20253200,,,,,,
20253233,,,,,,
20253280,,,,,,
20253289,,,,,,
20253340,,,,,,
20253505,,,,,,
20253530,,,,,,
20253537,,,,,,
20253595,,,,,,
20253651,,,,,,
20253766,,,,,,
20253797,,,,,,
20253852,,,,,,
20253906,,,,,,
20253922,,,,,,
20253956,,,,,,
20254021,,,,,,
20254054,,,,,,
20254121,,,,,,
20254122,퀴어,,드라마,드라마,,
20254219,"오늘 밤, 세계에서 이 사랑이 사라진다 해도",,멜로/로맨스,멜로/로맨스,,
20254237,,,,,,
20254275,,,,,,
20254375,,,,,,
20254481,,,,,,
20254501,F1 더 무비,,"드라마,액션",드라마,,
20254602,,,,,,
20254603,,,,,,
20254607,,,,,,
20254687,,,,,,
20254722,신명,,"드라마,미스터리",드라마,,
20254824,,,,,,
20255201,탐정 키엔: 사라진 머리,,공포(호러),공포(호러),,
20255381,위키드: 포 굿,,"판타지,뮤지컬,어드벤처",판타지,,
20255397,,,,,,
20255484,,,,,,
20255655,,,,,,
20255937,,,,,,
20256025,,,,,,
20256071,,,,,,
20256173,,,,,,
20256185,,,,,,
20256202,,,,,,
20256281,,,,,,
20256283,,,,,,
20256320,,,,,,
20256396,아바타: 불과 재,,"SF,액션,어드벤처",SF,,
20256397,,,,,,
20256526,,,,,,
20256684,,,,,,
20256701,,,,,,
20256702,,,,,,
20256741,,,,,,
20256757,극장판 체인소 맨: 레제편,,"애니메이션,액션,어드벤처",애니메이션,,
20256864,,,,,,
20257083,,,,,,
20257095,,,,,,
20257161,,,,,,
20257208,,,,,,
20257209,,,,,,
20257521,,,,,,
20257570,,,,,,
20257658,,,,,,
20257728,,,,,,
20257744,,,,,,
20257823,,,,,,
20258236,,,,,,
20258272,,,,,,
20258324,,,,,,
20258383,,,,,,
20258385,,,,,,
20258444,,,,,,
20258621,척의 일생,,"드라마,판타지",드라마,,
20258739,,,,,,
20258808,뽀로로 극장판 스위트캐슬 대모험,,애니메이션,애니메이션,,
20259147,,,,,,
20259383,극장판 짱구는 못말려: 초화려! 작열하는 떡잎마을 댄서즈,,애니메이션,애니메이션,,
20259552,,,,,,
20259563,,,,,,
20259583,,,,,,
20259618,,,,,,
20259626,,,,,,
20259773,,,,,,
20259781,,,,,,
20259791,,,,,,
20259893,,,,,,
20259946,,,,,,
20261150,,,,,,
20261181,,,,,,
20261208,,,,,,
20261437,,,,,,
20261439,,,,,,
20261524,,,,,,
20261526,,,,,,
20261622,,,,,,
20261666,,,,,,
20261766,,,,,,
20261782,,,,,,
20261784,,,,,,
20261804,,,,,,
20261906,,,,,,
20262101,,,,,,
20262179,,,,,,
20262343,,,,,,
20262381,,,,,,
20262383,,,,,,
20262648,,,,,,
20262657,,,,,,
20262685,,,,,,
20262770,,,,,,
20262775,,,,,,
20262902,,,,,,
20262907,,,,,,
20262945,,,,,,
20262947,,,,,,
20262975,,,,,,
20263030,,,,,,
20263222,,,,,,
20263253,,,,,,
20263272,,,,,,
20263344,,,,,,
20263512,,,,,,
20263530,,,,,,
20263761,,,,,,
20264027,,,,,,
20264035,,,,,,
20264056,,,,,,
20264148,,,,,,
20264427,,,,,,
20264635,,,,,,
20264665,,,,,,
20264753,,,,,,
