시각,코드,지역명,혼잡도,인구min,인구max,위도,경도
2026-06-30 23:00,POI006,종로·청계 관광특구,여유,16000,18000,37.5702856,126.9903626
2026-06-30 23:00,POI007,홍대 관광특구,여유,50000,52000,37.5574135,126.9238
2026-06-30 23:00,POI008,경복궁,여유,400,500,37.579754,126.9766818
2026-06-30 23:00,POI009,광화문·덕수궁,여유,8000,8500,37.5759194,126.9768
2026-06-30 23:00,POI010,보신각,여유,4000,4500,37.5698518,126.9836102
2026-06-30 23:00,POI011,서울 암사동 유적,여유,200,300,37.5610203,127.1306288
2026-06-30 23:00,POI012,창덕궁·종묘,여유,4500,5000,37.5823872,126.9917013
2026-06-30 23:00,POI013,가산디지털단지역,여유,9000,9500,37.480819,126.8816358
2026-06-30 23:00,POI014,강남역,여유,34000,36000,37.5002304,127.0268054
2026-06-30 23:00,POI015,건대입구역,여유,24000,26000,37.54088,127.06812
2026-06-30 23:00,POI016,고덕역,여유,2500,3000,37.5550721,127.1550065
2026-06-30 23:00,POI017,고속터미널역,여유,4000,4500,37.5050827,127.0049777
2026-06-30 23:00,POI018,교대역,여유,10000,12000,37.494178,127.015909
2026-06-30 23:00,POI019,구로디지털단지역,여유,8000,8500,37.4853417,126.9068128
2026-06-30 23:00,POI020,구로역,여유,1000,1500,37.5000903,126.8829924
2026-06-30 23:00,POI021,군자역,여유,5500,6000,37.558149,127.077839
2026-06-30 23:00,POI023,대림역,약간 붐빔,16000,18000,37.4908703,126.8936859
2026-06-30 23:00,POI024,동대문역,여유,3000,3500,37.5718616,127.0114887
2026-06-30 23:00,POI025,뚝섬역,여유,5000,5500,37.5475031,127.0461973
2026-06-30 23:00,POI026,미아사거리역,여유,5500,6000,37.61175,127.03044
2026-06-30 23:00,POI055,홍대입구역(2호선),여유,10000,12000,37.5574135,126.9238
2026-06-30 23:00,POI088,광화문광장,여유,1500,2000,37.5759194,126.9768
2026-06-30 23:00,POI119,잠실역,여유,5000,5500,37.5127453,127.0973
2026-07-01 02:00,POI006,종로·청계 관광특구,여유,10000,12000,37.5702856,126.9903626
2026-07-01 02:00,POI007,홍대 관광특구,여유,36000,38000,37.5574135,126.9238
2026-07-01 02:00,POI008,경복궁,여유,200,300,37.579754,126.9766818
2026-07-01 02:00,POI009,광화문·덕수궁,여유,3500,4000,37.5759194,126.9768
2026-07-01 02:00,POI010,보신각,여유,2000,2500,37.5698518,126.9836102
2026-07-01 02:00,POI011,서울 암사동 유적,여유,300,400,37.5610203,127.1306288
2026-07-01 02:00,POI012,창덕궁·종묘,여유,3000,3500,37.5823872,126.9917013
2026-07-01 02:00,POI013,가산디지털단지역,여유,5000,5500,37.480819,126.8816358
2026-07-01 02:00,POI014,강남역,여유,22000,24000,37.5002304,127.0268054
2026-07-01 02:00,POI015,건대입구역,여유,16000,18000,37.54088,127.06812
2026-07-01 02:00,POI016,고덕역,여유,1500,2000,37.5550721,127.1550065
2026-07-01 02:00,POI017,고속터미널역,여유,1500,2000,37.5050827,127.0049777
2026-07-01 02:00,POI018,교대역,여유,6000,6500,37.494178,127.015909
2026-07-01 02:00,POI019,구로디지털단지역,여유,5000,5500,37.4853417,126.9068128
2026-07-01 02:00,POI020,구로역,여유,800,900,37.5000903,126.8829924
2026-07-01 02:00,POI021,군자역,여유,3500,4000,37.558149,127.077839
2026-07-01 02:00,POI023,대림역,약간 붐빔,18000,20000,37.4908703,126.8936859
2026-07-01 02:00,POI024,동대문역,여유,1500,2000,37.5718616,127.0114887
2026-07-01 02:00,POI025,뚝섬역,여유,3500,4000,37.5475031,127.0461973
2026-07-01 02:00,POI026,미아사거리역,여유,3500,4000,37.61175,127.03044
2026-07-01 02:00,POI055,홍대입구역(2호선),여유,7000,7500,37.5574135,126.9238
2026-07-01 02:00,POI088,광화문광장,여유,700,800,37.5759194,126.9768
2026-07-01 02:00,POI119,잠실역,여유,2000,2500,37.5127453,127.0973
2026-07-01 05:00,POI006,종로·청계 관광특구,여유,9500,10000,37.5702856,126.9903626
2026-07-01 05:00,POI007,홍대 관광특구,여유,32000,34000,37.5574135,126.9238
2026-07-01 05:00,POI008,경복궁,여유,200,300,37.579754,126.9766818
2026-07-01 05:00,POI009,광화문·덕수궁,여유,3000,3500,37.5759194,126.9768
2026-07-01 05:00,POI010,보신각,여유,1500,2000,37.5698518,126.9836102
2026-07-01 05:00,POI011,서울 암사동 유적,여유,300,400,37.5610203,127.1306288
2026-07-01 05:00,POI012,창덕궁·종묘,여유,3000,3500,37.5823872,126.9917013
2026-07-01 05:00,POI013,가산디지털단지역,여유,5500,6000,37.480819,126.8816358
2026-07-01 05:00,POI014,강남역,여유,20000,22000,37.5002304,127.0268054
2026-07-01 05:00,POI015,건대입구역,여유,14000,16000,37.54088,127.06812
2026-07-01 05:00,POI016,고덕역,여유,1500,2000,37.5550721,127.1550065
2026-07-01 05:00,POI017,고속터미널역,여유,1500,2000,37.5050827,127.0049777
2026-07-01 05:00,POI018,교대역,여유,5500,6000,37.494178,127.015909
2026-07-01 05:00,POI019,구로디지털단지역,여유,4500,5000,37.4853417,126.9068128
2026-07-01 05:00,POI020,구로역,여유,900,1000,37.5000903,126.8829924
2026-07-01 05:00,POI021,군자역,여유,3500,4000,37.558149,127.077839
2026-07-01 05:00,POI023,대림역,약간 붐빔,16000,18000,37.4908703,126.8936859
2026-07-01 05:00,POI024,동대문역,여유,1000,1500,37.5718616,127.0114887
2026-07-01 05:00,POI025,뚝섬역,여유,4000,4500,37.5475031,127.0461973
2026-07-01 05:00,POI026,미아사거리역,여유,3500,4000,37.61175,127.03044
2026-07-01 05:00,POI055,홍대입구역(2호선),여유,6500,7000,37.5574135,126.9238
2026-07-01 05:00,POI088,광화문광장,여유,700,800,37.5759194,126.9768
2026-07-01 05:00,POI119,잠실역,여유,2500,3000,37.5127453,127.0973
2026-07-01 07:00,POI006,종로·청계 관광특구,여유,14000,16000,37.5702856,126.9903626
2026-07-01 07:00,POI007,홍대 관광특구,여유,32000,34000,37.5574135,126.9238
2026-07-01 07:00,POI008,경복궁,여유,500,600,37.579754,126.9766818
2026-07-01 07:00,POI009,광화문·덕수궁,여유,8500,9000,37.5759194,126.9768
2026-07-01 07:00,POI010,보신각,여유,3000,3500,37.5698518,126.9836102
2026-07-01 07:00,POI011,서울 암사동 유적,여유,300,400,37.5610203,127.1306288
2026-07-01 07:00,POI012,창덕궁·종묘,여유,4500,5000,37.5823872,126.9917013
2026-07-01 07:00,POI013,가산디지털단지역,여유,10000,12000,37.480819,126.8816358
2026-07-01 07:00,POI014,강남역,여유,26000,28000,37.5002304,127.0268054
2026-07-01 07:00,POI015,건대입구역,여유,16000,18000,37.54088,127.06812
2026-07-01 07:00,POI016,고덕역,여유,1500,2000,37.5550721,127.1550065
2026-07-01 07:00,POI017,고속터미널역,여유,5000,5500,37.5050827,127.0049777
2026-07-01 07:00,POI018,교대역,여유,7000,7500,37.494178,127.015909
2026-07-01 07:00,POI019,구로디지털단지역,여유,6000,6500,37.4853417,126.9068128
2026-07-01 07:00,POI020,구로역,여유,2000,2500,37.5000903,126.8829924
2026-07-01 07:00,POI021,군자역,여유,4000,4500,37.558149,127.077839
2026-07-01 07:00,POI023,대림역,보통,16000,18000,37.4908703,126.8936859
2026-07-01 07:00,POI024,동대문역,여유,3000,3500,37.5718616,127.0114887
2026-07-01 07:00,POI025,뚝섬역,여유,4500,5000,37.5475031,127.0461973
2026-07-01 07:00,POI026,미아사거리역,여유,6000,6500,37.61175,127.03044
2026-07-01 07:00,POI055,홍대입구역(2호선),여유,7000,7500,37.5574135,126.9238
2026-07-01 07:00,POI088,광화문광장,여유,2000,2500,37.5759194,126.9768
2026-07-01 07:00,POI119,잠실역,여유,4500,5000,37.5127453,127.0973
2026-07-01 09:00,POI006,종로·청계 관광특구,약간 붐빔,34000,36000,37.5702856,126.9903626
2026-07-01 09:00,POI007,홍대 관광특구,여유,44000,46000,37.5574135,126.9238
2026-07-01 09:00,POI008,경복궁,여유,1000,1500,37.579754,126.9766818
2026-07-01 09:00,POI009,광화문·덕수궁,약간 붐빔,40000,42000,37.5759194,126.9768
2026-07-01 09:00,POI010,보신각,약간 붐빔,12000,14000,37.5698518,126.9836102
2026-07-01 09:00,POI011,서울 암사동 유적,여유,300,400,37.5610203,127.1306288
2026-07-01 09:00,POI012,창덕궁·종묘,보통,10000,12000,37.5823872,126.9917013
2026-07-01 09:00,POI013,가산디지털단지역,약간 붐빔,34000,36000,37.480819,126.8816358
2026-07-01 09:00,POI014,강남역,보통,56000,58000,37.5002304,127.0268054
2026-07-01 09:00,POI015,건대입구역,여유,22000,24000,37.54088,127.06812
2026-07-01 09:00,POI016,고덕역,여유,2000,2500,37.5550721,127.1550065
2026-07-01 09:00,POI017,고속터미널역,여유,12000,14000,37.5050827,127.0049777
2026-07-01 09:00,POI018,교대역,여유,16000,18000,37.494178,127.015909
2026-07-01 09:00,POI019,구로디지털단지역,약간 붐빔,24000,26000,37.4853417,126.9068128
2026-07-01 09:00,POI020,구로역,여유,3000,3500,37.5000903,126.8829924
2026-07-01 09:00,POI021,군자역,여유,5500,6000,37.558149,127.077839
2026-07-01 09:00,POI023,대림역,보통,16000,18000,37.4908703,126.8936859
2026-07-01 09:00,POI024,동대문역,보통,7500,8000,37.5718616,127.0114887
2026-07-01 09:00,POI025,뚝섬역,여유,9000,9500,37.5475031,127.0461973
2026-07-01 09:00,POI026,미아사거리역,여유,9500,10000,37.61175,127.03044
2026-07-01 09:00,POI055,홍대입구역(2호선),여유,10000,12000,37.5574135,126.9238
2026-07-01 09:00,POI088,광화문광장,약간 붐빔,8500,9000,37.5759194,126.9768
2026-07-01 09:00,POI119,잠실역,여유,12000,14000,37.5127453,127.0973
2026-07-01 14:00,POI006,종로·청계 관광특구,약간 붐빔,52000,54000,37.5702856,126.9903626
2026-07-01 14:00,POI007,홍대 관광특구,보통,78000,80000,37.5574135,126.9238
2026-07-01 14:00,POI008,경복궁,보통,2000,2500,37.579754,126.9766818
2026-07-01 14:00,POI009,광화문·덕수궁,약간 붐빔,52000,54000,37.5759194,126.9768
2026-07-01 14:00,POI010,보신각,약간 붐빔,22000,24000,37.5698518,126.9836102
2026-07-01 14:00,POI011,서울 암사동 유적,여유,200,300,37.5610203,127.1306288
2026-07-01 14:00,POI012,창덕궁·종묘,보통,16000,18000,37.5823872,126.9917013
2026-07-01 14:00,POI013,가산디지털단지역,약간 붐빔,34000,36000,37.480819,126.8816358
2026-07-01 14:00,POI014,강남역,붐빔,94000,96000,37.5002304,127.0268054
2026-07-01 14:00,POI015,건대입구역,여유,26000,28000,37.54088,127.06812
2026-07-01 14:00,POI016,고덕역,보통,5000,5500,37.5550721,127.1550065
2026-07-01 14:00,POI017,고속터미널역,약간 붐빔,22000,24000,37.5050827,127.0049777
2026-07-01 14:00,POI018,교대역,붐빔,24000,26000,37.494178,127.015909
2026-07-01 14:00,POI019,구로디지털단지역,약간 붐빔,32000,34000,37.4853417,126.9068128
2026-07-01 14:00,POI020,구로역,여유,2000,2500,37.5000903,126.8829924
2026-07-01 14:00,POI021,군자역,여유,6500,7000,37.558149,127.077839
2026-07-01 14:00,POI023,대림역,여유,14000,16000,37.4908703,126.8936859
2026-07-01 14:00,POI024,동대문역,붐빔,12000,14000,37.5718616,127.0114887
2026-07-01 14:00,POI025,뚝섬역,보통,12000,14000,37.5475031,127.0461973
2026-07-01 14:00,POI026,미아사거리역,보통,10000,12000,37.61175,127.03044
2026-07-01 14:00,POI055,홍대입구역(2호선),약간 붐빔,20000,22000,37.5574135,126.9238
2026-07-01 14:00,POI088,광화문광장,보통,10000,12000,37.5759194,126.9768
2026-07-01 14:00,POI119,잠실역,약간 붐빔,36000,38000,37.5127453,127.0973
2026-07-01 19:00,POI006,종로·청계 관광특구,약간 붐빔,38000,40000,37.5702856,126.9903626
2026-07-01 19:00,POI007,홍대 관광특구,약간 붐빔,86000,88000,37.5574135,126.9238
2026-07-01 19:00,POI008,경복궁,여유,1000,1500,37.579754,126.9766818
2026-07-01 19:00,POI009,광화문·덕수궁,여유,36000,38000,37.5759194,126.9768
2026-07-01 19:00,POI010,보신각,약간 붐빔,14000,16000,37.5698518,126.9836102
2026-07-01 19:00,POI011,서울 암사동 유적,여유,200,300,37.5610203,127.1306288
2026-07-01 19:00,POI012,창덕궁·종묘,약간 붐빔,12000,14000,37.5823872,126.9917013
2026-07-01 19:00,POI013,가산디지털단지역,약간 붐빔,32000,34000,37.480819,126.8816358
2026-07-01 19:00,POI014,강남역,붐빔,82000,84000,37.5002304,127.0268054
2026-07-01 19:00,POI015,건대입구역,약간 붐빔,32000,34000,37.54088,127.06812
2026-07-01 19:00,POI016,고덕역,여유,5000,5500,37.5550721,127.1550065
2026-07-01 19:00,POI017,고속터미널역,약간 붐빔,22000,24000,37.5050827,127.0049777
2026-07-01 19:00,POI018,교대역,약간 붐빔,20000,22000,37.494178,127.015909
2026-07-01 19:00,POI019,구로디지털단지역,약간 붐빔,24000,26000,37.4853417,126.9068128
2026-07-01 19:00,POI020,구로역,붐빔,4000,4500,37.5000903,126.8829924
2026-07-01 19:00,POI021,군자역,보통,8000,8500,37.558149,127.077839
2026-07-01 19:00,POI023,대림역,보통,16000,18000,37.4908703,126.8936859
2026-07-01 19:00,POI024,동대문역,약간 붐빔,8500,9000,37.5718616,127.0114887
2026-07-01 19:00,POI025,뚝섬역,보통,10000,12000,37.5475031,127.0461973
2026-07-01 19:00,POI026,미아사거리역,붐빔,12000,14000,37.61175,127.03044
2026-07-01 19:00,POI055,홍대입구역(2호선),붐빔,22000,24000,37.5574135,126.9238
2026-07-01 19:00,POI088,광화문광장,약간 붐빔,8000,8500,37.5759194,126.9768
2026-07-01 19:00,POI119,잠실역,붐빔,32000,34000,37.5127453,127.0973
2026-07-01 22:00,POI006,종로·청계 관광특구,여유,18000,20000,37.5702856,126.9903626
2026-07-01 22:00,POI007,홍대 관광특구,여유,60000,62000,37.5574135,126.9238
2026-07-01 22:00,POI008,경복궁,여유,500,600,37.579754,126.9766818
2026-07-01 22:00,POI009,광화문·덕수궁,여유,12000,14000,37.5759194,126.9768
2026-07-01 22:00,POI010,보신각,여유,6000,6500,37.5698518,126.9836102
2026-07-01 22:00,POI011,서울 암사동 유적,여유,200,300,37.5610203,127.1306288
2026-07-01 22:00,POI012,창덕궁·종묘,여유,5500,6000,37.5823872,126.9917013
2026-07-01 22:00,POI013,가산디지털단지역,여유,10000,12000,37.480819,126.8816358
2026-07-01 22:00,POI014,강남역,여유,46000,48000,37.5002304,127.0268054
2026-07-01 22:00,POI015,건대입구역,여유,26000,28000,37.54088,127.06812
2026-07-01 22:00,POI016,고덕역,여유,2500,3000,37.5550721,127.1550065
2026-07-01 22:00,POI017,고속터미널역,여유,5500,6000,37.5050827,127.0049777
2026-07-01 22:00,POI018,교대역,여유,12000,14000,37.494178,127.015909
2026-07-01 22:00,POI019,구로디지털단지역,여유,9000,9500,37.4853417,126.9068128
2026-07-01 22:00,POI020,구로역,여유,2000,2500,37.5000903,126.8829924
2026-07-01 22:00,POI021,군자역,여유,7000,7500,37.558149,127.077839
2026-07-01 22:00,POI023,대림역,약간 붐빔,16000,18000,37.4908703,126.8936859
2026-07-01 22:00,POI024,동대문역,여유,3500,4000,37.5718616,127.0114887
2026-07-01 22:00,POI025,뚝섬역,여유,6500,7000,37.5475031,127.0461973
2026-07-01 22:00,POI026,미아사거리역,여유,7000,7500,37.61175,127.03044
2026-07-01 22:00,POI055,홍대입구역(2호선),여유,14000,16000,37.5574135,126.9238
2026-07-01 22:00,POI088,광화문광장,여유,2500,3000,37.5759194,126.9768
2026-07-01 22:00,POI119,잠실역,여유,9500,10000,37.5127453,127.0973
2026-07-02 01:00,POI006,종로·청계 관광특구,여유,10000,12000,37.5702856,126.9903626
2026-07-02 01:00,POI007,홍대 관광특구,여유,36000,38000,37.5574135,126.9238
2026-07-02 01:00,POI008,경복궁,여유,200,300,37.579754,126.9766818
2026-07-02 01:00,POI009,광화문·덕수궁,여유,3500,4000,37.5759194,126.9768
2026-07-02 01:00,POI010,보신각,여유,2000,2500,37.5698518,126.9836102
2026-07-02 01:00,POI011,서울 암사동 유적,여유,300,400,37.5610203,127.1306288
2026-07-02 01:00,POI012,창덕궁·종묘,여유,3500,4000,37.5823872,126.9917013
2026-07-02 01:00,POI013,가산디지털단지역,여유,5500,6000,37.480819,126.8816358
2026-07-02 01:00,POI014,강남역,여유,22000,24000,37.5002304,127.0268054
2026-07-02 01:00,POI015,건대입구역,여유,16000,18000,37.54088,127.06812
2026-07-02 01:00,POI016,고덕역,여유,1500,2000,37.5550721,127.1550065
2026-07-02 01:00,POI017,고속터미널역,여유,1500,2000,37.5050827,127.0049777
2026-07-02 01:00,POI018,교대역,여유,6000,6500,37.494178,127.015909
2026-07-02 01:00,POI019,구로디지털단지역,여유,5000,5500,37.4853417,126.9068128
2026-07-02 01:00,POI020,구로역,여유,900,1000,37.5000903,126.8829924
2026-07-02 01:00,POI021,군자역,여유,4000,4500,37.558149,127.077839
2026-07-02 01:00,POI023,대림역,약간 붐빔,18000,20000,37.4908703,126.8936859
2026-07-02 01:00,POI024,동대문역,여유,1500,2000,37.5718616,127.0114887
2026-07-02 01:00,POI025,뚝섬역,여유,4000,4500,37.5475031,127.0461973
2026-07-02 01:00,POI026,미아사거리역,여유,4000,4500,37.61175,127.03044
2026-07-02 01:00,POI055,홍대입구역(2호선),여유,7000,7500,37.5574135,126.9238
2026-07-02 01:00,POI088,광화문광장,여유,700,800,37.5759194,126.9768
2026-07-02 01:00,POI119,잠실역,여유,2500,3000,37.5127453,127.0973
2026-07-02 04:00,POI006,종로·청계 관광특구,여유,9500,10000,37.5702856,126.9903626
2026-07-02 04:00,POI007,홍대 관광특구,여유,32000,34000,37.5574135,126.9238
2026-07-02 04:00,POI008,경복궁,여유,200,300,37.579754,126.9766818
2026-07-02 04:00,POI009,광화문·덕수궁,여유,3000,3500,37.5759194,126.9768
2026-07-02 04:00,POI010,보신각,여유,1500,2000,37.5698518,126.9836102
2026-07-02 04:00,POI011,서울 암사동 유적,여유,300,400,37.5610203,127.1306288
2026-07-02 04:00,POI012,창덕궁·종묘,여유,3000,3500,37.5823872,126.9917013
2026-07-02 04:00,POI013,가산디지털단지역,여유,5000,5500,37.480819,126.8816358
2026-07-02 04:00,POI014,강남역,여유,20000,22000,37.5002304,127.0268054
2026-07-02 04:00,POI015,건대입구역,여유,14000,16000,37.54088,127.06812
2026-07-02 04:00,POI016,고덕역,여유,1000,1500,37.5550721,127.1550065
2026-07-02 04:00,POI017,고속터미널역,여유,1000,1500,37.5050827,127.0049777
2026-07-02 04:00,POI018,교대역,여유,5500,6000,37.494178,127.015909
2026-07-02 04:00,POI019,구로디지털단지역,여유,4500,5000,37.4853417,126.9068128
2026-07-02 04:00,POI020,구로역,여유,700,800,37.5000903,126.8829924
2026-07-02 04:00,POI021,군자역,여유,3500,4000,37.558149,127.077839
2026-07-02 04:00,POI023,대림역,약간 붐빔,16000,18000,37.4908703,126.8936859
2026-07-02 04:00,POI024,동대문역,여유,1500,2000,37.5718616,127.0114887
2026-07-02 04:00,POI025,뚝섬역,여유,4000,4500,37.5475031,127.0461973
2026-07-02 04:00,POI026,미아사거리역,여유,3000,3500,37.61175,127.03044
2026-07-02 04:00,POI055,홍대입구역(2호선),여유,6000,6500,37.5574135,126.9238
2026-07-02 04:00,POI088,광화문광장,여유,700,800,37.5759194,126.9768
2026-07-02 04:00,POI119,잠실역,여유,2000,2500,37.5127453,127.0973
2026-07-02 05:00,POI006,종로·청계 관광특구,여유,10000,12000,37.5702856,126.9903626
2026-07-02 05:00,POI007,홍대 관광특구,여유,30000,32000,37.5574135,126.9238
2026-07-02 05:00,POI008,경복궁,여유,200,300,37.579754,126.9766818
2026-07-02 05:00,POI009,광화문·덕수궁,여유,4000,4500,37.5759194,126.9768
2026-07-02 05:00,POI010,보신각,여유,2000,2500,37.5698518,126.9836102
2026-07-02 05:00,POI011,서울 암사동 유적,여유,300,400,37.5610203,127.1306288
2026-07-02 05:00,POI012,창덕궁·종묘,여유,3000,3500,37.5823872,126.9917013
2026-07-02 05:00,POI013,가산디지털단지역,여유,5500,6000,37.480819,126.8816358
2026-07-02 05:00,POI014,강남역,여유,20000,22000,37.5002304,127.0268054
2026-07-02 05:00,POI015,건대입구역,여유,14000,16000,37.54088,127.06812
2026-07-02 05:00,POI016,고덕역,여유,1000,1500,37.5550721,127.1550065
2026-07-02 05:00,POI017,고속터미널역,여유,1500,2000,37.5050827,127.0049777
2026-07-02 05:00,POI018,교대역,여유,5500,6000,37.494178,127.015909
2026-07-02 05:00,POI019,구로디지털단지역,여유,4500,5000,37.4853417,126.9068128
2026-07-02 05:00,POI020,구로역,여유,1000,1500,37.5000903,126.8829924
2026-07-02 05:00,POI021,군자역,여유,3500,4000,37.558149,127.077839
2026-07-02 05:00,POI023,대림역,보통,16000,18000,37.4908703,126.8936859
2026-07-02 05:00,POI024,동대문역,여유,1500,2000,37.5718616,127.0114887
2026-07-02 05:00,POI025,뚝섬역,여유,4000,4500,37.5475031,127.0461973
2026-07-02 05:00,POI026,미아사거리역,여유,3500,4000,37.61175,127.03044
2026-07-02 05:00,POI055,홍대입구역(2호선),여유,6500,7000,37.5574135,126.9238
2026-07-02 05:00,POI088,광화문광장,여유,800,900,37.5759194,126.9768
2026-07-02 05:00,POI119,잠실역,여유,2500,3000,37.5127453,127.0973
2026-07-02 07:00,POI006,종로·청계 관광특구,여유,12000,14000,37.5702856,126.9903626
2026-07-02 07:00,POI007,홍대 관광특구,여유,32000,34000,37.5574135,126.9238
2026-07-02 07:00,POI008,경복궁,여유,400,500,37.579754,126.9766818
2026-07-02 07:00,POI009,광화문·덕수궁,여유,9000,9500,37.5759194,126.9768
2026-07-02 07:00,POI010,보신각,여유,3500,4000,37.5698518,126.9836102
2026-07-02 07:00,POI011,서울 암사동 유적,여유,400,500,37.5610203,127.1306288
2026-07-02 07:00,POI012,창덕궁·종묘,여유,4500,5000,37.5823872,126.9917013
2026-07-02 07:00,POI013,가산디지털단지역,여유,10000,12000,37.480819,126.8816358
2026-07-02 07:00,POI014,강남역,여유,24000,26000,37.5002304,127.0268054
2026-07-02 07:00,POI015,건대입구역,여유,14000,16000,37.54088,127.06812
2026-07-02 07:00,POI016,고덕역,여유,1500,2000,37.5550721,127.1550065
2026-07-02 07:00,POI017,고속터미널역,여유,4000,4500,37.5050827,127.0049777
2026-07-02 07:00,POI018,교대역,여유,7000,7500,37.494178,127.015909
2026-07-02 07:00,POI019,구로디지털단지역,여유,5500,6000,37.4853417,126.9068128
2026-07-02 07:00,POI020,구로역,여유,2000,2500,37.5000903,126.8829924
2026-07-02 07:00,POI021,군자역,여유,4000,4500,37.558149,127.077839
2026-07-02 07:00,POI023,대림역,보통,16000,18000,37.4908703,126.8936859
2026-07-02 07:00,POI024,동대문역,여유,2500,3000,37.5718616,127.0114887
2026-07-02 07:00,POI025,뚝섬역,여유,4500,5000,37.5475031,127.0461973
2026-07-02 07:00,POI026,미아사거리역,여유,5000,5500,37.61175,127.03044
2026-07-02 07:00,POI055,홍대입구역(2호선),여유,7000,7500,37.5574135,126.9238
2026-07-02 07:00,POI088,광화문광장,여유,1500,2000,37.5759194,126.9768
2026-07-02 07:00,POI119,잠실역,여유,4500,5000,37.5127453,127.0973
2026-07-02 09:00,POI006,종로·청계 관광특구,보통,34000,36000,37.5702856,126.9903626
2026-07-02 09:00,POI007,홍대 관광특구,여유,46000,48000,37.5574135,126.9238
2026-07-02 09:00,POI008,경복궁,여유,1000,1500,37.579754,126.9766818
2026-07-02 09:00,POI009,광화문·덕수궁,약간 붐빔,38000,40000,37.5759194,126.9768
2026-07-02 09:00,POI010,보신각,약간 붐빔,12000,14000,37.5698518,126.9836102
2026-07-02 09:00,POI011,서울 암사동 유적,여유,400,500,37.5610203,127.1306288
2026-07-02 09:00,POI012,창덕궁·종묘,보통,10000,12000,37.5823872,126.9917013
2026-07-02 09:00,POI013,가산디지털단지역,약간 붐빔,34000,36000,37.480819,126.8816358
2026-07-02 09:00,POI014,강남역,보통,56000,58000,37.5002304,127.0268054
2026-07-02 09:00,POI015,건대입구역,여유,22000,24000,37.54088,127.06812
2026-07-02 09:00,POI016,고덕역,여유,2000,2500,37.5550721,127.1550065
2026-07-02 09:00,POI017,고속터미널역,여유,12000,14000,37.5050827,127.0049777
2026-07-02 09:00,POI018,교대역,여유,16000,18000,37.494178,127.015909
2026-07-02 09:00,POI019,구로디지털단지역,약간 붐빔,24000,26000,37.4853417,126.9068128
2026-07-02 09:00,POI020,구로역,여유,3000,3500,37.5000903,126.8829924
2026-07-02 09:00,POI021,군자역,여유,5000,5500,37.558149,127.077839
2026-07-02 09:00,POI023,대림역,보통,16000,18000,37.4908703,126.8936859
2026-07-02 09:00,POI024,동대문역,보통,7500,8000,37.5718616,127.0114887
2026-07-02 09:00,POI025,뚝섬역,여유,8500,9000,37.5475031,127.0461973
2026-07-02 09:00,POI026,미아사거리역,여유,8500,9000,37.61175,127.03044
2026-07-02 09:00,POI055,홍대입구역(2호선),여유,10000,12000,37.5574135,126.9238
2026-07-02 09:00,POI088,광화문광장,보통,8500,9000,37.5759194,126.9768
2026-07-02 09:00,POI119,잠실역,여유,12000,14000,37.5127453,127.0973
2026-07-02 14:00,POI006,종로·청계 관광특구,보통,52000,54000,37.5702856,126.9903626
2026-07-02 14:00,POI007,홍대 관광특구,보통,78000,80000,37.5574135,126.9238
2026-07-02 14:00,POI008,경복궁,보통,1500,2000,37.579754,126.9766818
2026-07-02 14:00,POI009,광화문·덕수궁,약간 붐빔,52000,54000,37.5759194,126.9768
2026-07-02 14:00,POI010,보신각,보통,22000,24000,37.5698518,126.9836102
2026-07-02 14:00,POI011,서울 암사동 유적,여유,200,300,37.5610203,127.1306288
2026-07-02 14:00,POI012,창덕궁·종묘,보통,14000,16000,37.5823872,126.9917013
2026-07-02 14:00,POI013,가산디지털단지역,약간 붐빔,36000,38000,37.480819,126.8816358
2026-07-02 14:00,POI014,강남역,약간 붐빔,94000,96000,37.5002304,127.0268054
2026-07-02 14:00,POI015,건대입구역,여유,26000,28000,37.54088,127.06812
2026-07-02 14:00,POI016,고덕역,여유,4500,5000,37.5550721,127.1550065
2026-07-02 14:00,POI017,고속터미널역,약간 붐빔,24000,26000,37.5050827,127.0049777
2026-07-02 14:00,POI018,교대역,붐빔,24000,26000,37.494178,127.015909
2026-07-02 14:00,POI019,구로디지털단지역,약간 붐빔,34000,36000,37.4853417,126.9068128
2026-07-02 14:00,POI020,구로역,여유,2500,3000,37.5000903,126.8829924
2026-07-02 14:00,POI021,군자역,여유,6000,6500,37.558149,127.077839
2026-07-02 14:00,POI023,대림역,여유,14000,16000,37.4908703,126.8936859
2026-07-02 14:00,POI024,동대문역,붐빔,10000,12000,37.5718616,127.0114887
2026-07-02 14:00,POI025,뚝섬역,약간 붐빔,12000,14000,37.5475031,127.0461973
2026-07-02 14:00,POI026,미아사거리역,보통,10000,12000,37.61175,127.03044
2026-07-02 14:00,POI055,홍대입구역(2호선),약간 붐빔,20000,22000,37.5574135,126.9238
2026-07-02 14:00,POI088,광화문광장,보통,10000,12000,37.5759194,126.9768
2026-07-02 14:00,POI119,잠실역,약간 붐빔,34000,36000,37.5127453,127.0973
2026-07-02 18:00,POI006,종로·청계 관광특구,보통,42000,44000,37.5702856,126.9903626
2026-07-02 18:00,POI007,홍대 관광특구,보통,88000,90000,37.5574135,126.9238
2026-07-02 18:00,POI008,경복궁,여유,1000,1500,37.579754,126.9766818
2026-07-02 18:00,POI009,광화문·덕수궁,보통,42000,44000,37.5759194,126.9768
2026-07-02 18:00,POI010,보신각,보통,16000,18000,37.5698518,126.9836102
2026-07-02 18:00,POI011,서울 암사동 유적,여유,200,300,37.5610203,127.1306288
2026-07-02 18:00,POI012,창덕궁·종묘,보통,12000,14000,37.5823872,126.9917013
2026-07-02 18:00,POI013,가산디지털단지역,보통,34000,36000,37.480819,126.8816358
2026-07-02 18:00,POI014,강남역,약간 붐빔,84000,86000,37.5002304,127.0268054
2026-07-02 18:00,POI015,건대입구역,보통,30000,32000,37.54088,127.06812
2026-07-02 18:00,POI016,고덕역,여유,4500,5000,37.5550721,127.1550065
2026-07-02 18:00,POI017,고속터미널역,약간 붐빔,22000,24000,37.5050827,127.0049777
2026-07-02 18:00,POI018,교대역,약간 붐빔,22000,24000,37.494178,127.015909
2026-07-02 18:00,POI019,구로디지털단지역,보통,28000,30000,37.4853417,126.9068128
2026-07-02 18:00,POI020,구로역,여유,3000,3500,37.5000903,126.8829924
2026-07-02 18:00,POI021,군자역,보통,7500,8000,37.558149,127.077839
2026-07-02 18:00,POI023,대림역,여유,16000,18000,37.4908703,126.8936859
2026-07-02 18:00,POI024,동대문역,보통,9000,9500,37.5718616,127.0114887
2026-07-02 18:00,POI025,뚝섬역,보통,10000,12000,37.5475031,127.0461973
2026-07-02 18:00,POI026,미아사거리역,보통,10000,12000,37.61175,127.03044
2026-07-02 18:00,POI055,홍대입구역(2호선),약간 붐빔,22000,24000,37.5574135,126.9238
2026-07-02 18:00,POI088,광화문광장,보통,8500,9000,37.5759194,126.9768
2026-07-02 18:00,POI119,잠실역,약간 붐빔,34000,36000,37.5127453,127.0973
2026-07-02 21:00,POI006,종로·청계 관광특구,보통,26000,28000,37.5702856,126.9903626
2026-07-02 21:00,POI007,홍대 관광특구,보통,76000,78000,37.5574135,126.9238
2026-07-02 21:00,POI008,경복궁,여유,800,900,37.579754,126.9766818
2026-07-02 21:00,POI009,광화문·덕수궁,여유,20000,22000,37.5759194,126.9768
2026-07-02 21:00,POI010,보신각,보통,10000,12000,37.5698518,126.9836102
2026-07-02 21:00,POI011,서울 암사동 유적,여유,200,300,37.5610203,127.1306288
2026-07-02 21:00,POI012,창덕궁·종묘,여유,7500,8000,37.5823872,126.9917013
2026-07-02 21:00,POI013,가산디지털단지역,여유,14000,16000,37.480819,126.8816358
2026-07-02 21:00,POI014,강남역,보통,62000,64000,37.5002304,127.0268054
2026-07-02 21:00,POI015,건대입구역,여유,28000,30000,37.54088,127.06812
2026-07-02 21:00,POI016,고덕역,여유,3500,4000,37.5550721,127.1550065
2026-07-02 21:00,POI017,고속터미널역,여유,10000,12000,37.5050827,127.0049777
2026-07-02 21:00,POI018,교대역,여유,14000,16000,37.494178,127.015909
2026-07-02 21:00,POI019,구로디지털단지역,여유,12000,14000,37.4853417,126.9068128
2026-07-02 21:00,POI020,구로역,여유,2000,2500,37.5000903,126.8829924
2026-07-02 21:00,POI021,군자역,보통,7500,8000,37.558149,127.077839
2026-07-02 21:00,POI023,대림역,보통,16000,18000,37.4908703,126.8936859
2026-07-02 21:00,POI024,동대문역,여유,4000,4500,37.5718616,127.0114887
2026-07-02 21:00,POI025,뚝섬역,여유,8000,8500,37.5475031,127.0461973
2026-07-02 21:00,POI026,미아사거리역,여유,8000,8500,37.61175,127.03044
2026-07-02 21:00,POI055,홍대입구역(2호선),보통,18000,20000,37.5574135,126.9238
2026-07-02 21:00,POI088,광화문광장,여유,4000,4500,37.5759194,126.9768
2026-07-02 21:00,POI119,잠실역,여유,20000,22000,37.5127453,127.0973
2026-07-03 00:00,POI006,종로·청계 관광특구,여유,12000,14000,37.5702856,126.9903626
2026-07-03 00:00,POI007,홍대 관광특구,여유,42000,44000,37.5574135,126.9238
2026-07-03 00:00,POI008,경복궁,여유,300,400,37.579754,126.9766818
2026-07-03 00:00,POI009,광화문·덕수궁,여유,5500,6000,37.5759194,126.9768
2026-07-03 00:00,POI010,보신각,여유,3000,3500,37.5698518,126.9836102
2026-07-03 00:00,POI011,서울 암사동 유적,여유,300,400,37.5610203,127.1306288
2026-07-03 00:00,POI012,창덕궁·종묘,여유,3500,4000,37.5823872,126.9917013
2026-07-03 00:00,POI013,가산디지털단지역,여유,6500,7000,37.480819,126.8816358
2026-07-03 00:00,POI014,강남역,여유,28000,30000,37.5002304,127.0268054
2026-07-03 00:00,POI015,건대입구역,여유,22000,24000,37.54088,127.06812
2026-07-03 00:00,POI016,고덕역,여유,1500,2000,37.5550721,127.1550065
2026-07-03 00:00,POI017,고속터미널역,여유,3000,3500,37.5050827,127.0049777
2026-07-03 00:00,POI018,교대역,여유,9500,10000,37.494178,127.015909
2026-07-03 00:00,POI019,구로디지털단지역,여유,6000,6500,37.4853417,126.9068128
2026-07-03 00:00,POI020,구로역,여유,1000,1500,37.5000903,126.8829924
2026-07-03 00:00,POI021,군자역,여유,4500,5000,37.558149,127.077839
2026-07-03 00:00,POI023,대림역,약간 붐빔,18000,20000,37.4908703,126.8936859
2026-07-03 00:00,POI024,동대문역,여유,2000,2500,37.5718616,127.0114887
2026-07-03 00:00,POI025,뚝섬역,여유,5000,5500,37.5475031,127.0461973
2026-07-03 00:00,POI026,미아사거리역,여유,4500,5000,37.61175,127.03044
2026-07-03 00:00,POI055,홍대입구역(2호선),여유,9500,10000,37.5574135,126.9238
2026-07-03 00:00,POI088,광화문광장,여유,1000,1500,37.5759194,126.9768
2026-07-03 00:00,POI119,잠실역,여유,3000,3500,37.5127453,127.0973
2026-07-03 02:00,POI006,종로·청계 관광특구,여유,10000,12000,37.5702856,126.9903626
2026-07-03 02:00,POI007,홍대 관광특구,여유,34000,36000,37.5574135,126.9238
2026-07-03 02:00,POI008,경복궁,여유,200,300,37.579754,126.9766818
2026-07-03 02:00,POI009,광화문·덕수궁,여유,3500,4000,37.5759194,126.9768
2026-07-03 02:00,POI010,보신각,여유,2000,2500,37.5698518,126.9836102
2026-07-03 02:00,POI011,서울 암사동 유적,여유,300,400,37.5610203,127.1306288
2026-07-03 02:00,POI012,창덕궁·종묘,여유,3000,3500,37.5823872,126.9917013
2026-07-03 02:00,POI013,가산디지털단지역,여유,5000,5500,37.480819,126.8816358
2026-07-03 02:00,POI014,강남역,여유,20000,22000,37.5002304,127.0268054
2026-07-03 02:00,POI015,건대입구역,여유,16000,18000,37.54088,127.06812
2026-07-03 02:00,POI016,고덕역,여유,1500,2000,37.5550721,127.1550065
2026-07-03 02:00,POI017,고속터미널역,여유,1500,2000,37.5050827,127.0049777
2026-07-03 02:00,POI018,교대역,여유,6000,6500,37.494178,127.015909
2026-07-03 02:00,POI019,구로디지털단지역,여유,4500,5000,37.4853417,126.9068128
2026-07-03 02:00,POI020,구로역,여유,800,900,37.5000903,126.8829924
2026-07-03 02:00,POI021,군자역,여유,3500,4000,37.558149,127.077839
2026-07-03 02:00,POI023,대림역,약간 붐빔,16000,18000,37.4908703,126.8936859
2026-07-03 02:00,POI024,동대문역,여유,1500,2000,37.5718616,127.0114887
2026-07-03 02:00,POI025,뚝섬역,여유,4000,4500,37.5475031,127.0461973
2026-07-03 02:00,POI026,미아사거리역,여유,3500,4000,37.61175,127.03044
2026-07-03 02:00,POI055,홍대입구역(2호선),여유,6500,7000,37.5574135,126.9238
2026-07-03 02:00,POI088,광화문광장,여유,700,800,37.5759194,126.9768
2026-07-03 02:00,POI119,잠실역,여유,2000,2500,37.5127453,127.0973
2026-07-03 04:00,POI006,종로·청계 관광특구,여유,9000,9500,37.5702856,126.9903626
2026-07-03 04:00,POI007,홍대 관광특구,여유,32000,34000,37.5574135,126.9238
2026-07-03 04:00,POI008,경복궁,여유,200,300,37.579754,126.9766818
2026-07-03 04:00,POI009,광화문·덕수궁,여유,3000,3500,37.5759194,126.9768
2026-07-03 04:00,POI010,보신각,여유,1500,2000,37.5698518,126.9836102
2026-07-03 04:00,POI011,서울 암사동 유적,여유,300,400,37.5610203,127.1306288
2026-07-03 04:00,POI012,창덕궁·종묘,여유,3000,3500,37.5823872,126.9917013
2026-07-03 04:00,POI013,가산디지털단지역,여유,5500,6000,37.480819,126.8816358
2026-07-03 04:00,POI014,강남역,여유,20000,22000,37.5002304,127.0268054
2026-07-03 04:00,POI015,건대입구역,여유,14000,16000,37.54088,127.06812
2026-07-03 04:00,POI016,고덕역,여유,1000,1500,37.5550721,127.1550065
2026-07-03 04:00,POI017,고속터미널역,여유,1500,2000,37.5050827,127.0049777
2026-07-03 04:00,POI018,교대역,여유,5500,6000,37.494178,127.015909
2026-07-03 04:00,POI019,구로디지털단지역,여유,4000,4500,37.4853417,126.9068128
2026-07-03 04:00,POI020,구로역,여유,800,900,37.5000903,126.8829924
2026-07-03 04:00,POI021,군자역,여유,3500,4000,37.558149,127.077839
2026-07-03 04:00,POI023,대림역,약간 붐빔,16000,18000,37.4908703,126.8936859
2026-07-03 04:00,POI024,동대문역,여유,1000,1500,37.5718616,127.0114887
2026-07-03 04:00,POI025,뚝섬역,여유,4000,4500,37.5475031,127.0461973
2026-07-03 04:00,POI026,미아사거리역,여유,3500,4000,37.61175,127.03044
2026-07-03 04:00,POI055,홍대입구역(2호선),여유,6000,6500,37.5574135,126.9238
2026-07-03 04:00,POI088,광화문광장,여유,700,800,37.5759194,126.9768
2026-07-03 04:00,POI119,잠실역,여유,2000,2500,37.5127453,127.0973
2026-07-03 06:00,POI006,종로·청계 관광특구,여유,10000,12000,37.5702856,126.9903626
2026-07-03 06:00,POI007,홍대 관광특구,여유,32000,34000,37.5574135,126.9238
2026-07-03 06:00,POI008,경복궁,여유,200,300,37.579754,126.9766818
2026-07-03 06:00,POI009,광화문·덕수궁,여유,4500,5000,37.5759194,126.9768
2026-07-03 06:00,POI010,보신각,여유,2000,2500,37.5698518,126.9836102
2026-07-03 06:00,POI011,서울 암사동 유적,여유,300,400,37.5610203,127.1306288
2026-07-03 06:00,POI012,창덕궁·종묘,여유,3500,4000,37.5823872,126.9917013
2026-07-03 06:00,POI013,가산디지털단지역,여유,7000,7500,37.480819,126.8816358
2026-07-03 06:00,POI014,강남역,여유,20000,22000,37.5002304,127.0268054
2026-07-03 06:00,POI015,건대입구역,여유,14000,16000,37.54088,127.06812
2026-07-03 06:00,POI016,고덕역,여유,1500,2000,37.5550721,127.1550065
2026-07-03 06:00,POI017,고속터미널역,여유,2500,3000,37.5050827,127.0049777
2026-07-03 06:00,POI018,교대역,여유,5500,6000,37.494178,127.015909
2026-07-03 06:00,POI019,구로디지털단지역,여유,4500,5000,37.4853417,126.9068128
2026-07-03 06:00,POI020,구로역,여유,1000,1500,37.5000903,126.8829924
2026-07-03 06:00,POI021,군자역,여유,3500,4000,37.558149,127.077839
2026-07-03 06:00,POI023,대림역,보통,16000,18000,37.4908703,126.8936859
2026-07-03 06:00,POI024,동대문역,여유,1500,2000,37.5718616,127.0114887
2026-07-03 06:00,POI025,뚝섬역,여유,4000,4500,37.5475031,127.0461973
2026-07-03 06:00,POI026,미아사거리역,여유,4000,4500,37.61175,127.03044
2026-07-03 06:00,POI055,홍대입구역(2호선),여유,6500,7000,37.5574135,126.9238
2026-07-03 06:00,POI088,광화문광장,여유,900,1000,37.5759194,126.9768
2026-07-03 06:00,POI119,잠실역,여유,3000,3500,37.5127453,127.0973
2026-07-03 08:00,POI006,종로·청계 관광특구,여유,20000,22000,37.5702856,126.9903626
2026-07-03 08:00,POI007,홍대 관광특구,여유,38000,40000,37.5574135,126.9238
2026-07-03 08:00,POI008,경복궁,여유,900,1000,37.579754,126.9766818
2026-07-03 08:00,POI009,광화문·덕수궁,여유,16000,18000,37.5759194,126.9768
2026-07-03 08:00,POI010,보신각,여유,6000,6500,37.5698518,126.9836102
2026-07-03 08:00,POI011,서울 암사동 유적,여유,300,400,37.5610203,127.1306288
2026-07-03 08:00,POI012,창덕궁·종묘,여유,6500,7000,37.5823872,126.9917013
2026-07-03 08:00,POI013,가산디지털단지역,보통,18000,20000,37.480819,126.8816358
2026-07-03 08:00,POI014,강남역,여유,36000,38000,37.5002304,127.0268054
2026-07-03 08:00,POI015,건대입구역,여유,20000,22000,37.54088,127.06812
2026-07-03 08:00,POI016,고덕역,여유,2000,2500,37.5550721,127.1550065
2026-07-03 08:00,POI017,고속터미널역,여유,9000,9500,37.5050827,127.0049777
2026-07-03 08:00,POI018,교대역,여유,10000,12000,37.494178,127.015909
2026-07-03 08:00,POI019,구로디지털단지역,여유,10000,12000,37.4853417,126.9068128
2026-07-03 08:00,POI020,구로역,보통,3500,4000,37.5000903,126.8829924
2026-07-03 08:00,POI021,군자역,여유,5000,5500,37.558149,127.077839
2026-07-03 08:00,POI023,대림역,보통,16000,18000,37.4908703,126.8936859
2026-07-03 08:00,POI024,동대문역,여유,4500,5000,37.5718616,127.0114887
2026-07-03 08:00,POI025,뚝섬역,여유,6500,7000,37.5475031,127.0461973
2026-07-03 08:00,POI026,미아사거리역,여유,8000,8500,37.61175,127.03044
2026-07-03 08:00,POI055,홍대입구역(2호선),여유,9000,9500,37.5574135,126.9238
2026-07-03 08:00,POI088,광화문광장,여유,3500,4000,37.5759194,126.9768
2026-07-03 08:00,POI119,잠실역,여유,7000,7500,37.5127453,127.0973
2026-07-03 13:00,POI006,종로·청계 관광특구,보통,50000,52000,37.5702856,126.9903626
2026-07-03 13:00,POI007,홍대 관광특구,여유,74000,76000,37.5574135,126.9238
2026-07-03 13:00,POI008,경복궁,보통,1500,2000,37.579754,126.9766818
2026-07-03 13:00,POI009,광화문·덕수궁,약간 붐빔,50000,52000,37.5759194,126.9768
2026-07-03 13:00,POI010,보신각,보통,18000,20000,37.5698518,126.9836102
2026-07-03 13:00,POI011,서울 암사동 유적,여유,200,300,37.5610203,127.1306288
2026-07-03 13:00,POI012,창덕궁·종묘,보통,14000,16000,37.5823872,126.9917013
2026-07-03 13:00,POI013,가산디지털단지역,약간 붐빔,40000,42000,37.480819,126.8816358
2026-07-03 13:00,POI014,강남역,약간 붐빔,94000,96000,37.5002304,127.0268054
2026-07-03 13:00,POI015,건대입구역,여유,26000,28000,37.54088,127.06812
2026-07-03 13:00,POI016,고덕역,여유,4000,4500,37.5550721,127.1550065
2026-07-03 13:00,POI017,고속터미널역,약간 붐빔,24000,26000,37.5050827,127.0049777
2026-07-03 13:00,POI018,교대역,약간 붐빔,24000,26000,37.494178,127.015909
2026-07-03 13:00,POI019,구로디지털단지역,약간 붐빔,36000,38000,37.4853417,126.9068128
2026-07-03 13:00,POI020,구로역,여유,2000,2500,37.5000903,126.8829924
2026-07-03 13:00,POI021,군자역,여유,6500,7000,37.558149,127.077839
2026-07-03 13:00,POI023,대림역,여유,14000,16000,37.4908703,126.8936859
2026-07-03 13:00,POI024,동대문역,약간 붐빔,10000,12000,37.5718616,127.0114887
2026-07-03 13:00,POI025,뚝섬역,보통,12000,14000,37.5475031,127.0461973
2026-07-03 13:00,POI026,미아사거리역,보통,10000,12000,37.61175,127.03044
2026-07-03 13:00,POI055,홍대입구역(2호선),보통,18000,20000,37.5574135,126.9238
2026-07-03 13:00,POI088,광화문광장,보통,9000,9500,37.5759194,126.9768
2026-07-03 13:00,POI119,잠실역,약간 붐빔,34000,36000,37.5127453,127.0973
2026-07-03 16:00,POI006,종로·청계 관광특구,보통,48000,50000,37.5702856,126.9903626
2026-07-03 16:00,POI007,홍대 관광특구,보통,88000,90000,37.5574135,126.9238
2026-07-03 16:00,POI008,경복궁,보통,1500,2000,37.579754,126.9766818
2026-07-03 16:00,POI009,광화문·덕수궁,보통,46000,48000,37.5759194,126.9768
2026-07-03 16:00,POI010,보신각,보통,20000,22000,37.5698518,126.9836102
2026-07-03 16:00,POI011,서울 암사동 유적,여유,200,300,37.5610203,127.1306288
2026-07-03 16:00,POI012,창덕궁·종묘,보통,14000,16000,37.5823872,126.9917013
2026-07-03 16:00,POI013,가산디지털단지역,보통,32000,34000,37.480819,126.8816358
2026-07-03 16:00,POI014,강남역,약간 붐빔,92000,94000,37.5002304,127.0268054
2026-07-03 16:00,POI015,건대입구역,보통,28000,30000,37.54088,127.06812
2026-07-03 16:00,POI016,고덕역,여유,4000,4500,37.5550721,127.1550065
2026-07-03 16:00,POI017,고속터미널역,약간 붐빔,24000,26000,37.5050827,127.0049777
2026-07-03 16:00,POI018,교대역,붐빔,24000,26000,37.494178,127.015909
2026-07-03 16:00,POI019,구로디지털단지역,보통,30000,32000,37.4853417,126.9068128
2026-07-03 16:00,POI020,구로역,여유,2500,3000,37.5000903,126.8829924
2026-07-03 16:00,POI021,군자역,여유,7000,7500,37.558149,127.077839
2026-07-03 16:00,POI023,대림역,여유,14000,16000,37.4908703,126.8936859
2026-07-03 16:00,POI024,동대문역,붐빔,12000,14000,37.5718616,127.0114887
2026-07-03 16:00,POI025,뚝섬역,보통,12000,14000,37.5475031,127.0461973
2026-07-03 16:00,POI026,미아사거리역,보통,12000,14000,37.61175,127.03044
2026-07-03 16:00,POI055,홍대입구역(2호선),약간 붐빔,22000,24000,37.5574135,126.9238
2026-07-03 16:00,POI088,광화문광장,보통,9000,9500,37.5759194,126.9768
2026-07-03 16:00,POI119,잠실역,붐빔,42000,44000,37.5127453,127.0973
2026-07-03 19:00,POI006,종로·청계 관광특구,보통,36000,38000,37.5702856,126.9903626
2026-07-03 19:00,POI007,홍대 관광특구,붐빔,96000,98000,37.5574135,126.9238
2026-07-03 19:00,POI008,경복궁,여유,1000,1500,37.579754,126.9766818
2026-07-03 19:00,POI009,광화문·덕수궁,여유,30000,32000,37.5759194,126.9768
2026-07-03 19:00,POI010,보신각,보통,14000,16000,37.5698518,126.9836102
2026-07-03 19:00,POI011,서울 암사동 유적,여유,300,400,37.5610203,127.1306288
2026-07-03 19:00,POI012,창덕궁·종묘,보통,10000,12000,37.5823872,126.9917013
2026-07-03 19:00,POI013,가산디지털단지역,보통,22000,24000,37.480819,126.8816358
2026-07-03 19:00,POI014,강남역,붐빔,84000,86000,37.5002304,127.0268054
2026-07-03 19:00,POI015,건대입구역,붐빔,32000,34000,37.54088,127.06812
2026-07-03 19:00,POI016,고덕역,여유,4500,5000,37.5550721,127.1550065
2026-07-03 19:00,POI017,고속터미널역,붐빔,24000,26000,37.5050827,127.0049777
2026-07-03 19:00,POI018,교대역,보통,18000,20000,37.494178,127.015909
2026-07-03 19:00,POI019,구로디지털단지역,보통,18000,20000,37.4853417,126.9068128
2026-07-03 19:00,POI020,구로역,보통,3000,3500,37.5000903,126.8829924
2026-07-03 19:00,POI021,군자역,붐빔,9500,10000,37.558149,127.077839
2026-07-03 19:00,POI023,대림역,보통,16000,18000,37.4908703,126.8936859
2026-07-03 19:00,POI024,동대문역,보통,7000,7500,37.5718616,127.0114887
2026-07-03 19:00,POI025,뚝섬역,보통,10000,12000,37.5475031,127.0461973
2026-07-03 19:00,POI026,미아사거리역,약간 붐빔,12000,14000,37.61175,127.03044
2026-07-03 19:00,POI055,홍대입구역(2호선),붐빔,24000,26000,37.5574135,126.9238
2026-07-03 19:00,POI088,광화문광장,여유,6000,6500,37.5759194,126.9768
2026-07-03 19:00,POI119,잠실역,붐빔,38000,40000,37.5127453,127.0973
2026-07-03 22:00,POI006,종로·청계 관광특구,여유,24000,26000,37.5702856,126.9903626
2026-07-03 22:00,POI007,홍대 관광특구,보통,82000,84000,37.5574135,126.9238
2026-07-03 22:00,POI008,경복궁,여유,600,700,37.579754,126.9766818
2026-07-03 22:00,POI009,광화문·덕수궁,여유,16000,18000,37.5759194,126.9768
2026-07-03 22:00,POI010,보신각,보통,10000,12000,37.5698518,126.9836102
2026-07-03 22:00,POI011,서울 암사동 유적,여유,200,300,37.5610203,127.1306288
2026-07-03 22:00,POI012,창덕궁·종묘,여유,7500,8000,37.5823872,126.9917013
2026-07-03 22:00,POI013,가산디지털단지역,여유,12000,14000,37.480819,126.8816358
2026-07-03 22:00,POI014,강남역,보통,64000,66000,37.5002304,127.0268054
2026-07-03 22:00,POI015,건대입구역,약간 붐빔,32000,34000,37.54088,127.06812
2026-07-03 22:00,POI016,고덕역,여유,3500,4000,37.5550721,127.1550065
2026-07-03 22:00,POI017,고속터미널역,여유,9500,10000,37.5050827,127.0049777
2026-07-03 22:00,POI018,교대역,여유,14000,16000,37.494178,127.015909
2026-07-03 22:00,POI019,구로디지털단지역,여유,10000,12000,37.4853417,126.9068128
2026-07-03 22:00,POI020,구로역,여유,1500,2000,37.5000903,126.8829924
2026-07-03 22:00,POI021,군자역,붐빔,9000,9500,37.558149,127.077839
2026-07-03 22:00,POI023,대림역,보통,16000,18000,37.4908703,126.8936859
2026-07-03 22:00,POI024,동대문역,여유,3500,4000,37.5718616,127.0114887
2026-07-03 22:00,POI025,뚝섬역,여유,7500,8000,37.5475031,127.0461973
2026-07-03 22:00,POI026,미아사거리역,여유,9000,9500,37.61175,127.03044
2026-07-03 22:00,POI055,홍대입구역(2호선),약간 붐빔,20000,22000,37.5574135,126.9238
2026-07-03 22:00,POI088,광화문광장,여유,3500,4000,37.5759194,126.9768
2026-07-03 22:00,POI119,잠실역,여유,20000,22000,37.5127453,127.0973
2026-07-04 00:00,POI006,종로·청계 관광특구,여유,14000,16000,37.5702856,126.9903626
2026-07-04 00:00,POI007,홍대 관광특구,여유,56000,58000,37.5574135,126.9238
2026-07-04 00:00,POI008,경복궁,여유,400,500,37.579754,126.9766818
2026-07-04 00:00,POI009,광화문·덕수궁,여유,6000,6500,37.5759194,126.9768
2026-07-04 00:00,POI010,보신각,여유,4000,4500,37.5698518,126.9836102
2026-07-04 00:00,POI011,서울 암사동 유적,여유,300,400,37.5610203,127.1306288
2026-07-04 00:00,POI012,창덕궁·종묘,여유,4500,5000,37.5823872,126.9917013
2026-07-04 00:00,POI013,가산디지털단지역,여유,7500,8000,37.480819,126.8816358
2026-07-04 00:00,POI014,강남역,여유,36000,38000,37.5002304,127.0268054
2026-07-04 00:00,POI015,건대입구역,여유,24000,26000,37.54088,127.06812
2026-07-04 00:00,POI016,고덕역,여유,1500,2000,37.5550721,127.1550065
2026-07-04 00:00,POI017,고속터미널역,여유,3500,4000,37.5050827,127.0049777
2026-07-04 00:00,POI018,교대역,여유,10000,12000,37.494178,127.015909
2026-07-04 00:00,POI019,구로디지털단지역,여유,7500,8000,37.4853417,126.9068128
2026-07-04 00:00,POI020,구로역,여유,1000,1500,37.5000903,126.8829924
2026-07-04 00:00,POI021,군자역,여유,6000,6500,37.558149,127.077839
2026-07-04 00:00,POI023,대림역,약간 붐빔,18000,20000,37.4908703,126.8936859
2026-07-04 00:00,POI024,동대문역,여유,2000,2500,37.5718616,127.0114887
2026-07-04 00:00,POI025,뚝섬역,여유,5500,6000,37.5475031,127.0461973
2026-07-04 00:00,POI026,미아사거리역,여유,5500,6000,37.61175,127.03044
2026-07-04 00:00,POI055,홍대입구역(2호선),여유,10000,12000,37.5574135,126.9238
2026-07-04 00:00,POI088,광화문광장,여유,1000,1500,37.5759194,126.9768
2026-07-04 00:00,POI119,잠실역,여유,4500,5000,37.5127453,127.0973
2026-07-04 02:00,POI006,종로·청계 관광특구,여유,9500,10000,37.5702856,126.9903626
2026-07-04 02:00,POI007,홍대 관광특구,여유,42000,44000,37.5574135,126.9238
2026-07-04 02:00,POI008,경복궁,여유,100,200,37.579754,126.9766818
2026-07-04 02:00,POI009,광화문·덕수궁,여유,3000,3500,37.5759194,126.9768
2026-07-04 02:00,POI010,보신각,여유,2000,2500,37.5698518,126.9836102
2026-07-04 02:00,POI011,서울 암사동 유적,여유,100,200,37.5610203,127.1306288
2026-07-04 02:00,POI012,창덕궁·종묘,여유,3500,4000,37.5823872,126.9917013
2026-07-04 02:00,POI013,가산디지털단지역,여유,5000,5500,37.480819,126.8816358
2026-07-04 02:00,POI014,강남역,여유,22000,24000,37.5002304,127.0268054
2026-07-04 02:00,POI015,건대입구역,여유,16000,18000,37.54088,127.06812
2026-07-04 02:00,POI016,고덕역,여유,1000,1500,37.5550721,127.1550065
2026-07-04 02:00,POI017,고속터미널역,여유,1500,2000,37.5050827,127.0049777
2026-07-04 02:00,POI018,교대역,여유,4000,4500,37.494178,127.015909
2026-07-04 02:00,POI019,구로디지털단지역,여유,5500,6000,37.4853417,126.9068128
2026-07-04 02:00,POI020,구로역,여유,800,900,37.5000903,126.8829924
2026-07-04 02:00,POI021,군자역,여유,4000,4500,37.558149,127.077839
2026-07-04 02:00,POI023,대림역,여유,16000,18000,37.4908703,126.8936859
2026-07-04 02:00,POI024,동대문역,여유,1000,1500,37.5718616,127.0114887
2026-07-04 02:00,POI025,뚝섬역,여유,4000,4500,37.5475031,127.0461973
2026-07-04 02:00,POI026,미아사거리역,여유,3500,4000,37.61175,127.03044
2026-07-04 02:00,POI055,홍대입구역(2호선),여유,10000,12000,37.5574135,126.9238
2026-07-04 02:00,POI088,광화문광장,여유,600,700,37.5759194,126.9768
2026-07-04 02:00,POI119,잠실역,여유,2500,3000,37.5127453,127.0973
2026-07-04 04:00,POI006,종로·청계 관광특구,여유,8000,8500,37.5702856,126.9903626
2026-07-04 04:00,POI007,홍대 관광특구,여유,36000,38000,37.5574135,126.9238
2026-07-04 04:00,POI008,경복궁,여유,100,200,37.579754,126.9766818
2026-07-04 04:00,POI009,광화문·덕수궁,여유,2500,3000,37.5759194,126.9768
2026-07-04 04:00,POI010,보신각,여유,1500,2000,37.5698518,126.9836102
2026-07-04 04:00,POI011,서울 암사동 유적,여유,100,200,37.5610203,127.1306288
2026-07-04 04:00,POI012,창덕궁·종묘,여유,3500,4000,37.5823872,126.9917013
2026-07-04 04:00,POI013,가산디지털단지역,여유,5000,5500,37.480819,126.8816358
2026-07-04 04:00,POI014,강남역,여유,18000,20000,37.5002304,127.0268054
2026-07-04 04:00,POI015,건대입구역,여유,14000,16000,37.54088,127.06812
2026-07-04 04:00,POI016,고덕역,여유,1000,1500,37.5550721,127.1550065
2026-07-04 04:00,POI017,고속터미널역,여유,1500,2000,37.5050827,127.0049777
2026-07-04 04:00,POI018,교대역,여유,3500,4000,37.494178,127.015909
2026-07-04 04:00,POI019,구로디지털단지역,여유,4500,5000,37.4853417,126.9068128
2026-07-04 04:00,POI020,구로역,여유,800,900,37.5000903,126.8829924
2026-07-04 04:00,POI021,군자역,여유,3500,4000,37.558149,127.077839
2026-07-04 04:00,POI023,대림역,여유,16000,18000,37.4908703,126.8936859
2026-07-04 04:00,POI024,동대문역,여유,1000,1500,37.5718616,127.0114887
2026-07-04 04:00,POI025,뚝섬역,여유,4000,4500,37.5475031,127.0461973
2026-07-04 04:00,POI026,미아사거리역,여유,3000,3500,37.61175,127.03044
2026-07-04 04:00,POI055,홍대입구역(2호선),여유,10000,12000,37.5574135,126.9238
2026-07-04 04:00,POI088,광화문광장,여유,500,600,37.5759194,126.9768
2026-07-04 04:00,POI119,잠실역,여유,2500,3000,37.5127453,127.0973
2026-07-04 06:00,POI006,종로·청계 관광특구,여유,8000,8500,37.5702856,126.9903626
2026-07-04 06:00,POI007,홍대 관광특구,여유,34000,36000,37.5574135,126.9238
2026-07-04 06:00,POI008,경복궁,여유,200,300,37.579754,126.9766818
2026-07-04 06:00,POI009,광화문·덕수궁,여유,3000,3500,37.5759194,126.9768
2026-07-04 06:00,POI010,보신각,여유,1000,1500,37.5698518,126.9836102
2026-07-04 06:00,POI011,서울 암사동 유적,여유,200,300,37.5610203,127.1306288
2026-07-04 06:00,POI012,창덕궁·종묘,여유,3500,4000,37.5823872,126.9917013
2026-07-04 06:00,POI013,가산디지털단지역,여유,5500,6000,37.480819,126.8816358
2026-07-04 06:00,POI014,강남역,여유,18000,20000,37.5002304,127.0268054
2026-07-04 06:00,POI015,건대입구역,여유,14000,16000,37.54088,127.06812
2026-07-04 06:00,POI016,고덕역,여유,1000,1500,37.5550721,127.1550065
2026-07-04 06:00,POI017,고속터미널역,여유,2500,3000,37.5050827,127.0049777
2026-07-04 06:00,POI018,교대역,여유,3500,4000,37.494178,127.015909
2026-07-04 06:00,POI019,구로디지털단지역,여유,4500,5000,37.4853417,126.9068128
2026-07-04 06:00,POI020,구로역,여유,1000,1500,37.5000903,126.8829924
2026-07-04 06:00,POI021,군자역,여유,3500,4000,37.558149,127.077839
2026-07-04 06:00,POI023,대림역,여유,16000,18000,37.4908703,126.8936859
2026-07-04 06:00,POI024,동대문역,여유,1000,1500,37.5718616,127.0114887
2026-07-04 06:00,POI025,뚝섬역,여유,4000,4500,37.5475031,127.0461973
2026-07-04 06:00,POI026,미아사거리역,여유,4000,4500,37.61175,127.03044
2026-07-04 06:00,POI055,홍대입구역(2호선),여유,9500,10000,37.5574135,126.9238
2026-07-04 06:00,POI088,광화문광장,여유,600,700,37.5759194,126.9768
2026-07-04 06:00,POI119,잠실역,여유,2500,3000,37.5127453,127.0973
2026-07-04 08:00,POI006,종로·청계 관광특구,여유,12000,14000,37.5702856,126.9903626
2026-07-04 08:00,POI007,홍대 관광특구,여유,32000,34000,37.5574135,126.9238
2026-07-04 08:00,POI008,경복궁,여유,600,700,37.579754,126.9766818
2026-07-04 08:00,POI009,광화문·덕수궁,여유,7000,7500,37.5759194,126.9768
2026-07-04 08:00,POI010,보신각,여유,2000,2500,37.5698518,126.9836102
2026-07-04 08:00,POI011,서울 암사동 유적,여유,200,300,37.5610203,127.1306288
2026-07-04 08:00,POI012,창덕궁·종묘,여유,4000,4500,37.5823872,126.9917013
2026-07-04 08:00,POI013,가산디지털단지역,여유,7500,8000,37.480819,126.8816358
2026-07-04 08:00,POI014,강남역,여유,22000,24000,37.5002304,127.0268054
2026-07-04 08:00,POI015,건대입구역,여유,18000,20000,37.54088,127.06812
2026-07-04 08:00,POI016,고덕역,여유,1500,2000,37.5550721,127.1550065
2026-07-04 08:00,POI017,고속터미널역,여유,5000,5500,37.5050827,127.0049777
2026-07-04 08:00,POI018,교대역,여유,9500,10000,37.494178,127.015909
2026-07-04 08:00,POI019,구로디지털단지역,여유,5000,5500,37.4853417,126.9068128
2026-07-04 08:00,POI020,구로역,여유,1500,2000,37.5000903,126.8829924
2026-07-04 08:00,POI021,군자역,여유,4000,4500,37.558149,127.077839
2026-07-04 08:00,POI023,대림역,여유,14000,16000,37.4908703,126.8936859
2026-07-04 08:00,POI024,동대문역,여유,2500,3000,37.5718616,127.0114887
2026-07-04 08:00,POI025,뚝섬역,여유,5500,6000,37.5475031,127.0461973
2026-07-04 08:00,POI026,미아사거리역,여유,4500,5000,37.61175,127.03044
2026-07-04 08:00,POI055,홍대입구역(2호선),여유,7000,7500,37.5574135,126.9238
2026-07-04 08:00,POI088,광화문광장,여유,1500,2000,37.5759194,126.9768
2026-07-04 08:00,POI119,잠실역,여유,4500,5000,37.5127453,127.0973
2026-07-04 12:00,POI006,종로·청계 관광특구,보통,34000,36000,37.5702856,126.9903626
2026-07-04 12:00,POI007,홍대 관광특구,여유,70000,72000,37.5574135,126.9238
2026-07-04 12:00,POI008,경복궁,보통,1500,2000,37.579754,126.9766818
2026-07-04 12:00,POI009,광화문·덕수궁,여유,24000,26000,37.5759194,126.9768
2026-07-04 12:00,POI010,보신각,보통,8000,8500,37.5698518,126.9836102
2026-07-04 12:00,POI011,서울 암사동 유적,여유,200,300,37.5610203,127.1306288
2026-07-04 12:00,POI012,창덕궁·종묘,여유,10000,12000,37.5823872,126.9917013
2026-07-04 12:00,POI013,가산디지털단지역,보통,14000,16000,37.480819,126.8816358
2026-07-04 12:00,POI014,강남역,붐빔,56000,58000,37.5002304,127.0268054
2026-07-04 12:00,POI015,건대입구역,약간 붐빔,28000,30000,37.54088,127.06812
2026-07-04 12:00,POI016,고덕역,여유,4500,5000,37.5550721,127.1550065
2026-07-04 12:00,POI017,고속터미널역,붐빔,28000,30000,37.5050827,127.0049777
2026-07-04 12:00,POI018,교대역,여유,14000,16000,37.494178,127.015909
2026-07-04 12:00,POI019,구로디지털단지역,보통,10000,12000,37.4853417,126.9068128
2026-07-04 12:00,POI020,구로역,여유,2500,3000,37.5000903,126.8829924
2026-07-04 12:00,POI021,군자역,여유,6500,7000,37.558149,127.077839
2026-07-04 12:00,POI023,대림역,여유,14000,16000,37.4908703,126.8936859
2026-07-04 12:00,POI024,동대문역,붐빔,10000,12000,37.5718616,127.0114887
2026-07-04 12:00,POI025,뚝섬역,여유,10000,12000,37.5475031,127.0461973
2026-07-04 12:00,POI026,미아사거리역,보통,12000,14000,37.61175,127.03044
2026-07-04 12:00,POI055,홍대입구역(2호선),보통,18000,20000,37.5574135,126.9238
2026-07-04 12:00,POI088,광화문광장,여유,5500,6000,37.5759194,126.9768
2026-07-04 12:00,POI119,잠실역,약간 붐빔,36000,38000,37.5127453,127.0973
2026-07-04 15:00,POI006,종로·청계 관광특구,약간 붐빔,40000,42000,37.5702856,126.9903626
2026-07-04 15:00,POI007,홍대 관광특구,붐빔,100000,105000,37.5574135,126.9238
2026-07-04 15:00,POI008,경복궁,약간 붐빔,2500,3000,37.579754,126.9766818
2026-07-04 15:00,POI009,광화문·덕수궁,여유,34000,36000,37.5759194,126.9768
2026-07-04 15:00,POI010,보신각,약간 붐빔,10000,12000,37.5698518,126.9836102
2026-07-04 15:00,POI011,서울 암사동 유적,여유,200,300,37.5610203,127.1306288
2026-07-04 15:00,POI012,창덕궁·종묘,약간 붐빔,12000,14000,37.5823872,126.9917013
2026-07-04 15:00,POI013,가산디지털단지역,보통,14000,16000,37.480819,126.8816358
2026-07-04 15:00,POI014,강남역,붐빔,64000,66000,37.5002304,127.0268054
2026-07-04 15:00,POI015,건대입구역,붐빔,34000,36000,37.54088,127.06812
2026-07-04 15:00,POI016,고덕역,여유,4000,4500,37.5550721,127.1550065
2026-07-04 15:00,POI017,고속터미널역,붐빔,34000,36000,37.5050827,127.0049777
2026-07-04 15:00,POI018,교대역,여유,14000,16000,37.494178,127.015909
2026-07-04 15:00,POI019,구로디지털단지역,보통,10000,12000,37.4853417,126.9068128
2026-07-04 15:00,POI020,구로역,여유,3000,3500,37.5000903,126.8829924
2026-07-04 15:00,POI021,군자역,여유,6500,7000,37.558149,127.077839
2026-07-04 15:00,POI023,대림역,여유,14000,16000,37.4908703,126.8936859
2026-07-04 15:00,POI024,동대문역,붐빔,14000,16000,37.5718616,127.0114887
2026-07-04 15:00,POI025,뚝섬역,보통,10000,12000,37.5475031,127.0461973
2026-07-04 15:00,POI026,미아사거리역,보통,12000,14000,37.61175,127.03044
2026-07-04 15:00,POI055,홍대입구역(2호선),붐빔,26000,28000,37.5574135,126.9238
2026-07-04 15:00,POI088,광화문광장,약간 붐빔,9000,9500,37.5759194,126.9768
2026-07-04 15:00,POI119,잠실역,붐빔,60000,62000,37.5127453,127.0973
2026-07-04 18:00,POI006,종로·청계 관광특구,약간 붐빔,36000,38000,37.5702856,126.9903626
2026-07-04 18:00,POI007,홍대 관광특구,붐빔,110000,115000,37.5574135,126.9238
2026-07-04 18:00,POI008,경복궁,보통,1500,2000,37.579754,126.9766818
2026-07-04 18:00,POI009,광화문·덕수궁,여유,28000,30000,37.5759194,126.9768
2026-07-04 18:00,POI010,보신각,약간 붐빔,10000,12000,37.5698518,126.9836102
2026-07-04 18:00,POI011,서울 암사동 유적,여유,200,300,37.5610203,127.1306288
2026-07-04 18:00,POI012,창덕궁·종묘,약간 붐빔,10000,12000,37.5823872,126.9917013
2026-07-04 18:00,POI013,가산디지털단지역,보통,12000,14000,37.480819,126.8816358
2026-07-04 18:00,POI014,강남역,붐빔,60000,62000,37.5002304,127.0268054
2026-07-04 18:00,POI015,건대입구역,붐빔,36000,38000,37.54088,127.06812
2026-07-04 18:00,POI016,고덕역,여유,4000,4500,37.5550721,127.1550065
2026-07-04 18:00,POI017,고속터미널역,붐빔,30000,32000,37.5050827,127.0049777
2026-07-04 18:00,POI018,교대역,여유,12000,14000,37.494178,127.015909
2026-07-04 18:00,POI019,구로디지털단지역,보통,10000,12000,37.4853417,126.9068128
2026-07-04 18:00,POI020,구로역,여유,2500,3000,37.5000903,126.8829924
2026-07-04 18:00,POI021,군자역,보통,8500,9000,37.558149,127.077839
2026-07-04 18:00,POI023,대림역,여유,14000,16000,37.4908703,126.8936859
2026-07-04 18:00,POI024,동대문역,약간 붐빔,9500,10000,37.5718616,127.0114887
2026-07-04 18:00,POI025,뚝섬역,보통,12000,14000,37.5475031,127.0461973
2026-07-04 18:00,POI026,미아사거리역,보통,12000,14000,37.61175,127.03044
2026-07-04 18:00,POI055,홍대입구역(2호선),붐빔,28000,30000,37.5574135,126.9238
2026-07-04 18:00,POI088,광화문광장,보통,6500,7000,37.5759194,126.9768
2026-07-04 18:00,POI119,잠실역,붐빔,52000,54000,37.5127453,127.0973
2026-07-04 20:00,POI006,종로·청계 관광특구,보통,28000,30000,37.5702856,126.9903626
2026-07-04 20:00,POI007,홍대 관광특구,약간 붐빔,100000,105000,37.5574135,126.9238
2026-07-04 20:00,POI008,경복궁,여유,1000,1500,37.579754,126.9766818
2026-07-04 20:00,POI009,광화문·덕수궁,여유,20000,22000,37.5759194,126.9768
2026-07-04 20:00,POI010,보신각,보통,9500,10000,37.5698518,126.9836102
2026-07-04 20:00,POI011,서울 암사동 유적,여유,100,200,37.5610203,127.1306288
2026-07-04 20:00,POI012,창덕궁·종묘,보통,10000,12000,37.5823872,126.9917013
2026-07-04 20:00,POI013,가산디지털단지역,여유,10000,12000,37.480819,126.8816358
2026-07-04 20:00,POI014,강남역,약간 붐빔,56000,58000,37.5002304,127.0268054
2026-07-04 20:00,POI015,건대입구역,붐빔,36000,38000,37.54088,127.06812
2026-07-04 20:00,POI016,고덕역,여유,3500,4000,37.5550721,127.1550065
2026-07-04 20:00,POI017,고속터미널역,약간 붐빔,20000,22000,37.5050827,127.0049777
2026-07-04 20:00,POI018,교대역,여유,10000,12000,37.494178,127.015909
2026-07-04 20:00,POI019,구로디지털단지역,보통,10000,12000,37.4853417,126.9068128
2026-07-04 20:00,POI020,구로역,여유,2000,2500,37.5000903,126.8829924
2026-07-04 20:00,POI021,군자역,붐빔,9000,9500,37.558149,127.077839
2026-07-04 20:00,POI023,대림역,여유,14000,16000,37.4908703,126.8936859
2026-07-04 20:00,POI024,동대문역,여유,5500,6000,37.5718616,127.0114887
2026-07-04 20:00,POI025,뚝섬역,보통,10000,12000,37.5475031,127.0461973
2026-07-04 20:00,POI026,미아사거리역,보통,10000,12000,37.61175,127.03044
2026-07-04 20:00,POI055,홍대입구역(2호선),붐빔,24000,26000,37.5574135,126.9238
2026-07-04 20:00,POI088,광화문광장,여유,5000,5500,37.5759194,126.9768
2026-07-04 20:00,POI119,잠실역,약간 붐빔,38000,40000,37.5127453,127.0973
2026-07-04 22:00,POI006,종로·청계 관광특구,여유,20000,22000,37.5702856,126.9903626
2026-07-04 22:00,POI007,홍대 관광특구,여유,74000,76000,37.5574135,126.9238
2026-07-04 22:00,POI008,경복궁,여유,600,700,37.579754,126.9766818
2026-07-04 22:00,POI009,광화문·덕수궁,여유,10000,12000,37.5759194,126.9768
2026-07-04 22:00,POI010,보신각,여유,5500,6000,37.5698518,126.9836102
2026-07-04 22:00,POI011,서울 암사동 유적,여유,100,200,37.5610203,127.1306288
2026-07-04 22:00,POI012,창덕궁·종묘,여유,7000,7500,37.5823872,126.9917013
2026-07-04 22:00,POI013,가산디지털단지역,여유,8500,9000,37.480819,126.8816358
2026-07-04 22:00,POI014,강남역,여유,42000,44000,37.5002304,127.0268054
2026-07-04 22:00,POI015,건대입구역,보통,30000,32000,37.54088,127.06812
2026-07-04 22:00,POI016,고덕역,여유,2000,2500,37.5550721,127.1550065
2026-07-04 22:00,POI017,고속터미널역,여유,6500,7000,37.5050827,127.0049777
2026-07-04 22:00,POI018,교대역,여유,9000,9500,37.494178,127.015909
2026-07-04 22:00,POI019,구로디지털단지역,여유,8000,8500,37.4853417,126.9068128
2026-07-04 22:00,POI020,구로역,여유,2000,2500,37.5000903,126.8829924
2026-07-04 22:00,POI021,군자역,여유,7000,7500,37.558149,127.077839
2026-07-04 22:00,POI023,대림역,여유,16000,18000,37.4908703,126.8936859
2026-07-04 22:00,POI024,동대문역,여유,3500,4000,37.5718616,127.0114887
2026-07-04 22:00,POI025,뚝섬역,여유,7000,7500,37.5475031,127.0461973
2026-07-04 22:00,POI026,미아사거리역,여유,7500,8000,37.61175,127.03044
2026-07-04 22:00,POI055,홍대입구역(2호선),보통,16000,18000,37.5574135,126.9238
2026-07-04 22:00,POI088,광화문광장,여유,3000,3500,37.5759194,126.9768
2026-07-04 22:00,POI119,잠실역,여유,10000,12000,37.5127453,127.0973
2026-07-05 00:00,POI006,종로·청계 관광특구,여유,14000,16000,37.5702856,126.9903626
2026-07-05 00:00,POI007,홍대 관광특구,여유,56000,58000,37.5574135,126.9238
2026-07-05 00:00,POI008,경복궁,여유,500,600,37.579754,126.9766818
2026-07-05 00:00,POI009,광화문·덕수궁,여유,5000,5500,37.5759194,126.9768
2026-07-05 00:00,POI010,보신각,여유,3500,4000,37.5698518,126.9836102
2026-07-05 00:00,POI011,서울 암사동 유적,여유,100,200,37.5610203,127.1306288
2026-07-05 00:00,POI012,창덕궁·종묘,여유,5000,5500,37.5823872,126.9917013
2026-07-05 00:00,POI013,가산디지털단지역,여유,6000,6500,37.480819,126.8816358
2026-07-05 00:00,POI014,강남역,여유,30000,32000,37.5002304,127.0268054
2026-07-05 00:00,POI015,건대입구역,여유,24000,26000,37.54088,127.06812
2026-07-05 00:00,POI016,고덕역,여유,1500,2000,37.5550721,127.1550065
2026-07-05 00:00,POI017,고속터미널역,여유,3000,3500,37.5050827,127.0049777
2026-07-05 00:00,POI018,교대역,여유,7500,8000,37.494178,127.015909
2026-07-05 00:00,POI019,구로디지털단지역,여유,6500,7000,37.4853417,126.9068128
2026-07-05 00:00,POI020,구로역,여유,1000,1500,37.5000903,126.8829924
2026-07-05 00:00,POI021,군자역,여유,5500,6000,37.558149,127.077839
2026-07-05 00:00,POI023,대림역,여유,16000,18000,37.4908703,126.8936859
2026-07-05 00:00,POI024,동대문역,여유,2000,2500,37.5718616,127.0114887
2026-07-05 00:00,POI025,뚝섬역,여유,5500,6000,37.5475031,127.0461973
2026-07-05 00:00,POI026,미아사거리역,여유,5500,6000,37.61175,127.03044
2026-07-05 00:00,POI055,홍대입구역(2호선),여유,10000,12000,37.5574135,126.9238
2026-07-05 00:00,POI088,광화문광장,여유,1000,1500,37.5759194,126.9768
2026-07-05 00:00,POI119,잠실역,여유,4500,5000,37.5127453,127.0973
2026-07-05 02:00,POI006,종로·청계 관광특구,여유,10000,12000,37.5702856,126.9903626
2026-07-05 02:00,POI007,홍대 관광특구,여유,46000,48000,37.5574135,126.9238
2026-07-05 02:00,POI008,경복궁,여유,400,500,37.579754,126.9766818
2026-07-05 02:00,POI009,광화문·덕수궁,여유,3000,3500,37.5759194,126.9768
2026-07-05 02:00,POI010,보신각,여유,2500,3000,37.5698518,126.9836102
2026-07-05 02:00,POI011,서울 암사동 유적,여유,100,200,37.5610203,127.1306288
2026-07-05 02:00,POI012,창덕궁·종묘,여유,4000,4500,37.5823872,126.9917013
2026-07-05 02:00,POI013,가산디지털단지역,여유,4500,5000,37.480819,126.8816358
2026-07-05 02:00,POI014,강남역,여유,24000,26000,37.5002304,127.0268054
2026-07-05 02:00,POI015,건대입구역,여유,18000,20000,37.54088,127.06812
2026-07-05 02:00,POI016,고덕역,여유,1000,1500,37.5550721,127.1550065
2026-07-05 02:00,POI017,고속터미널역,여유,1500,2000,37.5050827,127.0049777
2026-07-05 02:00,POI018,교대역,여유,6000,6500,37.494178,127.015909
2026-07-05 02:00,POI019,구로디지털단지역,여유,5500,6000,37.4853417,126.9068128
2026-07-05 02:00,POI020,구로역,여유,800,900,37.5000903,126.8829924
2026-07-05 02:00,POI021,군자역,여유,4000,4500,37.558149,127.077839
2026-07-05 02:00,POI023,대림역,여유,16000,18000,37.4908703,126.8936859
2026-07-05 02:00,POI024,동대문역,여유,1500,2000,37.5718616,127.0114887
2026-07-05 02:00,POI025,뚝섬역,여유,4500,5000,37.5475031,127.0461973
2026-07-05 02:00,POI026,미아사거리역,여유,4000,4500,37.61175,127.03044
2026-07-05 02:00,POI055,홍대입구역(2호선),여유,8000,8500,37.5574135,126.9238
2026-07-05 02:00,POI088,광화문광장,여유,800,900,37.5759194,126.9768
2026-07-05 02:00,POI119,잠실역,여유,2500,3000,37.5127453,127.0973
2026-07-05 04:00,POI006,종로·청계 관광특구,여유,8500,9000,37.5702856,126.9903626
2026-07-05 04:00,POI007,홍대 관광특구,여유,40000,42000,37.5574135,126.9238
2026-07-05 04:00,POI008,경복궁,여유,100,200,37.579754,126.9766818
2026-07-05 04:00,POI009,광화문·덕수궁,여유,2500,3000,37.5759194,126.9768
2026-07-05 04:00,POI010,보신각,여유,1500,2000,37.5698518,126.9836102
2026-07-05 04:00,POI011,서울 암사동 유적,여유,100,200,37.5610203,127.1306288
2026-07-05 04:00,POI012,창덕궁·종묘,여유,3000,3500,37.5823872,126.9917013
2026-07-05 04:00,POI013,가산디지털단지역,여유,4500,5000,37.480819,126.8816358
2026-07-05 04:00,POI014,강남역,여유,18000,20000,37.5002304,127.0268054
2026-07-05 04:00,POI015,건대입구역,여유,14000,16000,37.54088,127.06812
2026-07-05 04:00,POI016,고덕역,여유,1000,1500,37.5550721,127.1550065
2026-07-05 04:00,POI017,고속터미널역,여유,1000,1500,37.5050827,127.0049777
2026-07-05 04:00,POI018,교대역,여유,3000,3500,37.494178,127.015909
2026-07-05 04:00,POI019,구로디지털단지역,여유,4500,5000,37.4853417,126.9068128
2026-07-05 04:00,POI020,구로역,여유,800,900,37.5000903,126.8829924
2026-07-05 04:00,POI021,군자역,여유,3500,4000,37.558149,127.077839
2026-07-05 04:00,POI023,대림역,여유,16000,18000,37.4908703,126.8936859
2026-07-05 04:00,POI024,동대문역,여유,1000,1500,37.5718616,127.0114887
2026-07-05 04:00,POI025,뚝섬역,여유,4000,4500,37.5475031,127.0461973
2026-07-05 04:00,POI026,미아사거리역,여유,3000,3500,37.61175,127.03044
2026-07-05 04:00,POI055,홍대입구역(2호선),여유,10000,12000,37.5574135,126.9238
2026-07-05 04:00,POI088,광화문광장,여유,500,600,37.5759194,126.9768
2026-07-05 04:00,POI119,잠실역,여유,2500,3000,37.5127453,127.0973
2026-07-05 06:00,POI006,종로·청계 관광특구,여유,8000,8500,37.5702856,126.9903626
2026-07-05 06:00,POI007,홍대 관광특구,여유,34000,36000,37.5574135,126.9238
2026-07-05 06:00,POI008,경복궁,여유,100,200,37.579754,126.9766818
2026-07-05 06:00,POI009,광화문·덕수궁,여유,3000,3500,37.5759194,126.9768
2026-07-05 06:00,POI010,보신각,여유,1000,1500,37.5698518,126.9836102
2026-07-05 06:00,POI011,서울 암사동 유적,여유,200,300,37.5610203,127.1306288
2026-07-05 06:00,POI012,창덕궁·종묘,여유,3000,3500,37.5823872,126.9917013
2026-07-05 06:00,POI013,가산디지털단지역,여유,5000,5500,37.480819,126.8816358
2026-07-05 06:00,POI014,강남역,여유,16000,18000,37.5002304,127.0268054
2026-07-05 06:00,POI015,건대입구역,여유,14000,16000,37.54088,127.06812
2026-07-05 06:00,POI016,고덕역,여유,1000,1500,37.5550721,127.1550065
2026-07-05 06:00,POI017,고속터미널역,여유,1500,2000,37.5050827,127.0049777
2026-07-05 06:00,POI018,교대역,여유,3000,3500,37.494178,127.015909
2026-07-05 06:00,POI019,구로디지털단지역,여유,4500,5000,37.4853417,126.9068128
2026-07-05 06:00,POI020,구로역,여유,900,1000,37.5000903,126.8829924
2026-07-05 06:00,POI021,군자역,여유,3500,4000,37.558149,127.077839
2026-07-05 06:00,POI023,대림역,여유,16000,18000,37.4908703,126.8936859
2026-07-05 06:00,POI024,동대문역,여유,1000,1500,37.5718616,127.0114887
2026-07-05 06:00,POI025,뚝섬역,여유,4000,4500,37.5475031,127.0461973
2026-07-05 06:00,POI026,미아사거리역,여유,3500,4000,37.61175,127.03044
2026-07-05 06:00,POI055,홍대입구역(2호선),여유,10000,12000,37.5574135,126.9238
2026-07-05 06:00,POI088,광화문광장,여유,600,700,37.5759194,126.9768
2026-07-05 06:00,POI119,잠실역,여유,2500,3000,37.5127453,127.0973
2026-07-05 08:00,POI006,종로·청계 관광특구,여유,10000,12000,37.5702856,126.9903626
2026-07-05 08:00,POI007,홍대 관광특구,여유,30000,32000,37.5574135,126.9238
2026-07-05 08:00,POI008,경복궁,여유,500,600,37.579754,126.9766818
2026-07-05 08:00,POI009,광화문·덕수궁,여유,5500,6000,37.5759194,126.9768
2026-07-05 08:00,POI010,보신각,여유,1500,2000,37.5698518,126.9836102
2026-07-05 08:00,POI011,서울 암사동 유적,여유,200,300,37.5610203,127.1306288
2026-07-05 08:00,POI012,창덕궁·종묘,여유,3500,4000,37.5823872,126.9917013
2026-07-05 08:00,POI013,가산디지털단지역,여유,6000,6500,37.480819,126.8816358
2026-07-05 08:00,POI014,강남역,여유,20000,22000,37.5002304,127.0268054
2026-07-05 08:00,POI015,건대입구역,여유,16000,18000,37.54088,127.06812
2026-07-05 08:00,POI016,고덕역,여유,1000,1500,37.5550721,127.1550065
2026-07-05 08:00,POI017,고속터미널역,여유,3000,3500,37.5050827,127.0049777
2026-07-05 08:00,POI018,교대역,여유,8500,9000,37.494178,127.015909
2026-07-05 08:00,POI019,구로디지털단지역,여유,4000,4500,37.4853417,126.9068128
2026-07-05 08:00,POI020,구로역,여유,1000,1500,37.5000903,126.8829924
2026-07-05 08:00,POI021,군자역,여유,3500,4000,37.558149,127.077839
2026-07-05 08:00,POI023,대림역,여유,14000,16000,37.4908703,126.8936859
2026-07-05 08:00,POI024,동대문역,여유,2000,2500,37.5718616,127.0114887
2026-07-05 08:00,POI025,뚝섬역,여유,5000,5500,37.5475031,127.0461973
2026-07-05 08:00,POI026,미아사거리역,여유,3500,4000,37.61175,127.03044
2026-07-05 08:00,POI055,홍대입구역(2호선),여유,7000,7500,37.5574135,126.9238
2026-07-05 08:00,POI088,광화문광장,여유,1000,1500,37.5759194,126.9768
2026-07-05 08:00,POI119,잠실역,여유,3500,4000,37.5127453,127.0973
2026-07-05 13:00,POI006,종로·청계 관광특구,여유,24000,26000,37.5702856,126.9903626
2026-07-05 13:00,POI007,홍대 관광특구,여유,66000,68000,37.5574135,126.9238
2026-07-05 13:00,POI008,경복궁,여유,1500,2000,37.579754,126.9766818
2026-07-05 13:00,POI009,광화문·덕수궁,여유,20000,22000,37.5759194,126.9768
2026-07-05 13:00,POI010,보신각,여유,5500,6000,37.5698518,126.9836102
2026-07-05 13:00,POI011,서울 암사동 유적,여유,200,300,37.5610203,127.1306288
2026-07-05 13:00,POI012,창덕궁·종묘,여유,7500,8000,37.5823872,126.9917013
2026-07-05 13:00,POI013,가산디지털단지역,여유,10000,12000,37.480819,126.8816358
2026-07-05 13:00,POI014,강남역,여유,40000,42000,37.5002304,127.0268054
2026-07-05 13:00,POI015,건대입구역,여유,26000,28000,37.54088,127.06812
2026-07-05 13:00,POI016,고덕역,여유,3000,3500,37.5550721,127.1550065
2026-07-05 13:00,POI017,고속터미널역,약간 붐빔,24000,26000,37.5050827,127.0049777
2026-07-05 13:00,POI018,교대역,여유,12000,14000,37.494178,127.015909
2026-07-05 13:00,POI019,구로디지털단지역,여유,8000,8500,37.4853417,126.9068128
2026-07-05 13:00,POI020,구로역,여유,2500,3000,37.5000903,126.8829924
2026-07-05 13:00,POI021,군자역,여유,6000,6500,37.558149,127.077839
2026-07-05 13:00,POI023,대림역,여유,14000,16000,37.4908703,126.8936859
2026-07-05 13:00,POI024,동대문역,보통,7500,8000,37.5718616,127.0114887
2026-07-05 13:00,POI025,뚝섬역,여유,9000,9500,37.5475031,127.0461973
2026-07-05 13:00,POI026,미아사거리역,보통,10000,12000,37.61175,127.03044
2026-07-05 13:00,POI055,홍대입구역(2호선),보통,16000,18000,37.5574135,126.9238
2026-07-05 13:00,POI088,광화문광장,여유,4500,5000,37.5759194,126.9768
2026-07-05 13:00,POI119,잠실역,약간 붐빔,36000,38000,37.5127453,127.0973
2026-07-05 17:00,POI006,종로·청계 관광특구,여유,26000,28000,37.5702856,126.9903626
2026-07-05 17:00,POI007,홍대 관광특구,보통,86000,88000,37.5574135,126.9238
2026-07-05 17:00,POI008,경복궁,여유,1500,2000,37.579754,126.9766818
2026-07-05 17:00,POI009,광화문·덕수궁,여유,18000,20000,37.5759194,126.9768
2026-07-05 17:00,POI010,보신각,여유,6500,7000,37.5698518,126.9836102
2026-07-05 17:00,POI011,서울 암사동 유적,여유,200,300,37.5610203,127.1306288
2026-07-05 17:00,POI012,창덕궁·종묘,여유,8000,8500,37.5823872,126.9917013
2026-07-05 17:00,POI013,가산디지털단지역,보통,14000,16000,37.480819,126.8816358
2026-07-05 17:00,POI014,강남역,보통,46000,48000,37.5002304,127.0268054
2026-07-05 17:00,POI015,건대입구역,약간 붐빔,30000,32000,37.54088,127.06812
2026-07-05 17:00,POI016,고덕역,여유,3500,4000,37.5550721,127.1550065
2026-07-05 17:00,POI017,고속터미널역,붐빔,28000,30000,37.5050827,127.0049777
2026-07-05 17:00,POI018,교대역,여유,12000,14000,37.494178,127.015909
2026-07-05 17:00,POI019,구로디지털단지역,보통,9000,9500,37.4853417,126.9068128
2026-07-05 17:00,POI020,구로역,여유,2500,3000,37.5000903,126.8829924
2026-07-05 17:00,POI021,군자역,여유,6000,6500,37.558149,127.077839
2026-07-05 17:00,POI023,대림역,여유,14000,16000,37.4908703,126.8936859
2026-07-05 17:00,POI024,동대문역,여유,7500,8000,37.5718616,127.0114887
2026-07-05 17:00,POI025,뚝섬역,여유,9500,10000,37.5475031,127.0461973
2026-07-05 17:00,POI026,미아사거리역,보통,10000,12000,37.61175,127.03044
2026-07-05 17:00,POI055,홍대입구역(2호선),약간 붐빔,22000,24000,37.5574135,126.9238
2026-07-05 17:00,POI088,광화문광장,여유,5000,5500,37.5759194,126.9768
2026-07-05 17:00,POI119,잠실역,붐빔,52000,54000,37.5127453,127.0973
2026-07-05 20:00,POI006,종로·청계 관광특구,여유,18000,20000,37.5702856,126.9903626
2026-07-05 20:00,POI007,홍대 관광특구,보통,76000,78000,37.5574135,126.9238
2026-07-05 20:00,POI008,경복궁,여유,900,1000,37.579754,126.9766818
2026-07-05 20:00,POI009,광화문·덕수궁,여유,12000,14000,37.5759194,126.9768
2026-07-05 20:00,POI010,보신각,여유,5000,5500,37.5698518,126.9836102
2026-07-05 20:00,POI011,서울 암사동 유적,여유,200,300,37.5610203,127.1306288
2026-07-05 20:00,POI012,창덕궁·종묘,여유,6000,6500,37.5823872,126.9917013
2026-07-05 20:00,POI013,가산디지털단지역,여유,10000,12000,37.480819,126.8816358
2026-07-05 20:00,POI014,강남역,여유,42000,44000,37.5002304,127.0268054
2026-07-05 20:00,POI015,건대입구역,약간 붐빔,30000,32000,37.54088,127.06812
2026-07-05 20:00,POI016,고덕역,여유,3000,3500,37.5550721,127.1550065
2026-07-05 20:00,POI017,고속터미널역,약간 붐빔,20000,22000,37.5050827,127.0049777
2026-07-05 20:00,POI018,교대역,여유,10000,12000,37.494178,127.015909
2026-07-05 20:00,POI019,구로디지털단지역,여유,8000,8500,37.4853417,126.9068128
2026-07-05 20:00,POI020,구로역,여유,2000,2500,37.5000903,126.8829924
2026-07-05 20:00,POI021,군자역,여유,7000,7500,37.558149,127.077839
2026-07-05 20:00,POI023,대림역,여유,16000,18000,37.4908703,126.8936859
2026-07-05 20:00,POI024,동대문역,여유,4500,5000,37.5718616,127.0114887
2026-07-05 20:00,POI025,뚝섬역,여유,8000,8500,37.5475031,127.0461973
2026-07-05 20:00,POI026,미아사거리역,여유,9500,10000,37.61175,127.03044
2026-07-05 20:00,POI055,홍대입구역(2호선),보통,18000,20000,37.5574135,126.9238
2026-07-05 20:00,POI088,광화문광장,여유,3000,3500,37.5759194,126.9768
2026-07-05 20:00,POI119,잠실역,약간 붐빔,34000,36000,37.5127453,127.0973
2026-07-05 23:00,POI006,종로·청계 관광특구,여유,12000,14000,37.5702856,126.9903626
2026-07-05 23:00,POI007,홍대 관광특구,여유,48000,50000,37.5574135,126.9238
2026-07-05 23:00,POI008,경복궁,여유,500,600,37.579754,126.9766818
2026-07-05 23:00,POI009,광화문·덕수궁,여유,6500,7000,37.5759194,126.9768
2026-07-05 23:00,POI010,보신각,여유,2500,3000,37.5698518,126.9836102
2026-07-05 23:00,POI011,서울 암사동 유적,여유,100,200,37.5610203,127.1306288
2026-07-05 23:00,POI012,창덕궁·종묘,여유,4000,4500,37.5823872,126.9917013
2026-07-05 23:00,POI013,가산디지털단지역,여유,7000,7500,37.480819,126.8816358
2026-07-05 23:00,POI014,강남역,여유,30000,32000,37.5002304,127.0268054
2026-07-05 23:00,POI015,건대입구역,여유,24000,26000,37.54088,127.06812
2026-07-05 23:00,POI016,고덕역,여유,1500,2000,37.5550721,127.1550065
2026-07-05 23:00,POI017,고속터미널역,여유,5000,5500,37.5050827,127.0049777
2026-07-05 23:00,POI018,교대역,여유,8000,8500,37.494178,127.015909
2026-07-05 23:00,POI019,구로디지털단지역,여유,6000,6500,37.4853417,126.9068128
2026-07-05 23:00,POI020,구로역,여유,1000,1500,37.5000903,126.8829924
2026-07-05 23:00,POI021,군자역,여유,5500,6000,37.558149,127.077839
2026-07-05 23:00,POI023,대림역,여유,16000,18000,37.4908703,126.8936859
2026-07-05 23:00,POI024,동대문역,여유,2500,3000,37.5718616,127.0114887
2026-07-05 23:00,POI025,뚝섬역,여유,5500,6000,37.5475031,127.0461973
2026-07-05 23:00,POI026,미아사거리역,여유,5500,6000,37.61175,127.03044
2026-07-05 23:00,POI055,홍대입구역(2호선),여유,10000,12000,37.5574135,126.9238
2026-07-05 23:00,POI088,광화문광장,여유,1500,2000,37.5759194,126.9768
2026-07-05 23:00,POI119,잠실역,여유,6000,6500,37.5127453,127.0973
2026-07-06 00:00,POI006,종로·청계 관광특구,여유,10000,12000,37.5702856,126.9903626
2026-07-06 00:00,POI007,홍대 관광특구,여유,38000,40000,37.5574135,126.9238
2026-07-06 00:00,POI008,경복궁,여유,400,500,37.579754,126.9766818
2026-07-06 00:00,POI009,광화문·덕수궁,여유,3500,4000,37.5759194,126.9768
2026-07-06 00:00,POI010,보신각,여유,1500,2000,37.5698518,126.9836102
2026-07-06 00:00,POI011,서울 암사동 유적,여유,100,200,37.5610203,127.1306288
2026-07-06 00:00,POI012,창덕궁·종묘,여유,3500,4000,37.5823872,126.9917013
2026-07-06 00:00,POI013,가산디지털단지역,여유,5000,5500,37.480819,126.8816358
2026-07-06 00:00,POI014,강남역,여유,24000,26000,37.5002304,127.0268054
2026-07-06 00:00,POI015,건대입구역,여유,22000,24000,37.54088,127.06812
2026-07-06 00:00,POI016,고덕역,여유,1500,2000,37.5550721,127.1550065
2026-07-06 00:00,POI017,고속터미널역,여유,2500,3000,37.5050827,127.0049777
2026-07-06 00:00,POI018,교대역,여유,7000,7500,37.494178,127.015909
2026-07-06 00:00,POI019,구로디지털단지역,여유,5000,5500,37.4853417,126.9068128
2026-07-06 00:00,POI020,구로역,여유,1000,1500,37.5000903,126.8829924
2026-07-06 00:00,POI021,군자역,여유,4500,5000,37.558149,127.077839
2026-07-06 00:00,POI023,대림역,여유,16000,18000,37.4908703,126.8936859
2026-07-06 00:00,POI024,동대문역,여유,1500,2000,37.5718616,127.0114887
2026-07-06 00:00,POI025,뚝섬역,여유,5500,6000,37.5475031,127.0461973
2026-07-06 00:00,POI026,미아사거리역,여유,4000,4500,37.61175,127.03044
2026-07-06 00:00,POI055,홍대입구역(2호선),여유,8500,9000,37.5574135,126.9238
2026-07-06 00:00,POI088,광화문광장,여유,800,900,37.5759194,126.9768
2026-07-06 00:00,POI119,잠실역,여유,3000,3500,37.5127453,127.0973
2026-07-06 02:00,POI006,종로·청계 관광특구,여유,9000,9500,37.5702856,126.9903626
2026-07-06 02:00,POI007,홍대 관광특구,여유,34000,36000,37.5574135,126.9238
2026-07-06 02:00,POI008,경복궁,여유,200,300,37.579754,126.9766818
2026-07-06 02:00,POI009,광화문·덕수궁,여유,2500,3000,37.5759194,126.9768
2026-07-06 02:00,POI010,보신각,여유,1500,2000,37.5698518,126.9836102
2026-07-06 02:00,POI011,서울 암사동 유적,여유,300,400,37.5610203,127.1306288
2026-07-06 02:00,POI012,창덕궁·종묘,여유,2500,3000,37.5823872,126.9917013
2026-07-06 02:00,POI013,가산디지털단지역,여유,4500,5000,37.480819,126.8816358
2026-07-06 02:00,POI014,강남역,여유,20000,22000,37.5002304,127.0268054
2026-07-06 02:00,POI015,건대입구역,여유,16000,18000,37.54088,127.06812
2026-07-06 02:00,POI016,고덕역,여유,1000,1500,37.5550721,127.1550065
2026-07-06 02:00,POI017,고속터미널역,여유,1500,2000,37.5050827,127.0049777
2026-07-06 02:00,POI018,교대역,여유,5500,6000,37.494178,127.015909
2026-07-06 02:00,POI019,구로디지털단지역,여유,4000,4500,37.4853417,126.9068128
2026-07-06 02:00,POI020,구로역,여유,700,800,37.5000903,126.8829924
2026-07-06 02:00,POI021,군자역,여유,3500,4000,37.558149,127.077839
2026-07-06 02:00,POI023,대림역,약간 붐빔,18000,20000,37.4908703,126.8936859
2026-07-06 02:00,POI024,동대문역,여유,1500,2000,37.5718616,127.0114887
2026-07-06 02:00,POI025,뚝섬역,여유,3500,4000,37.5475031,127.0461973
2026-07-06 02:00,POI026,미아사거리역,여유,3500,4000,37.61175,127.03044
2026-07-06 02:00,POI055,홍대입구역(2호선),여유,6500,7000,37.5574135,126.9238
2026-07-06 02:00,POI088,광화문광장,여유,600,700,37.5759194,126.9768
2026-07-06 02:00,POI119,잠실역,여유,2000,2500,37.5127453,127.0973
2026-07-06 04:00,POI006,종로·청계 관광특구,여유,8500,9000,37.5702856,126.9903626
2026-07-06 04:00,POI007,홍대 관광특구,여유,32000,34000,37.5574135,126.9238
2026-07-06 04:00,POI008,경복궁,여유,200,300,37.579754,126.9766818
2026-07-06 04:00,POI009,광화문·덕수궁,여유,2500,3000,37.5759194,126.9768
2026-07-06 04:00,POI010,보신각,여유,1500,2000,37.5698518,126.9836102
2026-07-06 04:00,POI011,서울 암사동 유적,여유,300,400,37.5610203,127.1306288
2026-07-06 04:00,POI012,창덕궁·종묘,여유,3000,3500,37.5823872,126.9917013
2026-07-06 04:00,POI013,가산디지털단지역,여유,5000,5500,37.480819,126.8816358
2026-07-06 04:00,POI014,강남역,여유,18000,20000,37.5002304,127.0268054
2026-07-06 04:00,POI015,건대입구역,여유,14000,16000,37.54088,127.06812
2026-07-06 04:00,POI016,고덕역,여유,1000,1500,37.5550721,127.1550065
2026-07-06 04:00,POI017,고속터미널역,여유,1500,2000,37.5050827,127.0049777
2026-07-06 04:00,POI018,교대역,여유,5500,6000,37.494178,127.015909
2026-07-06 04:00,POI019,구로디지털단지역,여유,4000,4500,37.4853417,126.9068128
2026-07-06 04:00,POI020,구로역,여유,800,900,37.5000903,126.8829924
2026-07-06 04:00,POI021,군자역,여유,3500,4000,37.558149,127.077839
2026-07-06 04:00,POI023,대림역,약간 붐빔,18000,20000,37.4908703,126.8936859
2026-07-06 04:00,POI024,동대문역,여유,1000,1500,37.5718616,127.0114887
2026-07-06 04:00,POI025,뚝섬역,여유,4000,4500,37.5475031,127.0461973
2026-07-06 04:00,POI026,미아사거리역,여유,3000,3500,37.61175,127.03044
2026-07-06 04:00,POI055,홍대입구역(2호선),여유,6000,6500,37.5574135,126.9238
2026-07-06 04:00,POI088,광화문광장,여유,600,700,37.5759194,126.9768
2026-07-06 04:00,POI119,잠실역,여유,2000,2500,37.5127453,127.0973
2026-07-06 06:00,POI006,종로·청계 관광특구,여유,9500,10000,37.5702856,126.9903626
2026-07-06 06:00,POI007,홍대 관광특구,여유,30000,32000,37.5574135,126.9238
2026-07-06 06:00,POI008,경복궁,여유,200,300,37.579754,126.9766818
2026-07-06 06:00,POI009,광화문·덕수궁,여유,4000,4500,37.5759194,126.9768
2026-07-06 06:00,POI010,보신각,여유,1500,2000,37.5698518,126.9836102
2026-07-06 06:00,POI011,서울 암사동 유적,여유,300,400,37.5610203,127.1306288
2026-07-06 06:00,POI012,창덕궁·종묘,여유,3000,3500,37.5823872,126.9917013
2026-07-06 06:00,POI013,가산디지털단지역,여유,6500,7000,37.480819,126.8816358
2026-07-06 06:00,POI014,강남역,여유,18000,20000,37.5002304,127.0268054
2026-07-06 06:00,POI015,건대입구역,여유,14000,16000,37.54088,127.06812
2026-07-06 06:00,POI016,고덕역,여유,1000,1500,37.5550721,127.1550065
2026-07-06 06:00,POI017,고속터미널역,여유,2500,3000,37.5050827,127.0049777
2026-07-06 06:00,POI018,교대역,여유,5500,6000,37.494178,127.015909
2026-07-06 06:00,POI019,구로디지털단지역,여유,4500,5000,37.4853417,126.9068128
2026-07-06 06:00,POI020,구로역,여유,1000,1500,37.5000903,126.8829924
2026-07-06 06:00,POI021,군자역,여유,3500,4000,37.558149,127.077839
2026-07-06 06:00,POI023,대림역,약간 붐빔,18000,20000,37.4908703,126.8936859
2026-07-06 06:00,POI024,동대문역,여유,1500,2000,37.5718616,127.0114887
2026-07-06 06:00,POI025,뚝섬역,여유,4000,4500,37.5475031,127.0461973
2026-07-06 06:00,POI026,미아사거리역,여유,4500,5000,37.61175,127.03044
2026-07-06 06:00,POI055,홍대입구역(2호선),여유,6500,7000,37.5574135,126.9238
2026-07-06 06:00,POI088,광화문광장,여유,900,1000,37.5759194,126.9768
2026-07-06 06:00,POI119,잠실역,여유,2500,3000,37.5127453,127.0973
2026-07-06 08:00,POI006,종로·청계 관광특구,여유,20000,22000,37.5702856,126.9903626
2026-07-06 08:00,POI007,홍대 관광특구,여유,36000,38000,37.5574135,126.9238
2026-07-06 08:00,POI008,경복궁,여유,800,900,37.579754,126.9766818
2026-07-06 08:00,POI009,광화문·덕수궁,여유,16000,18000,37.5759194,126.9768
2026-07-06 08:00,POI010,보신각,여유,6000,6500,37.5698518,126.9836102
2026-07-06 08:00,POI011,서울 암사동 유적,여유,300,400,37.5610203,127.1306288
2026-07-06 08:00,POI012,창덕궁·종묘,여유,6500,7000,37.5823872,126.9917013
2026-07-06 08:00,POI013,가산디지털단지역,보통,20000,22000,37.480819,126.8816358
2026-07-06 08:00,POI014,강남역,여유,38000,40000,37.5002304,127.0268054
2026-07-06 08:00,POI015,건대입구역,여유,20000,22000,37.54088,127.06812
2026-07-06 08:00,POI016,고덕역,여유,2000,2500,37.5550721,127.1550065
2026-07-06 08:00,POI017,고속터미널역,여유,9000,9500,37.5050827,127.0049777
2026-07-06 08:00,POI018,교대역,여유,10000,12000,37.494178,127.015909
2026-07-06 08:00,POI019,구로디지털단지역,여유,10000,12000,37.4853417,126.9068128
2026-07-06 08:00,POI020,구로역,여유,3000,3500,37.5000903,126.8829924
2026-07-06 08:00,POI021,군자역,여유,5000,5500,37.558149,127.077839
2026-07-06 08:00,POI023,대림역,약간 붐빔,18000,20000,37.4908703,126.8936859
2026-07-06 08:00,POI024,동대문역,여유,5000,5500,37.5718616,127.0114887
2026-07-06 08:00,POI025,뚝섬역,여유,6500,7000,37.5475031,127.0461973
2026-07-06 08:00,POI026,미아사거리역,여유,8000,8500,37.61175,127.03044
2026-07-06 08:00,POI055,홍대입구역(2호선),여유,9500,10000,37.5574135,126.9238
2026-07-06 08:00,POI088,광화문광장,여유,3500,4000,37.5759194,126.9768
2026-07-06 08:00,POI119,잠실역,여유,7000,7500,37.5127453,127.0973
2026-07-06 13:00,POI006,종로·청계 관광특구,보통,48000,50000,37.5702856,126.9903626
2026-07-06 13:00,POI007,홍대 관광특구,여유,72000,74000,37.5574135,126.9238
2026-07-06 13:00,POI008,경복궁,보통,1500,2000,37.579754,126.9766818
2026-07-06 13:00,POI009,광화문·덕수궁,약간 붐빔,50000,52000,37.5759194,126.9768
2026-07-06 13:00,POI010,보신각,보통,18000,20000,37.5698518,126.9836102
2026-07-06 13:00,POI011,서울 암사동 유적,여유,300,400,37.5610203,127.1306288
2026-07-06 13:00,POI012,창덕궁·종묘,보통,14000,16000,37.5823872,126.9917013
2026-07-06 13:00,POI013,가산디지털단지역,약간 붐빔,38000,40000,37.480819,126.8816358
2026-07-06 13:00,POI014,강남역,약간 붐빔,96000,98000,37.5002304,127.0268054
2026-07-06 13:00,POI015,건대입구역,여유,24000,26000,37.54088,127.06812
2026-07-06 13:00,POI016,고덕역,여유,3000,3500,37.5550721,127.1550065
2026-07-06 13:00,POI017,고속터미널역,약간 붐빔,22000,24000,37.5050827,127.0049777
2026-07-06 13:00,POI018,교대역,붐빔,24000,26000,37.494178,127.015909
2026-07-06 13:00,POI019,구로디지털단지역,약간 붐빔,36000,38000,37.4853417,126.9068128
2026-07-06 13:00,POI020,구로역,여유,2000,2500,37.5000903,126.8829924
2026-07-06 13:00,POI021,군자역,여유,6500,7000,37.558149,127.077839
2026-07-06 13:00,POI023,대림역,여유,14000,16000,37.4908703,126.8936859
2026-07-06 13:00,POI024,동대문역,보통,9500,10000,37.5718616,127.0114887
2026-07-06 13:00,POI025,뚝섬역,보통,10000,12000,37.5475031,127.0461973
2026-07-06 13:00,POI026,미아사거리역,여유,10000,12000,37.61175,127.03044
2026-07-06 13:00,POI055,홍대입구역(2호선),보통,18000,20000,37.5574135,126.9238
2026-07-06 13:00,POI088,광화문광장,보통,9500,10000,37.5759194,126.9768
2026-07-06 13:00,POI119,잠실역,보통,28000,30000,37.5127453,127.0973
2026-07-06 18:00,POI006,종로·청계 관광특구,보통,40000,42000,37.5702856,126.9903626
2026-07-06 18:00,POI007,홍대 관광특구,보통,80000,82000,37.5574135,126.9238
2026-07-06 18:00,POI008,경복궁,여유,1000,1500,37.579754,126.9766818
2026-07-06 18:00,POI009,광화문·덕수궁,보통,40000,42000,37.5759194,126.9768
2026-07-06 18:00,POI010,보신각,보통,14000,16000,37.5698518,126.9836102
2026-07-06 18:00,POI011,서울 암사동 유적,여유,200,300,37.5610203,127.1306288
2026-07-06 18:00,POI012,창덕궁·종묘,보통,12000,14000,37.5823872,126.9917013
2026-07-06 18:00,POI013,가산디지털단지역,보통,34000,36000,37.480819,126.8816358
2026-07-06 18:00,POI014,강남역,약간 붐빔,86000,88000,37.5002304,127.0268054
2026-07-06 18:00,POI015,건대입구역,여유,26000,28000,37.54088,127.06812
2026-07-06 18:00,POI016,고덕역,여유,4500,5000,37.5550721,127.1550065
2026-07-06 18:00,POI017,고속터미널역,약간 붐빔,20000,22000,37.5050827,127.0049777
2026-07-06 18:00,POI018,교대역,약간 붐빔,22000,24000,37.494178,127.015909
2026-07-06 18:00,POI019,구로디지털단지역,보통,30000,32000,37.4853417,126.9068128
2026-07-06 18:00,POI020,구로역,여유,3500,4000,37.5000903,126.8829924
2026-07-06 18:00,POI021,군자역,보통,7500,8000,37.558149,127.077839
2026-07-06 18:00,POI023,대림역,여유,16000,18000,37.4908703,126.8936859
2026-07-06 18:00,POI024,동대문역,보통,8500,9000,37.5718616,127.0114887
2026-07-06 18:00,POI025,뚝섬역,여유,9500,10000,37.5475031,127.0461973
2026-07-06 18:00,POI026,미아사거리역,보통,10000,12000,37.61175,127.03044
2026-07-06 18:00,POI055,홍대입구역(2호선),약간 붐빔,20000,22000,37.5574135,126.9238
2026-07-06 18:00,POI088,광화문광장,보통,8000,8500,37.5759194,126.9768
2026-07-06 18:00,POI119,잠실역,보통,28000,30000,37.5127453,127.0973
2026-07-06 22:00,POI006,종로·청계 관광특구,여유,16000,18000,37.5702856,126.9903626
2026-07-06 22:00,POI007,홍대 관광특구,여유,54000,56000,37.5574135,126.9238
2026-07-06 22:00,POI008,경복궁,여유,400,500,37.579754,126.9766818
2026-07-06 22:00,POI009,광화문·덕수궁,여유,8500,9000,37.5759194,126.9768
2026-07-06 22:00,POI010,보신각,여유,4500,5000,37.5698518,126.9836102
2026-07-06 22:00,POI011,서울 암사동 유적,여유,200,300,37.5610203,127.1306288
2026-07-06 22:00,POI012,창덕궁·종묘,여유,4500,5000,37.5823872,126.9917013
2026-07-06 22:00,POI013,가산디지털단지역,여유,9000,9500,37.480819,126.8816358
2026-07-06 22:00,POI014,강남역,여유,38000,40000,37.5002304,127.0268054
2026-07-06 22:00,POI015,건대입구역,여유,24000,26000,37.54088,127.06812
2026-07-06 22:00,POI016,고덕역,여유,2000,2500,37.5550721,127.1550065
2026-07-06 22:00,POI017,고속터미널역,여유,5000,5500,37.5050827,127.0049777
2026-07-06 22:00,POI018,교대역,여유,10000,12000,37.494178,127.015909
2026-07-06 22:00,POI019,구로디지털단지역,여유,8000,8500,37.4853417,126.9068128
2026-07-06 22:00,POI020,구로역,여유,1500,2000,37.5000903,126.8829924
2026-07-06 22:00,POI021,군자역,여유,6500,7000,37.558149,127.077839
2026-07-06 22:00,POI023,대림역,약간 붐빔,18000,20000,37.4908703,126.8936859
2026-07-06 22:00,POI024,동대문역,여유,3000,3500,37.5718616,127.0114887
2026-07-06 22:00,POI025,뚝섬역,여유,6000,6500,37.5475031,127.0461973
2026-07-06 22:00,POI026,미아사거리역,여유,6500,7000,37.61175,127.03044
2026-07-06 22:00,POI055,홍대입구역(2호선),여유,12000,14000,37.5574135,126.9238
2026-07-06 22:00,POI088,광화문광장,여유,1500,2000,37.5759194,126.9768
2026-07-06 22:00,POI119,잠실역,여유,6000,6500,37.5127453,127.0973
2026-07-07 02:00,POI006,종로·청계 관광특구,여유,10000,12000,37.5702856,126.9903626
2026-07-07 02:00,POI007,홍대 관광특구,여유,34000,36000,37.5574135,126.9238
2026-07-07 02:00,POI008,경복궁,여유,200,300,37.579754,126.9766818
2026-07-07 02:00,POI009,광화문·덕수궁,여유,3000,3500,37.5759194,126.9768
2026-07-07 02:00,POI010,보신각,여유,1500,2000,37.5698518,126.9836102
2026-07-07 02:00,POI011,서울 암사동 유적,여유,300,400,37.5610203,127.1306288
2026-07-07 02:00,POI012,창덕궁·종묘,여유,3000,3500,37.5823872,126.9917013
2026-07-07 02:00,POI013,가산디지털단지역,여유,5000,5500,37.480819,126.8816358
2026-07-07 02:00,POI014,강남역,여유,22000,24000,37.5002304,127.0268054
2026-07-07 02:00,POI015,건대입구역,여유,16000,18000,37.54088,127.06812
2026-07-07 02:00,POI016,고덕역,여유,1500,2000,37.5550721,127.1550065
2026-07-07 02:00,POI017,고속터미널역,여유,1500,2000,37.5050827,127.0049777
2026-07-07 02:00,POI018,교대역,여유,6000,6500,37.494178,127.015909
2026-07-07 02:00,POI019,구로디지털단지역,여유,4500,5000,37.4853417,126.9068128
2026-07-07 02:00,POI020,구로역,여유,800,900,37.5000903,126.8829924
2026-07-07 02:00,POI021,군자역,여유,3500,4000,37.558149,127.077839
2026-07-07 02:00,POI023,대림역,약간 붐빔,18000,20000,37.4908703,126.8936859
2026-07-07 02:00,POI024,동대문역,여유,1500,2000,37.5718616,127.0114887
2026-07-07 02:00,POI025,뚝섬역,여유,4000,4500,37.5475031,127.0461973
2026-07-07 02:00,POI026,미아사거리역,여유,3500,4000,37.61175,127.03044
2026-07-07 02:00,POI055,홍대입구역(2호선),여유,6500,7000,37.5574135,126.9238
2026-07-07 02:00,POI088,광화문광장,여유,700,800,37.5759194,126.9768
2026-07-07 02:00,POI119,잠실역,여유,2500,3000,37.5127453,127.0973
2026-07-07 05:00,POI006,종로·청계 관광특구,여유,9000,9500,37.5702856,126.9903626
2026-07-07 05:00,POI007,홍대 관광특구,여유,30000,32000,37.5574135,126.9238
2026-07-07 05:00,POI008,경복궁,여유,200,300,37.579754,126.9766818
2026-07-07 05:00,POI009,광화문·덕수궁,여유,3000,3500,37.5759194,126.9768
2026-07-07 05:00,POI010,보신각,여유,1500,2000,37.5698518,126.9836102
2026-07-07 05:00,POI011,서울 암사동 유적,여유,300,400,37.5610203,127.1306288
2026-07-07 05:00,POI012,창덕궁·종묘,여유,3000,3500,37.5823872,126.9917013
2026-07-07 05:00,POI013,가산디지털단지역,여유,5000,5500,37.480819,126.8816358
2026-07-07 05:00,POI014,강남역,여유,20000,22000,37.5002304,127.0268054
2026-07-07 05:00,POI015,건대입구역,여유,14000,16000,37.54088,127.06812
2026-07-07 05:00,POI016,고덕역,여유,1000,1500,37.5550721,127.1550065
2026-07-07 05:00,POI017,고속터미널역,여유,1500,2000,37.5050827,127.0049777
2026-07-07 05:00,POI018,교대역,여유,5500,6000,37.494178,127.015909
2026-07-07 05:00,POI019,구로디지털단지역,여유,4500,5000,37.4853417,126.9068128
2026-07-07 05:00,POI020,구로역,여유,900,1000,37.5000903,126.8829924
2026-07-07 05:00,POI021,군자역,여유,3500,4000,37.558149,127.077839
2026-07-07 05:00,POI023,대림역,약간 붐빔,18000,20000,37.4908703,126.8936859
2026-07-07 05:00,POI024,동대문역,여유,1000,1500,37.5718616,127.0114887
2026-07-07 05:00,POI025,뚝섬역,여유,3500,4000,37.5475031,127.0461973
2026-07-07 05:00,POI026,미아사거리역,여유,3500,4000,37.61175,127.03044
2026-07-07 05:00,POI055,홍대입구역(2호선),여유,6000,6500,37.5574135,126.9238
2026-07-07 05:00,POI088,광화문광장,여유,700,800,37.5759194,126.9768
2026-07-07 05:00,POI119,잠실역,여유,2500,3000,37.5127453,127.0973
2026-07-07 07:00,POI006,종로·청계 관광특구,여유,12000,14000,37.5702856,126.9903626
2026-07-07 07:00,POI007,홍대 관광특구,여유,32000,34000,37.5574135,126.9238
2026-07-07 07:00,POI008,경복궁,여유,400,500,37.579754,126.9766818
2026-07-07 07:00,POI009,광화문·덕수궁,여유,8000,8500,37.5759194,126.9768
2026-07-07 07:00,POI010,보신각,여유,3000,3500,37.5698518,126.9836102
2026-07-07 07:00,POI011,서울 암사동 유적,여유,400,500,37.5610203,127.1306288
2026-07-07 07:00,POI012,창덕궁·종묘,여유,4500,5000,37.5823872,126.9917013
2026-07-07 07:00,POI013,가산디지털단지역,여유,10000,12000,37.480819,126.8816358
2026-07-07 07:00,POI014,강남역,여유,24000,26000,37.5002304,127.0268054
2026-07-07 07:00,POI015,건대입구역,여유,16000,18000,37.54088,127.06812
2026-07-07 07:00,POI016,고덕역,여유,1500,2000,37.5550721,127.1550065
2026-07-07 07:00,POI017,고속터미널역,여유,4500,5000,37.5050827,127.0049777
2026-07-07 07:00,POI018,교대역,여유,7000,7500,37.494178,127.015909
2026-07-07 07:00,POI019,구로디지털단지역,여유,6000,6500,37.4853417,126.9068128
2026-07-07 07:00,POI020,구로역,여유,2000,2500,37.5000903,126.8829924
2026-07-07 07:00,POI021,군자역,여유,4000,4500,37.558149,127.077839
2026-07-07 07:00,POI023,대림역,약간 붐빔,18000,20000,37.4908703,126.8936859
2026-07-07 07:00,POI024,동대문역,여유,3000,3500,37.5718616,127.0114887
2026-07-07 07:00,POI025,뚝섬역,여유,4500,5000,37.5475031,127.0461973
2026-07-07 07:00,POI026,미아사거리역,여유,5500,6000,37.61175,127.03044
2026-07-07 07:00,POI055,홍대입구역(2호선),여유,7000,7500,37.5574135,126.9238
2026-07-07 07:00,POI088,광화문광장,여유,1500,2000,37.5759194,126.9768
2026-07-07 07:00,POI119,잠실역,여유,4500,5000,37.5127453,127.0973
2026-07-07 09:00,POI006,종로·청계 관광특구,보통,32000,34000,37.5702856,126.9903626
2026-07-07 09:00,POI007,홍대 관광특구,여유,44000,46000,37.5574135,126.9238
2026-07-07 09:00,POI008,경복궁,여유,1000,1500,37.579754,126.9766818
2026-07-07 09:00,POI009,광화문·덕수궁,약간 붐빔,36000,38000,37.5759194,126.9768
2026-07-07 09:00,POI010,보신각,약간 붐빔,12000,14000,37.5698518,126.9836102
2026-07-07 09:00,POI011,서울 암사동 유적,여유,400,500,37.5610203,127.1306288
2026-07-07 09:00,POI012,창덕궁·종묘,보통,10000,12000,37.5823872,126.9917013
2026-07-07 09:00,POI013,가산디지털단지역,약간 붐빔,36000,38000,37.480819,126.8816358
2026-07-07 09:00,POI014,강남역,보통,56000,58000,37.5002304,127.0268054
2026-07-07 09:00,POI015,건대입구역,여유,22000,24000,37.54088,127.06812
2026-07-07 09:00,POI016,고덕역,여유,2000,2500,37.5550721,127.1550065
2026-07-07 09:00,POI017,고속터미널역,여유,10000,12000,37.5050827,127.0049777
2026-07-07 09:00,POI018,교대역,여유,16000,18000,37.494178,127.015909
2026-07-07 09:00,POI019,구로디지털단지역,약간 붐빔,24000,26000,37.4853417,126.9068128
2026-07-07 09:00,POI020,구로역,여유,3000,3500,37.5000903,126.8829924
2026-07-07 09:00,POI021,군자역,여유,5500,6000,37.558149,127.077839
2026-07-07 09:00,POI023,대림역,보통,16000,18000,37.4908703,126.8936859
2026-07-07 09:00,POI024,동대문역,보통,8000,8500,37.5718616,127.0114887
2026-07-07 09:00,POI025,뚝섬역,여유,8000,8500,37.5475031,127.0461973
2026-07-07 09:00,POI026,미아사거리역,여유,9000,9500,37.61175,127.03044
2026-07-07 09:00,POI055,홍대입구역(2호선),여유,10000,12000,37.5574135,126.9238
2026-07-07 09:00,POI088,광화문광장,약간 붐빔,8500,9000,37.5759194,126.9768
2026-07-07 09:00,POI119,잠실역,여유,10000,12000,37.5127453,127.0973
2026-07-07 14:00,POI006,종로·청계 관광특구,보통,50000,52000,37.5702856,126.9903626
2026-07-07 14:00,POI007,홍대 관광특구,여유,76000,78000,37.5574135,126.9238
2026-07-07 14:00,POI008,경복궁,보통,1500,2000,37.579754,126.9766818
2026-07-07 14:00,POI009,광화문·덕수궁,약간 붐빔,52000,54000,37.5759194,126.9768
2026-07-07 14:00,POI010,보신각,보통,22000,24000,37.5698518,126.9836102
2026-07-07 14:00,POI011,서울 암사동 유적,여유,300,400,37.5610203,127.1306288
2026-07-07 14:00,POI012,창덕궁·종묘,보통,14000,16000,37.5823872,126.9917013
2026-07-07 14:00,POI013,가산디지털단지역,약간 붐빔,36000,38000,37.480819,126.8816358
2026-07-07 14:00,POI014,강남역,붐빔,96000,98000,37.5002304,127.0268054
2026-07-07 14:00,POI015,건대입구역,여유,24000,26000,37.54088,127.06812
2026-07-07 14:00,POI016,고덕역,여유,3000,3500,37.5550721,127.1550065
2026-07-07 14:00,POI017,고속터미널역,약간 붐빔,24000,26000,37.5050827,127.0049777
2026-07-07 14:00,POI018,교대역,붐빔,24000,26000,37.494178,127.015909
2026-07-07 14:00,POI019,구로디지털단지역,약간 붐빔,36000,38000,37.4853417,126.9068128
2026-07-07 14:00,POI020,구로역,여유,2000,2500,37.5000903,126.8829924
2026-07-07 14:00,POI021,군자역,여유,6000,6500,37.558149,127.077839
2026-07-07 14:00,POI023,대림역,여유,14000,16000,37.4908703,126.8936859
2026-07-07 14:00,POI024,동대문역,보통,10000,12000,37.5718616,127.0114887
2026-07-07 14:00,POI025,뚝섬역,보통,12000,14000,37.5475031,127.0461973
2026-07-07 14:00,POI026,미아사거리역,여유,9500,10000,37.61175,127.03044
2026-07-07 14:00,POI055,홍대입구역(2호선),보통,18000,20000,37.5574135,126.9238
2026-07-07 14:00,POI088,광화문광장,보통,9500,10000,37.5759194,126.9768
2026-07-07 14:00,POI119,잠실역,보통,30000,32000,37.5127453,127.0973
2026-07-07 17:00,POI006,종로·청계 관광특구,보통,44000,46000,37.5702856,126.9903626
2026-07-07 17:00,POI007,홍대 관광특구,보통,84000,86000,37.5574135,126.9238
2026-07-07 17:00,POI008,경복궁,여유,1500,2000,37.579754,126.9766818
2026-07-07 17:00,POI009,광화문·덕수궁,보통,44000,46000,37.5759194,126.9768
2026-07-07 17:00,POI010,보신각,보통,16000,18000,37.5698518,126.9836102
2026-07-07 17:00,POI011,서울 암사동 유적,여유,200,300,37.5610203,127.1306288
2026-07-07 17:00,POI012,창덕궁·종묘,보통,14000,16000,37.5823872,126.9917013
2026-07-07 17:00,POI013,가산디지털단지역,약간 붐빔,34000,36000,37.480819,126.8816358
2026-07-07 17:00,POI014,강남역,약간 붐빔,88000,90000,37.5002304,127.0268054
2026-07-07 17:00,POI015,건대입구역,여유,26000,28000,37.54088,127.06812
2026-07-07 17:00,POI016,고덕역,보통,5000,5500,37.5550721,127.1550065
2026-07-07 17:00,POI017,고속터미널역,약간 붐빔,22000,24000,37.5050827,127.0049777
2026-07-07 17:00,POI018,교대역,붐빔,22000,24000,37.494178,127.015909
2026-07-07 17:00,POI019,구로디지털단지역,약간 붐빔,32000,34000,37.4853417,126.9068128
2026-07-07 17:00,POI020,구로역,여유,2500,3000,37.5000903,126.8829924
2026-07-07 17:00,POI021,군자역,여유,7000,7500,37.558149,127.077839
2026-07-07 17:00,POI023,대림역,여유,14000,16000,37.4908703,126.8936859
2026-07-07 17:00,POI024,동대문역,보통,10000,12000,37.5718616,127.0114887
2026-07-07 17:00,POI025,뚝섬역,여유,10000,12000,37.5475031,127.0461973
2026-07-07 17:00,POI026,미아사거리역,보통,10000,12000,37.61175,127.03044
2026-07-07 17:00,POI055,홍대입구역(2호선),약간 붐빔,22000,24000,37.5574135,126.9238
2026-07-07 17:00,POI088,광화문광장,보통,8500,9000,37.5759194,126.9768
2026-07-07 17:00,POI119,잠실역,약간 붐빔,32000,34000,37.5127453,127.0973
2026-07-07 21:00,POI006,종로·청계 관광특구,여유,24000,26000,37.5702856,126.9903626
2026-07-07 21:00,POI007,홍대 관광특구,여유,74000,76000,37.5574135,126.9238
2026-07-07 21:00,POI008,경복궁,여유,800,900,37.579754,126.9766818
2026-07-07 21:00,POI009,광화문·덕수궁,여유,20000,22000,37.5759194,126.9768
2026-07-07 21:00,POI010,보신각,보통,10000,12000,37.5698518,126.9836102
2026-07-07 21:00,POI011,서울 암사동 유적,여유,200,300,37.5610203,127.1306288
2026-07-07 21:00,POI012,창덕궁·종묘,여유,7000,7500,37.5823872,126.9917013
2026-07-07 21:00,POI013,가산디지털단지역,여유,14000,16000,37.480819,126.8816358
2026-07-07 21:00,POI014,강남역,보통,62000,64000,37.5002304,127.0268054
2026-07-07 21:00,POI015,건대입구역,여유,28000,30000,37.54088,127.06812
2026-07-07 21:00,POI016,고덕역,여유,4500,5000,37.5550721,127.1550065
2026-07-07 21:00,POI017,고속터미널역,여유,10000,12000,37.5050827,127.0049777
2026-07-07 21:00,POI018,교대역,여유,14000,16000,37.494178,127.015909
2026-07-07 21:00,POI019,구로디지털단지역,여유,12000,14000,37.4853417,126.9068128
2026-07-07 21:00,POI020,구로역,여유,2500,3000,37.5000903,126.8829924
2026-07-07 21:00,POI021,군자역,보통,8000,8500,37.558149,127.077839
2026-07-07 21:00,POI023,대림역,보통,16000,18000,37.4908703,126.8936859
2026-07-07 21:00,POI024,동대문역,여유,4000,4500,37.5718616,127.0114887
2026-07-07 21:00,POI025,뚝섬역,여유,8000,8500,37.5475031,127.0461973
2026-07-07 21:00,POI026,미아사거리역,여유,9500,10000,37.61175,127.03044
2026-07-07 21:00,POI055,홍대입구역(2호선),보통,18000,20000,37.5574135,126.9238
2026-07-07 21:00,POI088,광화문광장,여유,4000,4500,37.5759194,126.9768
2026-07-07 21:00,POI119,잠실역,여유,20000,22000,37.5127453,127.0973
2026-07-08 00:00,POI006,종로·청계 관광특구,여유,10000,12000,37.5702856,126.9903626
2026-07-08 00:00,POI007,홍대 관광특구,여유,38000,40000,37.5574135,126.9238
2026-07-08 00:00,POI008,경복궁,여유,200,300,37.579754,126.9766818
2026-07-08 00:00,POI009,광화문·덕수궁,여유,4000,4500,37.5759194,126.9768
2026-07-08 00:00,POI010,보신각,여유,2500,3000,37.5698518,126.9836102
2026-07-08 00:00,POI011,서울 암사동 유적,여유,300,400,37.5610203,127.1306288
2026-07-08 00:00,POI012,창덕궁·종묘,여유,3500,4000,37.5823872,126.9917013
2026-07-08 00:00,POI013,가산디지털단지역,여유,6000,6500,37.480819,126.8816358
2026-07-08 00:00,POI014,강남역,여유,24000,26000,37.5002304,127.0268054
2026-07-08 00:00,POI015,건대입구역,여유,18000,20000,37.54088,127.06812
2026-07-08 00:00,POI016,고덕역,여유,1500,2000,37.5550721,127.1550065
2026-07-08 00:00,POI017,고속터미널역,여유,2500,3000,37.5050827,127.0049777
2026-07-08 00:00,POI018,교대역,여유,6500,7000,37.494178,127.015909
2026-07-08 00:00,POI019,구로디지털단지역,여유,6000,6500,37.4853417,126.9068128
2026-07-08 00:00,POI020,구로역,여유,900,1000,37.5000903,126.8829924
2026-07-08 00:00,POI021,군자역,여유,4500,5000,37.558149,127.077839
2026-07-08 00:00,POI023,대림역,약간 붐빔,18000,20000,37.4908703,126.8936859
2026-07-08 00:00,POI024,동대문역,여유,2000,2500,37.5718616,127.0114887
2026-07-08 00:00,POI025,뚝섬역,여유,4000,4500,37.5475031,127.0461973
2026-07-08 00:00,POI026,미아사거리역,여유,4000,4500,37.61175,127.03044
2026-07-08 00:00,POI055,홍대입구역(2호선),여유,7500,8000,37.5574135,126.9238
2026-07-08 00:00,POI088,광화문광장,여유,800,900,37.5759194,126.9768
2026-07-08 00:00,POI119,잠실역,여유,3000,3500,37.5127453,127.0973
2026-07-08 03:00,POI006,종로·청계 관광특구,여유,9500,10000,37.5702856,126.9903626
2026-07-08 03:00,POI007,홍대 관광특구,여유,32000,34000,37.5574135,126.9238
2026-07-08 03:00,POI008,경복궁,여유,200,300,37.579754,126.9766818
2026-07-08 03:00,POI009,광화문·덕수궁,여유,3000,3500,37.5759194,126.9768
2026-07-08 03:00,POI010,보신각,여유,1500,2000,37.5698518,126.9836102
2026-07-08 03:00,POI011,서울 암사동 유적,여유,300,400,37.5610203,127.1306288
2026-07-08 03:00,POI012,창덕궁·종묘,여유,3000,3500,37.5823872,126.9917013
2026-07-08 03:00,POI013,가산디지털단지역,여유,5000,5500,37.480819,126.8816358
2026-07-08 03:00,POI014,강남역,여유,20000,22000,37.5002304,127.0268054
2026-07-08 03:00,POI015,건대입구역,여유,14000,16000,37.54088,127.06812
2026-07-08 03:00,POI016,고덕역,여유,1000,1500,37.5550721,127.1550065
2026-07-08 03:00,POI017,고속터미널역,여유,1500,2000,37.5050827,127.0049777
2026-07-08 03:00,POI018,교대역,여유,5500,6000,37.494178,127.015909
2026-07-08 03:00,POI019,구로디지털단지역,여유,4000,4500,37.4853417,126.9068128
2026-07-08 03:00,POI020,구로역,여유,800,900,37.5000903,126.8829924
2026-07-08 03:00,POI021,군자역,여유,3500,4000,37.558149,127.077839
2026-07-08 03:00,POI023,대림역,약간 붐빔,18000,20000,37.4908703,126.8936859
2026-07-08 03:00,POI024,동대문역,여유,1000,1500,37.5718616,127.0114887
2026-07-08 03:00,POI025,뚝섬역,여유,4000,4500,37.5475031,127.0461973
2026-07-08 03:00,POI026,미아사거리역,여유,3500,4000,37.61175,127.03044
2026-07-08 03:00,POI055,홍대입구역(2호선),여유,6500,7000,37.5574135,126.9238
2026-07-08 03:00,POI088,광화문광장,여유,600,700,37.5759194,126.9768
2026-07-08 03:00,POI119,잠실역,여유,2000,2500,37.5127453,127.0973
2026-07-08 05:00,POI006,종로·청계 관광특구,여유,9500,10000,37.5702856,126.9903626
2026-07-08 05:00,POI007,홍대 관광특구,여유,30000,32000,37.5574135,126.9238
2026-07-08 05:00,POI008,경복궁,여유,200,300,37.579754,126.9766818
2026-07-08 05:00,POI009,광화문·덕수궁,여유,3500,4000,37.5759194,126.9768
2026-07-08 05:00,POI010,보신각,여유,1500,2000,37.5698518,126.9836102
2026-07-08 05:00,POI011,서울 암사동 유적,여유,300,400,37.5610203,127.1306288
2026-07-08 05:00,POI012,창덕궁·종묘,여유,3000,3500,37.5823872,126.9917013
2026-07-08 05:00,POI013,가산디지털단지역,여유,5500,6000,37.480819,126.8816358
2026-07-08 05:00,POI014,강남역,여유,20000,22000,37.5002304,127.0268054
2026-07-08 05:00,POI015,건대입구역,여유,14000,16000,37.54088,127.06812
2026-07-08 05:00,POI016,고덕역,여유,1000,1500,37.5550721,127.1550065
2026-07-08 05:00,POI017,고속터미널역,여유,2000,2500,37.5050827,127.0049777
2026-07-08 05:00,POI018,교대역,여유,5500,6000,37.494178,127.015909
2026-07-08 05:00,POI019,구로디지털단지역,여유,4500,5000,37.4853417,126.9068128
2026-07-08 05:00,POI020,구로역,여유,900,1000,37.5000903,126.8829924
2026-07-08 05:00,POI021,군자역,여유,3500,4000,37.558149,127.077839
2026-07-08 05:00,POI023,대림역,약간 붐빔,16000,18000,37.4908703,126.8936859
2026-07-08 05:00,POI024,동대문역,여유,1000,1500,37.5718616,127.0114887
2026-07-08 05:00,POI025,뚝섬역,여유,4000,4500,37.5475031,127.0461973
2026-07-08 05:00,POI026,미아사거리역,여유,3500,4000,37.61175,127.03044
2026-07-08 05:00,POI055,홍대입구역(2호선),여유,6500,7000,37.5574135,126.9238
2026-07-08 05:00,POI088,광화문광장,여유,800,900,37.5759194,126.9768
2026-07-08 05:00,POI119,잠실역,여유,2500,3000,37.5127453,127.0973
2026-07-08 07:00,POI006,종로·청계 관광특구,여유,12000,14000,37.5702856,126.9903626
2026-07-08 07:00,POI007,홍대 관광특구,여유,32000,34000,37.5574135,126.9238
2026-07-08 07:00,POI008,경복궁,여유,400,500,37.579754,126.9766818
2026-07-08 07:00,POI009,광화문·덕수궁,여유,8000,8500,37.5759194,126.9768
2026-07-08 07:00,POI010,보신각,여유,3000,3500,37.5698518,126.9836102
2026-07-08 07:00,POI011,서울 암사동 유적,여유,300,400,37.5610203,127.1306288
2026-07-08 07:00,POI012,창덕궁·종묘,여유,4500,5000,37.5823872,126.9917013
2026-07-08 07:00,POI013,가산디지털단지역,여유,10000,12000,37.480819,126.8816358
2026-07-08 07:00,POI014,강남역,여유,24000,26000,37.5002304,127.0268054
2026-07-08 07:00,POI015,건대입구역,여유,16000,18000,37.54088,127.06812
2026-07-08 07:00,POI016,고덕역,여유,1500,2000,37.5550721,127.1550065
2026-07-08 07:00,POI017,고속터미널역,여유,4500,5000,37.5050827,127.0049777
2026-07-08 07:00,POI018,교대역,여유,7000,7500,37.494178,127.015909
2026-07-08 07:00,POI019,구로디지털단지역,여유,5500,6000,37.4853417,126.9068128
2026-07-08 07:00,POI020,구로역,여유,2500,3000,37.5000903,126.8829924
2026-07-08 07:00,POI021,군자역,여유,4000,4500,37.558149,127.077839
2026-07-08 07:00,POI023,대림역,약간 붐빔,16000,18000,37.4908703,126.8936859
2026-07-08 07:00,POI024,동대문역,여유,3000,3500,37.5718616,127.0114887
2026-07-08 07:00,POI025,뚝섬역,여유,4500,5000,37.5475031,127.0461973
2026-07-08 07:00,POI026,미아사거리역,여유,5500,6000,37.61175,127.03044
2026-07-08 07:00,POI055,홍대입구역(2호선),여유,6500,7000,37.5574135,126.9238
2026-07-08 07:00,POI088,광화문광장,여유,1500,2000,37.5759194,126.9768
2026-07-08 07:00,POI119,잠실역,여유,4000,4500,37.5127453,127.0973
2026-07-08 09:00,POI006,종로·청계 관광특구,보통,30000,32000,37.5702856,126.9903626
2026-07-08 09:00,POI007,홍대 관광특구,여유,42000,44000,37.5574135,126.9238
2026-07-08 09:00,POI008,경복궁,여유,1000,1500,37.579754,126.9766818
2026-07-08 09:00,POI010,보신각,보통,10000,12000,37.5698518,126.9836102
2026-07-08 09:00,POI011,서울 암사동 유적,여유,400,500,37.5610203,127.1306288
2026-07-08 09:00,POI012,창덕궁·종묘,보통,10000,12000,37.5823872,126.9917013
2026-07-08 09:00,POI013,가산디지털단지역,약간 붐빔,32000,34000,37.480819,126.8816358
2026-07-08 09:00,POI014,강남역,보통,54000,56000,37.5002304,127.0268054
2026-07-08 09:00,POI015,건대입구역,여유,24000,26000,37.54088,127.06812
2026-07-08 09:00,POI016,고덕역,여유,2000,2500,37.5550721,127.1550065
2026-07-08 09:00,POI017,고속터미널역,여유,12000,14000,37.5050827,127.0049777
2026-07-08 09:00,POI018,교대역,여유,16000,18000,37.494178,127.015909
2026-07-08 09:00,POI019,구로디지털단지역,약간 붐빔,20000,22000,37.4853417,126.9068128
2026-07-08 09:00,POI020,구로역,붐빔,6000,6500,37.5000903,126.8829924
2026-07-08 09:00,POI021,군자역,여유,5000,5500,37.558149,127.077839
2026-07-08 09:00,POI023,대림역,약간 붐빔,18000,20000,37.4908703,126.8936859
2026-07-08 09:00,POI024,동대문역,보통,8000,8500,37.5718616,127.0114887
2026-07-08 09:00,POI025,뚝섬역,여유,8500,9000,37.5475031,127.0461973
2026-07-08 09:00,POI026,미아사거리역,여유,9000,9500,37.61175,127.03044
2026-07-08 09:00,POI055,홍대입구역(2호선),여유,10000,12000,37.5574135,126.9238
2026-07-08 09:00,POI088,광화문광장,보통,7500,8000,37.5759194,126.9768
2026-07-08 09:00,POI119,잠실역,여유,10000,12000,37.5127453,127.0973
2026-07-08 13:00,POI006,종로·청계 관광특구,보통,50000,52000,37.5702856,126.9903626
2026-07-08 13:00,POI007,홍대 관광특구,여유,70000,72000,37.5574135,126.9238
2026-07-08 13:00,POI008,경복궁,보통,1500,2000,37.579754,126.9766818
2026-07-08 13:00,POI009,광화문·덕수궁,붐빔,52000,54000,37.5759194,126.9768
2026-07-08 13:00,POI010,보신각,보통,18000,20000,37.5698518,126.9836102
2026-07-08 13:00,POI011,서울 암사동 유적,여유,300,400,37.5610203,127.1306288
2026-07-08 13:00,POI012,창덕궁·종묘,보통,14000,16000,37.5823872,126.9917013
2026-07-08 13:00,POI013,가산디지털단지역,약간 붐빔,36000,38000,37.480819,126.8816358
2026-07-08 13:00,POI014,강남역,붐빔,94000,96000,37.5002304,127.0268054
2026-07-08 13:00,POI015,건대입구역,여유,24000,26000,37.54088,127.06812
2026-07-08 13:00,POI016,고덕역,여유,2500,3000,37.5550721,127.1550065
2026-07-08 13:00,POI017,고속터미널역,약간 붐빔,22000,24000,37.5050827,127.0049777
2026-07-08 13:00,POI018,교대역,붐빔,24000,26000,37.494178,127.015909
2026-07-08 13:00,POI019,구로디지털단지역,약간 붐빔,36000,38000,37.4853417,126.9068128
2026-07-08 13:00,POI020,구로역,여유,2500,3000,37.5000903,126.8829924
2026-07-08 13:00,POI021,군자역,여유,6000,6500,37.558149,127.077839
2026-07-08 13:00,POI023,대림역,여유,14000,16000,37.4908703,126.8936859
2026-07-08 13:00,POI024,동대문역,보통,10000,12000,37.5718616,127.0114887
2026-07-08 13:00,POI025,뚝섬역,보통,10000,12000,37.5475031,127.0461973
2026-07-08 13:00,POI026,미아사거리역,여유,10000,12000,37.61175,127.03044
2026-07-08 13:00,POI055,홍대입구역(2호선),보통,18000,20000,37.5574135,126.9238
2026-07-08 13:00,POI088,광화문광장,보통,10000,12000,37.5759194,126.9768
2026-07-08 13:00,POI119,잠실역,보통,30000,32000,37.5127453,127.0973
2026-07-08 16:00,POI006,종로·청계 관광특구,보통,48000,50000,37.5702856,126.9903626
2026-07-08 16:00,POI007,홍대 관광특구,보통,80000,82000,37.5574135,126.9238
2026-07-08 16:00,POI008,경복궁,보통,1500,2000,37.579754,126.9766818
2026-07-08 16:00,POI009,광화문·덕수궁,약간 붐빔,48000,50000,37.5759194,126.9768
2026-07-08 16:00,POI010,보신각,보통,22000,24000,37.5698518,126.9836102
2026-07-08 16:00,POI011,서울 암사동 유적,여유,200,300,37.5610203,127.1306288
2026-07-08 16:00,POI012,창덕궁·종묘,보통,14000,16000,37.5823872,126.9917013
2026-07-08 16:00,POI013,가산디지털단지역,약간 붐빔,32000,34000,37.480819,126.8816358
2026-07-08 16:00,POI014,강남역,약간 붐빔,90000,92000,37.5002304,127.0268054
2026-07-08 16:00,POI015,건대입구역,여유,24000,26000,37.54088,127.06812
2026-07-08 16:00,POI016,고덕역,여유,4000,4500,37.5550721,127.1550065
2026-07-08 16:00,POI017,고속터미널역,약간 붐빔,22000,24000,37.5050827,127.0049777
2026-07-08 16:00,POI018,교대역,붐빔,24000,26000,37.494178,127.015909
2026-07-08 16:00,POI019,구로디지털단지역,약간 붐빔,32000,34000,37.4853417,126.9068128
2026-07-08 16:00,POI020,구로역,여유,2500,3000,37.5000903,126.8829924
2026-07-08 16:00,POI021,군자역,여유,6500,7000,37.558149,127.077839
2026-07-08 16:00,POI023,대림역,여유,14000,16000,37.4908703,126.8936859
2026-07-08 16:00,POI024,동대문역,보통,10000,12000,37.5718616,127.0114887
2026-07-08 16:00,POI025,뚝섬역,보통,10000,12000,37.5475031,127.0461973
2026-07-08 16:00,POI026,미아사거리역,보통,10000,12000,37.61175,127.03044
2026-07-08 16:00,POI055,홍대입구역(2호선),약간 붐빔,20000,22000,37.5574135,126.9238
2026-07-08 16:00,POI088,광화문광장,보통,9500,10000,37.5759194,126.9768
2026-07-08 16:00,POI119,잠실역,약간 붐빔,32000,34000,37.5127453,127.0973
2026-07-08 19:00,POI006,종로·청계 관광특구,보통,34000,36000,37.5702856,126.9903626
2026-07-08 19:00,POI007,홍대 관광특구,약간 붐빔,86000,88000,37.5574135,126.9238
2026-07-08 19:00,POI008,경복궁,여유,1000,1500,37.579754,126.9766818
2026-07-08 19:00,POI009,광화문·덕수궁,여유,30000,32000,37.5759194,126.9768
2026-07-08 19:00,POI010,보신각,보통,14000,16000,37.5698518,126.9836102
2026-07-08 19:00,POI011,서울 암사동 유적,여유,200,300,37.5610203,127.1306288
2026-07-08 19:00,POI012,창덕궁·종묘,보통,9500,10000,37.5823872,126.9917013
2026-07-08 19:00,POI013,가산디지털단지역,보통,24000,26000,37.480819,126.8816358
2026-07-08 19:00,POI014,강남역,약간 붐빔,80000,82000,37.5002304,127.0268054
2026-07-08 19:00,POI015,건대입구역,보통,30000,32000,37.54088,127.06812
2026-07-08 19:00,POI016,고덕역,보통,5500,6000,37.5550721,127.1550065
2026-07-08 19:00,POI017,고속터미널역,약간 붐빔,20000,22000,37.5050827,127.0049777
2026-07-08 19:00,POI018,교대역,보통,18000,20000,37.494178,127.015909
2026-07-08 19:00,POI019,구로디지털단지역,보통,20000,22000,37.4853417,126.9068128
2026-07-08 19:00,POI020,구로역,여유,2500,3000,37.5000903,126.8829924
2026-07-08 19:00,POI021,군자역,보통,8500,9000,37.558149,127.077839
2026-07-08 19:00,POI023,대림역,보통,16000,18000,37.4908703,126.8936859
2026-07-08 19:00,POI024,동대문역,보통,6500,7000,37.5718616,127.0114887
2026-07-08 19:00,POI025,뚝섬역,여유,10000,12000,37.5475031,127.0461973
2026-07-08 19:00,POI026,미아사거리역,약간 붐빔,12000,14000,37.61175,127.03044
2026-07-08 19:00,POI055,홍대입구역(2호선),약간 붐빔,22000,24000,37.5574135,126.9238
2026-07-08 19:00,POI088,광화문광장,여유,6500,7000,37.5759194,126.9768
2026-07-08 19:00,POI119,잠실역,약간 붐빔,28000,30000,37.5127453,127.0973
2026-07-08 21:00,POI006,종로·청계 관광특구,여유,22000,24000,37.5702856,126.9903626
2026-07-08 21:00,POI007,홍대 관광특구,여유,70000,72000,37.5574135,126.9238
2026-07-08 21:00,POI008,경복궁,여유,600,700,37.579754,126.9766818
2026-07-08 21:00,POI009,광화문·덕수궁,여유,16000,18000,37.5759194,126.9768
2026-07-08 21:00,POI010,보신각,여유,8500,9000,37.5698518,126.9836102
2026-07-08 21:00,POI011,서울 암사동 유적,여유,200,300,37.5610203,127.1306288
2026-07-08 21:00,POI012,창덕궁·종묘,여유,6500,7000,37.5823872,126.9917013
2026-07-08 21:00,POI013,가산디지털단지역,여유,12000,14000,37.480819,126.8816358
2026-07-08 21:00,POI014,강남역,보통,56000,58000,37.5002304,127.0268054
2026-07-08 21:00,POI015,건대입구역,여유,26000,28000,37.54088,127.06812
2026-07-08 21:00,POI016,고덕역,여유,4000,4500,37.5550721,127.1550065
2026-07-08 21:00,POI017,고속터미널역,여유,8000,8500,37.5050827,127.0049777
2026-07-08 21:00,POI018,교대역,여유,14000,16000,37.494178,127.015909
2026-07-08 21:00,POI019,구로디지털단지역,여유,10000,12000,37.4853417,126.9068128
2026-07-08 21:00,POI020,구로역,여유,2000,2500,37.5000903,126.8829924
2026-07-08 21:00,POI021,군자역,보통,7500,8000,37.558149,127.077839
2026-07-08 21:00,POI023,대림역,보통,16000,18000,37.4908703,126.8936859
2026-07-08 21:00,POI024,동대문역,여유,4000,4500,37.5718616,127.0114887
2026-07-08 21:00,POI025,뚝섬역,여유,7000,7500,37.5475031,127.0461973
2026-07-08 21:00,POI026,미아사거리역,여유,8000,8500,37.61175,127.03044
2026-07-08 21:00,POI055,홍대입구역(2호선),보통,16000,18000,37.5574135,126.9238
2026-07-08 21:00,POI088,광화문광장,여유,3500,4000,37.5759194,126.9768
2026-07-08 21:00,POI119,잠실역,여유,14000,16000,37.5127453,127.0973
2026-07-09 00:00,POI006,종로·청계 관광특구,여유,12000,14000,37.5702856,126.9903626
2026-07-09 00:00,POI007,홍대 관광특구,여유,40000,42000,37.5574135,126.9238
2026-07-09 00:00,POI008,경복궁,여유,200,300,37.579754,126.9766818
2026-07-09 00:00,POI009,광화문·덕수궁,여유,4500,5000,37.5759194,126.9768
2026-07-09 00:00,POI010,보신각,여유,2500,3000,37.5698518,126.9836102
2026-07-09 00:00,POI011,서울 암사동 유적,여유,300,400,37.5610203,127.1306288
2026-07-09 00:00,POI012,창덕궁·종묘,여유,3500,4000,37.5823872,126.9917013
2026-07-09 00:00,POI013,가산디지털단지역,여유,6000,6500,37.480819,126.8816358
2026-07-09 00:00,POI014,강남역,여유,26000,28000,37.5002304,127.0268054
2026-07-09 00:00,POI015,건대입구역,여유,18000,20000,37.54088,127.06812
2026-07-09 00:00,POI016,고덕역,여유,1500,2000,37.5550721,127.1550065
2026-07-09 00:00,POI017,고속터미널역,여유,2500,3000,37.5050827,127.0049777
2026-07-09 00:00,POI018,교대역,여유,6500,7000,37.494178,127.015909
2026-07-09 00:00,POI019,구로디지털단지역,여유,6000,6500,37.4853417,126.9068128
2026-07-09 00:00,POI020,구로역,여유,1000,1500,37.5000903,126.8829924
2026-07-09 00:00,POI021,군자역,여유,4500,5000,37.558149,127.077839
2026-07-09 00:00,POI023,대림역,약간 붐빔,18000,20000,37.4908703,126.8936859
2026-07-09 00:00,POI024,동대문역,여유,2000,2500,37.5718616,127.0114887
2026-07-09 00:00,POI025,뚝섬역,여유,4500,5000,37.5475031,127.0461973
2026-07-09 00:00,POI026,미아사거리역,여유,4500,5000,37.61175,127.03044
2026-07-09 00:00,POI055,홍대입구역(2호선),여유,8000,8500,37.5574135,126.9238
2026-07-09 00:00,POI088,광화문광장,여유,900,1000,37.5759194,126.9768
2026-07-09 00:00,POI119,잠실역,여유,3000,3500,37.5127453,127.0973
2026-07-09 02:00,POI006,종로·청계 관광특구,여유,9500,10000,37.5702856,126.9903626
2026-07-09 02:00,POI007,홍대 관광특구,여유,34000,36000,37.5574135,126.9238
2026-07-09 02:00,POI008,경복궁,여유,200,300,37.579754,126.9766818
2026-07-09 02:00,POI009,광화문·덕수궁,여유,3000,3500,37.5759194,126.9768
2026-07-09 02:00,POI010,보신각,여유,1500,2000,37.5698518,126.9836102
2026-07-09 02:00,POI011,서울 암사동 유적,여유,300,400,37.5610203,127.1306288
2026-07-09 02:00,POI013,가산디지털단지역,여유,5000,5500,37.480819,126.8816358
2026-07-09 02:00,POI014,강남역,여유,20000,22000,37.5002304,127.0268054
2026-07-09 02:00,POI015,건대입구역,여유,16000,18000,37.54088,127.06812
2026-07-09 02:00,POI016,고덕역,여유,1000,1500,37.5550721,127.1550065
2026-07-09 02:00,POI017,고속터미널역,여유,1500,2000,37.5050827,127.0049777
2026-07-09 02:00,POI018,교대역,여유,5500,6000,37.494178,127.015909
2026-07-09 02:00,POI019,구로디지털단지역,여유,4500,5000,37.4853417,126.9068128
2026-07-09 02:00,POI020,구로역,여유,700,800,37.5000903,126.8829924
2026-07-09 02:00,POI021,군자역,여유,3500,4000,37.558149,127.077839
2026-07-09 02:00,POI023,대림역,약간 붐빔,18000,20000,37.4908703,126.8936859
2026-07-09 02:00,POI024,동대문역,여유,1500,2000,37.5718616,127.0114887
2026-07-09 02:00,POI025,뚝섬역,여유,3500,4000,37.5475031,127.0461973
2026-07-09 02:00,POI026,미아사거리역,여유,3000,3500,37.61175,127.03044
2026-07-09 02:00,POI055,홍대입구역(2호선),여유,6500,7000,37.5574135,126.9238
2026-07-09 02:00,POI088,광화문광장,여유,600,700,37.5759194,126.9768
2026-07-09 02:00,POI119,잠실역,여유,2000,2500,37.5127453,127.0973
2026-07-09 04:00,POI006,종로·청계 관광특구,여유,9000,9500,37.5702856,126.9903626
2026-07-09 04:00,POI007,홍대 관광특구,여유,32000,34000,37.5574135,126.9238
2026-07-09 04:00,POI008,경복궁,여유,200,300,37.579754,126.9766818
2026-07-09 04:00,POI009,광화문·덕수궁,여유,3000,3500,37.5759194,126.9768
2026-07-09 04:00,POI010,보신각,여유,1500,2000,37.5698518,126.9836102
2026-07-09 04:00,POI011,서울 암사동 유적,여유,300,400,37.5610203,127.1306288
2026-07-09 04:00,POI012,창덕궁·종묘,여유,3000,3500,37.5823872,126.9917013
2026-07-09 04:00,POI013,가산디지털단지역,여유,5000,5500,37.480819,126.8816358
2026-07-09 04:00,POI014,강남역,여유,20000,22000,37.5002304,127.0268054
2026-07-09 04:00,POI015,건대입구역,여유,14000,16000,37.54088,127.06812
2026-07-09 04:00,POI016,고덕역,여유,1000,1500,37.5550721,127.1550065
2026-07-09 04:00,POI017,고속터미널역,여유,1500,2000,37.5050827,127.0049777
2026-07-09 04:00,POI018,교대역,여유,5500,6000,37.494178,127.015909
2026-07-09 04:00,POI019,구로디지털단지역,여유,4500,5000,37.4853417,126.9068128
2026-07-09 04:00,POI020,구로역,여유,700,800,37.5000903,126.8829924
2026-07-09 04:00,POI021,군자역,여유,3500,4000,37.558149,127.077839
2026-07-09 04:00,POI023,대림역,약간 붐빔,18000,20000,37.4908703,126.8936859
2026-07-09 04:00,POI024,동대문역,여유,1000,1500,37.5718616,127.0114887
2026-07-09 04:00,POI025,뚝섬역,여유,3500,4000,37.5475031,127.0461973
2026-07-09 04:00,POI026,미아사거리역,여유,3000,3500,37.61175,127.03044
2026-07-09 04:00,POI055,홍대입구역(2호선),여유,6000,6500,37.5574135,126.9238
2026-07-09 04:00,POI088,광화문광장,여유,600,700,37.5759194,126.9768
2026-07-09 04:00,POI119,잠실역,여유,2000,2500,37.5127453,127.0973
2026-07-09 06:00,POI006,종로·청계 관광특구,여유,10000,12000,37.5702856,126.9903626
2026-07-09 06:00,POI007,홍대 관광특구,여유,30000,32000,37.5574135,126.9238
2026-07-09 06:00,POI008,경복궁,여유,200,300,37.579754,126.9766818
2026-07-09 06:00,POI009,광화문·덕수궁,여유,4000,4500,37.5759194,126.9768
2026-07-09 06:00,POI010,보신각,여유,2000,2500,37.5698518,126.9836102
2026-07-09 06:00,POI011,서울 암사동 유적,여유,300,400,37.5610203,127.1306288
2026-07-09 06:00,POI012,창덕궁·종묘,여유,3500,4000,37.5823872,126.9917013
2026-07-09 06:00,POI013,가산디지털단지역,여유,6500,7000,37.480819,126.8816358
2026-07-09 06:00,POI014,강남역,여유,20000,22000,37.5002304,127.0268054
2026-07-09 06:00,POI015,건대입구역,여유,14000,16000,37.54088,127.06812
2026-07-09 06:00,POI016,고덕역,여유,1000,1500,37.5550721,127.1550065
2026-07-09 06:00,POI017,고속터미널역,여유,2000,2500,37.5050827,127.0049777
2026-07-09 06:00,POI018,교대역,여유,6000,6500,37.494178,127.015909
2026-07-09 06:00,POI019,구로디지털단지역,여유,4500,5000,37.4853417,126.9068128
2026-07-09 06:00,POI020,구로역,여유,1000,1500,37.5000903,126.8829924
2026-07-09 06:00,POI021,군자역,여유,3500,4000,37.558149,127.077839
2026-07-09 06:00,POI023,대림역,약간 붐빔,16000,18000,37.4908703,126.8936859
2026-07-09 06:00,POI024,동대문역,여유,1500,2000,37.5718616,127.0114887
2026-07-09 06:00,POI025,뚝섬역,여유,4000,4500,37.5475031,127.0461973
2026-07-09 06:00,POI026,미아사거리역,여유,4500,5000,37.61175,127.03044
2026-07-09 06:00,POI055,홍대입구역(2호선),여유,6500,7000,37.5574135,126.9238
2026-07-09 06:00,POI088,광화문광장,여유,900,1000,37.5759194,126.9768
2026-07-09 06:00,POI119,잠실역,여유,2500,3000,37.5127453,127.0973
2026-07-09 08:00,POI006,종로·청계 관광특구,여유,22000,24000,37.5702856,126.9903626
2026-07-09 08:00,POI007,홍대 관광특구,여유,38000,40000,37.5574135,126.9238
2026-07-09 08:00,POI008,경복궁,여유,900,1000,37.579754,126.9766818
2026-07-09 08:00,POI009,광화문·덕수궁,여유,18000,20000,37.5759194,126.9768
2026-07-09 08:00,POI010,보신각,여유,6500,7000,37.5698518,126.9836102
2026-07-09 08:00,POI011,서울 암사동 유적,여유,300,400,37.5610203,127.1306288
2026-07-09 08:00,POI012,창덕궁·종묘,여유,7000,7500,37.5823872,126.9917013
2026-07-09 08:00,POI013,가산디지털단지역,보통,20000,22000,37.480819,126.8816358
2026-07-09 08:00,POI014,강남역,여유,40000,42000,37.5002304,127.0268054
2026-07-09 08:00,POI015,건대입구역,여유,20000,22000,37.54088,127.06812
2026-07-09 08:00,POI016,고덕역,여유,2000,2500,37.5550721,127.1550065
2026-07-09 08:00,POI017,고속터미널역,여유,8500,9000,37.5050827,127.0049777
2026-07-09 08:00,POI018,교대역,여유,12000,14000,37.494178,127.015909
2026-07-09 08:00,POI019,구로디지털단지역,여유,10000,12000,37.4853417,126.9068128
2026-07-09 08:00,POI020,구로역,보통,3500,4000,37.5000903,126.8829924
2026-07-09 08:00,POI021,군자역,여유,5000,5500,37.558149,127.077839
2026-07-09 08:00,POI023,대림역,약간 붐빔,18000,20000,37.4908703,126.8936859
2026-07-09 08:00,POI024,동대문역,보통,5500,6000,37.5718616,127.0114887
2026-07-09 08:00,POI025,뚝섬역,여유,6500,7000,37.5475031,127.0461973
2026-07-09 08:00,POI026,미아사거리역,여유,8000,8500,37.61175,127.03044
2026-07-09 08:00,POI055,홍대입구역(2호선),여유,9500,10000,37.5574135,126.9238
2026-07-09 08:00,POI088,광화문광장,여유,4000,4500,37.5759194,126.9768
2026-07-09 08:00,POI119,잠실역,여유,7500,8000,37.5127453,127.0973
2026-07-09 13:00,POI006,종로·청계 관광특구,보통,46000,48000,37.5702856,126.9903626
2026-07-09 13:00,POI007,홍대 관광특구,여유,68000,70000,37.5574135,126.9238
2026-07-09 13:00,POI008,경복궁,여유,1500,2000,37.579754,126.9766818
2026-07-09 13:00,POI009,광화문·덕수궁,약간 붐빔,48000,50000,37.5759194,126.9768
2026-07-09 13:00,POI010,보신각,보통,18000,20000,37.5698518,126.9836102
2026-07-09 13:00,POI011,서울 암사동 유적,여유,300,400,37.5610203,127.1306288
2026-07-09 13:00,POI012,창덕궁·종묘,보통,14000,16000,37.5823872,126.9917013
2026-07-09 13:00,POI013,가산디지털단지역,약간 붐빔,38000,40000,37.480819,126.8816358
2026-07-09 13:00,POI014,강남역,약간 붐빔,92000,94000,37.5002304,127.0268054
2026-07-09 13:00,POI015,건대입구역,여유,24000,26000,37.54088,127.06812
2026-07-09 13:00,POI016,고덕역,여유,2500,3000,37.5550721,127.1550065
2026-07-09 13:00,POI017,고속터미널역,약간 붐빔,22000,24000,37.5050827,127.0049777
2026-07-09 13:00,POI018,교대역,붐빔,24000,26000,37.494178,127.015909
2026-07-09 13:00,POI019,구로디지털단지역,약간 붐빔,34000,36000,37.4853417,126.9068128
2026-07-09 13:00,POI020,구로역,여유,2000,2500,37.5000903,126.8829924
2026-07-09 13:00,POI021,군자역,여유,6000,6500,37.558149,127.077839
2026-07-09 13:00,POI023,대림역,여유,14000,16000,37.4908703,126.8936859
2026-07-09 13:00,POI024,동대문역,보통,9500,10000,37.5718616,127.0114887
2026-07-09 13:00,POI025,뚝섬역,보통,10000,12000,37.5475031,127.0461973
2026-07-09 13:00,POI026,미아사거리역,여유,9000,9500,37.61175,127.03044
2026-07-09 13:00,POI055,홍대입구역(2호선),보통,18000,20000,37.5574135,126.9238
2026-07-09 13:00,POI088,광화문광장,보통,9000,9500,37.5759194,126.9768
2026-07-09 13:00,POI119,잠실역,약간 붐빔,34000,36000,37.5127453,127.0973
2026-07-09 17:00,POI006,종로·청계 관광특구,보통,42000,44000,37.5702856,126.9903626
2026-07-09 17:00,POI007,홍대 관광특구,보통,80000,82000,37.5574135,126.9238
2026-07-09 17:00,POI008,경복궁,여유,1500,2000,37.579754,126.9766818
2026-07-09 17:00,POI009,광화문·덕수궁,보통,42000,44000,37.5759194,126.9768
2026-07-09 17:00,POI010,보신각,보통,16000,18000,37.5698518,126.9836102
2026-07-09 17:00,POI011,서울 암사동 유적,여유,300,400,37.5610203,127.1306288
2026-07-09 17:00,POI012,창덕궁·종묘,보통,14000,16000,37.5823872,126.9917013
2026-07-09 17:00,POI013,가산디지털단지역,보통,36000,38000,37.480819,126.8816358
2026-07-09 17:00,POI014,강남역,약간 붐빔,86000,88000,37.5002304,127.0268054
2026-07-09 17:00,POI015,건대입구역,여유,26000,28000,37.54088,127.06812
2026-07-09 17:00,POI016,고덕역,여유,4500,5000,37.5550721,127.1550065
2026-07-09 17:00,POI017,고속터미널역,약간 붐빔,22000,24000,37.5050827,127.0049777
2026-07-09 17:00,POI018,교대역,붐빔,22000,24000,37.494178,127.015909
2026-07-09 17:00,POI019,구로디지털단지역,보통,30000,32000,37.4853417,126.9068128
2026-07-09 17:00,POI020,구로역,보통,3000,3500,37.5000903,126.8829924
2026-07-09 17:00,POI021,군자역,여유,7000,7500,37.558149,127.077839
2026-07-09 17:00,POI023,대림역,여유,14000,16000,37.4908703,126.8936859
2026-07-09 17:00,POI024,동대문역,보통,9000,9500,37.5718616,127.0114887
2026-07-09 17:00,POI025,뚝섬역,여유,10000,12000,37.5475031,127.0461973
2026-07-09 17:00,POI026,미아사거리역,보통,10000,12000,37.61175,127.03044
2026-07-09 17:00,POI055,홍대입구역(2호선),약간 붐빔,20000,22000,37.5574135,126.9238
2026-07-09 17:00,POI088,광화문광장,보통,9000,9500,37.5759194,126.9768
2026-07-09 17:00,POI119,잠실역,보통,30000,32000,37.5127453,127.0973
2026-07-09 21:00,POI006,종로·청계 관광특구,여유,24000,26000,37.5702856,126.9903626
2026-07-09 21:00,POI007,홍대 관광특구,여유,72000,74000,37.5574135,126.9238
2026-07-09 21:00,POI008,경복궁,여유,700,800,37.579754,126.9766818
2026-07-09 21:00,POI009,광화문·덕수궁,여유,18000,20000,37.5759194,126.9768
2026-07-09 21:00,POI010,보신각,보통,10000,12000,37.5698518,126.9836102
2026-07-09 21:00,POI011,서울 암사동 유적,여유,200,300,37.5610203,127.1306288
2026-07-09 21:00,POI012,창덕궁·종묘,여유,6500,7000,37.5823872,126.9917013
2026-07-09 21:00,POI013,가산디지털단지역,여유,12000,14000,37.480819,126.8816358
2026-07-09 21:00,POI014,강남역,보통,60000,62000,37.5002304,127.0268054
2026-07-09 21:00,POI015,건대입구역,여유,26000,28000,37.54088,127.06812
2026-07-09 21:00,POI016,고덕역,여유,4500,5000,37.5550721,127.1550065
2026-07-09 21:00,POI017,고속터미널역,여유,10000,12000,37.5050827,127.0049777
2026-07-09 21:00,POI018,교대역,여유,14000,16000,37.494178,127.015909
2026-07-09 21:00,POI019,구로디지털단지역,여유,12000,14000,37.4853417,126.9068128
2026-07-09 21:00,POI020,구로역,여유,2000,2500,37.5000903,126.8829924
2026-07-09 21:00,POI021,군자역,보통,7500,8000,37.558149,127.077839
2026-07-09 21:00,POI023,대림역,보통,16000,18000,37.4908703,126.8936859
2026-07-09 21:00,POI024,동대문역,여유,4000,4500,37.5718616,127.0114887
2026-07-09 21:00,POI025,뚝섬역,여유,7500,8000,37.5475031,127.0461973
2026-07-09 21:00,POI026,미아사거리역,여유,8000,8500,37.61175,127.03044
2026-07-09 21:00,POI055,홍대입구역(2호선),보통,16000,18000,37.5574135,126.9238
2026-07-09 21:00,POI088,광화문광장,여유,4000,4500,37.5759194,126.9768
2026-07-09 21:00,POI119,잠실역,여유,20000,22000,37.5127453,127.0973
2026-07-10 01:00,POI006,종로·청계 관광특구,여유,10000,12000,37.5702856,126.9903626
2026-07-10 01:00,POI007,홍대 관광특구,여유,38000,40000,37.5574135,126.9238
2026-07-10 01:00,POI008,경복궁,여유,200,300,37.579754,126.9766818
2026-07-10 01:00,POI009,광화문·덕수궁,여유,4000,4500,37.5759194,126.9768
2026-07-10 01:00,POI010,보신각,여유,2500,3000,37.5698518,126.9836102
2026-07-10 01:00,POI011,서울 암사동 유적,여유,300,400,37.5610203,127.1306288
2026-07-10 01:00,POI012,창덕궁·종묘,여유,3000,3500,37.5823872,126.9917013
2026-07-10 01:00,POI013,가산디지털단지역,여유,5500,6000,37.480819,126.8816358
2026-07-10 01:00,POI014,강남역,여유,24000,26000,37.5002304,127.0268054
2026-07-10 01:00,POI015,건대입구역,여유,16000,18000,37.54088,127.06812
2026-07-10 01:00,POI016,고덕역,여유,1500,2000,37.5550721,127.1550065
2026-07-10 01:00,POI017,고속터미널역,여유,2500,3000,37.5050827,127.0049777
2026-07-10 01:00,POI018,교대역,여유,6000,6500,37.494178,127.015909
2026-07-10 01:00,POI019,구로디지털단지역,여유,5500,6000,37.4853417,126.9068128
2026-07-10 01:00,POI020,구로역,여유,900,1000,37.5000903,126.8829924
2026-07-10 01:00,POI021,군자역,여유,4000,4500,37.558149,127.077839
2026-07-10 01:00,POI023,대림역,약간 붐빔,18000,20000,37.4908703,126.8936859
2026-07-10 01:00,POI024,동대문역,여유,1500,2000,37.5718616,127.0114887
2026-07-10 01:00,POI025,뚝섬역,여유,4000,4500,37.5475031,127.0461973
2026-07-10 01:00,POI026,미아사거리역,여유,4000,4500,37.61175,127.03044
2026-07-10 01:00,POI055,홍대입구역(2호선),여유,7500,8000,37.5574135,126.9238
2026-07-10 01:00,POI088,광화문광장,여유,800,900,37.5759194,126.9768
2026-07-10 01:00,POI119,잠실역,여유,3000,3500,37.5127453,127.0973
2026-07-10 03:00,POI006,종로·청계 관광특구,여유,9000,9500,37.5702856,126.9903626
2026-07-10 03:00,POI007,홍대 관광특구,여유,32000,34000,37.5574135,126.9238
2026-07-10 03:00,POI008,경복궁,여유,200,300,37.579754,126.9766818
2026-07-10 03:00,POI009,광화문·덕수궁,여유,3000,3500,37.5759194,126.9768
2026-07-10 03:00,POI010,보신각,여유,1500,2000,37.5698518,126.9836102
2026-07-10 03:00,POI011,서울 암사동 유적,여유,300,400,37.5610203,127.1306288
2026-07-10 03:00,POI012,창덕궁·종묘,여유,3000,3500,37.5823872,126.9917013
2026-07-10 03:00,POI013,가산디지털단지역,여유,5000,5500,37.480819,126.8816358
2026-07-10 03:00,POI014,강남역,여유,20000,22000,37.5002304,127.0268054
2026-07-10 03:00,POI015,건대입구역,여유,14000,16000,37.54088,127.06812
2026-07-10 03:00,POI016,고덕역,여유,1000,1500,37.5550721,127.1550065
2026-07-10 03:00,POI017,고속터미널역,여유,1500,2000,37.5050827,127.0049777
2026-07-10 03:00,POI018,교대역,여유,5500,6000,37.494178,127.015909
2026-07-10 03:00,POI019,구로디지털단지역,여유,4500,5000,37.4853417,126.9068128
2026-07-10 03:00,POI020,구로역,여유,700,800,37.5000903,126.8829924
2026-07-10 03:00,POI021,군자역,여유,3500,4000,37.558149,127.077839
2026-07-10 03:00,POI023,대림역,약간 붐빔,18000,20000,37.4908703,126.8936859
2026-07-10 03:00,POI024,동대문역,여유,1000,1500,37.5718616,127.0114887
2026-07-10 03:00,POI025,뚝섬역,여유,3500,4000,37.5475031,127.0461973
2026-07-10 03:00,POI026,미아사거리역,여유,3500,4000,37.61175,127.03044
2026-07-10 03:00,POI055,홍대입구역(2호선),여유,6500,7000,37.5574135,126.9238
2026-07-10 03:00,POI088,광화문광장,여유,700,800,37.5759194,126.9768
2026-07-10 03:00,POI119,잠실역,여유,2000,2500,37.5127453,127.0973
2026-07-10 05:00,POI006,종로·청계 관광특구,여유,9500,10000,37.5702856,126.9903626
2026-07-10 05:00,POI007,홍대 관광특구,여유,30000,32000,37.5574135,126.9238
2026-07-10 05:00,POI008,경복궁,여유,200,300,37.579754,126.9766818
2026-07-10 05:00,POI009,광화문·덕수궁,여유,3500,4000,37.5759194,126.9768
2026-07-10 05:00,POI010,보신각,여유,1500,2000,37.5698518,126.9836102
2026-07-10 05:00,POI011,서울 암사동 유적,여유,300,400,37.5610203,127.1306288
2026-07-10 05:00,POI012,창덕궁·종묘,여유,3000,3500,37.5823872,126.9917013
2026-07-10 05:00,POI013,가산디지털단지역,여유,5500,6000,37.480819,126.8816358
2026-07-10 05:00,POI014,강남역,여유,20000,22000,37.5002304,127.0268054
2026-07-10 05:00,POI015,건대입구역,여유,14000,16000,37.54088,127.06812
2026-07-10 05:00,POI016,고덕역,여유,1000,1500,37.5550721,127.1550065
2026-07-10 05:00,POI017,고속터미널역,여유,2000,2500,37.5050827,127.0049777
2026-07-10 05:00,POI018,교대역,여유,5500,6000,37.494178,127.015909
2026-07-10 05:00,POI019,구로디지털단지역,여유,4500,5000,37.4853417,126.9068128
2026-07-10 05:00,POI020,구로역,여유,900,1000,37.5000903,126.8829924
2026-07-10 05:00,POI021,군자역,여유,4000,4500,37.558149,127.077839
2026-07-10 05:00,POI023,대림역,보통,16000,18000,37.4908703,126.8936859
2026-07-10 05:00,POI024,동대문역,여유,1000,1500,37.5718616,127.0114887
2026-07-10 05:00,POI025,뚝섬역,여유,4000,4500,37.5475031,127.0461973
2026-07-10 05:00,POI026,미아사거리역,여유,3500,4000,37.61175,127.03044
2026-07-10 05:00,POI055,홍대입구역(2호선),여유,6500,7000,37.5574135,126.9238
2026-07-10 05:00,POI088,광화문광장,여유,800,900,37.5759194,126.9768
2026-07-10 05:00,POI119,잠실역,여유,2000,2500,37.5127453,127.0973
2026-07-10 07:00,POI006,종로·청계 관광특구,여유,16000,18000,37.5702856,126.9903626
2026-07-10 07:00,POI007,홍대 관광특구,여유,34000,36000,37.5574135,126.9238
2026-07-10 07:00,POI008,경복궁,여유,600,700,37.579754,126.9766818
2026-07-10 07:00,POI009,광화문·덕수궁,여유,10000,12000,37.5759194,126.9768
2026-07-10 07:00,POI010,보신각,여유,3500,4000,37.5698518,126.9836102
2026-07-10 07:00,POI011,서울 암사동 유적,여유,300,400,37.5610203,127.1306288
2026-07-10 07:00,POI012,창덕궁·종묘,여유,5000,5500,37.5823872,126.9917013
2026-07-10 07:00,POI013,가산디지털단지역,여유,12000,14000,37.480819,126.8816358
2026-07-10 07:00,POI014,강남역,여유,30000,32000,37.5002304,127.0268054
2026-07-10 07:00,POI015,건대입구역,여유,20000,22000,37.54088,127.06812
2026-07-10 07:00,POI016,고덕역,여유,1500,2000,37.5550721,127.1550065
2026-07-10 07:00,POI017,고속터미널역,여유,6000,6500,37.5050827,127.0049777
2026-07-10 07:00,POI018,교대역,여유,10000,12000,37.494178,127.015909
2026-07-10 07:00,POI019,구로디지털단지역,여유,6500,7000,37.4853417,126.9068128
2026-07-10 07:00,POI020,구로역,여유,2500,3000,37.5000903,126.8829924
2026-07-10 07:00,POI021,군자역,여유,4000,4500,37.558149,127.077839
2026-07-10 07:00,POI023,대림역,보통,16000,18000,37.4908703,126.8936859
2026-07-10 07:00,POI024,동대문역,여유,3500,4000,37.5718616,127.0114887
2026-07-10 07:00,POI025,뚝섬역,여유,5500,6000,37.5475031,127.0461973
2026-07-10 07:00,POI026,미아사거리역,여유,6500,7000,37.61175,127.03044
2026-07-10 07:00,POI055,홍대입구역(2호선),여유,8000,8500,37.5574135,126.9238
2026-07-10 07:00,POI088,광화문광장,여유,2000,2500,37.5759194,126.9768
2026-07-10 07:00,POI119,잠실역,여유,5000,5500,37.5127453,127.0973
2026-07-10 09:00,POI006,종로·청계 관광특구,보통,32000,34000,37.5702856,126.9903626
2026-07-10 09:00,POI007,홍대 관광특구,여유,44000,46000,37.5574135,126.9238
2026-07-10 09:00,POI008,경복궁,여유,1000,1500,37.579754,126.9766818
2026-07-10 09:00,POI009,광화문·덕수궁,약간 붐빔,36000,38000,37.5759194,126.9768
2026-07-10 09:00,POI010,보신각,약간 붐빔,12000,14000,37.5698518,126.9836102
2026-07-10 09:00,POI011,서울 암사동 유적,여유,400,500,37.5610203,127.1306288
2026-07-10 09:00,POI012,창덕궁·종묘,보통,9500,10000,37.5823872,126.9917013
2026-07-10 09:00,POI013,가산디지털단지역,약간 붐빔,34000,36000,37.480819,126.8816358
2026-07-10 09:00,POI014,강남역,보통,54000,56000,37.5002304,127.0268054
2026-07-10 09:00,POI015,건대입구역,여유,22000,24000,37.54088,127.06812
2026-07-10 09:00,POI016,고덕역,여유,2000,2500,37.5550721,127.1550065
2026-07-10 09:00,POI017,고속터미널역,여유,12000,14000,37.5050827,127.0049777
2026-07-10 09:00,POI018,교대역,여유,16000,18000,37.494178,127.015909
2026-07-10 09:00,POI019,구로디지털단지역,약간 붐빔,22000,24000,37.4853417,126.9068128
2026-07-10 09:00,POI020,구로역,여유,2500,3000,37.5000903,126.8829924
2026-07-10 09:00,POI021,군자역,여유,5500,6000,37.558149,127.077839
2026-07-10 09:00,POI023,대림역,보통,16000,18000,37.4908703,126.8936859
2026-07-10 09:00,POI024,동대문역,보통,7000,7500,37.5718616,127.0114887
2026-07-10 09:00,POI025,뚝섬역,여유,8000,8500,37.5475031,127.0461973
2026-07-10 09:00,POI026,미아사거리역,여유,8500,9000,37.61175,127.03044
2026-07-10 09:00,POI055,홍대입구역(2호선),여유,10000,12000,37.5574135,126.9238
2026-07-10 09:00,POI088,광화문광장,약간 붐빔,8000,8500,37.5759194,126.9768
2026-07-10 09:00,POI119,잠실역,여유,10000,12000,37.5127453,127.0973
2026-07-10 14:00,POI006,종로·청계 관광특구,보통,48000,50000,37.5702856,126.9903626
2026-07-10 14:00,POI007,홍대 관광특구,여유,76000,78000,37.5574135,126.9238
2026-07-10 14:00,POI008,경복궁,보통,1500,2000,37.579754,126.9766818
2026-07-10 14:00,POI009,광화문·덕수궁,약간 붐빔,48000,50000,37.5759194,126.9768
2026-07-10 14:00,POI010,보신각,보통,20000,22000,37.5698518,126.9836102
2026-07-10 14:00,POI011,서울 암사동 유적,여유,300,400,37.5610203,127.1306288
2026-07-10 14:00,POI012,창덕궁·종묘,보통,14000,16000,37.5823872,126.9917013
2026-07-10 14:00,POI013,가산디지털단지역,약간 붐빔,34000,36000,37.480819,126.8816358
2026-07-10 14:00,POI014,강남역,약간 붐빔,92000,94000,37.5002304,127.0268054
2026-07-10 14:00,POI015,건대입구역,여유,24000,26000,37.54088,127.06812
2026-07-10 14:00,POI016,고덕역,여유,3000,3500,37.5550721,127.1550065
2026-07-10 14:00,POI017,고속터미널역,붐빔,26000,28000,37.5050827,127.0049777
2026-07-10 14:00,POI018,교대역,붐빔,24000,26000,37.494178,127.015909
2026-07-10 14:00,POI019,구로디지털단지역,약간 붐빔,32000,34000,37.4853417,126.9068128
2026-07-10 14:00,POI020,구로역,여유,2500,3000,37.5000903,126.8829924
2026-07-10 14:00,POI021,군자역,여유,6000,6500,37.558149,127.077839
2026-07-10 14:00,POI023,대림역,여유,14000,16000,37.4908703,126.8936859
2026-07-10 14:00,POI024,동대문역,보통,10000,12000,37.5718616,127.0114887
2026-07-10 14:00,POI025,뚝섬역,보통,12000,14000,37.5475031,127.0461973
2026-07-10 14:00,POI026,미아사거리역,보통,10000,12000,37.61175,127.03044
2026-07-10 14:00,POI055,홍대입구역(2호선),보통,18000,20000,37.5574135,126.9238
2026-07-10 14:00,POI088,광화문광장,보통,9000,9500,37.5759194,126.9768
2026-07-10 14:00,POI119,잠실역,약간 붐빔,34000,36000,37.5127453,127.0973
2026-07-10 17:00,POI006,종로·청계 관광특구,보통,42000,44000,37.5702856,126.9903626
2026-07-10 17:00,POI007,홍대 관광특구,보통,88000,90000,37.5574135,126.9238
2026-07-10 17:00,POI008,경복궁,여유,1500,2000,37.579754,126.9766818
2026-07-10 17:00,POI009,광화문·덕수궁,보통,42000,44000,37.5759194,126.9768
2026-07-10 17:00,POI010,보신각,보통,14000,16000,37.5698518,126.9836102
2026-07-10 17:00,POI011,서울 암사동 유적,여유,300,400,37.5610203,127.1306288
2026-07-10 17:00,POI012,창덕궁·종묘,보통,14000,16000,37.5823872,126.9917013
2026-07-10 17:00,POI013,가산디지털단지역,보통,30000,32000,37.480819,126.8816358
2026-07-10 17:00,POI014,강남역,약간 붐빔,84000,86000,37.5002304,127.0268054
2026-07-10 17:00,POI015,건대입구역,여유,26000,28000,37.54088,127.06812
2026-07-10 17:00,POI016,고덕역,보통,5000,5500,37.5550721,127.1550065
2026-07-10 17:00,POI017,고속터미널역,붐빔,26000,28000,37.5050827,127.0049777
2026-07-10 17:00,POI018,교대역,약간 붐빔,22000,24000,37.494178,127.015909
2026-07-10 17:00,POI019,구로디지털단지역,보통,28000,30000,37.4853417,126.9068128
2026-07-10 17:00,POI020,구로역,여유,3000,3500,37.5000903,126.8829924
2026-07-10 17:00,POI021,군자역,여유,7500,8000,37.558149,127.077839
2026-07-10 17:00,POI023,대림역,여유,14000,16000,37.4908703,126.8936859
2026-07-10 17:00,POI024,동대문역,보통,10000,12000,37.5718616,127.0114887
2026-07-10 17:00,POI025,뚝섬역,여유,10000,12000,37.5475031,127.0461973
2026-07-10 17:00,POI026,미아사거리역,약간 붐빔,12000,14000,37.61175,127.03044
2026-07-10 17:00,POI055,홍대입구역(2호선),약간 붐빔,22000,24000,37.5574135,126.9238
2026-07-10 17:00,POI088,광화문광장,보통,8500,9000,37.5759194,126.9768
2026-07-10 17:00,POI119,잠실역,약간 붐빔,34000,36000,37.5127453,127.0973
2026-07-10 21:00,POI006,종로·청계 관광특구,보통,26000,28000,37.5702856,126.9903626
2026-07-10 21:00,POI007,홍대 관광특구,보통,90000,92000,37.5574135,126.9238
2026-07-10 21:00,POI008,경복궁,여유,800,900,37.579754,126.9766818
2026-07-10 21:00,POI009,광화문·덕수궁,여유,20000,22000,37.5759194,126.9768
2026-07-10 21:00,POI010,보신각,보통,10000,12000,37.5698518,126.9836102
2026-07-10 21:00,POI011,서울 암사동 유적,여유,200,300,37.5610203,127.1306288
2026-07-10 21:00,POI012,창덕궁·종묘,여유,8000,8500,37.5823872,126.9917013
2026-07-10 21:00,POI013,가산디지털단지역,여유,14000,16000,37.480819,126.8816358
2026-07-10 21:00,POI014,강남역,보통,70000,72000,37.5002304,127.0268054
2026-07-10 21:00,POI015,건대입구역,보통,30000,32000,37.54088,127.06812
2026-07-10 21:00,POI016,고덕역,보통,5000,5500,37.5550721,127.1550065
2026-07-10 21:00,POI017,고속터미널역,보통,18000,20000,37.5050827,127.0049777
2026-07-10 21:00,POI018,교대역,여유,14000,16000,37.494178,127.015909
2026-07-10 21:00,POI019,구로디지털단지역,여유,12000,14000,37.4853417,126.9068128
2026-07-10 21:00,POI020,구로역,여유,2000,2500,37.5000903,126.8829924
2026-07-10 21:00,POI021,군자역,붐빔,9500,10000,37.558149,127.077839
2026-07-10 21:00,POI023,대림역,여유,16000,18000,37.4908703,126.8936859
2026-07-10 21:00,POI024,동대문역,여유,4000,4500,37.5718616,127.0114887
2026-07-10 21:00,POI025,뚝섬역,여유,8000,8500,37.5475031,127.0461973
2026-07-10 21:00,POI026,미아사거리역,보통,10000,12000,37.61175,127.03044
2026-07-10 21:00,POI055,홍대입구역(2호선),약간 붐빔,20000,22000,37.5574135,126.9238
2026-07-10 21:00,POI088,광화문광장,여유,4000,4500,37.5759194,126.9768
2026-07-10 21:00,POI119,잠실역,보통,28000,30000,37.5127453,127.0973
2026-07-11 00:00,POI006,종로·청계 관광특구,여유,12000,14000,37.5702856,126.9903626
2026-07-11 00:00,POI007,홍대 관광특구,여유,50000,52000,37.5574135,126.9238
2026-07-11 00:00,POI008,경복궁,여유,400,500,37.579754,126.9766818
2026-07-11 00:00,POI009,광화문·덕수궁,여유,5000,5500,37.5759194,126.9768
2026-07-11 00:00,POI010,보신각,여유,3500,4000,37.5698518,126.9836102
2026-07-11 00:00,POI011,서울 암사동 유적,여유,100,200,37.5610203,127.1306288
2026-07-11 00:00,POI012,창덕궁·종묘,여유,4500,5000,37.5823872,126.9917013
2026-07-11 00:00,POI013,가산디지털단지역,여유,6500,7000,37.480819,126.8816358
2026-07-11 00:00,POI014,강남역,여유,32000,34000,37.5002304,127.0268054
2026-07-11 00:00,POI015,건대입구역,여유,22000,24000,37.54088,127.06812
2026-07-11 00:00,POI016,고덕역,여유,1500,2000,37.5550721,127.1550065
2026-07-11 00:00,POI017,고속터미널역,여유,2500,3000,37.5050827,127.0049777
2026-07-11 00:00,POI018,교대역,여유,7500,8000,37.494178,127.015909
2026-07-11 00:00,POI019,구로디지털단지역,여유,7500,8000,37.4853417,126.9068128
2026-07-11 00:00,POI020,구로역,여유,1000,1500,37.5000903,126.8829924
2026-07-11 00:00,POI021,군자역,여유,5500,6000,37.558149,127.077839
2026-07-11 00:00,POI023,대림역,여유,16000,18000,37.4908703,126.8936859
2026-07-11 00:00,POI024,동대문역,여유,2000,2500,37.5718616,127.0114887
2026-07-11 00:00,POI025,뚝섬역,여유,5000,5500,37.5475031,127.0461973
2026-07-11 00:00,POI026,미아사거리역,여유,5500,6000,37.61175,127.03044
2026-07-11 00:00,POI055,홍대입구역(2호선),여유,10000,12000,37.5574135,126.9238
2026-07-11 00:00,POI088,광화문광장,여유,1000,1500,37.5759194,126.9768
2026-07-11 00:00,POI119,잠실역,여유,4000,4500,37.5127453,127.0973
2026-07-11 02:00,POI006,종로·청계 관광특구,여유,9000,9500,37.5702856,126.9903626
2026-07-11 02:00,POI007,홍대 관광특구,여유,42000,44000,37.5574135,126.9238
2026-07-11 02:00,POI008,경복궁,여유,100,200,37.579754,126.9766818
2026-07-11 02:00,POI009,광화문·덕수궁,여유,3000,3500,37.5759194,126.9768
2026-07-11 02:00,POI010,보신각,여유,2000,2500,37.5698518,126.9836102
2026-07-11 02:00,POI011,서울 암사동 유적,여유,100,200,37.5610203,127.1306288
2026-07-11 02:00,POI012,창덕궁·종묘,여유,3500,4000,37.5823872,126.9917013
2026-07-11 02:00,POI013,가산디지털단지역,여유,5000,5500,37.480819,126.8816358
2026-07-11 02:00,POI014,강남역,여유,22000,24000,37.5002304,127.0268054
2026-07-11 02:00,POI015,건대입구역,여유,14000,16000,37.54088,127.06812
2026-07-11 02:00,POI016,고덕역,여유,1000,1500,37.5550721,127.1550065
2026-07-11 02:00,POI017,고속터미널역,여유,1500,2000,37.5050827,127.0049777
2026-07-11 02:00,POI018,교대역,여유,3500,4000,37.494178,127.015909
2026-07-11 02:00,POI019,구로디지털단지역,여유,5500,6000,37.4853417,126.9068128
2026-07-11 02:00,POI020,구로역,여유,800,900,37.5000903,126.8829924
2026-07-11 02:00,POI021,군자역,여유,3500,4000,37.558149,127.077839
2026-07-11 02:00,POI023,대림역,여유,16000,18000,37.4908703,126.8936859
2026-07-11 02:00,POI024,동대문역,여유,1000,1500,37.5718616,127.0114887
2026-07-11 02:00,POI025,뚝섬역,여유,3500,4000,37.5475031,127.0461973
2026-07-11 02:00,POI026,미아사거리역,여유,3500,4000,37.61175,127.03044
2026-07-11 02:00,POI055,홍대입구역(2호선),여유,10000,12000,37.5574135,126.9238
2026-07-11 02:00,POI088,광화문광장,여유,500,600,37.5759194,126.9768
2026-07-11 02:00,POI119,잠실역,여유,2500,3000,37.5127453,127.0973
2026-07-11 04:00,POI006,종로·청계 관광특구,여유,8000,8500,37.5702856,126.9903626
2026-07-11 04:00,POI007,홍대 관광특구,여유,36000,38000,37.5574135,126.9238
2026-07-11 04:00,POI008,경복궁,여유,100,200,37.579754,126.9766818
2026-07-11 04:00,POI009,광화문·덕수궁,여유,2500,3000,37.5759194,126.9768
2026-07-11 04:00,POI010,보신각,여유,1000,1500,37.5698518,126.9836102
2026-07-11 04:00,POI011,서울 암사동 유적,여유,100,200,37.5610203,127.1306288
2026-07-11 04:00,POI012,창덕궁·종묘,여유,3000,3500,37.5823872,126.9917013
2026-07-11 04:00,POI013,가산디지털단지역,여유,5000,5500,37.480819,126.8816358
2026-07-11 04:00,POI014,강남역,여유,18000,20000,37.5002304,127.0268054
2026-07-11 04:00,POI015,건대입구역,여유,14000,16000,37.54088,127.06812
2026-07-11 04:00,POI016,고덕역,여유,1000,1500,37.5550721,127.1550065
2026-07-11 04:00,POI017,고속터미널역,여유,1500,2000,37.5050827,127.0049777
2026-07-11 04:00,POI018,교대역,여유,3500,4000,37.494178,127.015909
2026-07-11 04:00,POI019,구로디지털단지역,여유,5000,5500,37.4853417,126.9068128
2026-07-11 04:00,POI020,구로역,여유,700,800,37.5000903,126.8829924
2026-07-11 04:00,POI021,군자역,여유,3500,4000,37.558149,127.077839
2026-07-11 04:00,POI023,대림역,여유,16000,18000,37.4908703,126.8936859
2026-07-11 04:00,POI024,동대문역,여유,1000,1500,37.5718616,127.0114887
2026-07-11 04:00,POI025,뚝섬역,여유,3500,4000,37.5475031,127.0461973
2026-07-11 04:00,POI026,미아사거리역,여유,3000,3500,37.61175,127.03044
2026-07-11 04:00,POI055,홍대입구역(2호선),여유,10000,12000,37.5574135,126.9238
2026-07-11 04:00,POI088,광화문광장,여유,500,600,37.5759194,126.9768
2026-07-11 04:00,POI119,잠실역,여유,2000,2500,37.5127453,127.0973
2026-07-11 06:00,POI006,종로·청계 관광특구,여유,8000,8500,37.5702856,126.9903626
2026-07-11 06:00,POI007,홍대 관광특구,여유,32000,34000,37.5574135,126.9238
2026-07-11 06:00,POI008,경복궁,여유,100,200,37.579754,126.9766818
2026-07-11 06:00,POI009,광화문·덕수궁,여유,3000,3500,37.5759194,126.9768
2026-07-11 06:00,POI010,보신각,여유,1000,1500,37.5698518,126.9836102
2026-07-11 06:00,POI011,서울 암사동 유적,여유,200,300,37.5610203,127.1306288
2026-07-11 06:00,POI012,창덕궁·종묘,여유,3000,3500,37.5823872,126.9917013
2026-07-11 06:00,POI013,가산디지털단지역,여유,5500,6000,37.480819,126.8816358
2026-07-11 06:00,POI014,강남역,여유,18000,20000,37.5002304,127.0268054
2026-07-11 06:00,POI015,건대입구역,여유,14000,16000,37.54088,127.06812
2026-07-11 06:00,POI016,고덕역,여유,1000,1500,37.5550721,127.1550065
2026-07-11 06:00,POI017,고속터미널역,여유,2000,2500,37.5050827,127.0049777
2026-07-11 06:00,POI018,교대역,여유,3500,4000,37.494178,127.015909
2026-07-11 06:00,POI019,구로디지털단지역,여유,4500,5000,37.4853417,126.9068128
2026-07-11 06:00,POI020,구로역,여유,1000,1500,37.5000903,126.8829924
2026-07-11 06:00,POI021,군자역,여유,3500,4000,37.558149,127.077839
2026-07-11 06:00,POI023,대림역,여유,16000,18000,37.4908703,126.8936859
2026-07-11 06:00,POI024,동대문역,여유,1000,1500,37.5718616,127.0114887
2026-07-11 06:00,POI025,뚝섬역,여유,4000,4500,37.5475031,127.0461973
2026-07-11 06:00,POI026,미아사거리역,여유,4000,4500,37.61175,127.03044
2026-07-11 06:00,POI055,홍대입구역(2호선),여유,9500,10000,37.5574135,126.9238
2026-07-11 06:00,POI088,광화문광장,여유,700,800,37.5759194,126.9768
2026-07-11 06:00,POI119,잠실역,여유,2500,3000,37.5127453,127.0973
2026-07-11 08:00,POI006,종로·청계 관광특구,여유,12000,14000,37.5702856,126.9903626
2026-07-11 08:00,POI007,홍대 관광특구,여유,32000,34000,37.5574135,126.9238
2026-07-11 08:00,POI008,경복궁,여유,500,600,37.579754,126.9766818
2026-07-11 08:00,POI009,광화문·덕수궁,여유,7000,7500,37.5759194,126.9768
2026-07-11 08:00,POI010,보신각,여유,2000,2500,37.5698518,126.9836102
2026-07-11 08:00,POI011,서울 암사동 유적,여유,200,300,37.5610203,127.1306288
2026-07-11 08:00,POI012,창덕궁·종묘,여유,4000,4500,37.5823872,126.9917013
2026-07-11 08:00,POI013,가산디지털단지역,여유,7500,8000,37.480819,126.8816358
2026-07-11 08:00,POI014,강남역,여유,22000,24000,37.5002304,127.0268054
2026-07-11 08:00,POI015,건대입구역,여유,16000,18000,37.54088,127.06812
2026-07-11 08:00,POI016,고덕역,여유,1500,2000,37.5550721,127.1550065
2026-07-11 08:00,POI017,고속터미널역,여유,5000,5500,37.5050827,127.0049777
2026-07-11 08:00,POI018,교대역,여유,9500,10000,37.494178,127.015909
2026-07-11 08:00,POI019,구로디지털단지역,여유,5000,5500,37.4853417,126.9068128
2026-07-11 08:00,POI020,구로역,여유,1500,2000,37.5000903,126.8829924
2026-07-11 08:00,POI021,군자역,여유,3500,4000,37.558149,127.077839
2026-07-11 08:00,POI023,대림역,여유,14000,16000,37.4908703,126.8936859
2026-07-11 08:00,POI024,동대문역,여유,2000,2500,37.5718616,127.0114887
2026-07-11 08:00,POI025,뚝섬역,여유,5000,5500,37.5475031,127.0461973
2026-07-11 08:00,POI026,미아사거리역,여유,4500,5000,37.61175,127.03044
2026-07-11 08:00,POI055,홍대입구역(2호선),여유,7000,7500,37.5574135,126.9238
2026-07-11 08:00,POI088,광화문광장,여유,1500,2000,37.5759194,126.9768
2026-07-11 08:00,POI119,잠실역,여유,4500,5000,37.5127453,127.0973
2026-07-11 12:00,POI006,종로·청계 관광특구,보통,30000,32000,37.5702856,126.9903626
2026-07-11 12:00,POI007,홍대 관광특구,여유,66000,68000,37.5574135,126.9238
2026-07-11 12:00,POI008,경복궁,여유,1500,2000,37.579754,126.9766818
2026-07-11 12:00,POI009,광화문·덕수궁,여유,22000,24000,37.5759194,126.9768
2026-07-11 12:00,POI010,보신각,여유,7000,7500,37.5698518,126.9836102
2026-07-11 12:00,POI011,서울 암사동 유적,여유,200,300,37.5610203,127.1306288
2026-07-11 12:00,POI012,창덕궁·종묘,여유,9000,9500,37.5823872,126.9917013
2026-07-11 12:00,POI013,가산디지털단지역,보통,12000,14000,37.480819,126.8816358
2026-07-11 12:00,POI014,강남역,붐빔,56000,58000,37.5002304,127.0268054
2026-07-11 12:00,POI015,건대입구역,보통,28000,30000,37.54088,127.06812
2026-07-11 12:00,POI016,고덕역,보통,5000,5500,37.5550721,127.1550065
2026-07-11 12:00,POI017,고속터미널역,붐빔,28000,30000,37.5050827,127.0049777
2026-07-11 12:00,POI018,교대역,여유,14000,16000,37.494178,127.015909
2026-07-11 12:00,POI019,구로디지털단지역,약간 붐빔,10000,12000,37.4853417,126.9068128
2026-07-11 12:00,POI020,구로역,보통,3000,3500,37.5000903,126.8829924
2026-07-11 12:00,POI021,군자역,여유,6500,7000,37.558149,127.077839
2026-07-11 12:00,POI023,대림역,여유,14000,16000,37.4908703,126.8936859
2026-07-11 12:00,POI024,동대문역,보통,9000,9500,37.5718616,127.0114887
2026-07-11 12:00,POI025,뚝섬역,여유,8500,9000,37.5475031,127.0461973
2026-07-11 12:00,POI026,미아사거리역,보통,12000,14000,37.61175,127.03044
2026-07-11 12:00,POI055,홍대입구역(2호선),보통,18000,20000,37.5574135,126.9238
2026-07-11 12:00,POI088,광화문광장,여유,5000,5500,37.5759194,126.9768
2026-07-11 12:00,POI119,잠실역,약간 붐빔,36000,38000,37.5127453,127.0973
2026-07-11 15:00,POI006,종로·청계 관광특구,약간 붐빔,38000,40000,37.5702856,126.9903626
2026-07-11 15:00,POI007,홍대 관광특구,붐빔,96000,98000,37.5574135,126.9238
2026-07-11 15:00,POI008,경복궁,약간 붐빔,2000,2500,37.579754,126.9766818
2026-07-11 15:00,POI009,광화문·덕수궁,여유,32000,34000,37.5759194,126.9768
2026-07-11 15:00,POI010,보신각,약간 붐빔,9500,10000,37.5698518,126.9836102
2026-07-11 15:00,POI011,서울 암사동 유적,여유,200,300,37.5610203,127.1306288
2026-07-11 15:00,POI012,창덕궁·종묘,약간 붐빔,10000,12000,37.5823872,126.9917013
2026-07-11 15:00,POI013,가산디지털단지역,보통,14000,16000,37.480819,126.8816358
2026-07-11 15:00,POI014,강남역,붐빔,68000,70000,37.5002304,127.0268054
2026-07-11 15:00,POI015,건대입구역,약간 붐빔,32000,34000,37.54088,127.06812
2026-07-11 15:00,POI016,고덕역,보통,5000,5500,37.5550721,127.1550065
2026-07-11 15:00,POI017,고속터미널역,붐빔,38000,40000,37.5050827,127.0049777
2026-07-11 15:00,POI018,교대역,여유,14000,16000,37.494178,127.015909
2026-07-11 15:00,POI019,구로디지털단지역,보통,10000,12000,37.4853417,126.9068128
2026-07-11 15:00,POI020,구로역,여유,2500,3000,37.5000903,126.8829924
2026-07-11 15:00,POI021,군자역,여유,6500,7000,37.558149,127.077839
2026-07-11 15:00,POI023,대림역,여유,14000,16000,37.4908703,126.8936859
2026-07-11 15:00,POI024,동대문역,붐빔,12000,14000,37.5718616,127.0114887
2026-07-11 15:00,POI025,뚝섬역,보통,10000,12000,37.5475031,127.0461973
2026-07-11 15:00,POI026,미아사거리역,보통,12000,14000,37.61175,127.03044
2026-07-11 15:00,POI055,홍대입구역(2호선),붐빔,26000,28000,37.5574135,126.9238
2026-07-11 15:00,POI088,광화문광장,보통,6500,7000,37.5759194,126.9768
2026-07-11 15:00,POI119,잠실역,붐빔,56000,58000,37.5127453,127.0973
2026-07-11 17:00,POI006,종로·청계 관광특구,약간 붐빔,36000,38000,37.5702856,126.9903626
2026-07-11 17:00,POI007,홍대 관광특구,붐빔,105000,110000,37.5574135,126.9238
2026-07-11 17:00,POI008,경복궁,보통,1500,2000,37.579754,126.9766818
2026-07-11 17:00,POI009,광화문·덕수궁,여유,24000,26000,37.5759194,126.9768
2026-07-11 17:00,POI010,보신각,보통,9000,9500,37.5698518,126.9836102
2026-07-11 17:00,POI011,서울 암사동 유적,여유,200,300,37.5610203,127.1306288
2026-07-11 17:00,POI012,창덕궁·종묘,약간 붐빔,10000,12000,37.5823872,126.9917013
2026-07-11 17:00,POI013,가산디지털단지역,약간 붐빔,16000,18000,37.480819,126.8816358
2026-07-11 17:00,POI014,강남역,붐빔,64000,66000,37.5002304,127.0268054
2026-07-11 17:00,POI015,건대입구역,붐빔,34000,36000,37.54088,127.06812
2026-07-11 17:00,POI016,고덕역,여유,4000,4500,37.5550721,127.1550065
2026-07-11 17:00,POI017,고속터미널역,붐빔,34000,36000,37.5050827,127.0049777
2026-07-11 17:00,POI018,교대역,여유,12000,14000,37.494178,127.015909
2026-07-11 17:00,POI019,구로디지털단지역,약간 붐빔,10000,12000,37.4853417,126.9068128
2026-07-11 17:00,POI020,구로역,보통,3000,3500,37.5000903,126.8829924
2026-07-11 17:00,POI021,군자역,보통,7500,8000,37.558149,127.077839
2026-07-11 17:00,POI023,대림역,여유,14000,16000,37.4908703,126.8936859
2026-07-11 17:00,POI024,동대문역,붐빔,10000,12000,37.5718616,127.0114887
2026-07-11 17:00,POI025,뚝섬역,보통,10000,12000,37.5475031,127.0461973
2026-07-11 17:00,POI026,미아사거리역,보통,12000,14000,37.61175,127.03044
2026-07-11 17:00,POI055,홍대입구역(2호선),붐빔,28000,30000,37.5574135,126.9238
2026-07-11 17:00,POI088,광화문광장,보통,6500,7000,37.5759194,126.9768
2026-07-11 17:00,POI119,잠실역,붐빔,56000,58000,37.5127453,127.0973
2026-07-11 19:00,POI006,종로·청계 관광특구,보통,32000,34000,37.5702856,126.9903626
2026-07-11 19:00,POI007,홍대 관광특구,붐빔,110000,115000,37.5574135,126.9238
2026-07-11 19:00,POI008,경복궁,여유,1000,1500,37.579754,126.9766818
2026-07-11 19:00,POI009,광화문·덕수궁,여유,22000,24000,37.5759194,126.9768
2026-07-11 19:00,POI010,보신각,약간 붐빔,10000,12000,37.5698518,126.9836102
2026-07-11 19:00,POI011,서울 암사동 유적,여유,200,300,37.5610203,127.1306288
2026-07-11 19:00,POI012,창덕궁·종묘,보통,10000,12000,37.5823872,126.9917013
2026-07-11 19:00,POI013,가산디지털단지역,여유,12000,14000,37.480819,126.8816358
2026-07-11 19:00,POI014,강남역,붐빔,62000,64000,37.5002304,127.0268054
2026-07-11 19:00,POI015,건대입구역,붐빔,36000,38000,37.54088,127.06812
2026-07-11 19:00,POI016,고덕역,여유,4000,4500,37.5550721,127.1550065
2026-07-11 19:00,POI017,고속터미널역,붐빔,28000,30000,37.5050827,127.0049777
2026-07-11 19:00,POI018,교대역,여유,12000,14000,37.494178,127.015909
2026-07-11 19:00,POI019,구로디지털단지역,약간 붐빔,10000,12000,37.4853417,126.9068128
2026-07-11 19:00,POI020,구로역,여유,2000,2500,37.5000903,126.8829924
2026-07-11 19:00,POI021,군자역,약간 붐빔,8500,9000,37.558149,127.077839
2026-07-11 19:00,POI023,대림역,여유,14000,16000,37.4908703,126.8936859
2026-07-11 19:00,POI024,동대문역,여유,6500,7000,37.5718616,127.0114887
2026-07-11 19:00,POI025,뚝섬역,여유,9500,10000,37.5475031,127.0461973
2026-07-11 19:00,POI026,미아사거리역,보통,12000,14000,37.61175,127.03044
2026-07-11 19:00,POI055,홍대입구역(2호선),붐빔,28000,30000,37.5574135,126.9238
2026-07-11 19:00,POI088,광화문광장,여유,5500,6000,37.5759194,126.9768
2026-07-11 19:00,POI119,잠실역,붐빔,50000,52000,37.5127453,127.0973
2026-07-11 20:00,POI006,종로·청계 관광특구,여유,26000,28000,37.5702856,126.9903626
2026-07-11 20:00,POI007,홍대 관광특구,약간 붐빔,100000,105000,37.5574135,126.9238
2026-07-11 20:00,POI008,경복궁,여유,1000,1500,37.579754,126.9766818
2026-07-11 20:00,POI009,광화문·덕수궁,여유,18000,20000,37.5759194,126.9768
2026-07-11 20:00,POI010,보신각,보통,9000,9500,37.5698518,126.9836102
2026-07-11 20:00,POI011,서울 암사동 유적,여유,200,300,37.5610203,127.1306288
2026-07-11 20:00,POI012,창덕궁·종묘,여유,8500,9000,37.5823872,126.9917013
2026-07-11 20:00,POI013,가산디지털단지역,여유,10000,12000,37.480819,126.8816358
2026-07-11 20:00,POI014,강남역,약간 붐빔,56000,58000,37.5002304,127.0268054
2026-07-11 20:00,POI015,건대입구역,붐빔,34000,36000,37.54088,127.06812
2026-07-11 20:00,POI016,고덕역,여유,3500,4000,37.5550721,127.1550065
2026-07-11 20:00,POI017,고속터미널역,보통,18000,20000,37.5050827,127.0049777
2026-07-11 20:00,POI018,교대역,여유,10000,12000,37.494178,127.015909
2026-07-11 20:00,POI019,구로디지털단지역,보통,10000,12000,37.4853417,126.9068128
2026-07-11 20:00,POI020,구로역,여유,2000,2500,37.5000903,126.8829924
2026-07-11 20:00,POI021,군자역,붐빔,8500,9000,37.558149,127.077839
2026-07-11 20:00,POI023,대림역,여유,14000,16000,37.4908703,126.8936859
2026-07-11 20:00,POI024,동대문역,여유,5000,5500,37.5718616,127.0114887
2026-07-11 20:00,POI025,뚝섬역,여유,8500,9000,37.5475031,127.0461973
2026-07-11 20:00,POI026,미아사거리역,보통,10000,12000,37.61175,127.03044
2026-07-11 20:00,POI055,홍대입구역(2호선),붐빔,24000,26000,37.5574135,126.9238
2026-07-11 20:00,POI088,광화문광장,여유,4000,4500,37.5759194,126.9768
2026-07-11 20:00,POI119,잠실역,약간 붐빔,38000,40000,37.5127453,127.0973
2026-07-11 22:00,POI006,종로·청계 관광특구,여유,20000,22000,37.5702856,126.9903626
2026-07-11 22:00,POI007,홍대 관광특구,보통,78000,80000,37.5574135,126.9238
2026-07-11 22:00,POI008,경복궁,여유,600,700,37.579754,126.9766818
2026-07-11 22:00,POI009,광화문·덕수궁,여유,10000,12000,37.5759194,126.9768
2026-07-11 22:00,POI010,보신각,여유,6000,6500,37.5698518,126.9836102
2026-07-11 22:00,POI011,서울 암사동 유적,여유,200,300,37.5610203,127.1306288
2026-07-11 22:00,POI012,창덕궁·종묘,여유,6500,7000,37.5823872,126.9917013
2026-07-11 22:00,POI013,가산디지털단지역,여유,8500,9000,37.480819,126.8816358
2026-07-11 22:00,POI014,강남역,여유,44000,46000,37.5002304,127.0268054
2026-07-11 22:00,POI015,건대입구역,약간 붐빔,30000,32000,37.54088,127.06812
2026-07-11 22:00,POI016,고덕역,여유,2500,3000,37.5550721,127.1550065
2026-07-11 22:00,POI017,고속터미널역,여유,7500,8000,37.5050827,127.0049777
2026-07-11 22:00,POI018,교대역,여유,9000,9500,37.494178,127.015909
2026-07-11 22:00,POI019,구로디지털단지역,여유,8500,9000,37.4853417,126.9068128
2026-07-11 22:00,POI020,구로역,여유,1500,2000,37.5000903,126.8829924
2026-07-11 22:00,POI021,군자역,여유,7500,8000,37.558149,127.077839
2026-07-11 22:00,POI023,대림역,여유,14000,16000,37.4908703,126.8936859
2026-07-11 22:00,POI024,동대문역,여유,4000,4500,37.5718616,127.0114887
2026-07-11 22:00,POI025,뚝섬역,여유,6500,7000,37.5475031,127.0461973
2026-07-11 22:00,POI026,미아사거리역,여유,7500,8000,37.61175,127.03044
2026-07-11 22:00,POI055,홍대입구역(2호선),보통,18000,20000,37.5574135,126.9238
2026-07-11 22:00,POI088,광화문광장,여유,2000,2500,37.5759194,126.9768
2026-07-11 22:00,POI119,잠실역,여유,12000,14000,37.5127453,127.0973
2026-07-12 00:00,POI006,종로·청계 관광특구,여유,14000,16000,37.5702856,126.9903626
2026-07-12 00:00,POI007,홍대 관광특구,여유,58000,60000,37.5574135,126.9238
2026-07-12 00:00,POI008,경복궁,여유,500,600,37.579754,126.9766818
2026-07-12 00:00,POI009,광화문·덕수궁,여유,5000,5500,37.5759194,126.9768
2026-07-12 00:00,POI010,보신각,여유,3500,4000,37.5698518,126.9836102
2026-07-12 00:00,POI011,서울 암사동 유적,여유,100,200,37.5610203,127.1306288
2026-07-12 00:00,POI012,창덕궁·종묘,여유,5000,5500,37.5823872,126.9917013
2026-07-12 00:00,POI013,가산디지털단지역,여유,6500,7000,37.480819,126.8816358
2026-07-12 00:00,POI014,강남역,여유,32000,34000,37.5002304,127.0268054
2026-07-12 00:00,POI015,건대입구역,여유,26000,28000,37.54088,127.06812
2026-07-12 00:00,POI016,고덕역,여유,1500,2000,37.5550721,127.1550065
2026-07-12 00:00,POI017,고속터미널역,여유,3000,3500,37.5050827,127.0049777
2026-07-12 00:00,POI018,교대역,여유,7500,8000,37.494178,127.015909
2026-07-12 00:00,POI019,구로디지털단지역,여유,7000,7500,37.4853417,126.9068128
2026-07-12 00:00,POI020,구로역,여유,1000,1500,37.5000903,126.8829924
2026-07-12 00:00,POI021,군자역,여유,5500,6000,37.558149,127.077839
2026-07-12 00:00,POI023,대림역,여유,16000,18000,37.4908703,126.8936859
2026-07-12 00:00,POI024,동대문역,여유,2500,3000,37.5718616,127.0114887
2026-07-12 00:00,POI025,뚝섬역,여유,5500,6000,37.5475031,127.0461973
2026-07-12 00:00,POI026,미아사거리역,여유,5500,6000,37.61175,127.03044
2026-07-12 00:00,POI055,홍대입구역(2호선),여유,10000,12000,37.5574135,126.9238
2026-07-12 00:00,POI088,광화문광장,여유,1000,1500,37.5759194,126.9768
2026-07-12 00:00,POI119,잠실역,여유,5000,5500,37.5127453,127.0973
2026-07-12 02:00,POI006,종로·청계 관광특구,여유,10000,12000,37.5702856,126.9903626
2026-07-12 02:00,POI007,홍대 관광특구,여유,48000,50000,37.5574135,126.9238
2026-07-12 02:00,POI008,경복궁,여유,400,500,37.579754,126.9766818
2026-07-12 02:00,POI009,광화문·덕수궁,여유,3500,4000,37.5759194,126.9768
2026-07-12 02:00,POI010,보신각,여유,2500,3000,37.5698518,126.9836102
2026-07-12 02:00,POI011,서울 암사동 유적,여유,100,200,37.5610203,127.1306288
2026-07-12 02:00,POI012,창덕궁·종묘,여유,4000,4500,37.5823872,126.9917013
2026-07-12 02:00,POI013,가산디지털단지역,여유,4500,5000,37.480819,126.8816358
2026-07-12 02:00,POI014,강남역,여유,24000,26000,37.5002304,127.0268054
2026-07-12 02:00,POI015,건대입구역,여유,20000,22000,37.54088,127.06812
2026-07-12 02:00,POI016,고덕역,여유,1000,1500,37.5550721,127.1550065
2026-07-12 02:00,POI017,고속터미널역,여유,1500,2000,37.5050827,127.0049777
2026-07-12 02:00,POI018,교대역,여유,6000,6500,37.494178,127.015909
2026-07-12 02:00,POI019,구로디지털단지역,여유,5500,6000,37.4853417,126.9068128
2026-07-12 02:00,POI020,구로역,여유,800,900,37.5000903,126.8829924
2026-07-12 02:00,POI021,군자역,여유,4000,4500,37.558149,127.077839
2026-07-12 02:00,POI023,대림역,여유,16000,18000,37.4908703,126.8936859
2026-07-12 02:00,POI024,동대문역,여유,1500,2000,37.5718616,127.0114887
2026-07-12 02:00,POI025,뚝섬역,여유,4000,4500,37.5475031,127.0461973
2026-07-12 02:00,POI026,미아사거리역,여유,3500,4000,37.61175,127.03044
2026-07-12 02:00,POI055,홍대입구역(2호선),여유,8500,9000,37.5574135,126.9238
2026-07-12 02:00,POI088,광화문광장,여유,800,900,37.5759194,126.9768
2026-07-12 02:00,POI119,잠실역,여유,3000,3500,37.5127453,127.0973
2026-07-12 04:00,POI006,종로·청계 관광특구,여유,8500,9000,37.5702856,126.9903626
2026-07-12 04:00,POI007,홍대 관광특구,여유,40000,42000,37.5574135,126.9238
2026-07-12 04:00,POI008,경복궁,여유,100,200,37.579754,126.9766818
2026-07-12 04:00,POI009,광화문·덕수궁,여유,2500,3000,37.5759194,126.9768
2026-07-12 04:00,POI010,보신각,여유,1500,2000,37.5698518,126.9836102
2026-07-12 04:00,POI011,서울 암사동 유적,여유,100,200,37.5610203,127.1306288
2026-07-12 04:00,POI012,창덕궁·종묘,여유,3500,4000,37.5823872,126.9917013
2026-07-12 04:00,POI013,가산디지털단지역,여유,4500,5000,37.480819,126.8816358
2026-07-12 04:00,POI014,강남역,여유,18000,20000,37.5002304,127.0268054
2026-07-12 04:00,POI015,건대입구역,여유,14000,16000,37.54088,127.06812
2026-07-12 04:00,POI016,고덕역,여유,1000,1500,37.5550721,127.1550065
2026-07-12 04:00,POI017,고속터미널역,여유,1000,1500,37.5050827,127.0049777
2026-07-12 04:00,POI018,교대역,여유,3500,4000,37.494178,127.015909
2026-07-12 04:00,POI019,구로디지털단지역,여유,4500,5000,37.4853417,126.9068128
2026-07-12 04:00,POI020,구로역,여유,700,800,37.5000903,126.8829924
2026-07-12 04:00,POI021,군자역,여유,3500,4000,37.558149,127.077839
2026-07-12 04:00,POI023,대림역,여유,16000,18000,37.4908703,126.8936859
2026-07-12 04:00,POI024,동대문역,여유,1500,2000,37.5718616,127.0114887
2026-07-12 04:00,POI025,뚝섬역,여유,3500,4000,37.5475031,127.0461973
2026-07-12 04:00,POI026,미아사거리역,여유,3000,3500,37.61175,127.03044
2026-07-12 04:00,POI055,홍대입구역(2호선),여유,10000,12000,37.5574135,126.9238
2026-07-12 04:00,POI088,광화문광장,여유,500,600,37.5759194,126.9768
2026-07-12 04:00,POI119,잠실역,여유,2500,3000,37.5127453,127.0973
2026-07-12 06:00,POI006,종로·청계 관광특구,여유,8000,8500,37.5702856,126.9903626
2026-07-12 06:00,POI007,홍대 관광특구,여유,34000,36000,37.5574135,126.9238
2026-07-12 06:00,POI008,경복궁,여유,100,200,37.579754,126.9766818
2026-07-12 06:00,POI009,광화문·덕수궁,여유,3000,3500,37.5759194,126.9768
2026-07-12 06:00,POI010,보신각,여유,1000,1500,37.5698518,126.9836102
2026-07-12 06:00,POI011,서울 암사동 유적,여유,100,200,37.5610203,127.1306288
2026-07-12 06:00,POI012,창덕궁·종묘,여유,3000,3500,37.5823872,126.9917013
2026-07-12 06:00,POI013,가산디지털단지역,여유,4500,5000,37.480819,126.8816358
2026-07-12 06:00,POI014,강남역,여유,16000,18000,37.5002304,127.0268054
2026-07-12 06:00,POI015,건대입구역,여유,14000,16000,37.54088,127.06812
2026-07-12 06:00,POI016,고덕역,여유,1000,1500,37.5550721,127.1550065
2026-07-12 06:00,POI017,고속터미널역,여유,1500,2000,37.5050827,127.0049777
2026-07-12 06:00,POI018,교대역,여유,3000,3500,37.494178,127.015909
2026-07-12 06:00,POI019,구로디지털단지역,여유,4500,5000,37.4853417,126.9068128
2026-07-12 06:00,POI020,구로역,여유,800,900,37.5000903,126.8829924
2026-07-12 06:00,POI021,군자역,여유,3500,4000,37.558149,127.077839
2026-07-12 06:00,POI023,대림역,여유,16000,18000,37.4908703,126.8936859
2026-07-12 06:00,POI024,동대문역,여유,1000,1500,37.5718616,127.0114887
2026-07-12 06:00,POI025,뚝섬역,여유,3500,4000,37.5475031,127.0461973
2026-07-12 06:00,POI026,미아사거리역,여유,3500,4000,37.61175,127.03044
2026-07-12 06:00,POI055,홍대입구역(2호선),여유,10000,12000,37.5574135,126.9238
2026-07-12 06:00,POI088,광화문광장,여유,500,600,37.5759194,126.9768
2026-07-12 06:00,POI119,잠실역,여유,3000,3500,37.5127453,127.0973
2026-07-12 06:00,POI006,종로·청계 관광특구,여유,8500,9000,37.5702856,126.9903626
2026-07-12 06:00,POI007,홍대 관광특구,여유,32000,34000,37.5574135,126.9238
2026-07-12 06:00,POI008,경복궁,여유,200,300,37.579754,126.9766818
2026-07-12 06:00,POI009,광화문·덕수궁,여유,3500,4000,37.5759194,126.9768
2026-07-12 06:00,POI010,보신각,여유,1000,1500,37.5698518,126.9836102
2026-07-12 06:00,POI011,서울 암사동 유적,여유,200,300,37.5610203,127.1306288
2026-07-12 06:00,POI012,창덕궁·종묘,여유,3000,3500,37.5823872,126.9917013
2026-07-12 06:00,POI013,가산디지털단지역,여유,5500,6000,37.480819,126.8816358
2026-07-12 06:00,POI014,강남역,여유,16000,18000,37.5002304,127.0268054
2026-07-12 06:00,POI015,건대입구역,여유,14000,16000,37.54088,127.06812
2026-07-12 06:00,POI016,고덕역,여유,1000,1500,37.5550721,127.1550065
2026-07-12 06:00,POI017,고속터미널역,여유,2500,3000,37.5050827,127.0049777
2026-07-12 06:00,POI018,교대역,여유,3500,4000,37.494178,127.015909
2026-07-12 06:00,POI019,구로디지털단지역,여유,4500,5000,37.4853417,126.9068128
2026-07-12 06:00,POI020,구로역,여유,1000,1500,37.5000903,126.8829924
2026-07-12 06:00,POI021,군자역,여유,3500,4000,37.558149,127.077839
2026-07-12 06:00,POI023,대림역,여유,16000,18000,37.4908703,126.8936859
2026-07-12 06:00,POI024,동대문역,여유,1500,2000,37.5718616,127.0114887
2026-07-12 06:00,POI025,뚝섬역,여유,4000,4500,37.5475031,127.0461973
2026-07-12 06:00,POI026,미아사거리역,여유,3500,4000,37.61175,127.03044
2026-07-12 06:00,POI055,홍대입구역(2호선),여유,9500,10000,37.5574135,126.9238
2026-07-12 06:00,POI088,광화문광장,여유,700,800,37.5759194,126.9768
2026-07-12 06:00,POI119,잠실역,여유,3000,3500,37.5127453,127.0973
2026-07-12 07:00,POI006,종로·청계 관광특구,여유,10000,12000,37.5702856,126.9903626
2026-07-12 07:00,POI007,홍대 관광특구,여유,32000,34000,37.5574135,126.9238
2026-07-12 07:00,POI008,경복궁,여유,500,600,37.579754,126.9766818
2026-07-12 07:00,POI009,광화문·덕수궁,여유,5500,6000,37.5759194,126.9768
2026-07-12 07:00,POI010,보신각,여유,1500,2000,37.5698518,126.9836102
2026-07-12 07:00,POI011,서울 암사동 유적,여유,200,300,37.5610203,127.1306288
2026-07-12 07:00,POI012,창덕궁·종묘,여유,3500,4000,37.5823872,126.9917013
2026-07-12 07:00,POI013,가산디지털단지역,여유,5500,6000,37.480819,126.8816358
2026-07-12 07:00,POI014,강남역,여유,20000,22000,37.5002304,127.0268054
2026-07-12 07:00,POI015,건대입구역,여유,16000,18000,37.54088,127.06812
2026-07-12 07:00,POI016,고덕역,여유,1000,1500,37.5550721,127.1550065
2026-07-12 07:00,POI017,고속터미널역,여유,3000,3500,37.5050827,127.0049777
2026-07-12 07:00,POI018,교대역,여유,8000,8500,37.494178,127.015909
2026-07-12 07:00,POI019,구로디지털단지역,여유,4500,5000,37.4853417,126.9068128
2026-07-12 07:00,POI020,구로역,여유,1000,1500,37.5000903,126.8829924
2026-07-12 07:00,POI021,군자역,여유,3500,4000,37.558149,127.077839
2026-07-12 07:00,POI023,대림역,여유,14000,16000,37.4908703,126.8936859
2026-07-12 07:00,POI024,동대문역,여유,2000,2500,37.5718616,127.0114887
2026-07-12 07:00,POI025,뚝섬역,여유,5000,5500,37.5475031,127.0461973
2026-07-12 07:00,POI026,미아사거리역,여유,3500,4000,37.61175,127.03044
2026-07-12 07:00,POI055,홍대입구역(2호선),여유,7000,7500,37.5574135,126.9238
2026-07-12 07:00,POI088,광화문광장,여유,1000,1500,37.5759194,126.9768
2026-07-12 07:00,POI119,잠실역,여유,3500,4000,37.5127453,127.0973
2026-07-12 09:00,POI006,종로·청계 관광특구,여유,12000,14000,37.5702856,126.9903626
2026-07-12 09:00,POI007,홍대 관광특구,여유,32000,34000,37.5574135,126.9238
2026-07-12 09:00,POI008,경복궁,여유,600,700,37.579754,126.9766818
2026-07-12 09:00,POI009,광화문·덕수궁,여유,7000,7500,37.5759194,126.9768
2026-07-12 09:00,POI010,보신각,여유,2000,2500,37.5698518,126.9836102
2026-07-12 09:00,POI011,서울 암사동 유적,여유,200,300,37.5610203,127.1306288
2026-07-12 09:00,POI012,창덕궁·종묘,여유,4000,4500,37.5823872,126.9917013
2026-07-12 09:00,POI013,가산디지털단지역,여유,6500,7000,37.480819,126.8816358
2026-07-12 09:00,POI014,강남역,여유,22000,24000,37.5002304,127.0268054
2026-07-12 09:00,POI015,건대입구역,여유,16000,18000,37.54088,127.06812
2026-07-12 09:00,POI016,고덕역,여유,1000,1500,37.5550721,127.1550065
2026-07-12 09:00,POI017,고속터미널역,여유,5000,5500,37.5050827,127.0049777
2026-07-12 09:00,POI018,교대역,여유,8500,9000,37.494178,127.015909
2026-07-12 09:00,POI019,구로디지털단지역,여유,5000,5500,37.4853417,126.9068128
2026-07-12 09:00,POI020,구로역,여유,1000,1500,37.5000903,126.8829924
2026-07-12 09:00,POI021,군자역,여유,4000,4500,37.558149,127.077839
2026-07-12 09:00,POI023,대림역,여유,14000,16000,37.4908703,126.8936859
2026-07-12 09:00,POI024,동대문역,여유,3000,3500,37.5718616,127.0114887
2026-07-12 09:00,POI025,뚝섬역,여유,5000,5500,37.5475031,127.0461973
2026-07-12 09:00,POI026,미아사거리역,여유,4500,5000,37.61175,127.03044
2026-07-12 09:00,POI055,홍대입구역(2호선),여유,7500,8000,37.5574135,126.9238
2026-07-12 09:00,POI088,광화문광장,여유,1500,2000,37.5759194,126.9768
2026-07-12 09:00,POI119,잠실역,여유,6000,6500,37.5127453,127.0973
2026-07-12 12:00,POI006,종로·청계 관광특구,여유,22000,24000,37.5702856,126.9903626
2026-07-12 12:00,POI007,홍대 관광특구,여유,64000,66000,37.5574135,126.9238
2026-07-12 12:00,POI008,경복궁,여유,1000,1500,37.579754,126.9766818
2026-07-12 12:00,POI009,광화문·덕수궁,여유,18000,20000,37.5759194,126.9768
2026-07-12 12:00,POI010,보신각,여유,5500,6000,37.5698518,126.9836102
2026-07-12 12:00,POI011,서울 암사동 유적,여유,200,300,37.5610203,127.1306288
2026-07-12 12:00,POI012,창덕궁·종묘,여유,7000,7500,37.5823872,126.9917013
2026-07-12 12:00,POI013,가산디지털단지역,여유,10000,12000,37.480819,126.8816358
2026-07-12 12:00,POI014,강남역,여유,42000,44000,37.5002304,127.0268054
2026-07-12 12:00,POI015,건대입구역,여유,24000,26000,37.54088,127.06812
2026-07-12 12:00,POI016,고덕역,여유,2500,3000,37.5550721,127.1550065
2026-07-12 12:00,POI017,고속터미널역,약간 붐빔,24000,26000,37.5050827,127.0049777
2026-07-12 12:00,POI018,교대역,여유,12000,14000,37.494178,127.015909
2026-07-12 12:00,POI019,구로디지털단지역,여유,7500,8000,37.4853417,126.9068128
2026-07-12 12:00,POI020,구로역,여유,2000,2500,37.5000903,126.8829924
2026-07-12 12:00,POI021,군자역,여유,5500,6000,37.558149,127.077839
2026-07-12 12:00,POI023,대림역,여유,14000,16000,37.4908703,126.8936859
2026-07-12 12:00,POI024,동대문역,여유,6000,6500,37.5718616,127.0114887
2026-07-12 12:00,POI025,뚝섬역,여유,8000,8500,37.5475031,127.0461973
2026-07-12 12:00,POI026,미아사거리역,여유,9000,9500,37.61175,127.03044
2026-07-12 12:00,POI055,홍대입구역(2호선),보통,16000,18000,37.5574135,126.9238
2026-07-12 12:00,POI088,광화문광장,여유,4000,4500,37.5759194,126.9768
2026-07-12 12:00,POI119,잠실역,약간 붐빔,32000,34000,37.5127453,127.0973
2026-07-12 15:00,POI006,종로·청계 관광특구,여유,26000,28000,37.5702856,126.9903626
2026-07-12 15:00,POI007,홍대 관광특구,보통,86000,88000,37.5574135,126.9238
2026-07-12 15:00,POI008,경복궁,보통,1500,2000,37.579754,126.9766818
2026-07-12 15:00,POI009,광화문·덕수궁,여유,20000,22000,37.5759194,126.9768
2026-07-12 15:00,POI010,보신각,여유,7000,7500,37.5698518,126.9836102
2026-07-12 15:00,POI011,서울 암사동 유적,여유,200,300,37.5610203,127.1306288
2026-07-12 15:00,POI012,창덕궁·종묘,여유,8000,8500,37.5823872,126.9917013
2026-07-12 15:00,POI013,가산디지털단지역,보통,14000,16000,37.480819,126.8816358
2026-07-12 15:00,POI014,강남역,보통,50000,52000,37.5002304,127.0268054
2026-07-12 15:00,POI015,건대입구역,약간 붐빔,28000,30000,37.54088,127.06812
2026-07-12 15:00,POI016,고덕역,여유,3000,3500,37.5550721,127.1550065
2026-07-12 15:00,POI017,고속터미널역,붐빔,34000,36000,37.5050827,127.0049777
2026-07-12 15:00,POI018,교대역,여유,12000,14000,37.494178,127.015909
2026-07-12 15:00,POI019,구로디지털단지역,여유,8000,8500,37.4853417,126.9068128
2026-07-12 15:00,POI020,구로역,여유,2000,2500,37.5000903,126.8829924
2026-07-12 15:00,POI021,군자역,여유,6000,6500,37.558149,127.077839
2026-07-12 15:00,POI023,대림역,여유,14000,16000,37.4908703,126.8936859
2026-07-12 15:00,POI024,동대문역,여유,7000,7500,37.5718616,127.0114887
2026-07-12 15:00,POI025,뚝섬역,여유,9000,9500,37.5475031,127.0461973
2026-07-12 15:00,POI026,미아사거리역,보통,10000,12000,37.61175,127.03044
2026-07-12 15:00,POI055,홍대입구역(2호선),약간 붐빔,22000,24000,37.5574135,126.9238
2026-07-12 15:00,POI088,광화문광장,여유,5000,5500,37.5759194,126.9768
2026-07-12 15:00,POI119,잠실역,붐빔,52000,54000,37.5127453,127.0973
2026-07-12 18:00,POI006,종로·청계 관광특구,여유,22000,24000,37.5702856,126.9903626
2026-07-12 18:00,POI007,홍대 관광특구,보통,88000,90000,37.5574135,126.9238
2026-07-12 18:00,POI008,경복궁,여유,1000,1500,37.579754,126.9766818
2026-07-12 18:00,POI009,광화문·덕수궁,여유,18000,20000,37.5759194,126.9768
2026-07-12 18:00,POI010,보신각,여유,6000,6500,37.5698518,126.9836102
2026-07-12 18:00,POI011,서울 암사동 유적,여유,200,300,37.5610203,127.1306288
2026-07-12 18:00,POI012,창덕궁·종묘,여유,7000,7500,37.5823872,126.9917013
2026-07-12 18:00,POI013,가산디지털단지역,여유,12000,14000,37.480819,126.8816358
2026-07-12 18:00,POI014,강남역,보통,48000,50000,37.5002304,127.0268054
2026-07-12 18:00,POI015,건대입구역,약간 붐빔,30000,32000,37.54088,127.06812
2026-07-12 18:00,POI016,고덕역,여유,3000,3500,37.5550721,127.1550065
2026-07-12 18:00,POI017,고속터미널역,붐빔,30000,32000,37.5050827,127.0049777
2026-07-12 18:00,POI018,교대역,여유,12000,14000,37.494178,127.015909
2026-07-12 18:00,POI019,구로디지털단지역,여유,8500,9000,37.4853417,126.9068128
2026-07-12 18:00,POI020,구로역,여유,2000,2500,37.5000903,126.8829924
2026-07-12 18:00,POI021,군자역,여유,6000,6500,37.558149,127.077839
2026-07-12 18:00,POI023,대림역,여유,14000,16000,37.4908703,126.8936859
2026-07-12 18:00,POI024,동대문역,여유,6000,6500,37.5718616,127.0114887
2026-07-12 18:00,POI025,뚝섬역,여유,8500,9000,37.5475031,127.0461973
2026-07-12 18:00,POI026,미아사거리역,보통,10000,12000,37.61175,127.03044
2026-07-12 18:00,POI055,홍대입구역(2호선),약간 붐빔,22000,24000,37.5574135,126.9238
2026-07-12 18:00,POI088,광화문광장,여유,4500,5000,37.5759194,126.9768
2026-07-12 18:00,POI119,잠실역,붐빔,46000,48000,37.5127453,127.0973
2026-07-12 20:00,POI006,종로·청계 관광특구,여유,18000,20000,37.5702856,126.9903626
2026-07-12 20:00,POI007,홍대 관광특구,보통,78000,80000,37.5574135,126.9238
2026-07-12 20:00,POI008,경복궁,여유,900,1000,37.579754,126.9766818
2026-07-12 20:00,POI009,광화문·덕수궁,여유,12000,14000,37.5759194,126.9768
2026-07-12 20:00,POI010,보신각,여유,5000,5500,37.5698518,126.9836102
2026-07-12 20:00,POI011,서울 암사동 유적,여유,200,300,37.5610203,127.1306288
2026-07-12 20:00,POI012,창덕궁·종묘,여유,6000,6500,37.5823872,126.9917013
2026-07-12 20:00,POI013,가산디지털단지역,여유,10000,12000,37.480819,126.8816358
2026-07-12 20:00,POI014,강남역,여유,44000,46000,37.5002304,127.0268054
2026-07-12 20:00,POI015,건대입구역,약간 붐빔,30000,32000,37.54088,127.06812
2026-07-12 20:00,POI016,고덕역,여유,2500,3000,37.5550721,127.1550065
2026-07-12 20:00,POI017,고속터미널역,약간 붐빔,20000,22000,37.5050827,127.0049777
2026-07-12 20:00,POI018,교대역,여유,10000,12000,37.494178,127.015909
2026-07-12 20:00,POI019,구로디지털단지역,여유,8000,8500,37.4853417,126.9068128
2026-07-12 20:00,POI020,구로역,여유,2000,2500,37.5000903,126.8829924
2026-07-12 20:00,POI021,군자역,여유,7000,7500,37.558149,127.077839
2026-07-12 20:00,POI023,대림역,여유,14000,16000,37.4908703,126.8936859
2026-07-12 20:00,POI024,동대문역,여유,4000,4500,37.5718616,127.0114887
2026-07-12 20:00,POI025,뚝섬역,여유,8000,8500,37.5475031,127.0461973
2026-07-12 20:00,POI026,미아사거리역,여유,9500,10000,37.61175,127.03044
2026-07-12 20:00,POI055,홍대입구역(2호선),보통,18000,20000,37.5574135,126.9238
2026-07-12 20:00,POI088,광화문광장,여유,3500,4000,37.5759194,126.9768
2026-07-12 20:00,POI119,잠실역,보통,32000,34000,37.5127453,127.0973
2026-07-12 22:00,POI006,종로·청계 관광특구,여유,14000,16000,37.5702856,126.9903626
2026-07-12 22:00,POI007,홍대 관광특구,여유,54000,56000,37.5574135,126.9238
2026-07-12 22:00,POI008,경복궁,여유,500,600,37.579754,126.9766818
2026-07-12 22:00,POI009,광화문·덕수궁,여유,7500,8000,37.5759194,126.9768
2026-07-12 22:00,POI010,보신각,여유,3000,3500,37.5698518,126.9836102
2026-07-12 22:00,POI011,서울 암사동 유적,여유,100,200,37.5610203,127.1306288
2026-07-12 22:00,POI012,창덕궁·종묘,여유,4500,5000,37.5823872,126.9917013
2026-07-12 22:00,POI013,가산디지털단지역,여유,7500,8000,37.480819,126.8816358
2026-07-12 22:00,POI014,강남역,여유,30000,32000,37.5002304,127.0268054
2026-07-12 22:00,POI015,건대입구역,여유,26000,28000,37.54088,127.06812
2026-07-12 22:00,POI016,고덕역,여유,2000,2500,37.5550721,127.1550065
2026-07-12 22:00,POI017,고속터미널역,여유,6000,6500,37.5050827,127.0049777
2026-07-12 22:00,POI018,교대역,여유,8500,9000,37.494178,127.015909
2026-07-12 22:00,POI019,구로디지털단지역,여유,6000,6500,37.4853417,126.9068128
2026-07-12 22:00,POI020,구로역,여유,1500,2000,37.5000903,126.8829924
2026-07-12 22:00,POI021,군자역,여유,5500,6000,37.558149,127.077839
2026-07-12 22:00,POI023,대림역,여유,16000,18000,37.4908703,126.8936859
2026-07-12 22:00,POI024,동대문역,여유,3000,3500,37.5718616,127.0114887
2026-07-12 22:00,POI025,뚝섬역,여유,6000,6500,37.5475031,127.0461973
2026-07-12 22:00,POI026,미아사거리역,여유,5500,6000,37.61175,127.03044
2026-07-12 22:00,POI055,홍대입구역(2호선),여유,12000,14000,37.5574135,126.9238
2026-07-12 22:00,POI088,광화문광장,여유,2000,2500,37.5759194,126.9768
2026-07-12 22:00,POI119,잠실역,여유,6500,7000,37.5127453,127.0973
2026-07-13 00:00,POI006,종로·청계 관광특구,여유,12000,14000,37.5702856,126.9903626
2026-07-13 00:00,POI007,홍대 관광특구,여유,40000,42000,37.5574135,126.9238
2026-07-13 00:00,POI008,경복궁,여유,400,500,37.579754,126.9766818
2026-07-13 00:00,POI009,광화문·덕수궁,여유,4000,4500,37.5759194,126.9768
2026-07-13 00:00,POI010,보신각,여유,2000,2500,37.5698518,126.9836102
2026-07-13 00:00,POI011,서울 암사동 유적,여유,100,200,37.5610203,127.1306288
2026-07-13 00:00,POI012,창덕궁·종묘,여유,3500,4000,37.5823872,126.9917013
2026-07-13 00:00,POI013,가산디지털단지역,여유,5500,6000,37.480819,126.8816358
2026-07-13 00:00,POI014,강남역,여유,24000,26000,37.5002304,127.0268054
2026-07-13 00:00,POI015,건대입구역,여유,22000,24000,37.54088,127.06812
2026-07-13 00:00,POI016,고덕역,여유,1500,2000,37.5550721,127.1550065
2026-07-13 00:00,POI017,고속터미널역,여유,3000,3500,37.5050827,127.0049777
2026-07-13 00:00,POI018,교대역,여유,7500,8000,37.494178,127.015909
2026-07-13 00:00,POI019,구로디지털단지역,여유,5500,6000,37.4853417,126.9068128
2026-07-13 00:00,POI020,구로역,여유,1000,1500,37.5000903,126.8829924
2026-07-13 00:00,POI021,군자역,여유,4500,5000,37.558149,127.077839
2026-07-13 00:00,POI023,대림역,여유,16000,18000,37.4908703,126.8936859
2026-07-13 00:00,POI024,동대문역,여유,2000,2500,37.5718616,127.0114887
2026-07-13 00:00,POI025,뚝섬역,여유,5500,6000,37.5475031,127.0461973
2026-07-13 00:00,POI026,미아사거리역,여유,4000,4500,37.61175,127.03044
2026-07-13 00:00,POI055,홍대입구역(2호선),여유,8500,9000,37.5574135,126.9238
2026-07-13 00:00,POI088,광화문광장,여유,900,1000,37.5759194,126.9768
2026-07-13 00:00,POI119,잠실역,여유,3500,4000,37.5127453,127.0973
2026-07-13 02:00,POI006,종로·청계 관광특구,여유,9000,9500,37.5702856,126.9903626
2026-07-13 02:00,POI007,홍대 관광특구,여유,36000,38000,37.5574135,126.9238
2026-07-13 02:00,POI008,경복궁,여유,200,300,37.579754,126.9766818
2026-07-13 02:00,POI009,광화문·덕수궁,여유,2500,3000,37.5759194,126.9768
2026-07-13 02:00,POI010,보신각,여유,1500,2000,37.5698518,126.9836102
2026-07-13 02:00,POI011,서울 암사동 유적,여유,300,400,37.5610203,127.1306288
2026-07-13 02:00,POI012,창덕궁·종묘,여유,2500,3000,37.5823872,126.9917013
2026-07-13 02:00,POI013,가산디지털단지역,여유,4500,5000,37.480819,126.8816358
2026-07-13 02:00,POI014,강남역,여유,20000,22000,37.5002304,127.0268054
2026-07-13 02:00,POI015,건대입구역,여유,16000,18000,37.54088,127.06812
2026-07-13 02:00,POI016,고덕역,여유,1000,1500,37.5550721,127.1550065
2026-07-13 02:00,POI017,고속터미널역,여유,1500,2000,37.5050827,127.0049777
2026-07-13 02:00,POI018,교대역,여유,5500,6000,37.494178,127.015909
2026-07-13 02:00,POI019,구로디지털단지역,여유,4500,5000,37.4853417,126.9068128
2026-07-13 02:00,POI020,구로역,여유,800,900,37.5000903,126.8829924
2026-07-13 02:00,POI021,군자역,여유,3500,4000,37.558149,127.077839
2026-07-13 02:00,POI023,대림역,약간 붐빔,18000,20000,37.4908703,126.8936859
2026-07-13 02:00,POI024,동대문역,여유,1500,2000,37.5718616,127.0114887
2026-07-13 02:00,POI025,뚝섬역,여유,4000,4500,37.5475031,127.0461973
2026-07-13 02:00,POI026,미아사거리역,여유,3500,4000,37.61175,127.03044
2026-07-13 02:00,POI055,홍대입구역(2호선),여유,6500,7000,37.5574135,126.9238
2026-07-13 02:00,POI088,광화문광장,여유,600,700,37.5759194,126.9768
2026-07-13 02:00,POI119,잠실역,여유,2000,2500,37.5127453,127.0973
2026-07-13 04:00,POI006,종로·청계 관광특구,여유,8500,9000,37.5702856,126.9903626
2026-07-13 04:00,POI007,홍대 관광특구,여유,32000,34000,37.5574135,126.9238
2026-07-13 04:00,POI008,경복궁,여유,200,300,37.579754,126.9766818
2026-07-13 04:00,POI009,광화문·덕수궁,여유,2500,3000,37.5759194,126.9768
2026-07-13 04:00,POI010,보신각,여유,1500,2000,37.5698518,126.9836102
2026-07-13 04:00,POI011,서울 암사동 유적,여유,300,400,37.5610203,127.1306288
2026-07-13 04:00,POI012,창덕궁·종묘,여유,2500,3000,37.5823872,126.9917013
2026-07-13 04:00,POI013,가산디지털단지역,여유,4500,5000,37.480819,126.8816358
2026-07-13 04:00,POI014,강남역,여유,18000,20000,37.5002304,127.0268054
2026-07-13 04:00,POI015,건대입구역,여유,14000,16000,37.54088,127.06812
2026-07-13 04:00,POI016,고덕역,여유,1000,1500,37.5550721,127.1550065
2026-07-13 04:00,POI017,고속터미널역,여유,1500,2000,37.5050827,127.0049777
2026-07-13 04:00,POI018,교대역,여유,5500,6000,37.494178,127.015909
2026-07-13 04:00,POI019,구로디지털단지역,여유,4000,4500,37.4853417,126.9068128
2026-07-13 04:00,POI020,구로역,여유,800,900,37.5000903,126.8829924
2026-07-13 04:00,POI021,군자역,여유,3500,4000,37.558149,127.077839
2026-07-13 04:00,POI023,대림역,약간 붐빔,16000,18000,37.4908703,126.8936859
2026-07-13 04:00,POI024,동대문역,여유,1000,1500,37.5718616,127.0114887
2026-07-13 04:00,POI025,뚝섬역,여유,3500,4000,37.5475031,127.0461973
2026-07-13 04:00,POI026,미아사거리역,여유,3000,3500,37.61175,127.03044
2026-07-13 04:00,POI055,홍대입구역(2호선),여유,6000,6500,37.5574135,126.9238
2026-07-13 04:00,POI088,광화문광장,여유,600,700,37.5759194,126.9768
2026-07-13 04:00,POI119,잠실역,여유,2000,2500,37.5127453,127.0973
2026-07-13 06:00,POI006,종로·청계 관광특구,여유,9000,9500,37.5702856,126.9903626
2026-07-13 06:00,POI007,홍대 관광특구,여유,30000,32000,37.5574135,126.9238
2026-07-13 06:00,POI008,경복궁,여유,200,300,37.579754,126.9766818
2026-07-13 06:00,POI009,광화문·덕수궁,여유,4000,4500,37.5759194,126.9768
2026-07-13 06:00,POI010,보신각,여유,1500,2000,37.5698518,126.9836102
2026-07-13 06:00,POI011,서울 암사동 유적,여유,300,400,37.5610203,127.1306288
2026-07-13 06:00,POI012,창덕궁·종묘,여유,3000,3500,37.5823872,126.9917013
2026-07-13 06:00,POI013,가산디지털단지역,여유,5500,6000,37.480819,126.8816358
2026-07-13 06:00,POI014,강남역,여유,18000,20000,37.5002304,127.0268054
2026-07-13 06:00,POI015,건대입구역,여유,14000,16000,37.54088,127.06812
2026-07-13 06:00,POI016,고덕역,여유,1000,1500,37.5550721,127.1550065
2026-07-13 06:00,POI017,고속터미널역,여유,2000,2500,37.5050827,127.0049777
2026-07-13 06:00,POI018,교대역,여유,5500,6000,37.494178,127.015909
2026-07-13 06:00,POI019,구로디지털단지역,여유,4500,5000,37.4853417,126.9068128
2026-07-13 06:00,POI020,구로역,여유,1500,2000,37.5000903,126.8829924
2026-07-13 06:00,POI021,군자역,여유,3500,4000,37.558149,127.077839
2026-07-13 06:00,POI023,대림역,약간 붐빔,16000,18000,37.4908703,126.8936859
2026-07-13 06:00,POI024,동대문역,여유,1000,1500,37.5718616,127.0114887
2026-07-13 06:00,POI025,뚝섬역,여유,4000,4500,37.5475031,127.0461973
2026-07-13 06:00,POI026,미아사거리역,여유,3500,4000,37.61175,127.03044
2026-07-13 06:00,POI055,홍대입구역(2호선),여유,6500,7000,37.5574135,126.9238
2026-07-13 06:00,POI088,광화문광장,여유,700,800,37.5759194,126.9768
2026-07-13 06:00,POI119,잠실역,여유,2500,3000,37.5127453,127.0973
2026-07-13 07:00,POI006,종로·청계 관광특구,여유,10000,12000,37.5702856,126.9903626
2026-07-13 07:00,POI007,홍대 관광특구,여유,32000,34000,37.5574135,126.9238
2026-07-13 07:00,POI008,경복궁,여유,300,400,37.579754,126.9766818
2026-07-13 07:00,POI009,광화문·덕수궁,여유,6500,7000,37.5759194,126.9768
2026-07-13 07:00,POI010,보신각,여유,2500,3000,37.5698518,126.9836102
2026-07-13 07:00,POI011,서울 암사동 유적,여유,400,500,37.5610203,127.1306288
2026-07-13 07:00,POI012,창덕궁·종묘,여유,3500,4000,37.5823872,126.9917013
2026-07-13 07:00,POI013,가산디지털단지역,여유,8500,9000,37.480819,126.8816358
2026-07-13 07:00,POI014,강남역,여유,22000,24000,37.5002304,127.0268054
2026-07-13 07:00,POI015,건대입구역,여유,14000,16000,37.54088,127.06812
2026-07-13 07:00,POI016,고덕역,여유,1500,2000,37.5550721,127.1550065
2026-07-13 07:00,POI017,고속터미널역,여유,4500,5000,37.5050827,127.0049777
2026-07-13 07:00,POI018,교대역,여유,6500,7000,37.494178,127.015909
2026-07-13 07:00,POI019,구로디지털단지역,여유,5000,5500,37.4853417,126.9068128
2026-07-13 07:00,POI020,구로역,여유,1500,2000,37.5000903,126.8829924
2026-07-13 07:00,POI021,군자역,여유,4000,4500,37.558149,127.077839
2026-07-13 07:00,POI023,대림역,보통,16000,18000,37.4908703,126.8936859
2026-07-13 07:00,POI024,동대문역,여유,2500,3000,37.5718616,127.0114887
2026-07-13 07:00,POI025,뚝섬역,여유,4500,5000,37.5475031,127.0461973
2026-07-13 07:00,POI026,미아사거리역,여유,4500,5000,37.61175,127.03044
2026-07-13 07:00,POI055,홍대입구역(2호선),여유,6500,7000,37.5574135,126.9238
2026-07-13 07:00,POI088,광화문광장,여유,1500,2000,37.5759194,126.9768
2026-07-13 07:00,POI119,잠실역,여유,3500,4000,37.5127453,127.0973
2026-07-13 08:00,POI006,종로·청계 관광특구,여유,18000,20000,37.5702856,126.9903626
2026-07-13 08:00,POI007,홍대 관광특구,여유,36000,38000,37.5574135,126.9238
2026-07-13 08:00,POI008,경복궁,여유,800,900,37.579754,126.9766818
2026-07-13 08:00,POI009,광화문·덕수궁,여유,14000,16000,37.5759194,126.9768
2026-07-13 08:00,POI010,보신각,여유,5000,5500,37.5698518,126.9836102
2026-07-13 08:00,POI011,서울 암사동 유적,여유,400,500,37.5610203,127.1306288
2026-07-13 08:00,POI012,창덕궁·종묘,여유,6000,6500,37.5823872,126.9917013
2026-07-13 08:00,POI013,가산디지털단지역,여유,16000,18000,37.480819,126.8816358
2026-07-13 08:00,POI014,강남역,여유,34000,36000,37.5002304,127.0268054
2026-07-13 08:00,POI015,건대입구역,여유,20000,22000,37.54088,127.06812
2026-07-13 08:00,POI016,고덕역,여유,1500,2000,37.5550721,127.1550065
2026-07-13 08:00,POI017,고속터미널역,여유,8000,8500,37.5050827,127.0049777
2026-07-13 08:00,POI018,교대역,여유,10000,12000,37.494178,127.015909
2026-07-13 08:00,POI019,구로디지털단지역,여유,8500,9000,37.4853417,126.9068128
2026-07-13 08:00,POI020,구로역,여유,3000,3500,37.5000903,126.8829924
2026-07-13 08:00,POI021,군자역,여유,4500,5000,37.558149,127.077839
2026-07-13 08:00,POI023,대림역,보통,16000,18000,37.4908703,126.8936859
2026-07-13 08:00,POI024,동대문역,여유,4500,5000,37.5718616,127.0114887
2026-07-13 08:00,POI025,뚝섬역,여유,6000,6500,37.5475031,127.0461973
2026-07-13 08:00,POI026,미아사거리역,여유,7500,8000,37.61175,127.03044
2026-07-13 08:00,POI055,홍대입구역(2호선),여유,9000,9500,37.5574135,126.9238
2026-07-13 08:00,POI088,광화문광장,여유,3000,3500,37.5759194,126.9768
2026-07-13 08:00,POI119,잠실역,여유,6000,6500,37.5127453,127.0973
2026-07-13 09:00,POI006,종로·청계 관광특구,보통,30000,32000,37.5702856,126.9903626
2026-07-13 09:00,POI007,홍대 관광특구,여유,44000,46000,37.5574135,126.9238
2026-07-13 09:00,POI008,경복궁,여유,1000,1500,37.579754,126.9766818
2026-07-13 09:00,POI009,광화문·덕수궁,여유,32000,34000,37.5759194,126.9768
2026-07-13 09:00,POI010,보신각,보통,10000,12000,37.5698518,126.9836102
2026-07-13 09:00,POI011,서울 암사동 유적,여유,400,500,37.5610203,127.1306288
2026-07-13 09:00,POI012,창덕궁·종묘,보통,9500,10000,37.5823872,126.9917013
2026-07-13 09:00,POI013,가산디지털단지역,보통,32000,34000,37.480819,126.8816358
2026-07-13 09:00,POI014,강남역,보통,54000,56000,37.5002304,127.0268054
2026-07-13 09:00,POI015,건대입구역,여유,22000,24000,37.54088,127.06812
2026-07-13 09:00,POI016,고덕역,여유,2000,2500,37.5550721,127.1550065
2026-07-13 09:00,POI017,고속터미널역,여유,12000,14000,37.5050827,127.0049777
2026-07-13 09:00,POI018,교대역,여유,14000,16000,37.494178,127.015909
2026-07-13 09:00,POI019,구로디지털단지역,약간 붐빔,22000,24000,37.4853417,126.9068128
2026-07-13 09:00,POI020,구로역,약간 붐빔,4000,4500,37.5000903,126.8829924
2026-07-13 09:00,POI021,군자역,여유,5500,6000,37.558149,127.077839
2026-07-13 09:00,POI023,대림역,보통,16000,18000,37.4908703,126.8936859
2026-07-13 09:00,POI024,동대문역,보통,8500,9000,37.5718616,127.0114887
2026-07-13 09:00,POI025,뚝섬역,여유,8000,8500,37.5475031,127.0461973
2026-07-13 09:00,POI026,미아사거리역,여유,9000,9500,37.61175,127.03044
2026-07-13 09:00,POI055,홍대입구역(2호선),여유,10000,12000,37.5574135,126.9238
2026-07-13 09:00,POI088,광화문광장,여유,7000,7500,37.5759194,126.9768
2026-07-13 09:00,POI119,잠실역,여유,10000,12000,37.5127453,127.0973
2026-07-13 12:00,POI006,종로·청계 관광특구,보통,48000,50000,37.5702856,126.9903626
2026-07-13 12:00,POI007,홍대 관광특구,여유,70000,72000,37.5574135,126.9238
2026-07-13 12:00,POI008,경복궁,보통,1500,2000,37.579754,126.9766818
2026-07-13 12:00,POI009,광화문·덕수궁,약간 붐빔,50000,52000,37.5759194,126.9768
2026-07-13 12:00,POI010,보신각,보통,18000,20000,37.5698518,126.9836102
2026-07-13 12:00,POI011,서울 암사동 유적,여유,300,400,37.5610203,127.1306288
2026-07-13 12:00,POI012,창덕궁·종묘,보통,14000,16000,37.5823872,126.9917013
2026-07-13 12:00,POI013,가산디지털단지역,약간 붐빔,40000,42000,37.480819,126.8816358
2026-07-13 12:00,POI014,강남역,약간 붐빔,94000,96000,37.5002304,127.0268054
2026-07-13 12:00,POI015,건대입구역,여유,24000,26000,37.54088,127.06812
2026-07-13 12:00,POI016,고덕역,여유,2500,3000,37.5550721,127.1550065
2026-07-13 12:00,POI017,고속터미널역,약간 붐빔,22000,24000,37.5050827,127.0049777
2026-07-13 12:00,POI018,교대역,붐빔,24000,26000,37.494178,127.015909
2026-07-13 12:00,POI019,구로디지털단지역,약간 붐빔,38000,40000,37.4853417,126.9068128
2026-07-13 12:00,POI020,구로역,여유,2000,2500,37.5000903,126.8829924
2026-07-13 12:00,POI021,군자역,여유,6500,7000,37.558149,127.077839
2026-07-13 12:00,POI024,동대문역,보통,10000,12000,37.5718616,127.0114887
2026-07-13 12:00,POI025,뚝섬역,보통,10000,12000,37.5475031,127.0461973
2026-07-13 12:00,POI026,미아사거리역,여유,8500,9000,37.61175,127.03044
2026-07-13 12:00,POI055,홍대입구역(2호선),보통,18000,20000,37.5574135,126.9238
2026-07-13 12:00,POI088,광화문광장,보통,9000,9500,37.5759194,126.9768
2026-07-13 12:00,POI119,잠실역,보통,26000,28000,37.5127453,127.0973
2026-07-13 16:00,POI006,종로·청계 관광특구,보통,48000,50000,37.5702856,126.9903626
2026-07-13 16:00,POI007,홍대 관광특구,보통,78000,80000,37.5574135,126.9238
2026-07-13 16:00,POI008,경복궁,보통,1500,2000,37.579754,126.9766818
2026-07-13 16:00,POI009,광화문·덕수궁,보통,46000,48000,37.5759194,126.9768
2026-07-13 16:00,POI010,보신각,보통,20000,22000,37.5698518,126.9836102
2026-07-13 16:00,POI011,서울 암사동 유적,여유,200,300,37.5610203,127.1306288
2026-07-13 16:00,POI012,창덕궁·종묘,보통,14000,16000,37.5823872,126.9917013
2026-07-13 16:00,POI013,가산디지털단지역,약간 붐빔,32000,34000,37.480819,126.8816358
2026-07-13 16:00,POI014,강남역,약간 붐빔,92000,94000,37.5002304,127.0268054
2026-07-13 16:00,POI015,건대입구역,여유,24000,26000,37.54088,127.06812
2026-07-13 16:00,POI016,고덕역,여유,4000,4500,37.5550721,127.1550065
2026-07-13 16:00,POI017,고속터미널역,약간 붐빔,22000,24000,37.5050827,127.0049777
2026-07-13 16:00,POI018,교대역,붐빔,24000,26000,37.494178,127.015909
2026-07-13 16:00,POI019,구로디지털단지역,약간 붐빔,34000,36000,37.4853417,126.9068128
2026-07-13 16:00,POI020,구로역,여유,2500,3000,37.5000903,126.8829924
2026-07-13 16:00,POI021,군자역,여유,6500,7000,37.558149,127.077839
2026-07-13 16:00,POI023,대림역,여유,14000,16000,37.4908703,126.8936859
2026-07-13 16:00,POI024,동대문역,보통,10000,12000,37.5718616,127.0114887
2026-07-13 16:00,POI025,뚝섬역,보통,10000,12000,37.5475031,127.0461973
2026-07-13 16:00,POI026,미아사거리역,여유,9500,10000,37.61175,127.03044
2026-07-13 16:00,POI055,홍대입구역(2호선),약간 붐빔,20000,22000,37.5574135,126.9238
2026-07-13 16:00,POI088,광화문광장,보통,8500,9000,37.5759194,126.9768
2026-07-13 16:00,POI119,잠실역,보통,30000,32000,37.5127453,127.0973
2026-07-13 20:00,POI006,종로·청계 관광특구,보통,26000,28000,37.5702856,126.9903626
2026-07-13 20:00,POI007,홍대 관광특구,여유,76000,78000,37.5574135,126.9238
2026-07-13 20:00,POI008,경복궁,여유,800,900,37.579754,126.9766818
2026-07-13 20:00,POI009,광화문·덕수궁,여유,20000,22000,37.5759194,126.9768
2026-07-13 20:00,POI010,보신각,보통,10000,12000,37.5698518,126.9836102
2026-07-13 20:00,POI011,서울 암사동 유적,여유,200,300,37.5610203,127.1306288
2026-07-13 20:00,POI012,창덕궁·종묘,여유,7000,7500,37.5823872,126.9917013
2026-07-13 20:00,POI013,가산디지털단지역,여유,16000,18000,37.480819,126.8816358
2026-07-13 20:00,POI014,강남역,보통,66000,68000,37.5002304,127.0268054
2026-07-13 20:00,POI015,건대입구역,여유,26000,28000,37.54088,127.06812
2026-07-13 20:00,POI016,고덕역,약간 붐빔,4500,5000,37.5550721,127.1550065
2026-07-13 20:00,POI017,고속터미널역,보통,14000,16000,37.5050827,127.0049777
2026-07-13 20:00,POI018,교대역,여유,16000,18000,37.494178,127.015909
2026-07-13 20:00,POI019,구로디지털단지역,보통,16000,18000,37.4853417,126.9068128
2026-07-13 20:00,POI020,구로역,여유,2000,2500,37.5000903,126.8829924
2026-07-13 20:00,POI021,군자역,보통,8000,8500,37.558149,127.077839
2026-07-13 20:00,POI023,대림역,여유,16000,18000,37.4908703,126.8936859
2026-07-13 20:00,POI024,동대문역,여유,4500,5000,37.5718616,127.0114887
2026-07-13 20:00,POI025,뚝섬역,여유,8000,8500,37.5475031,127.0461973
2026-07-13 20:00,POI026,미아사거리역,여유,9000,9500,37.61175,127.03044
2026-07-13 20:00,POI055,홍대입구역(2호선),보통,18000,20000,37.5574135,126.9238
2026-07-13 20:00,POI088,광화문광장,여유,4000,4500,37.5759194,126.9768
2026-07-13 20:00,POI119,잠실역,보통,24000,26000,37.5127453,127.0973
2026-07-13 23:00,POI006,종로·청계 관광특구,여유,12000,14000,37.5702856,126.9903626
2026-07-13 23:00,POI007,홍대 관광특구,여유,42000,44000,37.5574135,126.9238
2026-07-13 23:00,POI008,경복궁,여유,300,400,37.579754,126.9766818
2026-07-13 23:00,POI009,광화문·덕수궁,여유,5500,6000,37.5759194,126.9768
2026-07-13 23:00,POI010,보신각,여유,3000,3500,37.5698518,126.9836102
2026-07-13 23:00,POI011,서울 암사동 유적,여유,300,400,37.5610203,127.1306288
2026-07-13 23:00,POI012,창덕궁·종묘,여유,3500,4000,37.5823872,126.9917013
2026-07-13 23:00,POI013,가산디지털단지역,여유,7000,7500,37.480819,126.8816358
2026-07-13 23:00,POI014,강남역,여유,30000,32000,37.5002304,127.0268054
2026-07-13 23:00,POI015,건대입구역,여유,22000,24000,37.54088,127.06812
2026-07-13 23:00,POI016,고덕역,여유,1500,2000,37.5550721,127.1550065
2026-07-13 23:00,POI017,고속터미널역,여유,2500,3000,37.5050827,127.0049777
2026-07-13 23:00,POI018,교대역,여유,9500,10000,37.494178,127.015909
2026-07-13 23:00,POI019,구로디지털단지역,여유,6500,7000,37.4853417,126.9068128
2026-07-13 23:00,POI020,구로역,여유,1000,1500,37.5000903,126.8829924
2026-07-13 23:00,POI021,군자역,여유,5000,5500,37.558149,127.077839
2026-07-13 23:00,POI023,대림역,약간 붐빔,16000,18000,37.4908703,126.8936859
2026-07-13 23:00,POI024,동대문역,여유,2500,3000,37.5718616,127.0114887
2026-07-13 23:00,POI025,뚝섬역,여유,5000,5500,37.5475031,127.0461973
2026-07-13 23:00,POI026,미아사거리역,여유,4500,5000,37.61175,127.03044
2026-07-13 23:00,POI055,홍대입구역(2호선),여유,9500,10000,37.5574135,126.9238
2026-07-13 23:00,POI088,광화문광장,여유,1000,1500,37.5759194,126.9768
2026-07-13 23:00,POI119,잠실역,여유,4000,4500,37.5127453,127.0973
2026-07-14 02:00,POI006,종로·청계 관광특구,여유,10000,12000,37.5702856,126.9903626
2026-07-14 02:00,POI007,홍대 관광특구,여유,34000,36000,37.5574135,126.9238
2026-07-14 02:00,POI008,경복궁,여유,200,300,37.579754,126.9766818
2026-07-14 02:00,POI009,광화문·덕수궁,여유,3000,3500,37.5759194,126.9768
2026-07-14 02:00,POI010,보신각,여유,1500,2000,37.5698518,126.9836102
2026-07-14 02:00,POI011,서울 암사동 유적,여유,300,400,37.5610203,127.1306288
2026-07-14 02:00,POI012,창덕궁·종묘,여유,3000,3500,37.5823872,126.9917013
2026-07-14 02:00,POI013,가산디지털단지역,여유,5000,5500,37.480819,126.8816358
2026-07-14 02:00,POI014,강남역,여유,22000,24000,37.5002304,127.0268054
2026-07-14 02:00,POI015,건대입구역,여유,16000,18000,37.54088,127.06812
2026-07-14 02:00,POI016,고덕역,여유,1000,1500,37.5550721,127.1550065
2026-07-14 02:00,POI017,고속터미널역,여유,1500,2000,37.5050827,127.0049777
2026-07-14 02:00,POI018,교대역,여유,6000,6500,37.494178,127.015909
2026-07-14 02:00,POI019,구로디지털단지역,여유,4500,5000,37.4853417,126.9068128
2026-07-14 02:00,POI020,구로역,여유,800,900,37.5000903,126.8829924
2026-07-14 02:00,POI021,군자역,여유,3500,4000,37.558149,127.077839
2026-07-14 02:00,POI023,대림역,약간 붐빔,18000,20000,37.4908703,126.8936859
2026-07-14 02:00,POI024,동대문역,여유,1500,2000,37.5718616,127.0114887
2026-07-14 02:00,POI025,뚝섬역,여유,4000,4500,37.5475031,127.0461973
2026-07-14 02:00,POI026,미아사거리역,여유,3500,4000,37.61175,127.03044
2026-07-14 02:00,POI055,홍대입구역(2호선),여유,6500,7000,37.5574135,126.9238
2026-07-14 02:00,POI088,광화문광장,여유,600,700,37.5759194,126.9768
2026-07-14 02:00,POI119,잠실역,여유,2500,3000,37.5127453,127.0973
2026-07-14 04:00,POI006,종로·청계 관광특구,여유,9000,9500,37.5702856,126.9903626
2026-07-14 04:00,POI007,홍대 관광특구,여유,30000,32000,37.5574135,126.9238
2026-07-14 04:00,POI008,경복궁,여유,200,300,37.579754,126.9766818
2026-07-14 04:00,POI009,광화문·덕수궁,여유,3000,3500,37.5759194,126.9768
2026-07-14 04:00,POI010,보신각,여유,1500,2000,37.5698518,126.9836102
2026-07-14 04:00,POI011,서울 암사동 유적,여유,300,400,37.5610203,127.1306288
2026-07-14 04:00,POI012,창덕궁·종묘,여유,3000,3500,37.5823872,126.9917013
2026-07-14 04:00,POI013,가산디지털단지역,여유,5000,5500,37.480819,126.8816358
2026-07-14 04:00,POI014,강남역,여유,20000,22000,37.5002304,127.0268054
2026-07-14 04:00,POI015,건대입구역,여유,14000,16000,37.54088,127.06812
2026-07-14 04:00,POI016,고덕역,여유,1000,1500,37.5550721,127.1550065
2026-07-14 04:00,POI017,고속터미널역,여유,1000,1500,37.5050827,127.0049777
2026-07-14 04:00,POI018,교대역,여유,5500,6000,37.494178,127.015909
2026-07-14 04:00,POI019,구로디지털단지역,여유,4000,4500,37.4853417,126.9068128
2026-07-14 04:00,POI020,구로역,여유,600,700,37.5000903,126.8829924
2026-07-14 04:00,POI021,군자역,여유,3500,4000,37.558149,127.077839
2026-07-14 04:00,POI023,대림역,약간 붐빔,18000,20000,37.4908703,126.8936859
2026-07-14 04:00,POI024,동대문역,여유,1000,1500,37.5718616,127.0114887
2026-07-14 04:00,POI025,뚝섬역,여유,4000,4500,37.5475031,127.0461973
2026-07-14 04:00,POI026,미아사거리역,여유,3000,3500,37.61175,127.03044
2026-07-14 04:00,POI055,홍대입구역(2호선),여유,6000,6500,37.5574135,126.9238
2026-07-14 04:00,POI088,광화문광장,여유,600,700,37.5759194,126.9768
2026-07-14 04:00,POI119,잠실역,여유,2500,3000,37.5127453,127.0973
2026-07-14 06:00,POI006,종로·청계 관광특구,여유,9500,10000,37.5702856,126.9903626
2026-07-14 06:00,POI007,홍대 관광특구,여유,30000,32000,37.5574135,126.9238
2026-07-14 06:00,POI008,경복궁,여유,200,300,37.579754,126.9766818
2026-07-14 06:00,POI009,광화문·덕수궁,여유,4000,4500,37.5759194,126.9768
2026-07-14 06:00,POI010,보신각,여유,1500,2000,37.5698518,126.9836102
2026-07-14 06:00,POI011,서울 암사동 유적,여유,300,400,37.5610203,127.1306288
2026-07-14 06:00,POI012,창덕궁·종묘,여유,3000,3500,37.5823872,126.9917013
2026-07-14 06:00,POI013,가산디지털단지역,여유,5500,6000,37.480819,126.8816358
2026-07-14 06:00,POI014,강남역,여유,20000,22000,37.5002304,127.0268054
2026-07-14 06:00,POI015,건대입구역,여유,14000,16000,37.54088,127.06812
2026-07-14 06:00,POI016,고덕역,여유,1000,1500,37.5550721,127.1550065
2026-07-14 06:00,POI017,고속터미널역,여유,2000,2500,37.5050827,127.0049777
2026-07-14 06:00,POI018,교대역,여유,5500,6000,37.494178,127.015909
2026-07-14 06:00,POI019,구로디지털단지역,여유,4500,5000,37.4853417,126.9068128
2026-07-14 06:00,POI020,구로역,여유,800,900,37.5000903,126.8829924
2026-07-14 06:00,POI021,군자역,여유,3500,4000,37.558149,127.077839
2026-07-14 06:00,POI023,대림역,약간 붐빔,16000,18000,37.4908703,126.8936859
2026-07-14 06:00,POI024,동대문역,여유,1500,2000,37.5718616,127.0114887
2026-07-14 06:00,POI025,뚝섬역,여유,4000,4500,37.5475031,127.0461973
2026-07-14 06:00,POI026,미아사거리역,여유,3500,4000,37.61175,127.03044
2026-07-14 06:00,POI055,홍대입구역(2호선),여유,6000,6500,37.5574135,126.9238
2026-07-14 06:00,POI088,광화문광장,여유,800,900,37.5759194,126.9768
2026-07-14 06:00,POI119,잠실역,여유,2500,3000,37.5127453,127.0973
2026-07-14 08:00,POI006,종로·청계 관광특구,여유,20000,22000,37.5702856,126.9903626
2026-07-14 08:00,POI007,홍대 관광특구,여유,36000,38000,37.5574135,126.9238
2026-07-14 08:00,POI008,경복궁,여유,800,900,37.579754,126.9766818
2026-07-14 08:00,POI009,광화문·덕수궁,여유,14000,16000,37.5759194,126.9768
2026-07-14 08:00,POI010,보신각,여유,5500,6000,37.5698518,126.9836102
2026-07-14 08:00,POI011,서울 암사동 유적,여유,300,400,37.5610203,127.1306288
2026-07-14 08:00,POI012,창덕궁·종묘,여유,6500,7000,37.5823872,126.9917013
2026-07-14 08:00,POI013,가산디지털단지역,여유,16000,18000,37.480819,126.8816358
2026-07-14 08:00,POI014,강남역,여유,34000,36000,37.5002304,127.0268054
2026-07-14 08:00,POI015,건대입구역,여유,20000,22000,37.54088,127.06812
2026-07-14 08:00,POI016,고덕역,여유,2000,2500,37.5550721,127.1550065
2026-07-14 08:00,POI017,고속터미널역,여유,9000,9500,37.5050827,127.0049777
2026-07-14 08:00,POI018,교대역,여유,10000,12000,37.494178,127.015909
2026-07-14 08:00,POI019,구로디지털단지역,여유,9000,9500,37.4853417,126.9068128
2026-07-14 08:00,POI020,구로역,보통,3500,4000,37.5000903,126.8829924
2026-07-14 08:00,POI021,군자역,여유,4500,5000,37.558149,127.077839
2026-07-14 08:00,POI023,대림역,보통,16000,18000,37.4908703,126.8936859
2026-07-14 08:00,POI024,동대문역,여유,5000,5500,37.5718616,127.0114887
2026-07-14 08:00,POI025,뚝섬역,여유,6000,6500,37.5475031,127.0461973
2026-07-14 08:00,POI026,미아사거리역,여유,7500,8000,37.61175,127.03044
2026-07-14 08:00,POI055,홍대입구역(2호선),여유,9000,9500,37.5574135,126.9238
2026-07-14 08:00,POI088,광화문광장,여유,3500,4000,37.5759194,126.9768
2026-07-14 08:00,POI119,잠실역,여유,6500,7000,37.5127453,127.0973
2026-07-14 09:00,POI006,종로·청계 관광특구,보통,30000,32000,37.5702856,126.9903626
2026-07-14 09:00,POI007,홍대 관광특구,여유,44000,46000,37.5574135,126.9238
2026-07-14 09:00,POI008,경복궁,여유,1000,1500,37.579754,126.9766818
2026-07-14 09:00,POI009,광화문·덕수궁,여유,30000,32000,37.5759194,126.9768
2026-07-14 09:00,POI010,보신각,보통,10000,12000,37.5698518,126.9836102
2026-07-14 09:00,POI011,서울 암사동 유적,여유,400,500,37.5610203,127.1306288
2026-07-14 09:00,POI012,창덕궁·종묘,보통,10000,12000,37.5823872,126.9917013
2026-07-14 09:00,POI013,가산디지털단지역,약간 붐빔,30000,32000,37.480819,126.8816358
2026-07-14 09:00,POI014,강남역,보통,52000,54000,37.5002304,127.0268054
2026-07-14 09:00,POI015,건대입구역,여유,22000,24000,37.54088,127.06812
2026-07-14 09:00,POI016,고덕역,여유,2000,2500,37.5550721,127.1550065
2026-07-14 09:00,POI017,고속터미널역,여유,12000,14000,37.5050827,127.0049777
2026-07-14 09:00,POI018,교대역,여유,14000,16000,37.494178,127.015909
2026-07-14 09:00,POI019,구로디지털단지역,약간 붐빔,20000,22000,37.4853417,126.9068128
2026-07-14 09:00,POI020,구로역,약간 붐빔,4000,4500,37.5000903,126.8829924
2026-07-14 09:00,POI021,군자역,여유,5500,6000,37.558149,127.077839
2026-07-14 09:00,POI023,대림역,약간 붐빔,16000,18000,37.4908703,126.8936859
2026-07-14 09:00,POI024,동대문역,보통,8000,8500,37.5718616,127.0114887
2026-07-14 09:00,POI025,뚝섬역,여유,8000,8500,37.5475031,127.0461973
2026-07-14 09:00,POI026,미아사거리역,여유,9000,9500,37.61175,127.03044
2026-07-14 09:00,POI055,홍대입구역(2호선),여유,10000,12000,37.5574135,126.9238
2026-07-14 09:00,POI088,광화문광장,여유,6500,7000,37.5759194,126.9768
2026-07-14 09:00,POI119,잠실역,여유,10000,12000,37.5127453,127.0973
2026-07-14 12:00,POI006,종로·청계 관광특구,보통,48000,50000,37.5702856,126.9903626
2026-07-14 12:00,POI007,홍대 관광특구,여유,66000,68000,37.5574135,126.9238
2026-07-14 12:00,POI008,경복궁,보통,1500,2000,37.579754,126.9766818
2026-07-14 12:00,POI009,광화문·덕수궁,약간 붐빔,50000,52000,37.5759194,126.9768
2026-07-14 12:00,POI010,보신각,보통,18000,20000,37.5698518,126.9836102
2026-07-14 12:00,POI011,서울 암사동 유적,여유,300,400,37.5610203,127.1306288
2026-07-14 12:00,POI012,창덕궁·종묘,보통,14000,16000,37.5823872,126.9917013
2026-07-14 12:00,POI013,가산디지털단지역,약간 붐빔,36000,38000,37.480819,126.8816358
2026-07-14 12:00,POI014,강남역,약간 붐빔,94000,96000,37.5002304,127.0268054
2026-07-14 12:00,POI015,건대입구역,여유,22000,24000,37.54088,127.06812
2026-07-14 12:00,POI016,고덕역,여유,3000,3500,37.5550721,127.1550065
2026-07-14 12:00,POI017,고속터미널역,약간 붐빔,20000,22000,37.5050827,127.0049777
2026-07-14 12:00,POI018,교대역,붐빔,24000,26000,37.494178,127.015909
2026-07-14 12:00,POI019,구로디지털단지역,약간 붐빔,38000,40000,37.4853417,126.9068128
2026-07-14 12:00,POI020,구로역,여유,1500,2000,37.5000903,126.8829924
2026-07-14 12:00,POI021,군자역,여유,6500,7000,37.558149,127.077839
2026-07-14 12:00,POI023,대림역,여유,14000,16000,37.4908703,126.8936859
2026-07-14 12:00,POI024,동대문역,보통,9000,9500,37.5718616,127.0114887
2026-07-14 12:00,POI025,뚝섬역,보통,10000,12000,37.5475031,127.0461973
2026-07-14 12:00,POI026,미아사거리역,여유,10000,12000,37.61175,127.03044
2026-07-14 12:00,POI055,홍대입구역(2호선),보통,16000,18000,37.5574135,126.9238
2026-07-14 12:00,POI088,광화문광장,보통,8500,9000,37.5759194,126.9768
2026-07-14 12:00,POI119,잠실역,보통,28000,30000,37.5127453,127.0973
2026-07-14 15:00,POI006,종로·청계 관광특구,보통,48000,50000,37.5702856,126.9903626
2026-07-14 15:00,POI007,홍대 관광특구,여유,76000,78000,37.5574135,126.9238
2026-07-14 15:00,POI008,경복궁,보통,1500,2000,37.579754,126.9766818
2026-07-14 15:00,POI009,광화문·덕수궁,약간 붐빔,48000,50000,37.5759194,126.9768
2026-07-14 15:00,POI010,보신각,보통,22000,24000,37.5698518,126.9836102
2026-07-14 15:00,POI011,서울 암사동 유적,여유,300,400,37.5610203,127.1306288
2026-07-14 15:00,POI012,창덕궁·종묘,보통,16000,18000,37.5823872,126.9917013
2026-07-14 15:00,POI013,가산디지털단지역,약간 붐빔,34000,36000,37.480819,126.8816358
2026-07-14 15:00,POI014,강남역,약간 붐빔,94000,96000,37.5002304,127.0268054
2026-07-14 15:00,POI015,건대입구역,여유,24000,26000,37.54088,127.06812
2026-07-14 15:00,POI016,고덕역,여유,3000,3500,37.5550721,127.1550065
2026-07-14 15:00,POI017,고속터미널역,약간 붐빔,22000,24000,37.5050827,127.0049777
2026-07-14 15:00,POI018,교대역,붐빔,24000,26000,37.494178,127.015909
2026-07-14 15:00,POI019,구로디지털단지역,보통,34000,36000,37.4853417,126.9068128
2026-07-14 15:00,POI020,구로역,여유,2000,2500,37.5000903,126.8829924
2026-07-14 15:00,POI021,군자역,여유,6500,7000,37.558149,127.077839
2026-07-14 15:00,POI023,대림역,여유,14000,16000,37.4908703,126.8936859
2026-07-14 15:00,POI024,동대문역,보통,10000,12000,37.5718616,127.0114887
2026-07-14 15:00,POI025,뚝섬역,보통,10000,12000,37.5475031,127.0461973
2026-07-14 15:00,POI026,미아사거리역,보통,10000,12000,37.61175,127.03044
2026-07-14 15:00,POI055,홍대입구역(2호선),보통,18000,20000,37.5574135,126.9238
2026-07-14 15:00,POI088,광화문광장,보통,9000,9500,37.5759194,126.9768
2026-07-14 15:00,POI119,잠실역,약간 붐빔,32000,34000,37.5127453,127.0973
2026-07-14 18:00,POI006,종로·청계 관광특구,보통,40000,42000,37.5702856,126.9903626
2026-07-14 18:00,POI007,홍대 관광특구,보통,80000,82000,37.5574135,126.9238
2026-07-14 18:00,POI008,경복궁,여유,1000,1500,37.579754,126.9766818
2026-07-14 18:00,POI009,광화문·덕수궁,보통,44000,46000,37.5759194,126.9768
2026-07-14 18:00,POI010,보신각,보통,16000,18000,37.5698518,126.9836102
2026-07-14 18:00,POI011,서울 암사동 유적,여유,300,400,37.5610203,127.1306288
2026-07-14 18:00,POI012,창덕궁·종묘,보통,12000,14000,37.5823872,126.9917013
2026-07-14 18:00,POI013,가산디지털단지역,보통,36000,38000,37.480819,126.8816358
2026-07-14 18:00,POI014,강남역,약간 붐빔,86000,88000,37.5002304,127.0268054
2026-07-14 18:00,POI015,건대입구역,여유,28000,30000,37.54088,127.06812
2026-07-14 18:00,POI016,고덕역,보통,5000,5500,37.5550721,127.1550065
2026-07-14 18:00,POI017,고속터미널역,약간 붐빔,20000,22000,37.5050827,127.0049777
2026-07-14 18:00,POI018,교대역,약간 붐빔,22000,24000,37.494178,127.015909
2026-07-14 18:00,POI019,구로디지털단지역,보통,30000,32000,37.4853417,126.9068128
2026-07-14 18:00,POI020,구로역,보통,3000,3500,37.5000903,126.8829924
2026-07-14 18:00,POI021,군자역,여유,7500,8000,37.558149,127.077839
2026-07-14 18:00,POI023,대림역,여유,14000,16000,37.4908703,126.8936859
2026-07-14 18:00,POI024,동대문역,보통,8000,8500,37.5718616,127.0114887
2026-07-14 18:00,POI025,뚝섬역,보통,10000,12000,37.5475031,127.0461973
2026-07-14 18:00,POI026,미아사거리역,보통,10000,12000,37.61175,127.03044
2026-07-14 18:00,POI055,홍대입구역(2호선),약간 붐빔,20000,22000,37.5574135,126.9238
2026-07-14 18:00,POI088,광화문광장,보통,9000,9500,37.5759194,126.9768
2026-07-14 18:00,POI119,잠실역,보통,30000,32000,37.5127453,127.0973
2026-07-14 20:00,POI006,종로·청계 관광특구,여유,24000,26000,37.5702856,126.9903626
2026-07-14 20:00,POI007,홍대 관광특구,여유,70000,72000,37.5574135,126.9238
2026-07-14 20:00,POI008,경복궁,여유,700,800,37.579754,126.9766818
2026-07-14 20:00,POI009,광화문·덕수궁,여유,20000,22000,37.5759194,126.9768
2026-07-14 20:00,POI010,보신각,보통,10000,12000,37.5698518,126.9836102
2026-07-14 20:00,POI011,서울 암사동 유적,여유,300,400,37.5610203,127.1306288
2026-07-14 20:00,POI012,창덕궁·종묘,여유,6500,7000,37.5823872,126.9917013
2026-07-14 20:00,POI013,가산디지털단지역,여유,16000,18000,37.480819,126.8816358
2026-07-14 20:00,POI014,강남역,보통,64000,66000,37.5002304,127.0268054
2026-07-14 20:00,POI015,건대입구역,여유,26000,28000,37.54088,127.06812
2026-07-14 20:00,POI016,고덕역,보통,4500,5000,37.5550721,127.1550065
2026-07-14 20:00,POI017,고속터미널역,보통,14000,16000,37.5050827,127.0049777
2026-07-14 20:00,POI018,교대역,여유,16000,18000,37.494178,127.015909
2026-07-14 20:00,POI019,구로디지털단지역,여유,14000,16000,37.4853417,126.9068128
2026-07-14 20:00,POI020,구로역,여유,2000,2500,37.5000903,126.8829924
2026-07-14 20:00,POI021,군자역,보통,7500,8000,37.558149,127.077839
2026-07-14 20:00,POI023,대림역,보통,16000,18000,37.4908703,126.8936859
2026-07-14 20:00,POI024,동대문역,여유,4500,5000,37.5718616,127.0114887
2026-07-14 20:00,POI025,뚝섬역,여유,8000,8500,37.5475031,127.0461973
2026-07-14 20:00,POI026,미아사거리역,여유,9500,10000,37.61175,127.03044
2026-07-14 20:00,POI055,홍대입구역(2호선),보통,16000,18000,37.5574135,126.9238
2026-07-14 20:00,POI088,광화문광장,여유,4000,4500,37.5759194,126.9768
2026-07-14 20:00,POI119,잠실역,보통,24000,26000,37.5127453,127.0973
2026-07-14 23:00,POI006,종로·청계 관광특구,여유,14000,16000,37.5702856,126.9903626
2026-07-14 23:00,POI007,홍대 관광특구,여유,48000,50000,37.5574135,126.9238
2026-07-14 23:00,POI008,경복궁,여유,400,500,37.579754,126.9766818
2026-07-14 23:00,POI009,광화문·덕수궁,여유,8500,9000,37.5759194,126.9768
2026-07-14 23:00,POI010,보신각,여유,4500,5000,37.5698518,126.9836102
2026-07-14 23:00,POI011,서울 암사동 유적,여유,200,300,37.5610203,127.1306288
2026-07-14 23:00,POI012,창덕궁·종묘,여유,4500,5000,37.5823872,126.9917013
2026-07-14 23:00,POI013,가산디지털단지역,여유,8000,8500,37.480819,126.8816358
2026-07-14 23:00,POI014,강남역,여유,36000,38000,37.5002304,127.0268054
2026-07-14 23:00,POI015,건대입구역,여유,24000,26000,37.54088,127.06812
2026-07-14 23:00,POI016,고덕역,여유,2000,2500,37.5550721,127.1550065
2026-07-14 23:00,POI017,고속터미널역,여유,5000,5500,37.5050827,127.0049777
2026-07-14 23:00,POI018,교대역,여유,10000,12000,37.494178,127.015909
2026-07-14 23:00,POI019,구로디지털단지역,여유,7500,8000,37.4853417,126.9068128
2026-07-14 23:00,POI020,구로역,여유,1500,2000,37.5000903,126.8829924
2026-07-14 23:00,POI021,군자역,여유,5500,6000,37.558149,127.077839
2026-07-14 23:00,POI023,대림역,약간 붐빔,18000,20000,37.4908703,126.8936859
2026-07-14 23:00,POI024,동대문역,여유,2500,3000,37.5718616,127.0114887
2026-07-14 23:00,POI025,뚝섬역,여유,5500,6000,37.5475031,127.0461973
2026-07-14 23:00,POI026,미아사거리역,여유,6000,6500,37.61175,127.03044
2026-07-14 23:00,POI055,홍대입구역(2호선),여유,10000,12000,37.5574135,126.9238
2026-07-14 23:00,POI088,광화문광장,여유,2000,2500,37.5759194,126.9768
2026-07-14 23:00,POI119,잠실역,여유,6500,7000,37.5127453,127.0973
2026-07-15 01:00,POI006,종로·청계 관광특구,여유,10000,12000,37.5702856,126.9903626
2026-07-15 01:00,POI007,홍대 관광특구,여유,34000,36000,37.5574135,126.9238
2026-07-15 01:00,POI008,경복궁,여유,200,300,37.579754,126.9766818
2026-07-15 01:00,POI009,광화문·덕수궁,여유,3500,4000,37.5759194,126.9768
2026-07-15 01:00,POI010,보신각,여유,2000,2500,37.5698518,126.9836102
2026-07-15 01:00,POI011,서울 암사동 유적,여유,300,400,37.5610203,127.1306288
2026-07-15 01:00,POI012,창덕궁·종묘,여유,3000,3500,37.5823872,126.9917013
2026-07-15 01:00,POI013,가산디지털단지역,여유,5000,5500,37.480819,126.8816358
2026-07-15 01:00,POI014,강남역,여유,22000,24000,37.5002304,127.0268054
2026-07-15 01:00,POI015,건대입구역,여유,16000,18000,37.54088,127.06812
2026-07-15 01:00,POI016,고덕역,여유,1500,2000,37.5550721,127.1550065
2026-07-15 01:00,POI017,고속터미널역,여유,2000,2500,37.5050827,127.0049777
2026-07-15 01:00,POI018,교대역,여유,6000,6500,37.494178,127.015909
2026-07-15 01:00,POI019,구로디지털단지역,여유,5000,5500,37.4853417,126.9068128
2026-07-15 01:00,POI020,구로역,여유,800,900,37.5000903,126.8829924
2026-07-15 01:00,POI021,군자역,여유,4000,4500,37.558149,127.077839
2026-07-15 01:00,POI023,대림역,약간 붐빔,18000,20000,37.4908703,126.8936859
2026-07-15 01:00,POI024,동대문역,여유,1500,2000,37.5718616,127.0114887
2026-07-15 01:00,POI025,뚝섬역,여유,4000,4500,37.5475031,127.0461973
2026-07-15 01:00,POI026,미아사거리역,여유,3500,4000,37.61175,127.03044
2026-07-15 01:00,POI055,홍대입구역(2호선),여유,6500,7000,37.5574135,126.9238
2026-07-15 01:00,POI088,광화문광장,여유,700,800,37.5759194,126.9768
2026-07-15 01:00,POI119,잠실역,여유,2500,3000,37.5127453,127.0973
2026-07-15 03:00,POI006,종로·청계 관광특구,여유,9000,9500,37.5702856,126.9903626
2026-07-15 03:00,POI007,홍대 관광특구,여유,30000,32000,37.5574135,126.9238
2026-07-15 03:00,POI008,경복궁,여유,200,300,37.579754,126.9766818
2026-07-15 03:00,POI009,광화문·덕수궁,여유,3000,3500,37.5759194,126.9768
2026-07-15 03:00,POI010,보신각,여유,1500,2000,37.5698518,126.9836102
2026-07-15 03:00,POI011,서울 암사동 유적,여유,300,400,37.5610203,127.1306288
2026-07-15 03:00,POI012,창덕궁·종묘,여유,3000,3500,37.5823872,126.9917013
2026-07-15 03:00,POI013,가산디지털단지역,여유,4500,5000,37.480819,126.8816358
2026-07-15 03:00,POI014,강남역,여유,20000,22000,37.5002304,127.0268054
2026-07-15 03:00,POI015,건대입구역,여유,14000,16000,37.54088,127.06812
2026-07-15 03:00,POI016,고덕역,여유,1000,1500,37.5550721,127.1550065
2026-07-15 03:00,POI017,고속터미널역,여유,1500,2000,37.5050827,127.0049777
2026-07-15 03:00,POI018,교대역,여유,5500,6000,37.494178,127.015909
2026-07-15 03:00,POI019,구로디지털단지역,여유,4500,5000,37.4853417,126.9068128
2026-07-15 03:00,POI020,구로역,여유,700,800,37.5000903,126.8829924
2026-07-15 03:00,POI021,군자역,여유,3500,4000,37.558149,127.077839
2026-07-15 03:00,POI023,대림역,약간 붐빔,18000,20000,37.4908703,126.8936859
2026-07-15 03:00,POI024,동대문역,여유,1000,1500,37.5718616,127.0114887
2026-07-15 03:00,POI025,뚝섬역,여유,3500,4000,37.5475031,127.0461973
2026-07-15 03:00,POI026,미아사거리역,여유,3000,3500,37.61175,127.03044
2026-07-15 03:00,POI055,홍대입구역(2호선),여유,6000,6500,37.5574135,126.9238
2026-07-15 03:00,POI088,광화문광장,여유,600,700,37.5759194,126.9768
2026-07-15 03:00,POI119,잠실역,여유,2000,2500,37.5127453,127.0973
2026-07-15 05:00,POI006,종로·청계 관광특구,여유,9000,9500,37.5702856,126.9903626
2026-07-15 05:00,POI007,홍대 관광특구,여유,30000,32000,37.5574135,126.9238
2026-07-15 05:00,POI008,경복궁,여유,200,300,37.579754,126.9766818
2026-07-15 05:00,POI009,광화문·덕수궁,여유,3000,3500,37.5759194,126.9768
2026-07-15 05:00,POI010,보신각,여유,1500,2000,37.5698518,126.9836102
2026-07-15 05:00,POI011,서울 암사동 유적,여유,300,400,37.5610203,127.1306288
2026-07-15 05:00,POI012,창덕궁·종묘,여유,3000,3500,37.5823872,126.9917013
2026-07-15 05:00,POI013,가산디지털단지역,여유,5000,5500,37.480819,126.8816358
2026-07-15 05:00,POI014,강남역,여유,18000,20000,37.5002304,127.0268054
2026-07-15 05:00,POI015,건대입구역,여유,14000,16000,37.54088,127.06812
2026-07-15 05:00,POI016,고덕역,여유,1000,1500,37.5550721,127.1550065
2026-07-15 05:00,POI017,고속터미널역,여유,1500,2000,37.5050827,127.0049777
2026-07-15 05:00,POI018,교대역,여유,5500,6000,37.494178,127.015909
2026-07-15 05:00,POI019,구로디지털단지역,여유,4000,4500,37.4853417,126.9068128
2026-07-15 05:00,POI020,구로역,여유,900,1000,37.5000903,126.8829924
2026-07-15 05:00,POI021,군자역,여유,3500,4000,37.558149,127.077839
2026-07-15 05:00,POI023,대림역,약간 붐빔,16000,18000,37.4908703,126.8936859
2026-07-15 05:00,POI024,동대문역,여유,1000,1500,37.5718616,127.0114887
2026-07-15 05:00,POI025,뚝섬역,여유,3500,4000,37.5475031,127.0461973
2026-07-15 05:00,POI026,미아사거리역,여유,3500,4000,37.61175,127.03044
2026-07-15 05:00,POI055,홍대입구역(2호선),여유,6000,6500,37.5574135,126.9238
2026-07-15 05:00,POI088,광화문광장,여유,700,800,37.5759194,126.9768
2026-07-15 05:00,POI119,잠실역,여유,2000,2500,37.5127453,127.0973
2026-07-15 07:00,POI006,종로·청계 관광특구,여유,12000,14000,37.5702856,126.9903626
2026-07-15 07:00,POI007,홍대 관광특구,여유,30000,32000,37.5574135,126.9238
2026-07-15 07:00,POI008,경복궁,여유,400,500,37.579754,126.9766818
2026-07-15 07:00,POI009,광화문·덕수궁,여유,6500,7000,37.5759194,126.9768
2026-07-15 07:00,POI010,보신각,여유,2500,3000,37.5698518,126.9836102
2026-07-15 07:00,POI011,서울 암사동 유적,여유,300,400,37.5610203,127.1306288
2026-07-15 07:00,POI012,창덕궁·종묘,여유,4000,4500,37.5823872,126.9917013
2026-07-15 07:00,POI013,가산디지털단지역,여유,8000,8500,37.480819,126.8816358
2026-07-15 07:00,POI014,강남역,여유,22000,24000,37.5002304,127.0268054
2026-07-15 07:00,POI015,건대입구역,여유,14000,16000,37.54088,127.06812
2026-07-15 07:00,POI016,고덕역,여유,1500,2000,37.5550721,127.1550065
2026-07-15 07:00,POI017,고속터미널역,여유,4000,4500,37.5050827,127.0049777
2026-07-15 07:00,POI018,교대역,여유,6500,7000,37.494178,127.015909
2026-07-15 07:00,POI019,구로디지털단지역,여유,5000,5500,37.4853417,126.9068128
2026-07-15 07:00,POI020,구로역,여유,1500,2000,37.5000903,126.8829924
2026-07-15 07:00,POI021,군자역,여유,4000,4500,37.558149,127.077839
2026-07-15 07:00,POI023,대림역,보통,16000,18000,37.4908703,126.8936859
2026-07-15 07:00,POI024,동대문역,여유,2500,3000,37.5718616,127.0114887
2026-07-15 07:00,POI025,뚝섬역,여유,4000,4500,37.5475031,127.0461973
2026-07-15 07:00,POI026,미아사거리역,여유,5000,5500,37.61175,127.03044
2026-07-15 07:00,POI055,홍대입구역(2호선),여유,6500,7000,37.5574135,126.9238
2026-07-15 07:00,POI088,광화문광장,여유,1500,2000,37.5759194,126.9768
2026-07-15 07:00,POI119,잠실역,여유,4000,4500,37.5127453,127.0973
2026-07-15 09:00,POI006,종로·청계 관광특구,보통,30000,32000,37.5702856,126.9903626
2026-07-15 09:00,POI007,홍대 관광특구,여유,44000,46000,37.5574135,126.9238
2026-07-15 09:00,POI008,경복궁,여유,1000,1500,37.579754,126.9766818
2026-07-15 09:00,POI009,광화문·덕수궁,여유,30000,32000,37.5759194,126.9768
2026-07-15 09:00,POI010,보신각,보통,10000,12000,37.5698518,126.9836102
2026-07-15 09:00,POI011,서울 암사동 유적,여유,400,500,37.5610203,127.1306288
2026-07-15 09:00,POI012,창덕궁·종묘,보통,9500,10000,37.5823872,126.9917013
2026-07-15 09:00,POI013,가산디지털단지역,보통,30000,32000,37.480819,126.8816358
2026-07-15 09:00,POI014,강남역,여유,50000,52000,37.5002304,127.0268054
2026-07-15 09:00,POI015,건대입구역,여유,22000,24000,37.54088,127.06812
2026-07-15 09:00,POI016,고덕역,여유,2000,2500,37.5550721,127.1550065
2026-07-15 09:00,POI017,고속터미널역,여유,12000,14000,37.5050827,127.0049777
2026-07-15 09:00,POI018,교대역,여유,14000,16000,37.494178,127.015909
2026-07-15 09:00,POI019,구로디지털단지역,약간 붐빔,18000,20000,37.4853417,126.9068128
2026-07-15 09:00,POI020,구로역,여유,3500,4000,37.5000903,126.8829924
2026-07-15 09:00,POI021,군자역,여유,5500,6000,37.558149,127.077839
2026-07-15 09:00,POI023,대림역,약간 붐빔,16000,18000,37.4908703,126.8936859
2026-07-15 09:00,POI024,동대문역,보통,8000,8500,37.5718616,127.0114887
2026-07-15 09:00,POI025,뚝섬역,여유,7500,8000,37.5475031,127.0461973
2026-07-15 09:00,POI026,미아사거리역,약간 붐빔,9000,9500,37.61175,127.03044
2026-07-15 09:00,POI055,홍대입구역(2호선),여유,10000,12000,37.5574135,126.9238
2026-07-15 09:00,POI088,광화문광장,여유,6500,7000,37.5759194,126.9768
2026-07-15 09:00,POI119,잠실역,여유,10000,12000,37.5127453,127.0973
2026-07-15 15:00,POI006,종로·청계 관광특구,보통,50000,52000,37.5702856,126.9903626
2026-07-15 15:00,POI007,홍대 관광특구,보통,78000,80000,37.5574135,126.9238
2026-07-15 15:00,POI008,경복궁,보통,1500,2000,37.579754,126.9766818
2026-07-15 15:00,POI009,광화문·덕수궁,약간 붐빔,56000,58000,37.5759194,126.9768
2026-07-15 15:00,POI010,보신각,보통,22000,24000,37.5698518,126.9836102
2026-07-15 15:00,POI011,서울 암사동 유적,여유,200,300,37.5610203,127.1306288
2026-07-15 15:00,POI012,창덕궁·종묘,보통,14000,16000,37.5823872,126.9917013
2026-07-15 15:00,POI013,가산디지털단지역,약간 붐빔,34000,36000,37.480819,126.8816358
2026-07-15 15:00,POI014,강남역,약간 붐빔,92000,94000,37.5002304,127.0268054
2026-07-15 15:00,POI015,건대입구역,여유,24000,26000,37.54088,127.06812
2026-07-15 15:00,POI016,고덕역,여유,3500,4000,37.5550721,127.1550065
2026-07-15 15:00,POI017,고속터미널역,약간 붐빔,22000,24000,37.5050827,127.0049777
2026-07-15 15:00,POI018,교대역,붐빔,24000,26000,37.494178,127.015909
2026-07-15 15:00,POI019,구로디지털단지역,약간 붐빔,34000,36000,37.4853417,126.9068128
2026-07-15 15:00,POI020,구로역,여유,2000,2500,37.5000903,126.8829924
2026-07-15 15:00,POI021,군자역,여유,6500,7000,37.558149,127.077839
2026-07-15 15:00,POI023,대림역,여유,14000,16000,37.4908703,126.8936859
2026-07-15 15:00,POI024,동대문역,보통,10000,12000,37.5718616,127.0114887
2026-07-15 15:00,POI025,뚝섬역,보통,10000,12000,37.5475031,127.0461973
2026-07-15 15:00,POI026,미아사거리역,보통,10000,12000,37.61175,127.03044
2026-07-15 15:00,POI055,홍대입구역(2호선),보통,20000,22000,37.5574135,126.9238
2026-07-15 15:00,POI088,광화문광장,약간 붐빔,10000,12000,37.5759194,126.9768
2026-07-15 15:00,POI119,잠실역,약간 붐빔,34000,36000,37.5127453,127.0973
2026-07-15 18:00,POI006,종로·청계 관광특구,보통,42000,44000,37.5702856,126.9903626
2026-07-15 18:00,POI007,홍대 관광특구,보통,82000,84000,37.5574135,126.9238
2026-07-15 18:00,POI008,경복궁,보통,1500,2000,37.579754,126.9766818
2026-07-15 18:00,POI009,광화문·덕수궁,보통,44000,46000,37.5759194,126.9768
2026-07-15 18:00,POI010,보신각,보통,16000,18000,37.5698518,126.9836102
2026-07-15 18:00,POI011,서울 암사동 유적,여유,200,300,37.5610203,127.1306288
2026-07-15 18:00,POI012,창덕궁·종묘,보통,14000,16000,37.5823872,126.9917013
2026-07-15 18:00,POI013,가산디지털단지역,보통,34000,36000,37.480819,126.8816358
2026-07-15 18:00,POI014,강남역,약간 붐빔,84000,86000,37.5002304,127.0268054
2026-07-15 18:00,POI015,건대입구역,여유,28000,30000,37.54088,127.06812
2026-07-15 18:00,POI016,고덕역,약간 붐빔,5500,6000,37.5550721,127.1550065
2026-07-15 18:00,POI017,고속터미널역,약간 붐빔,22000,24000,37.5050827,127.0049777
2026-07-15 18:00,POI018,교대역,붐빔,22000,24000,37.494178,127.015909
2026-07-15 18:00,POI019,구로디지털단지역,보통,30000,32000,37.4853417,126.9068128
2026-07-15 18:00,POI020,구로역,보통,3500,4000,37.5000903,126.8829924
2026-07-15 18:00,POI021,군자역,여유,7500,8000,37.558149,127.077839
2026-07-15 18:00,POI023,대림역,여유,16000,18000,37.4908703,126.8936859
2026-07-15 18:00,POI024,동대문역,보통,9000,9500,37.5718616,127.0114887
2026-07-15 18:00,POI025,뚝섬역,여유,9500,10000,37.5475031,127.0461973
2026-07-15 18:00,POI026,미아사거리역,보통,12000,14000,37.61175,127.03044
2026-07-15 18:00,POI055,홍대입구역(2호선),약간 붐빔,20000,22000,37.5574135,126.9238
2026-07-15 18:00,POI088,광화문광장,보통,9500,10000,37.5759194,126.9768
2026-07-15 18:00,POI119,잠실역,약간 붐빔,32000,34000,37.5127453,127.0973
2026-07-15 20:00,POI006,종로·청계 관광특구,보통,28000,30000,37.5702856,126.9903626
2026-07-15 20:00,POI007,홍대 관광특구,보통,78000,80000,37.5574135,126.9238
2026-07-15 20:00,POI008,경복궁,여유,900,1000,37.579754,126.9766818
2026-07-15 20:00,POI009,광화문·덕수궁,여유,22000,24000,37.5759194,126.9768
2026-07-15 20:00,POI010,보신각,보통,12000,14000,37.5698518,126.9836102
2026-07-15 20:00,POI011,서울 암사동 유적,여유,200,300,37.5610203,127.1306288
2026-07-15 20:00,POI012,창덕궁·종묘,여유,7500,8000,37.5823872,126.9917013
2026-07-15 20:00,POI013,가산디지털단지역,여유,16000,18000,37.480819,126.8816358
2026-07-15 20:00,POI014,강남역,보통,68000,70000,37.5002304,127.0268054
2026-07-15 20:00,POI015,건대입구역,여유,28000,30000,37.54088,127.06812
2026-07-15 20:00,POI016,고덕역,보통,5000,5500,37.5550721,127.1550065
2026-07-15 20:00,POI017,고속터미널역,보통,14000,16000,37.5050827,127.0049777
2026-07-15 20:00,POI018,교대역,여유,16000,18000,37.494178,127.015909
2026-07-15 20:00,POI019,구로디지털단지역,보통,14000,16000,37.4853417,126.9068128
2026-07-15 20:00,POI020,구로역,여유,2000,2500,37.5000903,126.8829924
2026-07-15 20:00,POI021,군자역,보통,8500,9000,37.558149,127.077839
2026-07-15 20:00,POI023,대림역,여유,16000,18000,37.4908703,126.8936859
2026-07-15 20:00,POI024,동대문역,여유,4500,5000,37.5718616,127.0114887
2026-07-15 20:00,POI025,뚝섬역,여유,8000,8500,37.5475031,127.0461973
2026-07-15 20:00,POI026,미아사거리역,보통,10000,12000,37.61175,127.03044
2026-07-15 20:00,POI055,홍대입구역(2호선),보통,20000,22000,37.5574135,126.9238
2026-07-15 20:00,POI088,광화문광장,여유,4500,5000,37.5759194,126.9768
2026-07-15 20:00,POI119,잠실역,보통,26000,28000,37.5127453,127.0973
2026-07-15 23:00,POI006,종로·청계 관광특구,여유,18000,20000,37.5702856,126.9903626
2026-07-15 23:00,POI007,홍대 관광특구,여유,56000,58000,37.5574135,126.9238
2026-07-15 23:00,POI008,경복궁,여유,500,600,37.579754,126.9766818
2026-07-15 23:00,POI009,광화문·덕수궁,여유,10000,12000,37.5759194,126.9768
2026-07-15 23:00,POI010,보신각,여유,5500,6000,37.5698518,126.9836102
2026-07-15 23:00,POI011,서울 암사동 유적,여유,200,300,37.5610203,127.1306288
2026-07-15 23:00,POI012,창덕궁·종묘,여유,5000,5500,37.5823872,126.9917013
2026-07-15 23:00,POI013,가산디지털단지역,여유,9500,10000,37.480819,126.8816358
2026-07-15 23:00,POI014,강남역,여유,42000,44000,37.5002304,127.0268054
2026-07-15 23:00,POI015,건대입구역,여유,26000,28000,37.54088,127.06812
2026-07-15 23:00,POI016,고덕역,여유,2000,2500,37.5550721,127.1550065
2026-07-15 23:00,POI017,고속터미널역,여유,5500,6000,37.5050827,127.0049777
2026-07-15 23:00,POI018,교대역,여유,10000,12000,37.494178,127.015909
2026-07-15 23:00,POI019,구로디지털단지역,여유,8500,9000,37.4853417,126.9068128
2026-07-15 23:00,POI020,구로역,여유,1500,2000,37.5000903,126.8829924
2026-07-15 23:00,POI021,군자역,여유,6000,6500,37.558149,127.077839
2026-07-15 23:00,POI023,대림역,약간 붐빔,18000,20000,37.4908703,126.8936859
2026-07-15 23:00,POI024,동대문역,여유,3500,4000,37.5718616,127.0114887
2026-07-15 23:00,POI025,뚝섬역,여유,6000,6500,37.5475031,127.0461973
2026-07-15 23:00,POI026,미아사거리역,여유,7000,7500,37.61175,127.03044
2026-07-15 23:00,POI055,홍대입구역(2호선),여유,12000,14000,37.5574135,126.9238
2026-07-15 23:00,POI088,광화문광장,여유,2500,3000,37.5759194,126.9768
2026-07-15 23:00,POI119,잠실역,여유,8000,8500,37.5127453,127.0973
2026-07-16 00:00,POI006,종로·청계 관광특구,여유,12000,14000,37.5702856,126.9903626
2026-07-16 00:00,POI007,홍대 관광특구,여유,40000,42000,37.5574135,126.9238
2026-07-16 00:00,POI008,경복궁,여유,200,300,37.579754,126.9766818
2026-07-16 00:00,POI009,광화문·덕수궁,여유,4500,5000,37.5759194,126.9768
2026-07-16 00:00,POI010,보신각,여유,2500,3000,37.5698518,126.9836102
2026-07-16 00:00,POI011,서울 암사동 유적,여유,300,400,37.5610203,127.1306288
2026-07-16 00:00,POI012,창덕궁·종묘,여유,3500,4000,37.5823872,126.9917013
2026-07-16 00:00,POI013,가산디지털단지역,여유,6000,6500,37.480819,126.8816358
2026-07-16 00:00,POI014,강남역,여유,26000,28000,37.5002304,127.0268054
2026-07-16 00:00,POI015,건대입구역,여유,18000,20000,37.54088,127.06812
2026-07-16 00:00,POI016,고덕역,여유,1500,2000,37.5550721,127.1550065
2026-07-16 00:00,POI017,고속터미널역,여유,2000,2500,37.5050827,127.0049777
2026-07-16 00:00,POI018,교대역,여유,6500,7000,37.494178,127.015909
2026-07-16 00:00,POI019,구로디지털단지역,여유,6000,6500,37.4853417,126.9068128
2026-07-16 00:00,POI020,구로역,여유,800,900,37.5000903,126.8829924
2026-07-16 00:00,POI021,군자역,여유,4500,5000,37.558149,127.077839
2026-07-16 00:00,POI023,대림역,약간 붐빔,18000,20000,37.4908703,126.8936859
2026-07-16 00:00,POI024,동대문역,여유,2000,2500,37.5718616,127.0114887
2026-07-16 00:00,POI025,뚝섬역,여유,4000,4500,37.5475031,127.0461973
2026-07-16 00:00,POI026,미아사거리역,여유,4500,5000,37.61175,127.03044
2026-07-16 00:00,POI055,홍대입구역(2호선),여유,8000,8500,37.5574135,126.9238
2026-07-16 00:00,POI088,광화문광장,여유,900,1000,37.5759194,126.9768
2026-07-16 00:00,POI119,잠실역,여유,4000,4500,37.5127453,127.0973
2026-07-16 02:00,POI006,종로·청계 관광특구,여유,10000,12000,37.5702856,126.9903626
2026-07-16 02:00,POI007,홍대 관광특구,여유,36000,38000,37.5574135,126.9238
2026-07-16 02:00,POI008,경복궁,여유,200,300,37.579754,126.9766818
2026-07-16 02:00,POI009,광화문·덕수궁,여유,3000,3500,37.5759194,126.9768
2026-07-16 02:00,POI010,보신각,여유,2000,2500,37.5698518,126.9836102
2026-07-16 02:00,POI011,서울 암사동 유적,여유,300,400,37.5610203,127.1306288
2026-07-16 02:00,POI012,창덕궁·종묘,여유,3000,3500,37.5823872,126.9917013
2026-07-16 02:00,POI013,가산디지털단지역,여유,5000,5500,37.480819,126.8816358
2026-07-16 02:00,POI014,강남역,여유,22000,24000,37.5002304,127.0268054
2026-07-16 02:00,POI015,건대입구역,여유,16000,18000,37.54088,127.06812
2026-07-16 02:00,POI016,고덕역,여유,1500,2000,37.5550721,127.1550065
2026-07-16 02:00,POI017,고속터미널역,여유,1500,2000,37.5050827,127.0049777
2026-07-16 02:00,POI018,교대역,여유,6000,6500,37.494178,127.015909
2026-07-16 02:00,POI019,구로디지털단지역,여유,5000,5500,37.4853417,126.9068128
2026-07-16 02:00,POI020,구로역,여유,800,900,37.5000903,126.8829924
2026-07-16 02:00,POI021,군자역,여유,3500,4000,37.558149,127.077839
2026-07-16 02:00,POI023,대림역,약간 붐빔,18000,20000,37.4908703,126.8936859
2026-07-16 02:00,POI024,동대문역,여유,1500,2000,37.5718616,127.0114887
2026-07-16 02:00,POI025,뚝섬역,여유,3500,4000,37.5475031,127.0461973
2026-07-16 02:00,POI026,미아사거리역,여유,3500,4000,37.61175,127.03044
2026-07-16 02:00,POI055,홍대입구역(2호선),여유,6500,7000,37.5574135,126.9238
2026-07-16 02:00,POI088,광화문광장,여유,600,700,37.5759194,126.9768
2026-07-16 02:00,POI119,잠실역,여유,2500,3000,37.5127453,127.0973
2026-07-16 04:00,POI006,종로·청계 관광특구,여유,9000,9500,37.5702856,126.9903626
2026-07-16 04:00,POI007,홍대 관광특구,여유,32000,34000,37.5574135,126.9238
2026-07-16 04:00,POI008,경복궁,여유,200,300,37.579754,126.9766818
2026-07-16 04:00,POI009,광화문·덕수궁,여유,3000,3500,37.5759194,126.9768
2026-07-16 04:00,POI010,보신각,여유,1500,2000,37.5698518,126.9836102
2026-07-16 04:00,POI011,서울 암사동 유적,여유,300,400,37.5610203,127.1306288
2026-07-16 04:00,POI012,창덕궁·종묘,여유,3000,3500,37.5823872,126.9917013
2026-07-16 04:00,POI013,가산디지털단지역,여유,5000,5500,37.480819,126.8816358
2026-07-16 04:00,POI014,강남역,여유,20000,22000,37.5002304,127.0268054
2026-07-16 04:00,POI015,건대입구역,여유,14000,16000,37.54088,127.06812
2026-07-16 04:00,POI016,고덕역,여유,1500,2000,37.5550721,127.1550065
2026-07-16 04:00,POI017,고속터미널역,여유,1500,2000,37.5050827,127.0049777
2026-07-16 04:00,POI018,교대역,여유,5500,6000,37.494178,127.015909
2026-07-16 04:00,POI019,구로디지털단지역,여유,4500,5000,37.4853417,126.9068128
2026-07-16 04:00,POI020,구로역,여유,800,900,37.5000903,126.8829924
2026-07-16 04:00,POI021,군자역,여유,3000,3500,37.558149,127.077839
2026-07-16 04:00,POI023,대림역,약간 붐빔,18000,20000,37.4908703,126.8936859
2026-07-16 04:00,POI024,동대문역,여유,1000,1500,37.5718616,127.0114887
2026-07-16 04:00,POI025,뚝섬역,여유,3500,4000,37.5475031,127.0461973
2026-07-16 04:00,POI026,미아사거리역,여유,3000,3500,37.61175,127.03044
2026-07-16 04:00,POI055,홍대입구역(2호선),여유,6000,6500,37.5574135,126.9238
2026-07-16 04:00,POI088,광화문광장,여유,600,700,37.5759194,126.9768
2026-07-16 04:00,POI119,잠실역,여유,2000,2500,37.5127453,127.0973
2026-07-16 06:00,POI006,종로·청계 관광특구,여유,9500,10000,37.5702856,126.9903626
2026-07-16 06:00,POI007,홍대 관광특구,여유,30000,32000,37.5574135,126.9238
2026-07-16 06:00,POI008,경복궁,여유,200,300,37.579754,126.9766818
2026-07-16 06:00,POI009,광화문·덕수궁,여유,4000,4500,37.5759194,126.9768
2026-07-16 06:00,POI010,보신각,여유,2000,2500,37.5698518,126.9836102
2026-07-16 06:00,POI011,서울 암사동 유적,여유,300,400,37.5610203,127.1306288
2026-07-16 06:00,POI012,창덕궁·종묘,여유,3500,4000,37.5823872,126.9917013
2026-07-16 06:00,POI013,가산디지털단지역,여유,6500,7000,37.480819,126.8816358
2026-07-16 06:00,POI014,강남역,여유,20000,22000,37.5002304,127.0268054
2026-07-16 06:00,POI015,건대입구역,여유,14000,16000,37.54088,127.06812
2026-07-16 06:00,POI016,고덕역,여유,1500,2000,37.5550721,127.1550065
2026-07-16 06:00,POI017,고속터미널역,여유,2000,2500,37.5050827,127.0049777
2026-07-16 06:00,POI018,교대역,여유,5500,6000,37.494178,127.015909
2026-07-16 06:00,POI019,구로디지털단지역,여유,4500,5000,37.4853417,126.9068128
2026-07-16 06:00,POI020,구로역,여유,1000,1500,37.5000903,126.8829924
2026-07-16 06:00,POI021,군자역,여유,3500,4000,37.558149,127.077839
2026-07-16 06:00,POI023,대림역,약간 붐빔,16000,18000,37.4908703,126.8936859
2026-07-16 06:00,POI024,동대문역,여유,1500,2000,37.5718616,127.0114887
2026-07-16 06:00,POI025,뚝섬역,여유,4000,4500,37.5475031,127.0461973
2026-07-16 06:00,POI026,미아사거리역,여유,4000,4500,37.61175,127.03044
2026-07-16 06:00,POI055,홍대입구역(2호선),여유,6000,6500,37.5574135,126.9238
2026-07-16 06:00,POI088,광화문광장,여유,800,900,37.5759194,126.9768
2026-07-16 06:00,POI119,잠실역,여유,2500,3000,37.5127453,127.0973
2026-07-16 08:00,POI006,종로·청계 관광특구,여유,20000,22000,37.5702856,126.9903626
2026-07-16 08:00,POI007,홍대 관광특구,여유,36000,38000,37.5574135,126.9238
2026-07-16 08:00,POI008,경복궁,여유,800,900,37.579754,126.9766818
2026-07-16 08:00,POI009,광화문·덕수궁,여유,16000,18000,37.5759194,126.9768
2026-07-16 08:00,POI010,보신각,여유,5500,6000,37.5698518,126.9836102
2026-07-16 08:00,POI011,서울 암사동 유적,여유,400,500,37.5610203,127.1306288
2026-07-16 08:00,POI012,창덕궁·종묘,여유,6500,7000,37.5823872,126.9917013
2026-07-16 08:00,POI013,가산디지털단지역,여유,16000,18000,37.480819,126.8816358
2026-07-16 08:00,POI014,강남역,여유,34000,36000,37.5002304,127.0268054
2026-07-16 08:00,POI015,건대입구역,여유,20000,22000,37.54088,127.06812
2026-07-16 08:00,POI016,고덕역,여유,2000,2500,37.5550721,127.1550065
2026-07-16 08:00,POI017,고속터미널역,여유,8500,9000,37.5050827,127.0049777
2026-07-16 08:00,POI018,교대역,여유,10000,12000,37.494178,127.015909
2026-07-16 08:00,POI019,구로디지털단지역,여유,8500,9000,37.4853417,126.9068128
2026-07-16 08:00,POI020,구로역,보통,3000,3500,37.5000903,126.8829924
2026-07-16 08:00,POI021,군자역,여유,4500,5000,37.558149,127.077839
2026-07-16 08:00,POI023,대림역,보통,16000,18000,37.4908703,126.8936859
2026-07-16 08:00,POI024,동대문역,여유,4500,5000,37.5718616,127.0114887
2026-07-16 08:00,POI025,뚝섬역,여유,6000,6500,37.5475031,127.0461973
2026-07-16 08:00,POI026,미아사거리역,여유,7500,8000,37.61175,127.03044
2026-07-16 08:00,POI055,홍대입구역(2호선),여유,9000,9500,37.5574135,126.9238
2026-07-16 08:00,POI088,광화문광장,여유,3500,4000,37.5759194,126.9768
2026-07-16 08:00,POI119,잠실역,여유,6500,7000,37.5127453,127.0973
2026-07-16 09:00,POI006,종로·청계 관광특구,약간 붐빔,34000,36000,37.5702856,126.9903626
2026-07-16 09:00,POI007,홍대 관광특구,여유,48000,50000,37.5574135,126.9238
2026-07-16 09:00,POI008,경복궁,여유,1000,1500,37.579754,126.9766818
2026-07-16 09:00,POI009,광화문·덕수궁,약간 붐빔,38000,40000,37.5759194,126.9768
2026-07-16 09:00,POI010,보신각,약간 붐빔,14000,16000,37.5698518,126.9836102
2026-07-16 09:00,POI011,서울 암사동 유적,여유,400,500,37.5610203,127.1306288
2026-07-16 09:00,POI012,창덕궁·종묘,보통,10000,12000,37.5823872,126.9917013
2026-07-16 09:00,POI013,가산디지털단지역,약간 붐빔,32000,34000,37.480819,126.8816358
2026-07-16 09:00,POI014,강남역,보통,62000,64000,37.5002304,127.0268054
2026-07-16 09:00,POI015,건대입구역,여유,22000,24000,37.54088,127.06812
2026-07-16 09:00,POI016,고덕역,여유,2000,2500,37.5550721,127.1550065
2026-07-16 09:00,POI017,고속터미널역,여유,10000,12000,37.5050827,127.0049777
2026-07-16 09:00,POI018,교대역,약간 붐빔,18000,20000,37.494178,127.015909
2026-07-16 09:00,POI019,구로디지털단지역,약간 붐빔,26000,28000,37.4853417,126.9068128
2026-07-16 09:00,POI020,구로역,여유,2500,3000,37.5000903,126.8829924
2026-07-16 09:00,POI021,군자역,여유,5500,6000,37.558149,127.077839
2026-07-16 09:00,POI023,대림역,여유,16000,18000,37.4908703,126.8936859
2026-07-16 09:00,POI024,동대문역,보통,7000,7500,37.5718616,127.0114887
2026-07-16 09:00,POI025,뚝섬역,여유,8500,9000,37.5475031,127.0461973
2026-07-16 09:00,POI026,미아사거리역,여유,8000,8500,37.61175,127.03044
2026-07-16 09:00,POI055,홍대입구역(2호선),여유,12000,14000,37.5574135,126.9238
2026-07-16 09:00,POI088,광화문광장,여유,7500,8000,37.5759194,126.9768
2026-07-16 09:00,POI119,잠실역,여유,12000,14000,37.5127453,127.0973
2026-07-16 13:00,POI006,종로·청계 관광특구,보통,50000,52000,37.5702856,126.9903626
2026-07-16 13:00,POI007,홍대 관광특구,여유,72000,74000,37.5574135,126.9238
2026-07-16 13:00,POI008,경복궁,보통,2000,2500,37.579754,126.9766818
2026-07-16 13:00,POI009,광화문·덕수궁,약간 붐빔,52000,54000,37.5759194,126.9768
2026-07-16 13:00,POI010,보신각,보통,18000,20000,37.5698518,126.9836102
2026-07-16 13:00,POI011,서울 암사동 유적,여유,300,400,37.5610203,127.1306288
2026-07-16 13:00,POI012,창덕궁·종묘,보통,16000,18000,37.5823872,126.9917013
2026-07-16 13:00,POI013,가산디지털단지역,약간 붐빔,40000,42000,37.480819,126.8816358
2026-07-16 13:00,POI014,강남역,약간 붐빔,94000,96000,37.5002304,127.0268054
2026-07-16 13:00,POI015,건대입구역,여유,24000,26000,37.54088,127.06812
2026-07-16 13:00,POI016,고덕역,여유,3000,3500,37.5550721,127.1550065
2026-07-16 13:00,POI017,고속터미널역,약간 붐빔,24000,26000,37.5050827,127.0049777
2026-07-16 13:00,POI018,교대역,붐빔,24000,26000,37.494178,127.015909
2026-07-16 13:00,POI019,구로디지털단지역,약간 붐빔,36000,38000,37.4853417,126.9068128
2026-07-16 13:00,POI020,구로역,여유,2000,2500,37.5000903,126.8829924
2026-07-16 13:00,POI021,군자역,여유,6500,7000,37.558149,127.077839
2026-07-16 13:00,POI023,대림역,여유,14000,16000,37.4908703,126.8936859
2026-07-16 13:00,POI024,동대문역,보통,10000,12000,37.5718616,127.0114887
2026-07-16 13:00,POI025,뚝섬역,약간 붐빔,12000,14000,37.5475031,127.0461973
2026-07-16 13:00,POI026,미아사거리역,보통,10000,12000,37.61175,127.03044
2026-07-16 13:00,POI055,홍대입구역(2호선),보통,18000,20000,37.5574135,126.9238
2026-07-16 13:00,POI088,광화문광장,보통,10000,12000,37.5759194,126.9768
2026-07-16 13:00,POI119,잠실역,약간 붐빔,34000,36000,37.5127453,127.0973
2026-07-16 16:00,POI006,종로·청계 관광특구,보통,48000,50000,37.5702856,126.9903626
2026-07-16 16:00,POI007,홍대 관광특구,보통,82000,84000,37.5574135,126.9238
2026-07-16 16:00,POI008,경복궁,보통,1500,2000,37.579754,126.9766818
2026-07-16 16:00,POI009,광화문·덕수궁,보통,46000,48000,37.5759194,126.9768
2026-07-16 16:00,POI010,보신각,보통,20000,22000,37.5698518,126.9836102
2026-07-16 16:00,POI011,서울 암사동 유적,여유,300,400,37.5610203,127.1306288
2026-07-16 16:00,POI012,창덕궁·종묘,보통,14000,16000,37.5823872,126.9917013
2026-07-16 16:00,POI013,가산디지털단지역,보통,32000,34000,37.480819,126.8816358
2026-07-16 16:00,POI014,강남역,약간 붐빔,90000,92000,37.5002304,127.0268054
2026-07-16 16:00,POI015,건대입구역,여유,26000,28000,37.54088,127.06812
2026-07-16 16:00,POI016,고덕역,여유,4000,4500,37.5550721,127.1550065
2026-07-16 16:00,POI017,고속터미널역,약간 붐빔,26000,28000,37.5050827,127.0049777
2026-07-16 16:00,POI018,교대역,붐빔,24000,26000,37.494178,127.015909
2026-07-16 16:00,POI019,구로디지털단지역,보통,32000,34000,37.4853417,126.9068128
2026-07-16 16:00,POI020,구로역,여유,2500,3000,37.5000903,126.8829924
2026-07-16 16:00,POI021,군자역,여유,6500,7000,37.558149,127.077839
2026-07-16 16:00,POI023,대림역,여유,14000,16000,37.4908703,126.8936859
2026-07-16 16:00,POI024,동대문역,약간 붐빔,10000,12000,37.5718616,127.0114887
2026-07-16 16:00,POI025,뚝섬역,보통,10000,12000,37.5475031,127.0461973
2026-07-16 16:00,POI026,미아사거리역,보통,12000,14000,37.61175,127.03044
2026-07-16 16:00,POI055,홍대입구역(2호선),약간 붐빔,20000,22000,37.5574135,126.9238
2026-07-16 16:00,POI088,광화문광장,보통,8500,9000,37.5759194,126.9768
2026-07-16 16:00,POI119,잠실역,약간 붐빔,36000,38000,37.5127453,127.0973
2026-07-16 19:00,POI006,종로·청계 관광특구,보통,38000,40000,37.5702856,126.9903626
2026-07-16 19:00,POI007,홍대 관광특구,약간 붐빔,90000,92000,37.5574135,126.9238
2026-07-16 19:00,POI008,경복궁,여유,1000,1500,37.579754,126.9766818
2026-07-16 19:00,POI009,광화문·덕수궁,여유,34000,36000,37.5759194,126.9768
2026-07-16 19:00,POI010,보신각,보통,14000,16000,37.5698518,126.9836102
2026-07-16 19:00,POI011,서울 암사동 유적,여유,300,400,37.5610203,127.1306288
2026-07-16 19:00,POI012,창덕궁·종묘,보통,10000,12000,37.5823872,126.9917013
2026-07-16 19:00,POI013,가산디지털단지역,보통,28000,30000,37.480819,126.8816358
2026-07-16 19:00,POI014,강남역,붐빔,84000,86000,37.5002304,127.0268054
2026-07-16 19:00,POI015,건대입구역,붐빔,32000,34000,37.54088,127.06812
2026-07-16 19:00,POI016,고덕역,약간 붐빔,5000,5500,37.5550721,127.1550065
2026-07-16 19:00,POI017,고속터미널역,붐빔,28000,30000,37.5050827,127.0049777
2026-07-16 19:00,POI018,교대역,보통,18000,20000,37.494178,127.015909
2026-07-16 19:00,POI019,구로디지털단지역,보통,20000,22000,37.4853417,126.9068128
2026-07-16 19:00,POI020,구로역,약간 붐빔,4000,4500,37.5000903,126.8829924
2026-07-16 19:00,POI021,군자역,약간 붐빔,9000,9500,37.558149,127.077839
2026-07-16 19:00,POI023,대림역,여유,16000,18000,37.4908703,126.8936859
2026-07-16 19:00,POI024,동대문역,보통,7500,8000,37.5718616,127.0114887
2026-07-16 19:00,POI025,뚝섬역,여유,9500,10000,37.5475031,127.0461973
2026-07-16 19:00,POI026,미아사거리역,붐빔,12000,14000,37.61175,127.03044
2026-07-16 19:00,POI055,홍대입구역(2호선),붐빔,22000,24000,37.5574135,126.9238
2026-07-16 19:00,POI088,광화문광장,여유,7000,7500,37.5759194,126.9768
2026-07-16 19:00,POI119,잠실역,붐빔,34000,36000,37.5127453,127.0973
2026-07-16 21:00,POI006,종로·청계 관광특구,보통,28000,30000,37.5702856,126.9903626
2026-07-16 21:00,POI007,홍대 관광특구,보통,82000,84000,37.5574135,126.9238
2026-07-16 21:00,POI008,경복궁,여유,800,900,37.579754,126.9766818
2026-07-16 21:00,POI009,광화문·덕수궁,여유,20000,22000,37.5759194,126.9768
2026-07-16 21:00,POI010,보신각,보통,10000,12000,37.5698518,126.9836102
2026-07-16 21:00,POI011,서울 암사동 유적,여유,300,400,37.5610203,127.1306288
2026-07-16 21:00,POI012,창덕궁·종묘,여유,7500,8000,37.5823872,126.9917013
2026-07-16 21:00,POI013,가산디지털단지역,여유,14000,16000,37.480819,126.8816358
2026-07-16 21:00,POI014,강남역,보통,66000,68000,37.5002304,127.0268054
2026-07-16 21:00,POI015,건대입구역,보통,30000,32000,37.54088,127.06812
2026-07-16 21:00,POI016,고덕역,여유,4500,5000,37.5550721,127.1550065
2026-07-16 21:00,POI017,고속터미널역,보통,14000,16000,37.5050827,127.0049777
2026-07-16 21:00,POI018,교대역,여유,14000,16000,37.494178,127.015909
2026-07-16 21:00,POI019,구로디지털단지역,여유,12000,14000,37.4853417,126.9068128
2026-07-16 21:00,POI020,구로역,여유,2000,2500,37.5000903,126.8829924
2026-07-16 21:00,POI021,군자역,약간 붐빔,8500,9000,37.558149,127.077839
2026-07-16 21:00,POI023,대림역,여유,16000,18000,37.4908703,126.8936859
2026-07-16 21:00,POI024,동대문역,여유,4500,5000,37.5718616,127.0114887
2026-07-16 21:00,POI025,뚝섬역,여유,7500,8000,37.5475031,127.0461973
2026-07-16 21:00,POI026,미아사거리역,여유,9500,10000,37.61175,127.03044
2026-07-16 21:00,POI055,홍대입구역(2호선),약간 붐빔,20000,22000,37.5574135,126.9238
2026-07-16 21:00,POI088,광화문광장,여유,4000,4500,37.5759194,126.9768
2026-07-16 21:00,POI119,잠실역,보통,24000,26000,37.5127453,127.0973
2026-07-17 00:00,POI006,종로·청계 관광특구,여유,16000,18000,37.5702856,126.9903626
2026-07-17 00:00,POI007,홍대 관광특구,여유,52000,54000,37.5574135,126.9238
2026-07-17 00:00,POI008,경복궁,여유,400,500,37.579754,126.9766818
2026-07-17 00:00,POI009,광화문·덕수궁,여유,6500,7000,37.5759194,126.9768
2026-07-17 00:00,POI010,보신각,여유,4000,4500,37.5698518,126.9836102
2026-07-17 00:00,POI011,서울 암사동 유적,여유,300,400,37.5610203,127.1306288
2026-07-17 00:00,POI012,창덕궁·종묘,여유,4000,4500,37.5823872,126.9917013
2026-07-17 00:00,POI013,가산디지털단지역,여유,8000,8500,37.480819,126.8816358
2026-07-17 00:00,POI014,강남역,여유,36000,38000,37.5002304,127.0268054
2026-07-17 00:00,POI015,건대입구역,여유,24000,26000,37.54088,127.06812
2026-07-17 00:00,POI016,고덕역,여유,1500,2000,37.5550721,127.1550065
2026-07-17 00:00,POI017,고속터미널역,여유,4500,5000,37.5050827,127.0049777
2026-07-17 00:00,POI018,교대역,여유,10000,12000,37.494178,127.015909
2026-07-17 00:00,POI019,구로디지털단지역,여유,8000,8500,37.4853417,126.9068128
2026-07-17 00:00,POI020,구로역,여유,1500,2000,37.5000903,126.8829924
2026-07-17 00:00,POI021,군자역,여유,6000,6500,37.558149,127.077839
2026-07-17 00:00,POI023,대림역,보통,16000,18000,37.4908703,126.8936859
2026-07-17 00:00,POI024,동대문역,여유,2500,3000,37.5718616,127.0114887
2026-07-17 00:00,POI025,뚝섬역,여유,5000,5500,37.5475031,127.0461973
2026-07-17 00:00,POI026,미아사거리역,여유,5500,6000,37.61175,127.03044
2026-07-17 00:00,POI055,홍대입구역(2호선),여유,10000,12000,37.5574135,126.9238
2026-07-17 00:00,POI088,광화문광장,여유,1000,1500,37.5759194,126.9768
2026-07-17 00:00,POI119,잠실역,여유,6000,6500,37.5127453,127.0973
2026-07-17 02:00,POI006,종로·청계 관광특구,여유,10000,12000,37.5702856,126.9903626
2026-07-17 02:00,POI007,홍대 관광특구,여유,42000,44000,37.5574135,126.9238
2026-07-17 02:00,POI008,경복궁,여유,200,300,37.579754,126.9766818
2026-07-17 02:00,POI009,광화문·덕수궁,여유,3500,4000,37.5759194,126.9768
2026-07-17 02:00,POI010,보신각,여유,2500,3000,37.5698518,126.9836102
2026-07-17 02:00,POI011,서울 암사동 유적,여유,300,400,37.5610203,127.1306288
2026-07-17 02:00,POI012,창덕궁·종묘,여유,3500,4000,37.5823872,126.9917013
2026-07-17 02:00,POI013,가산디지털단지역,여유,5000,5500,37.480819,126.8816358
2026-07-17 02:00,POI014,강남역,여유,24000,26000,37.5002304,127.0268054
2026-07-17 02:00,POI015,건대입구역,여유,16000,18000,37.54088,127.06812
2026-07-17 02:00,POI016,고덕역,여유,1000,1500,37.5550721,127.1550065
2026-07-17 02:00,POI017,고속터미널역,여유,1500,2000,37.5050827,127.0049777
2026-07-17 02:00,POI018,교대역,여유,6000,6500,37.494178,127.015909
2026-07-17 02:00,POI019,구로디지털단지역,여유,5500,6000,37.4853417,126.9068128
2026-07-17 02:00,POI020,구로역,여유,800,900,37.5000903,126.8829924
2026-07-17 02:00,POI021,군자역,여유,4000,4500,37.558149,127.077839
2026-07-17 02:00,POI023,대림역,보통,16000,18000,37.4908703,126.8936859
2026-07-17 02:00,POI024,동대문역,여유,1500,2000,37.5718616,127.0114887
2026-07-17 02:00,POI025,뚝섬역,여유,3500,4000,37.5475031,127.0461973
2026-07-17 02:00,POI026,미아사거리역,여유,3500,4000,37.61175,127.03044
2026-07-17 02:00,POI055,홍대입구역(2호선),여유,7500,8000,37.5574135,126.9238
2026-07-17 02:00,POI088,광화문광장,여유,700,800,37.5759194,126.9768
2026-07-17 02:00,POI119,잠실역,여유,3000,3500,37.5127453,127.0973
2026-07-17 04:00,POI006,종로·청계 관광특구,여유,9500,10000,37.5702856,126.9903626
2026-07-17 04:00,POI007,홍대 관광특구,여유,36000,38000,37.5574135,126.9238
2026-07-17 04:00,POI008,경복궁,여유,200,300,37.579754,126.9766818
2026-07-17 04:00,POI009,광화문·덕수궁,여유,3000,3500,37.5759194,126.9768
2026-07-17 04:00,POI010,보신각,여유,2000,2500,37.5698518,126.9836102
2026-07-17 04:00,POI011,서울 암사동 유적,여유,300,400,37.5610203,127.1306288
2026-07-17 04:00,POI012,창덕궁·종묘,여유,3000,3500,37.5823872,126.9917013
2026-07-17 04:00,POI013,가산디지털단지역,여유,4500,5000,37.480819,126.8816358
2026-07-17 04:00,POI014,강남역,여유,20000,22000,37.5002304,127.0268054
2026-07-17 04:00,POI015,건대입구역,여유,14000,16000,37.54088,127.06812
2026-07-17 04:00,POI016,고덕역,여유,1000,1500,37.5550721,127.1550065
2026-07-17 04:00,POI017,고속터미널역,여유,1500,2000,37.5050827,127.0049777
2026-07-17 04:00,POI018,교대역,여유,5500,6000,37.494178,127.015909
2026-07-17 04:00,POI019,구로디지털단지역,여유,4500,5000,37.4853417,126.9068128
2026-07-17 04:00,POI020,구로역,여유,700,800,37.5000903,126.8829924
2026-07-17 04:00,POI021,군자역,여유,3500,4000,37.558149,127.077839
2026-07-17 04:00,POI023,대림역,보통,16000,18000,37.4908703,126.8936859
2026-07-17 04:00,POI024,동대문역,여유,1000,1500,37.5718616,127.0114887
2026-07-17 04:00,POI025,뚝섬역,여유,3500,4000,37.5475031,127.0461973
2026-07-17 04:00,POI026,미아사거리역,여유,3000,3500,37.61175,127.03044
2026-07-17 04:00,POI055,홍대입구역(2호선),여유,6500,7000,37.5574135,126.9238
2026-07-17 04:00,POI088,광화문광장,여유,600,700,37.5759194,126.9768
2026-07-17 04:00,POI119,잠실역,여유,2500,3000,37.5127453,127.0973
2026-07-17 06:00,POI006,종로·청계 관광특구,여유,9000,9500,37.5702856,126.9903626
2026-07-17 06:00,POI007,홍대 관광특구,여유,32000,34000,37.5574135,126.9238
2026-07-17 06:00,POI008,경복궁,여유,200,300,37.579754,126.9766818
2026-07-17 06:00,POI009,광화문·덕수궁,여유,3000,3500,37.5759194,126.9768
2026-07-17 06:00,POI010,보신각,여유,1500,2000,37.5698518,126.9836102
2026-07-17 06:00,POI011,서울 암사동 유적,여유,400,500,37.5610203,127.1306288
2026-07-17 06:00,POI012,창덕궁·종묘,여유,3000,3500,37.5823872,126.9917013
2026-07-17 06:00,POI013,가산디지털단지역,여유,5500,6000,37.480819,126.8816358
2026-07-17 06:00,POI014,강남역,여유,18000,20000,37.5002304,127.0268054
2026-07-17 06:00,POI015,건대입구역,여유,14000,16000,37.54088,127.06812
2026-07-17 06:00,POI016,고덕역,여유,1000,1500,37.5550721,127.1550065
2026-07-17 06:00,POI017,고속터미널역,여유,2500,3000,37.5050827,127.0049777
2026-07-17 06:00,POI018,교대역,여유,5500,6000,37.494178,127.015909
2026-07-17 06:00,POI019,구로디지털단지역,여유,4500,5000,37.4853417,126.9068128
2026-07-17 06:00,POI020,구로역,여유,1000,1500,37.5000903,126.8829924
2026-07-17 06:00,POI021,군자역,여유,3500,4000,37.558149,127.077839
2026-07-17 06:00,POI023,대림역,보통,16000,18000,37.4908703,126.8936859
2026-07-17 06:00,POI024,동대문역,여유,1500,2000,37.5718616,127.0114887
2026-07-17 06:00,POI025,뚝섬역,여유,3500,4000,37.5475031,127.0461973
2026-07-17 06:00,POI026,미아사거리역,여유,3500,4000,37.61175,127.03044
2026-07-17 06:00,POI055,홍대입구역(2호선),여유,6500,7000,37.5574135,126.9238
2026-07-17 06:00,POI088,광화문광장,여유,700,800,37.5759194,126.9768
2026-07-17 06:00,POI119,잠실역,여유,2500,3000,37.5127453,127.0973
2026-07-17 08:00,POI006,종로·청계 관광특구,여유,12000,14000,37.5702856,126.9903626
2026-07-17 08:00,POI007,홍대 관광특구,여유,32000,34000,37.5574135,126.9238
2026-07-17 08:00,POI008,경복궁,여유,400,500,37.579754,126.9766818
2026-07-17 08:00,POI009,광화문·덕수궁,여유,6000,6500,37.5759194,126.9768
2026-07-17 08:00,POI010,보신각,여유,2000,2500,37.5698518,126.9836102
2026-07-17 08:00,POI011,서울 암사동 유적,여유,300,400,37.5610203,127.1306288
2026-07-17 08:00,POI012,창덕궁·종묘,여유,3500,4000,37.5823872,126.9917013
2026-07-17 08:00,POI013,가산디지털단지역,여유,6500,7000,37.480819,126.8816358
2026-07-17 08:00,POI014,강남역,여유,22000,24000,37.5002304,127.0268054
2026-07-17 08:00,POI015,건대입구역,여유,18000,20000,37.54088,127.06812
2026-07-17 08:00,POI016,고덕역,여유,1000,1500,37.5550721,127.1550065
2026-07-17 08:00,POI017,고속터미널역,여유,5500,6000,37.5050827,127.0049777
2026-07-17 08:00,POI018,교대역,여유,8500,9000,37.494178,127.015909
2026-07-17 08:00,POI019,구로디지털단지역,여유,4500,5000,37.4853417,126.9068128
2026-07-17 08:00,POI020,구로역,여유,1000,1500,37.5000903,126.8829924
2026-07-17 08:00,POI021,군자역,여유,3500,4000,37.558149,127.077839
2026-07-17 08:00,POI023,대림역,여유,16000,18000,37.4908703,126.8936859
2026-07-17 08:00,POI024,동대문역,여유,2000,2500,37.5718616,127.0114887
2026-07-17 08:00,POI025,뚝섬역,여유,4500,5000,37.5475031,127.0461973
2026-07-17 08:00,POI026,미아사거리역,여유,4000,4500,37.61175,127.03044
2026-07-17 08:00,POI055,홍대입구역(2호선),여유,7000,7500,37.5574135,126.9238
2026-07-17 08:00,POI088,광화문광장,여유,1000,1500,37.5759194,126.9768
2026-07-17 08:00,POI119,잠실역,여유,4500,5000,37.5127453,127.0973
2026-07-17 12:00,POI006,종로·청계 관광특구,보통,30000,32000,37.5702856,126.9903626
2026-07-17 12:00,POI007,홍대 관광특구,여유,64000,66000,37.5574135,126.9238
2026-07-17 12:00,POI008,경복궁,여유,1000,1500,37.579754,126.9766818
2026-07-17 12:00,POI009,광화문·덕수궁,여유,20000,22000,37.5759194,126.9768
2026-07-17 12:00,POI010,보신각,여유,6500,7000,37.5698518,126.9836102
2026-07-17 12:00,POI011,서울 암사동 유적,여유,400,500,37.5610203,127.1306288
2026-07-17 12:00,POI012,창덕궁·종묘,보통,8500,9000,37.5823872,126.9917013
2026-07-17 12:00,POI013,가산디지털단지역,여유,12000,14000,37.480819,126.8816358
2026-07-17 12:00,POI014,강남역,여유,44000,46000,37.5002304,127.0268054
2026-07-17 12:00,POI015,건대입구역,여유,24000,26000,37.54088,127.06812
2026-07-17 12:00,POI016,고덕역,여유,2500,3000,37.5550721,127.1550065
2026-07-17 12:00,POI017,고속터미널역,붐빔,30000,32000,37.5050827,127.0049777
2026-07-17 12:00,POI018,교대역,여유,10000,12000,37.494178,127.015909
2026-07-17 12:00,POI019,구로디지털단지역,여유,9500,10000,37.4853417,126.9068128
2026-07-17 12:00,POI020,구로역,여유,2000,2500,37.5000903,126.8829924
2026-07-17 12:00,POI021,군자역,여유,6000,6500,37.558149,127.077839
2026-07-17 12:00,POI023,대림역,여유,14000,16000,37.4908703,126.8936859
2026-07-17 12:00,POI024,동대문역,약간 붐빔,9500,10000,37.5718616,127.0114887
2026-07-17 12:00,POI025,뚝섬역,여유,7500,8000,37.5475031,127.0461973
2026-07-17 12:00,POI026,미아사거리역,여유,10000,12000,37.61175,127.03044
2026-07-17 12:00,POI055,홍대입구역(2호선),보통,16000,18000,37.5574135,126.9238
2026-07-17 12:00,POI088,광화문광장,여유,5000,5500,37.5759194,126.9768
2026-07-17 12:00,POI119,잠실역,붐빔,42000,44000,37.5127453,127.0973
2026-07-17 15:00,POI006,종로·청계 관광특구,보통,36000,38000,37.5702856,126.9903626
2026-07-17 15:00,POI007,홍대 관광특구,약간 붐빔,94000,96000,37.5574135,126.9238
2026-07-17 15:00,POI008,경복궁,보통,1500,2000,37.579754,126.9766818
2026-07-17 15:00,POI009,광화문·덕수궁,여유,26000,28000,37.5759194,126.9768
2026-07-17 15:00,POI010,보신각,보통,10000,12000,37.5698518,126.9836102
2026-07-17 15:00,POI011,서울 암사동 유적,여유,300,400,37.5610203,127.1306288
2026-07-17 15:00,POI012,창덕궁·종묘,보통,10000,12000,37.5823872,126.9917013
2026-07-17 15:00,POI013,가산디지털단지역,여유,14000,16000,37.480819,126.8816358
2026-07-17 15:00,POI014,강남역,보통,54000,56000,37.5002304,127.0268054
2026-07-17 15:00,POI015,건대입구역,약간 붐빔,28000,30000,37.54088,127.06812
2026-07-17 15:00,POI016,고덕역,여유,3500,4000,37.5550721,127.1550065
2026-07-17 15:00,POI017,고속터미널역,붐빔,36000,38000,37.5050827,127.0049777
2026-07-17 15:00,POI018,교대역,여유,12000,14000,37.494178,127.015909
2026-07-17 15:00,POI019,구로디지털단지역,여유,10000,12000,37.4853417,126.9068128
2026-07-17 15:00,POI020,구로역,여유,2500,3000,37.5000903,126.8829924
2026-07-17 15:00,POI021,군자역,여유,6500,7000,37.558149,127.077839
2026-07-17 15:00,POI023,대림역,여유,14000,16000,37.4908703,126.8936859
2026-07-17 15:00,POI024,동대문역,붐빔,12000,14000,37.5718616,127.0114887
2026-07-17 15:00,POI025,뚝섬역,여유,9000,9500,37.5475031,127.0461973
2026-07-17 15:00,POI026,미아사거리역,보통,12000,14000,37.61175,127.03044
2026-07-17 15:00,POI055,홍대입구역(2호선),붐빔,26000,28000,37.5574135,126.9238
2026-07-17 15:00,POI088,광화문광장,여유,7000,7500,37.5759194,126.9768
2026-07-17 15:00,POI119,잠실역,붐빔,64000,66000,37.5127453,127.0973
2026-07-17 18:00,POI006,종로·청계 관광특구,보통,32000,34000,37.5702856,126.9903626
2026-07-17 18:00,POI007,홍대 관광특구,붐빔,100000,105000,37.5574135,126.9238
2026-07-17 18:00,POI008,경복궁,여유,1000,1500,37.579754,126.9766818
2026-07-17 18:00,POI009,광화문·덕수궁,여유,22000,24000,37.5759194,126.9768
2026-07-17 18:00,POI010,보신각,여유,8500,9000,37.5698518,126.9836102
2026-07-17 18:00,POI011,서울 암사동 유적,여유,300,400,37.5610203,127.1306288
2026-07-17 18:00,POI012,창덕궁·종묘,보통,9500,10000,37.5823872,126.9917013
2026-07-17 18:00,POI013,가산디지털단지역,여유,12000,14000,37.480819,126.8816358
2026-07-17 18:00,POI014,강남역,보통,52000,54000,37.5002304,127.0268054
2026-07-17 18:00,POI015,건대입구역,약간 붐빔,32000,34000,37.54088,127.06812
2026-07-17 18:00,POI016,고덕역,여유,3500,4000,37.5550721,127.1550065
2026-07-17 18:00,POI017,고속터미널역,붐빔,30000,32000,37.5050827,127.0049777
2026-07-17 18:00,POI018,교대역,여유,10000,12000,37.494178,127.015909
2026-07-17 18:00,POI019,구로디지털단지역,여유,10000,12000,37.4853417,126.9068128
2026-07-17 18:00,POI020,구로역,여유,3000,3500,37.5000903,126.8829924
2026-07-17 18:00,POI021,군자역,보통,7500,8000,37.558149,127.077839
2026-07-17 18:00,POI023,대림역,여유,14000,16000,37.4908703,126.8936859
2026-07-17 18:00,POI024,동대문역,보통,9000,9500,37.5718616,127.0114887
2026-07-17 18:00,POI025,뚝섬역,여유,8000,8500,37.5475031,127.0461973
2026-07-17 18:00,POI026,미아사거리역,보통,10000,12000,37.61175,127.03044
2026-07-17 18:00,POI055,홍대입구역(2호선),붐빔,26000,28000,37.5574135,126.9238
2026-07-17 18:00,POI088,광화문광장,여유,6000,6500,37.5759194,126.9768
2026-07-17 18:00,POI119,잠실역,붐빔,58000,60000,37.5127453,127.0973
2026-07-17 20:00,POI006,종로·청계 관광특구,여유,24000,26000,37.5702856,126.9903626
2026-07-17 20:00,POI007,홍대 관광특구,약간 붐빔,96000,98000,37.5574135,126.9238
2026-07-17 20:00,POI008,경복궁,여유,800,900,37.579754,126.9766818
2026-07-17 20:00,POI009,광화문·덕수궁,여유,16000,18000,37.5759194,126.9768
2026-07-17 20:00,POI010,보신각,여유,8500,9000,37.5698518,126.9836102
2026-07-17 20:00,POI011,서울 암사동 유적,여유,300,400,37.5610203,127.1306288
2026-07-17 20:00,POI012,창덕궁·종묘,여유,7500,8000,37.5823872,126.9917013
2026-07-17 20:00,POI013,가산디지털단지역,여유,10000,12000,37.480819,126.8816358
2026-07-17 20:00,POI014,강남역,여유,50000,52000,37.5002304,127.0268054
2026-07-17 20:00,POI015,건대입구역,약간 붐빔,30000,32000,37.54088,127.06812
2026-07-17 20:00,POI016,고덕역,여유,3500,4000,37.5550721,127.1550065
2026-07-17 20:00,POI017,고속터미널역,보통,20000,22000,37.5050827,127.0049777
2026-07-17 20:00,POI018,교대역,여유,10000,12000,37.494178,127.015909
2026-07-17 20:00,POI019,구로디지털단지역,여유,10000,12000,37.4853417,126.9068128
2026-07-17 20:00,POI020,구로역,여유,2000,2500,37.5000903,126.8829924
2026-07-17 20:00,POI021,군자역,보통,8000,8500,37.558149,127.077839
2026-07-17 20:00,POI023,대림역,여유,14000,16000,37.4908703,126.8936859
2026-07-17 20:00,POI024,동대문역,여유,4500,5000,37.5718616,127.0114887
2026-07-17 20:00,POI025,뚝섬역,여유,7500,8000,37.5475031,127.0461973
2026-07-17 20:00,POI026,미아사거리역,여유,10000,12000,37.61175,127.03044
2026-07-17 20:00,POI055,홍대입구역(2호선),약간 붐빔,24000,26000,37.5574135,126.9238
2026-07-17 20:00,POI088,광화문광장,여유,4000,4500,37.5759194,126.9768
2026-07-17 20:00,POI119,잠실역,붐빔,42000,44000,37.5127453,127.0973
2026-07-17 22:00,POI006,종로·청계 관광특구,여유,14000,16000,37.5702856,126.9903626
2026-07-17 22:00,POI007,홍대 관광특구,여유,66000,68000,37.5574135,126.9238
2026-07-17 22:00,POI008,경복궁,여유,400,500,37.579754,126.9766818
2026-07-17 22:00,POI009,광화문·덕수궁,여유,6500,7000,37.5759194,126.9768
2026-07-17 22:00,POI010,보신각,여유,4500,5000,37.5698518,126.9836102
2026-07-17 22:00,POI011,서울 암사동 유적,여유,300,400,37.5610203,127.1306288
2026-07-17 22:00,POI012,창덕궁·종묘,여유,5000,5500,37.5823872,126.9917013
2026-07-17 22:00,POI013,가산디지털단지역,여유,7500,8000,37.480819,126.8816358
2026-07-17 22:00,POI014,강남역,여유,36000,38000,37.5002304,127.0268054
2026-07-17 22:00,POI015,건대입구역,여유,26000,28000,37.54088,127.06812
2026-07-17 22:00,POI016,고덕역,여유,1500,2000,37.5550721,127.1550065
2026-07-17 22:00,POI017,고속터미널역,여유,5500,6000,37.5050827,127.0049777
2026-07-17 22:00,POI018,교대역,여유,9500,10000,37.494178,127.015909
2026-07-17 22:00,POI019,구로디지털단지역,여유,7000,7500,37.4853417,126.9068128
2026-07-17 22:00,POI020,구로역,여유,1500,2000,37.5000903,126.8829924
2026-07-17 22:00,POI021,군자역,여유,6000,6500,37.558149,127.077839
2026-07-17 22:00,POI023,대림역,여유,16000,18000,37.4908703,126.8936859
2026-07-17 22:00,POI024,동대문역,여유,3000,3500,37.5718616,127.0114887
2026-07-17 22:00,POI025,뚝섬역,여유,5000,5500,37.5475031,127.0461973
2026-07-17 22:00,POI026,미아사거리역,여유,7000,7500,37.61175,127.03044
2026-07-17 22:00,POI055,홍대입구역(2호선),여유,14000,16000,37.5574135,126.9238
2026-07-17 22:00,POI088,광화문광장,여유,1000,1500,37.5759194,126.9768
2026-07-17 22:00,POI119,잠실역,여유,12000,14000,37.5127453,127.0973
2026-07-18 00:00,POI006,종로·청계 관광특구,여유,12000,14000,37.5702856,126.9903626
2026-07-18 00:00,POI007,홍대 관광특구,여유,52000,54000,37.5574135,126.9238
2026-07-18 00:00,POI008,경복궁,여유,300,400,37.579754,126.9766818
2026-07-18 00:00,POI009,광화문·덕수궁,여유,4000,4500,37.5759194,126.9768
2026-07-18 00:00,POI010,보신각,여유,3000,3500,37.5698518,126.9836102
2026-07-18 00:00,POI011,서울 암사동 유적,여유,300,400,37.5610203,127.1306288
2026-07-18 00:00,POI012,창덕궁·종묘,여유,3500,4000,37.5823872,126.9917013
2026-07-18 00:00,POI013,가산디지털단지역,여유,5500,6000,37.480819,126.8816358
2026-07-18 00:00,POI014,강남역,여유,28000,30000,37.5002304,127.0268054
2026-07-18 00:00,POI015,건대입구역,여유,22000,24000,37.54088,127.06812
2026-07-18 00:00,POI016,고덕역,여유,1500,2000,37.5550721,127.1550065
2026-07-18 00:00,POI017,고속터미널역,여유,2500,3000,37.5050827,127.0049777
2026-07-18 00:00,POI018,교대역,여유,8500,9000,37.494178,127.015909
2026-07-18 00:00,POI019,구로디지털단지역,여유,6000,6500,37.4853417,126.9068128
2026-07-18 00:00,POI020,구로역,여유,900,1000,37.5000903,126.8829924
2026-07-18 00:00,POI021,군자역,여유,5000,5500,37.558149,127.077839
2026-07-18 00:00,POI023,대림역,보통,16000,18000,37.4908703,126.8936859
2026-07-18 00:00,POI024,동대문역,여유,2000,2500,37.5718616,127.0114887
2026-07-18 00:00,POI025,뚝섬역,여유,4500,5000,37.5475031,127.0461973
2026-07-18 00:00,POI026,미아사거리역,여유,5000,5500,37.61175,127.03044
2026-07-18 00:00,POI055,홍대입구역(2호선),여유,10000,12000,37.5574135,126.9238
2026-07-18 00:00,POI088,광화문광장,여유,900,1000,37.5759194,126.9768
2026-07-18 00:00,POI119,잠실역,여유,5500,6000,37.5127453,127.0973
2026-07-18 02:00,POI006,종로·청계 관광특구,여유,9500,10000,37.5702856,126.9903626
2026-07-18 02:00,POI007,홍대 관광특구,여유,40000,42000,37.5574135,126.9238
2026-07-18 02:00,POI008,경복궁,여유,300,400,37.579754,126.9766818
2026-07-18 02:00,POI009,광화문·덕수궁,여유,3000,3500,37.5759194,126.9768
2026-07-18 02:00,POI010,보신각,여유,2000,2500,37.5698518,126.9836102
2026-07-18 02:00,POI011,서울 암사동 유적,여유,100,200,37.5610203,127.1306288
2026-07-18 02:00,POI012,창덕궁·종묘,여유,3500,4000,37.5823872,126.9917013
2026-07-18 02:00,POI013,가산디지털단지역,여유,4500,5000,37.480819,126.8816358
2026-07-18 02:00,POI014,강남역,여유,22000,24000,37.5002304,127.0268054
2026-07-18 02:00,POI015,건대입구역,여유,18000,20000,37.54088,127.06812
2026-07-18 02:00,POI016,고덕역,여유,1000,1500,37.5550721,127.1550065
2026-07-18 02:00,POI017,고속터미널역,여유,1500,2000,37.5050827,127.0049777
2026-07-18 02:00,POI018,교대역,여유,6000,6500,37.494178,127.015909
2026-07-18 02:00,POI019,구로디지털단지역,여유,5000,5500,37.4853417,126.9068128
2026-07-18 02:00,POI020,구로역,여유,700,800,37.5000903,126.8829924
2026-07-18 02:00,POI021,군자역,여유,4000,4500,37.558149,127.077839
2026-07-18 02:00,POI023,대림역,여유,14000,16000,37.4908703,126.8936859
2026-07-18 02:00,POI024,동대문역,여유,1500,2000,37.5718616,127.0114887
2026-07-18 02:00,POI025,뚝섬역,여유,4000,4500,37.5475031,127.0461973
2026-07-18 02:00,POI026,미아사거리역,여유,4000,4500,37.61175,127.03044
2026-07-18 02:00,POI055,홍대입구역(2호선),여유,7500,8000,37.5574135,126.9238
2026-07-18 02:00,POI088,광화문광장,여유,700,800,37.5759194,126.9768
2026-07-18 02:00,POI119,잠실역,여유,3000,3500,37.5127453,127.0973
2026-07-18 04:00,POI006,종로·청계 관광특구,여유,8000,8500,37.5702856,126.9903626
2026-07-18 04:00,POI007,홍대 관광특구,여유,36000,38000,37.5574135,126.9238
2026-07-18 04:00,POI008,경복궁,여유,100,200,37.579754,126.9766818
2026-07-18 04:00,POI009,광화문·덕수궁,여유,2500,3000,37.5759194,126.9768
2026-07-18 04:00,POI010,보신각,여유,1000,1500,37.5698518,126.9836102
2026-07-18 04:00,POI011,서울 암사동 유적,여유,100,200,37.5610203,127.1306288
2026-07-18 04:00,POI012,창덕궁·종묘,여유,3000,3500,37.5823872,126.9917013
2026-07-18 04:00,POI013,가산디지털단지역,여유,4500,5000,37.480819,126.8816358
2026-07-18 04:00,POI014,강남역,여유,18000,20000,37.5002304,127.0268054
2026-07-18 04:00,POI015,건대입구역,여유,14000,16000,37.54088,127.06812
2026-07-18 04:00,POI016,고덕역,여유,1000,1500,37.5550721,127.1550065
2026-07-18 04:00,POI017,고속터미널역,여유,1500,2000,37.5050827,127.0049777
2026-07-18 04:00,POI018,교대역,여유,3000,3500,37.494178,127.015909
2026-07-18 04:00,POI019,구로디지털단지역,여유,4000,4500,37.4853417,126.9068128
2026-07-18 04:00,POI020,구로역,여유,700,800,37.5000903,126.8829924
2026-07-18 04:00,POI021,군자역,여유,3500,4000,37.558149,127.077839
2026-07-18 04:00,POI023,대림역,여유,14000,16000,37.4908703,126.8936859
2026-07-18 04:00,POI024,동대문역,여유,1000,1500,37.5718616,127.0114887
2026-07-18 04:00,POI025,뚝섬역,여유,3500,4000,37.5475031,127.0461973
2026-07-18 04:00,POI026,미아사거리역,여유,3500,4000,37.61175,127.03044
2026-07-18 04:00,POI055,홍대입구역(2호선),여유,9500,10000,37.5574135,126.9238
2026-07-18 04:00,POI088,광화문광장,여유,500,600,37.5759194,126.9768
2026-07-18 04:00,POI119,잠실역,여유,2500,3000,37.5127453,127.0973
2026-07-18 06:00,POI006,종로·청계 관광특구,여유,7500,8000,37.5702856,126.9903626
2026-07-18 06:00,POI007,홍대 관광특구,여유,32000,34000,37.5574135,126.9238
2026-07-18 06:00,POI008,경복궁,여유,100,200,37.579754,126.9766818
2026-07-18 06:00,POI009,광화문·덕수궁,여유,3000,3500,37.5759194,126.9768
2026-07-18 06:00,POI010,보신각,여유,1000,1500,37.5698518,126.9836102
2026-07-18 06:00,POI011,서울 암사동 유적,여유,100,200,37.5610203,127.1306288
2026-07-18 06:00,POI012,창덕궁·종묘,여유,3000,3500,37.5823872,126.9917013
2026-07-18 06:00,POI013,가산디지털단지역,여유,4500,5000,37.480819,126.8816358
2026-07-18 06:00,POI014,강남역,여유,16000,18000,37.5002304,127.0268054
2026-07-18 06:00,POI015,건대입구역,여유,12000,14000,37.54088,127.06812
2026-07-18 06:00,POI016,고덕역,여유,1000,1500,37.5550721,127.1550065
2026-07-18 06:00,POI017,고속터미널역,여유,2000,2500,37.5050827,127.0049777
2026-07-18 06:00,POI018,교대역,여유,3000,3500,37.494178,127.015909
2026-07-18 06:00,POI019,구로디지털단지역,여유,4000,4500,37.4853417,126.9068128
2026-07-18 06:00,POI020,구로역,여유,1000,1500,37.5000903,126.8829924
2026-07-18 06:00,POI021,군자역,여유,3500,4000,37.558149,127.077839
2026-07-18 06:00,POI023,대림역,여유,14000,16000,37.4908703,126.8936859
2026-07-18 06:00,POI024,동대문역,여유,1000,1500,37.5718616,127.0114887
2026-07-18 06:00,POI025,뚝섬역,여유,3500,4000,37.5475031,127.0461973
2026-07-18 06:00,POI026,미아사거리역,여유,3500,4000,37.61175,127.03044
2026-07-18 06:00,POI055,홍대입구역(2호선),여유,9500,10000,37.5574135,126.9238
2026-07-18 06:00,POI088,광화문광장,여유,500,600,37.5759194,126.9768
2026-07-18 06:00,POI119,잠실역,여유,2500,3000,37.5127453,127.0973
2026-07-18 07:00,POI006,종로·청계 관광특구,여유,8500,9000,37.5702856,126.9903626
2026-07-18 07:00,POI007,홍대 관광특구,여유,30000,32000,37.5574135,126.9238
2026-07-18 07:00,POI008,경복궁,여유,200,300,37.579754,126.9766818
2026-07-18 07:00,POI009,광화문·덕수궁,여유,4000,4500,37.5759194,126.9768
2026-07-18 07:00,POI010,보신각,여유,1000,1500,37.5698518,126.9836102
2026-07-18 07:00,POI011,서울 암사동 유적,여유,100,200,37.5610203,127.1306288
2026-07-18 07:00,POI012,창덕궁·종묘,여유,3500,4000,37.5823872,126.9917013
2026-07-18 07:00,POI013,가산디지털단지역,여유,5500,6000,37.480819,126.8816358
2026-07-18 07:00,POI014,강남역,여유,16000,18000,37.5002304,127.0268054
2026-07-18 07:00,POI015,건대입구역,여유,12000,14000,37.54088,127.06812
2026-07-18 07:00,POI016,고덕역,여유,1000,1500,37.5550721,127.1550065
2026-07-18 07:00,POI017,고속터미널역,여유,3000,3500,37.5050827,127.0049777
2026-07-18 07:00,POI018,교대역,여유,3500,4000,37.494178,127.015909
2026-07-18 07:00,POI019,구로디지털단지역,여유,4000,4500,37.4853417,126.9068128
2026-07-18 07:00,POI020,구로역,여유,1000,1500,37.5000903,126.8829924
2026-07-18 07:00,POI021,군자역,여유,3500,4000,37.558149,127.077839
2026-07-18 07:00,POI023,대림역,여유,14000,16000,37.4908703,126.8936859
2026-07-18 07:00,POI024,동대문역,여유,2000,2500,37.5718616,127.0114887
2026-07-18 07:00,POI025,뚝섬역,여유,4000,4500,37.5475031,127.0461973
2026-07-18 07:00,POI026,미아사거리역,여유,3500,4000,37.61175,127.03044
2026-07-18 07:00,POI055,홍대입구역(2호선),여유,9500,10000,37.5574135,126.9238
2026-07-18 07:00,POI088,광화문광장,여유,800,900,37.5759194,126.9768
2026-07-18 07:00,POI119,잠실역,여유,3000,3500,37.5127453,127.0973
2026-07-18 08:00,POI006,종로·청계 관광특구,여유,10000,12000,37.5702856,126.9903626
2026-07-18 08:00,POI007,홍대 관광특구,여유,30000,32000,37.5574135,126.9238
2026-07-18 08:00,POI008,경복궁,여유,500,600,37.579754,126.9766818
2026-07-18 08:00,POI009,광화문·덕수궁,여유,6000,6500,37.5759194,126.9768
2026-07-18 08:00,POI010,보신각,여유,1500,2000,37.5698518,126.9836102
2026-07-18 08:00,POI011,서울 암사동 유적,여유,100,200,37.5610203,127.1306288
2026-07-18 08:00,POI012,창덕궁·종묘,여유,3500,4000,37.5823872,126.9917013
2026-07-18 08:00,POI013,가산디지털단지역,여유,6500,7000,37.480819,126.8816358
2026-07-18 08:00,POI014,강남역,여유,20000,22000,37.5002304,127.0268054
2026-07-18 08:00,POI015,건대입구역,여유,16000,18000,37.54088,127.06812
2026-07-18 08:00,POI016,고덕역,여유,1000,1500,37.5550721,127.1550065
2026-07-18 08:00,POI017,고속터미널역,여유,4000,4500,37.5050827,127.0049777
2026-07-18 08:00,POI018,교대역,여유,8500,9000,37.494178,127.015909
2026-07-18 08:00,POI019,구로디지털단지역,여유,4500,5000,37.4853417,126.9068128
2026-07-18 08:00,POI020,구로역,여유,1000,1500,37.5000903,126.8829924
2026-07-18 08:00,POI021,군자역,여유,3500,4000,37.558149,127.077839
2026-07-18 08:00,POI023,대림역,여유,14000,16000,37.4908703,126.8936859
2026-07-18 08:00,POI024,동대문역,여유,2000,2500,37.5718616,127.0114887
2026-07-18 08:00,POI025,뚝섬역,여유,4500,5000,37.5475031,127.0461973
2026-07-18 08:00,POI026,미아사거리역,여유,4000,4500,37.61175,127.03044
2026-07-18 08:00,POI055,홍대입구역(2호선),여유,7000,7500,37.5574135,126.9238
2026-07-18 08:00,POI088,광화문광장,여유,1000,1500,37.5759194,126.9768
2026-07-18 08:00,POI119,잠실역,여유,4500,5000,37.5127453,127.0973
2026-07-18 09:00,POI006,종로·청계 관광특구,여유,12000,14000,37.5702856,126.9903626
2026-07-18 09:00,POI007,홍대 관광특구,여유,32000,34000,37.5574135,126.9238
2026-07-18 09:00,POI008,경복궁,여유,600,700,37.579754,126.9766818
2026-07-18 09:00,POI009,광화문·덕수궁,여유,7500,8000,37.5759194,126.9768
2026-07-18 09:00,POI010,보신각,여유,2000,2500,37.5698518,126.9836102
2026-07-18 09:00,POI011,서울 암사동 유적,여유,200,300,37.5610203,127.1306288
2026-07-18 09:00,POI012,창덕궁·종묘,여유,4000,4500,37.5823872,126.9917013
2026-07-18 09:00,POI013,가산디지털단지역,여유,8000,8500,37.480819,126.8816358
2026-07-18 09:00,POI014,강남역,여유,24000,26000,37.5002304,127.0268054
2026-07-18 09:00,POI015,건대입구역,여유,16000,18000,37.54088,127.06812
2026-07-18 09:00,POI016,고덕역,여유,1500,2000,37.5550721,127.1550065
2026-07-18 09:00,POI017,고속터미널역,여유,6000,6500,37.5050827,127.0049777
2026-07-18 09:00,POI018,교대역,여유,9500,10000,37.494178,127.015909
2026-07-18 09:00,POI019,구로디지털단지역,여유,5500,6000,37.4853417,126.9068128
2026-07-18 09:00,POI020,구로역,여유,1500,2000,37.5000903,126.8829924
2026-07-18 09:00,POI021,군자역,여유,4000,4500,37.558149,127.077839
2026-07-18 09:00,POI023,대림역,여유,14000,16000,37.4908703,126.8936859
2026-07-18 09:00,POI024,동대문역,여유,3000,3500,37.5718616,127.0114887
2026-07-18 09:00,POI025,뚝섬역,여유,5000,5500,37.5475031,127.0461973
2026-07-18 09:00,POI026,미아사거리역,여유,5500,6000,37.61175,127.03044
2026-07-18 09:00,POI055,홍대입구역(2호선),여유,7500,8000,37.5574135,126.9238
2026-07-18 09:00,POI088,광화문광장,여유,1500,2000,37.5759194,126.9768
2026-07-18 09:00,POI119,잠실역,여유,6000,6500,37.5127453,127.0973
2026-07-18 12:00,POI006,종로·청계 관광특구,여유,24000,26000,37.5702856,126.9903626
2026-07-18 12:00,POI007,홍대 관광특구,여유,56000,58000,37.5574135,126.9238
2026-07-18 12:00,POI008,경복궁,여유,1000,1500,37.579754,126.9766818
2026-07-18 12:00,POI009,광화문·덕수궁,여유,20000,22000,37.5759194,126.9768
2026-07-18 12:00,POI010,보신각,여유,5500,6000,37.5698518,126.9836102
2026-07-18 12:00,POI011,서울 암사동 유적,여유,100,200,37.5610203,127.1306288
2026-07-18 12:00,POI012,창덕궁·종묘,여유,7500,8000,37.5823872,126.9917013
2026-07-18 12:00,POI013,가산디지털단지역,여유,12000,14000,37.480819,126.8816358
2026-07-18 12:00,POI014,강남역,보통,48000,50000,37.5002304,127.0268054
2026-07-18 12:00,POI015,건대입구역,여유,24000,26000,37.54088,127.06812
2026-07-18 12:00,POI016,고덕역,여유,4000,4500,37.5550721,127.1550065
2026-07-18 12:00,POI017,고속터미널역,약간 붐빔,22000,24000,37.5050827,127.0049777
2026-07-18 12:00,POI018,교대역,여유,12000,14000,37.494178,127.015909
2026-07-18 12:00,POI019,구로디지털단지역,여유,8500,9000,37.4853417,126.9068128
2026-07-18 12:00,POI020,구로역,여유,2500,3000,37.5000903,126.8829924
2026-07-18 12:00,POI021,군자역,여유,5500,6000,37.558149,127.077839
2026-07-18 12:00,POI023,대림역,여유,14000,16000,37.4908703,126.8936859
2026-07-18 12:00,POI024,동대문역,여유,6500,7000,37.5718616,127.0114887
2026-07-18 12:00,POI025,뚝섬역,여유,7500,8000,37.5475031,127.0461973
2026-07-18 12:00,POI026,미아사거리역,보통,12000,14000,37.61175,127.03044
2026-07-18 12:00,POI055,홍대입구역(2호선),여유,14000,16000,37.5574135,126.9238
2026-07-18 12:00,POI088,광화문광장,여유,4000,4500,37.5759194,126.9768
2026-07-18 12:00,POI119,잠실역,보통,30000,32000,37.5127453,127.0973
2026-07-18 15:00,POI006,종로·청계 관광특구,약간 붐빔,32000,34000,37.5702856,126.9903626
2026-07-18 15:00,POI007,홍대 관광특구,보통,80000,82000,37.5574135,126.9238
2026-07-18 15:00,POI008,경복궁,보통,1500,2000,37.579754,126.9766818
2026-07-18 15:00,POI009,광화문·덕수궁,여유,30000,32000,37.5759194,126.9768
2026-07-18 15:00,POI010,보신각,보통,7500,8000,37.5698518,126.9836102
2026-07-18 15:00,POI011,서울 암사동 유적,여유,200,300,37.5610203,127.1306288
2026-07-18 15:00,POI012,창덕궁·종묘,여유,9500,10000,37.5823872,126.9917013
2026-07-18 15:00,POI013,가산디지털단지역,보통,12000,14000,37.480819,126.8816358
2026-07-18 15:00,POI014,강남역,붐빔,58000,60000,37.5002304,127.0268054
2026-07-18 15:00,POI015,건대입구역,여유,28000,30000,37.54088,127.06812
2026-07-18 15:00,POI016,고덕역,보통,5000,5500,37.5550721,127.1550065
2026-07-18 15:00,POI017,고속터미널역,붐빔,30000,32000,37.5050827,127.0049777
2026-07-18 15:00,POI018,교대역,여유,12000,14000,37.494178,127.015909
2026-07-18 15:00,POI019,구로디지털단지역,보통,9500,10000,37.4853417,126.9068128
2026-07-18 15:00,POI020,구로역,여유,2500,3000,37.5000903,126.8829924
2026-07-18 15:00,POI021,군자역,여유,6000,6500,37.558149,127.077839
2026-07-18 15:00,POI023,대림역,여유,14000,16000,37.4908703,126.8936859
2026-07-18 15:00,POI024,동대문역,보통,9000,9500,37.5718616,127.0114887
2026-07-18 15:00,POI025,뚝섬역,여유,9000,9500,37.5475031,127.0461973
2026-07-18 15:00,POI026,미아사거리역,보통,10000,12000,37.61175,127.03044
2026-07-18 15:00,POI055,홍대입구역(2호선),약간 붐빔,20000,22000,37.5574135,126.9238
2026-07-18 15:00,POI088,광화문광장,보통,6000,6500,37.5759194,126.9768
2026-07-18 15:00,POI119,잠실역,붐빔,52000,54000,37.5127453,127.0973
2026-07-18 17:00,POI006,종로·청계 관광특구,보통,28000,30000,37.5702856,126.9903626
2026-07-18 17:00,POI007,홍대 관광특구,보통,90000,92000,37.5574135,126.9238
2026-07-18 17:00,POI008,경복궁,보통,1500,2000,37.579754,126.9766818
2026-07-18 17:00,POI009,광화문·덕수궁,여유,24000,26000,37.5759194,126.9768
2026-07-18 17:00,POI010,보신각,보통,7500,8000,37.5698518,126.9836102
2026-07-18 17:00,POI011,서울 암사동 유적,여유,200,300,37.5610203,127.1306288
2026-07-18 17:00,POI012,창덕궁·종묘,여유,9500,10000,37.5823872,126.9917013
2026-07-18 17:00,POI013,가산디지털단지역,보통,14000,16000,37.480819,126.8816358
2026-07-18 17:00,POI014,강남역,보통,52000,54000,37.5002304,127.0268054
2026-07-18 17:00,POI015,건대입구역,약간 붐빔,30000,32000,37.54088,127.06812
2026-07-18 17:00,POI016,고덕역,여유,4000,4500,37.5550721,127.1550065
2026-07-18 17:00,POI017,고속터미널역,붐빔,30000,32000,37.5050827,127.0049777
2026-07-18 17:00,POI018,교대역,여유,12000,14000,37.494178,127.015909
2026-07-18 17:00,POI019,구로디지털단지역,보통,9500,10000,37.4853417,126.9068128
2026-07-18 17:00,POI020,구로역,여유,2500,3000,37.5000903,126.8829924
2026-07-18 17:00,POI021,군자역,보통,7500,8000,37.558149,127.077839
2026-07-18 17:00,POI023,대림역,여유,14000,16000,37.4908703,126.8936859
2026-07-18 17:00,POI024,동대문역,보통,8000,8500,37.5718616,127.0114887
2026-07-18 17:00,POI025,뚝섬역,여유,9000,9500,37.5475031,127.0461973
2026-07-18 17:00,POI026,미아사거리역,보통,12000,14000,37.61175,127.03044
2026-07-18 17:00,POI055,홍대입구역(2호선),약간 붐빔,22000,24000,37.5574135,126.9238
2026-07-18 17:00,POI088,광화문광장,보통,6000,6500,37.5759194,126.9768
2026-07-18 17:00,POI119,잠실역,붐빔,56000,58000,37.5127453,127.0973
2026-07-18 19:00,POI006,종로·청계 관광특구,여유,24000,26000,37.5702856,126.9903626
2026-07-18 19:00,POI007,홍대 관광특구,보통,92000,94000,37.5574135,126.9238
2026-07-18 19:00,POI008,경복궁,여유,1000,1500,37.579754,126.9766818
2026-07-18 19:00,POI009,광화문·덕수궁,여유,16000,18000,37.5759194,126.9768
2026-07-18 19:00,POI010,보신각,보통,7500,8000,37.5698518,126.9836102
2026-07-18 19:00,POI011,서울 암사동 유적,여유,100,200,37.5610203,127.1306288
2026-07-18 19:00,POI012,창덕궁·종묘,여유,8000,8500,37.5823872,126.9917013
2026-07-18 19:00,POI013,가산디지털단지역,여유,12000,14000,37.480819,126.8816358
2026-07-18 19:00,POI014,강남역,보통,50000,52000,37.5002304,127.0268054
2026-07-18 19:00,POI015,건대입구역,약간 붐빔,30000,32000,37.54088,127.06812
2026-07-18 19:00,POI016,고덕역,여유,4000,4500,37.5550721,127.1550065
2026-07-18 19:00,POI017,고속터미널역,약간 붐빔,24000,26000,37.5050827,127.0049777
2026-07-18 19:00,POI018,교대역,여유,12000,14000,37.494178,127.015909
2026-07-18 19:00,POI019,구로디지털단지역,보통,9500,10000,37.4853417,126.9068128
2026-07-18 19:00,POI020,구로역,여유,1500,2000,37.5000903,126.8829924
2026-07-18 19:00,POI021,군자역,보통,8000,8500,37.558149,127.077839
2026-07-18 19:00,POI023,대림역,여유,14000,16000,37.4908703,126.8936859
2026-07-18 19:00,POI024,동대문역,여유,6000,6500,37.5718616,127.0114887
2026-07-18 19:00,POI025,뚝섬역,여유,8000,8500,37.5475031,127.0461973
2026-07-18 19:00,POI026,미아사거리역,보통,10000,12000,37.61175,127.03044
2026-07-18 19:00,POI055,홍대입구역(2호선),약간 붐빔,22000,24000,37.5574135,126.9238
2026-07-18 19:00,POI088,광화문광장,여유,4500,5000,37.5759194,126.9768
2026-07-18 19:00,POI119,잠실역,붐빔,46000,48000,37.5127453,127.0973
2026-07-18 20:00,POI006,종로·청계 관광특구,여유,20000,22000,37.5702856,126.9903626
2026-07-18 20:00,POI007,홍대 관광특구,보통,86000,88000,37.5574135,126.9238
2026-07-18 20:00,POI008,경복궁,여유,800,900,37.579754,126.9766818
2026-07-18 20:00,POI009,광화문·덕수궁,여유,12000,14000,37.5759194,126.9768
2026-07-18 20:00,POI010,보신각,여유,6500,7000,37.5698518,126.9836102
2026-07-18 20:00,POI011,서울 암사동 유적,여유,100,200,37.5610203,127.1306288
2026-07-18 20:00,POI012,창덕궁·종묘,여유,7000,7500,37.5823872,126.9917013
2026-07-18 20:00,POI013,가산디지털단지역,여유,10000,12000,37.480819,126.8816358
2026-07-18 20:00,POI014,강남역,여유,46000,48000,37.5002304,127.0268054
2026-07-18 20:00,POI015,건대입구역,약간 붐빔,30000,32000,37.54088,127.06812
2026-07-18 20:00,POI016,고덕역,여유,3500,4000,37.5550721,127.1550065
2026-07-18 20:00,POI017,고속터미널역,보통,16000,18000,37.5050827,127.0049777
2026-07-18 20:00,POI018,교대역,여유,10000,12000,37.494178,127.015909
2026-07-18 20:00,POI019,구로디지털단지역,보통,9000,9500,37.4853417,126.9068128
2026-07-18 20:00,POI020,구로역,여유,1500,2000,37.5000903,126.8829924
2026-07-18 20:00,POI021,군자역,보통,8000,8500,37.558149,127.077839
2026-07-18 20:00,POI023,대림역,여유,14000,16000,37.4908703,126.8936859
2026-07-18 20:00,POI024,동대문역,여유,4000,4500,37.5718616,127.0114887
2026-07-18 20:00,POI025,뚝섬역,여유,7000,7500,37.5475031,127.0461973
2026-07-18 20:00,POI026,미아사거리역,여유,9500,10000,37.61175,127.03044
2026-07-18 20:00,POI055,홍대입구역(2호선),약간 붐빔,20000,22000,37.5574135,126.9238
2026-07-18 20:00,POI088,광화문광장,여유,3000,3500,37.5759194,126.9768
2026-07-18 20:00,POI119,잠실역,약간 붐빔,34000,36000,37.5127453,127.0973
2026-07-18 22:00,POI006,종로·청계 관광특구,여유,16000,18000,37.5702856,126.9903626
2026-07-18 22:00,POI007,홍대 관광특구,여유,70000,72000,37.5574135,126.9238
2026-07-18 22:00,POI008,경복궁,여유,600,700,37.579754,126.9766818
2026-07-18 22:00,POI009,광화문·덕수궁,여유,9000,9500,37.5759194,126.9768
2026-07-18 22:00,POI010,보신각,여유,4500,5000,37.5698518,126.9836102
2026-07-18 22:00,POI011,서울 암사동 유적,여유,100,200,37.5610203,127.1306288
2026-07-18 22:00,POI012,창덕궁·종묘,여유,5500,6000,37.5823872,126.9917013
2026-07-18 22:00,POI013,가산디지털단지역,여유,8000,8500,37.480819,126.8816358
2026-07-18 22:00,POI014,강남역,여유,38000,40000,37.5002304,127.0268054
2026-07-18 22:00,POI015,건대입구역,여유,26000,28000,37.54088,127.06812
2026-07-18 22:00,POI016,고덕역,여유,2500,3000,37.5550721,127.1550065
2026-07-18 22:00,POI017,고속터미널역,여유,7000,7500,37.5050827,127.0049777
2026-07-18 22:00,POI018,교대역,여유,8500,9000,37.494178,127.015909
2026-07-18 22:00,POI019,구로디지털단지역,여유,7500,8000,37.4853417,126.9068128
2026-07-18 22:00,POI020,구로역,여유,1500,2000,37.5000903,126.8829924
2026-07-18 22:00,POI021,군자역,여유,7000,7500,37.558149,127.077839
2026-07-18 22:00,POI023,대림역,여유,14000,16000,37.4908703,126.8936859
2026-07-18 22:00,POI024,동대문역,여유,3000,3500,37.5718616,127.0114887
2026-07-18 22:00,POI025,뚝섬역,여유,6000,6500,37.5475031,127.0461973
2026-07-18 22:00,POI026,미아사거리역,여유,7500,8000,37.61175,127.03044
2026-07-18 22:00,POI055,홍대입구역(2호선),보통,16000,18000,37.5574135,126.9238
2026-07-18 22:00,POI088,광화문광장,여유,2000,2500,37.5759194,126.9768
2026-07-18 22:00,POI119,잠실역,여유,14000,16000,37.5127453,127.0973
2026-07-19 00:00,POI006,종로·청계 관광특구,여유,12000,14000,37.5702856,126.9903626
2026-07-19 00:00,POI007,홍대 관광특구,여유,54000,56000,37.5574135,126.9238
2026-07-19 00:00,POI008,경복궁,여유,400,500,37.579754,126.9766818
2026-07-19 00:00,POI009,광화문·덕수궁,여유,4500,5000,37.5759194,126.9768
2026-07-19 00:00,POI010,보신각,여유,3000,3500,37.5698518,126.9836102
2026-07-19 00:00,POI011,서울 암사동 유적,여유,100,200,37.5610203,127.1306288
2026-07-19 00:00,POI012,창덕궁·종묘,여유,4000,4500,37.5823872,126.9917013
2026-07-19 00:00,POI013,가산디지털단지역,여유,6000,6500,37.480819,126.8816358
2026-07-19 00:00,POI014,강남역,여유,28000,30000,37.5002304,127.0268054
2026-07-19 00:00,POI015,건대입구역,여유,24000,26000,37.54088,127.06812
2026-07-19 00:00,POI016,고덕역,여유,1000,1500,37.5550721,127.1550065
2026-07-19 00:00,POI017,고속터미널역,여유,3000,3500,37.5050827,127.0049777
2026-07-19 00:00,POI018,교대역,여유,7000,7500,37.494178,127.015909
2026-07-19 00:00,POI019,구로디지털단지역,여유,6000,6500,37.4853417,126.9068128
2026-07-19 00:00,POI020,구로역,여유,1000,1500,37.5000903,126.8829924
2026-07-19 00:00,POI021,군자역,여유,5500,6000,37.558149,127.077839
2026-07-19 00:00,POI023,대림역,여유,16000,18000,37.4908703,126.8936859
2026-07-19 00:00,POI024,동대문역,여유,2500,3000,37.5718616,127.0114887
2026-07-19 00:00,POI025,뚝섬역,여유,5500,6000,37.5475031,127.0461973
2026-07-19 00:00,POI026,미아사거리역,여유,5500,6000,37.61175,127.03044
2026-07-19 00:00,POI055,홍대입구역(2호선),여유,10000,12000,37.5574135,126.9238
2026-07-19 00:00,POI088,광화문광장,여유,1000,1500,37.5759194,126.9768
2026-07-19 00:00,POI119,잠실역,여유,6000,6500,37.5127453,127.0973
2026-07-19 01:00,POI006,종로·청계 관광특구,여유,10000,12000,37.5702856,126.9903626
2026-07-19 01:00,POI007,홍대 관광특구,여유,48000,50000,37.5574135,126.9238
2026-07-19 01:00,POI008,경복궁,여유,400,500,37.579754,126.9766818
2026-07-19 01:00,POI009,광화문·덕수궁,여유,3500,4000,37.5759194,126.9768
2026-07-19 01:00,POI010,보신각,여유,2500,3000,37.5698518,126.9836102
2026-07-19 01:00,POI011,서울 암사동 유적,여유,100,200,37.5610203,127.1306288
2026-07-19 01:00,POI012,창덕궁·종묘,여유,3500,4000,37.5823872,126.9917013
2026-07-19 01:00,POI013,가산디지털단지역,여유,5000,5500,37.480819,126.8816358
2026-07-19 01:00,POI014,강남역,여유,24000,26000,37.5002304,127.0268054
2026-07-19 01:00,POI015,건대입구역,여유,18000,20000,37.54088,127.06812
2026-07-19 01:00,POI016,고덕역,여유,1000,1500,37.5550721,127.1550065
2026-07-19 01:00,POI017,고속터미널역,여유,1500,2000,37.5050827,127.0049777
2026-07-19 01:00,POI018,교대역,여유,6000,6500,37.494178,127.015909
2026-07-19 01:00,POI019,구로디지털단지역,여유,5500,6000,37.4853417,126.9068128
2026-07-19 01:00,POI020,구로역,여유,900,1000,37.5000903,126.8829924
2026-07-19 01:00,POI021,군자역,여유,5000,5500,37.558149,127.077839
2026-07-19 01:00,POI023,대림역,여유,14000,16000,37.4908703,126.8936859
2026-07-19 01:00,POI024,동대문역,여유,1500,2000,37.5718616,127.0114887
2026-07-19 01:00,POI025,뚝섬역,여유,4000,4500,37.5475031,127.0461973
2026-07-19 01:00,POI026,미아사거리역,여유,4500,5000,37.61175,127.03044
2026-07-19 01:00,POI055,홍대입구역(2호선),여유,9000,9500,37.5574135,126.9238
2026-07-19 01:00,POI088,광화문광장,여유,800,900,37.5759194,126.9768
2026-07-19 01:00,POI119,잠실역,여유,4000,4500,37.5127453,127.0973
2026-07-19 03:00,POI006,종로·청계 관광특구,여유,8500,9000,37.5702856,126.9903626
2026-07-19 03:00,POI007,홍대 관광특구,여유,42000,44000,37.5574135,126.9238
2026-07-19 03:00,POI008,경복궁,여유,100,200,37.579754,126.9766818
2026-07-19 03:00,POI009,광화문·덕수궁,여유,2500,3000,37.5759194,126.9768
2026-07-19 03:00,POI010,보신각,여유,1500,2000,37.5698518,126.9836102
2026-07-19 03:00,POI011,서울 암사동 유적,여유,100,200,37.5610203,127.1306288
2026-07-19 03:00,POI012,창덕궁·종묘,여유,3000,3500,37.5823872,126.9917013
2026-07-19 03:00,POI013,가산디지털단지역,여유,4500,5000,37.480819,126.8816358
2026-07-19 03:00,POI014,강남역,여유,20000,22000,37.5002304,127.0268054
2026-07-19 03:00,POI015,건대입구역,여유,14000,16000,37.54088,127.06812
2026-07-19 03:00,POI016,고덕역,여유,1000,1500,37.5550721,127.1550065
2026-07-19 03:00,POI017,고속터미널역,여유,1000,1500,37.5050827,127.0049777
2026-07-19 03:00,POI018,교대역,여유,3000,3500,37.494178,127.015909
2026-07-19 03:00,POI019,구로디지털단지역,여유,5000,5500,37.4853417,126.9068128
2026-07-19 03:00,POI020,구로역,여유,700,800,37.5000903,126.8829924
2026-07-19 03:00,POI021,군자역,여유,3500,4000,37.558149,127.077839
2026-07-19 03:00,POI023,대림역,여유,16000,18000,37.4908703,126.8936859
2026-07-19 03:00,POI024,동대문역,여유,1500,2000,37.5718616,127.0114887
2026-07-19 03:00,POI025,뚝섬역,여유,4000,4500,37.5475031,127.0461973
2026-07-19 03:00,POI026,미아사거리역,여유,3500,4000,37.61175,127.03044
2026-07-19 03:00,POI055,홍대입구역(2호선),여유,10000,12000,37.5574135,126.9238
2026-07-19 03:00,POI088,광화문광장,여유,500,600,37.5759194,126.9768
2026-07-19 03:00,POI119,잠실역,여유,3000,3500,37.5127453,127.0973
2026-07-19 04:00,POI006,종로·청계 관광특구,여유,7500,8000,37.5702856,126.9903626
2026-07-19 04:00,POI007,홍대 관광특구,여유,38000,40000,37.5574135,126.9238
2026-07-19 04:00,POI008,경복궁,여유,100,200,37.579754,126.9766818
2026-07-19 04:00,POI009,광화문·덕수궁,여유,2500,3000,37.5759194,126.9768
2026-07-19 04:00,POI010,보신각,여유,1000,1500,37.5698518,126.9836102
2026-07-19 04:00,POI011,서울 암사동 유적,여유,100,200,37.5610203,127.1306288
2026-07-19 04:00,POI012,창덕궁·종묘,여유,3000,3500,37.5823872,126.9917013
2026-07-19 04:00,POI013,가산디지털단지역,여유,4500,5000,37.480819,126.8816358
2026-07-19 04:00,POI014,강남역,여유,18000,20000,37.5002304,127.0268054
2026-07-19 04:00,POI015,건대입구역,여유,14000,16000,37.54088,127.06812
2026-07-19 04:00,POI016,고덕역,여유,1000,1500,37.5550721,127.1550065
2026-07-19 04:00,POI017,고속터미널역,여유,1000,1500,37.5050827,127.0049777
2026-07-19 04:00,POI018,교대역,여유,3000,3500,37.494178,127.015909
2026-07-19 04:00,POI019,구로디지털단지역,여유,4500,5000,37.4853417,126.9068128
2026-07-19 04:00,POI020,구로역,여유,700,800,37.5000903,126.8829924
2026-07-19 04:00,POI021,군자역,여유,3500,4000,37.558149,127.077839
2026-07-19 04:00,POI023,대림역,여유,16000,18000,37.4908703,126.8936859
2026-07-19 04:00,POI024,동대문역,여유,1000,1500,37.5718616,127.0114887
2026-07-19 04:00,POI025,뚝섬역,여유,3500,4000,37.5475031,127.0461973
2026-07-19 04:00,POI026,미아사거리역,여유,3000,3500,37.61175,127.03044
2026-07-19 04:00,POI055,홍대입구역(2호선),여유,10000,12000,37.5574135,126.9238
2026-07-19 04:00,POI088,광화문광장,여유,500,600,37.5759194,126.9768
2026-07-19 04:00,POI119,잠실역,여유,2500,3000,37.5127453,127.0973
2026-07-19 06:00,POI006,종로·청계 관광특구,여유,7500,8000,37.5702856,126.9903626
2026-07-19 06:00,POI007,홍대 관광특구,여유,34000,36000,37.5574135,126.9238
2026-07-19 06:00,POI008,경복궁,여유,100,200,37.579754,126.9766818
2026-07-19 06:00,POI009,광화문·덕수궁,여유,2500,3000,37.5759194,126.9768
2026-07-19 06:00,POI010,보신각,여유,1000,1500,37.5698518,126.9836102
2026-07-19 06:00,POI011,서울 암사동 유적,여유,100,200,37.5610203,127.1306288
2026-07-19 06:00,POI012,창덕궁·종묘,여유,3000,3500,37.5823872,126.9917013
2026-07-19 06:00,POI013,가산디지털단지역,여유,4500,5000,37.480819,126.8816358
2026-07-19 06:00,POI014,강남역,여유,16000,18000,37.5002304,127.0268054
2026-07-19 06:00,POI015,건대입구역,여유,12000,14000,37.54088,127.06812
2026-07-19 06:00,POI016,고덕역,여유,1000,1500,37.5550721,127.1550065
2026-07-19 06:00,POI017,고속터미널역,여유,1500,2000,37.5050827,127.0049777
2026-07-19 06:00,POI018,교대역,여유,3000,3500,37.494178,127.015909
2026-07-19 06:00,POI019,구로디지털단지역,여유,4000,4500,37.4853417,126.9068128
2026-07-19 06:00,POI020,구로역,여유,700,800,37.5000903,126.8829924
2026-07-19 06:00,POI021,군자역,여유,3000,3500,37.558149,127.077839
2026-07-19 06:00,POI023,대림역,여유,16000,18000,37.4908703,126.8936859
2026-07-19 06:00,POI024,동대문역,여유,1000,1500,37.5718616,127.0114887
2026-07-19 06:00,POI025,뚝섬역,여유,3500,4000,37.5475031,127.0461973
2026-07-19 06:00,POI026,미아사거리역,여유,3500,4000,37.61175,127.03044
2026-07-19 06:00,POI055,홍대입구역(2호선),여유,9500,10000,37.5574135,126.9238
2026-07-19 06:00,POI088,광화문광장,여유,500,600,37.5759194,126.9768
2026-07-19 06:00,POI119,잠실역,여유,2500,3000,37.5127453,127.0973
2026-07-19 06:00,POI006,종로·청계 관광특구,여유,8000,8500,37.5702856,126.9903626
2026-07-19 06:00,POI007,홍대 관광특구,여유,30000,32000,37.5574135,126.9238
2026-07-19 06:00,POI008,경복궁,여유,100,200,37.579754,126.9766818
2026-07-19 06:00,POI009,광화문·덕수궁,여유,3500,4000,37.5759194,126.9768
2026-07-19 06:00,POI010,보신각,여유,1000,1500,37.5698518,126.9836102
2026-07-19 06:00,POI011,서울 암사동 유적,여유,100,200,37.5610203,127.1306288
2026-07-19 06:00,POI012,창덕궁·종묘,여유,3000,3500,37.5823872,126.9917013
2026-07-19 06:00,POI013,가산디지털단지역,여유,5000,5500,37.480819,126.8816358
2026-07-19 06:00,POI014,강남역,여유,16000,18000,37.5002304,127.0268054
2026-07-19 06:00,POI015,건대입구역,여유,12000,14000,37.54088,127.06812
2026-07-19 06:00,POI016,고덕역,여유,1000,1500,37.5550721,127.1550065
2026-07-19 06:00,POI017,고속터미널역,여유,2500,3000,37.5050827,127.0049777
2026-07-19 06:00,POI018,교대역,여유,3000,3500,37.494178,127.015909
2026-07-19 06:00,POI019,구로디지털단지역,여유,4000,4500,37.4853417,126.9068128
2026-07-19 06:00,POI020,구로역,여유,900,1000,37.5000903,126.8829924
2026-07-19 06:00,POI021,군자역,여유,3000,3500,37.558149,127.077839
2026-07-19 06:00,POI023,대림역,여유,14000,16000,37.4908703,126.8936859
2026-07-19 06:00,POI024,동대문역,여유,1500,2000,37.5718616,127.0114887
2026-07-19 06:00,POI025,뚝섬역,여유,4000,4500,37.5475031,127.0461973
2026-07-19 06:00,POI026,미아사거리역,여유,3500,4000,37.61175,127.03044
2026-07-19 06:00,POI055,홍대입구역(2호선),여유,9000,9500,37.5574135,126.9238
2026-07-19 06:00,POI088,광화문광장,여유,700,800,37.5759194,126.9768
2026-07-19 06:00,POI119,잠실역,여유,3000,3500,37.5127453,127.0973
2026-07-19 07:00,POI006,종로·청계 관광특구,여유,10000,12000,37.5702856,126.9903626
2026-07-19 07:00,POI007,홍대 관광특구,여유,30000,32000,37.5574135,126.9238
2026-07-19 07:00,POI008,경복궁,여유,500,600,37.579754,126.9766818
2026-07-19 07:00,POI009,광화문·덕수궁,여유,5500,6000,37.5759194,126.9768
2026-07-19 07:00,POI010,보신각,여유,1500,2000,37.5698518,126.9836102
2026-07-19 07:00,POI011,서울 암사동 유적,여유,100,200,37.5610203,127.1306288
2026-07-19 07:00,POI012,창덕궁·종묘,여유,3000,3500,37.5823872,126.9917013
2026-07-19 07:00,POI013,가산디지털단지역,여유,5500,6000,37.480819,126.8816358
2026-07-19 07:00,POI014,강남역,여유,20000,22000,37.5002304,127.0268054
2026-07-19 07:00,POI015,건대입구역,여유,16000,18000,37.54088,127.06812
2026-07-19 07:00,POI016,고덕역,여유,1000,1500,37.5550721,127.1550065
2026-07-19 07:00,POI017,고속터미널역,여유,3000,3500,37.5050827,127.0049777
2026-07-19 07:00,POI018,교대역,여유,8000,8500,37.494178,127.015909
2026-07-19 07:00,POI019,구로디지털단지역,여유,4000,4500,37.4853417,126.9068128
2026-07-19 07:00,POI020,구로역,여유,1000,1500,37.5000903,126.8829924
2026-07-19 07:00,POI021,군자역,여유,3500,4000,37.558149,127.077839
2026-07-19 07:00,POI023,대림역,여유,14000,16000,37.4908703,126.8936859
2026-07-19 07:00,POI024,동대문역,여유,2000,2500,37.5718616,127.0114887
2026-07-19 07:00,POI025,뚝섬역,여유,4500,5000,37.5475031,127.0461973
2026-07-19 07:00,POI026,미아사거리역,여유,3500,4000,37.61175,127.03044
2026-07-19 07:00,POI055,홍대입구역(2호선),여유,6500,7000,37.5574135,126.9238
2026-07-19 07:00,POI088,광화문광장,여유,1000,1500,37.5759194,126.9768
2026-07-19 07:00,POI119,잠실역,여유,3500,4000,37.5127453,127.0973
2026-07-19 09:00,POI006,종로·청계 관광특구,여유,10000,12000,37.5702856,126.9903626
2026-07-19 09:00,POI007,홍대 관광특구,여유,32000,34000,37.5574135,126.9238
2026-07-19 09:00,POI008,경복궁,여유,600,700,37.579754,126.9766818
2026-07-19 09:00,POI009,광화문·덕수궁,여유,6500,7000,37.5759194,126.9768
2026-07-19 09:00,POI010,보신각,여유,1500,2000,37.5698518,126.9836102
2026-07-19 09:00,POI011,서울 암사동 유적,여유,200,300,37.5610203,127.1306288
2026-07-19 09:00,POI012,창덕궁·종묘,여유,3500,4000,37.5823872,126.9917013
2026-07-19 09:00,POI013,가산디지털단지역,여유,7000,7500,37.480819,126.8816358
2026-07-19 09:00,POI014,강남역,여유,22000,24000,37.5002304,127.0268054
2026-07-19 09:00,POI015,건대입구역,여유,16000,18000,37.54088,127.06812
2026-07-19 09:00,POI016,고덕역,여유,1000,1500,37.5550721,127.1550065
2026-07-19 09:00,POI017,고속터미널역,여유,4500,5000,37.5050827,127.0049777
2026-07-19 09:00,POI018,교대역,여유,8500,9000,37.494178,127.015909
2026-07-19 09:00,POI019,구로디지털단지역,여유,4500,5000,37.4853417,126.9068128
2026-07-19 09:00,POI020,구로역,여유,1000,1500,37.5000903,126.8829924
2026-07-19 09:00,POI021,군자역,여유,3500,4000,37.558149,127.077839
2026-07-19 09:00,POI023,대림역,여유,14000,16000,37.4908703,126.8936859
2026-07-19 09:00,POI024,동대문역,여유,2500,3000,37.5718616,127.0114887
2026-07-19 09:00,POI025,뚝섬역,여유,5000,5500,37.5475031,127.0461973
2026-07-19 09:00,POI026,미아사거리역,여유,5000,5500,37.61175,127.03044
2026-07-19 09:00,POI055,홍대입구역(2호선),여유,7000,7500,37.5574135,126.9238
2026-07-19 09:00,POI088,광화문광장,여유,1500,2000,37.5759194,126.9768
2026-07-19 09:00,POI119,잠실역,여유,5000,5500,37.5127453,127.0973
2026-07-19 12:00,POI006,종로·청계 관광특구,여유,22000,24000,37.5702856,126.9903626
2026-07-19 12:00,POI007,홍대 관광특구,여유,58000,60000,37.5574135,126.9238
2026-07-19 12:00,POI008,경복궁,여유,1000,1500,37.579754,126.9766818
2026-07-19 12:00,POI009,광화문·덕수궁,여유,18000,20000,37.5759194,126.9768
2026-07-19 12:00,POI010,보신각,여유,5000,5500,37.5698518,126.9836102
2026-07-19 12:00,POI011,서울 암사동 유적,여유,200,300,37.5610203,127.1306288
2026-07-19 12:00,POI012,창덕궁·종묘,여유,6500,7000,37.5823872,126.9917013
2026-07-19 12:00,POI013,가산디지털단지역,여유,10000,12000,37.480819,126.8816358
2026-07-19 12:00,POI014,강남역,여유,36000,38000,37.5002304,127.0268054
2026-07-19 12:00,POI015,건대입구역,여유,24000,26000,37.54088,127.06812
2026-07-19 12:00,POI016,고덕역,여유,3000,3500,37.5550721,127.1550065
2026-07-19 12:00,POI017,고속터미널역,약간 붐빔,20000,22000,37.5050827,127.0049777
2026-07-19 12:00,POI018,교대역,여유,12000,14000,37.494178,127.015909
2026-07-19 12:00,POI019,구로디지털단지역,여유,8000,8500,37.4853417,126.9068128
2026-07-19 12:00,POI020,구로역,여유,2000,2500,37.5000903,126.8829924
2026-07-19 12:00,POI021,군자역,여유,5500,6000,37.558149,127.077839
2026-07-19 12:00,POI023,대림역,여유,14000,16000,37.4908703,126.8936859
2026-07-19 12:00,POI024,동대문역,여유,5500,6000,37.5718616,127.0114887
2026-07-19 12:00,POI025,뚝섬역,여유,7500,8000,37.5475031,127.0461973
2026-07-19 12:00,POI026,미아사거리역,여유,9500,10000,37.61175,127.03044
2026-07-19 12:00,POI055,홍대입구역(2호선),여유,14000,16000,37.5574135,126.9238
2026-07-19 12:00,POI088,광화문광장,여유,4000,4500,37.5759194,126.9768
2026-07-19 12:00,POI119,잠실역,보통,30000,32000,37.5127453,127.0973
2026-07-19 15:00,POI006,종로·청계 관광특구,여유,26000,28000,37.5702856,126.9903626
2026-07-19 15:00,POI007,홍대 관광특구,보통,80000,82000,37.5574135,126.9238
2026-07-19 15:00,POI008,경복궁,보통,1500,2000,37.579754,126.9766818
2026-07-19 15:00,POI009,광화문·덕수궁,여유,20000,22000,37.5759194,126.9768
2026-07-19 15:00,POI010,보신각,여유,6500,7000,37.5698518,126.9836102
2026-07-19 15:00,POI011,서울 암사동 유적,여유,200,300,37.5610203,127.1306288
2026-07-19 15:00,POI012,창덕궁·종묘,여유,8000,8500,37.5823872,126.9917013
2026-07-19 15:00,POI013,가산디지털단지역,보통,12000,14000,37.480819,126.8816358
2026-07-19 15:00,POI014,강남역,여유,44000,46000,37.5002304,127.0268054
2026-07-19 15:00,POI015,건대입구역,약간 붐빔,28000,30000,37.54088,127.06812
2026-07-19 15:00,POI016,고덕역,여유,3500,4000,37.5550721,127.1550065
2026-07-19 15:00,POI017,고속터미널역,붐빔,28000,30000,37.5050827,127.0049777
2026-07-19 15:00,POI018,교대역,여유,12000,14000,37.494178,127.015909
2026-07-19 15:00,POI019,구로디지털단지역,여유,8500,9000,37.4853417,126.9068128
2026-07-19 15:00,POI020,구로역,여유,2500,3000,37.5000903,126.8829924
2026-07-19 15:00,POI021,군자역,여유,6000,6500,37.558149,127.077839
2026-07-19 15:00,POI023,대림역,여유,14000,16000,37.4908703,126.8936859
2026-07-19 15:00,POI024,동대문역,여유,6500,7000,37.5718616,127.0114887
2026-07-19 15:00,POI025,뚝섬역,여유,8500,9000,37.5475031,127.0461973
2026-07-19 15:00,POI026,미아사거리역,보통,12000,14000,37.61175,127.03044
2026-07-19 15:00,POI055,홍대입구역(2호선),약간 붐빔,20000,22000,37.5574135,126.9238
2026-07-19 15:00,POI088,광화문광장,보통,5000,5500,37.5759194,126.9768
2026-07-19 15:00,POI119,잠실역,붐빔,50000,52000,37.5127453,127.0973
2026-07-19 18:00,POI006,종로·청계 관광특구,여유,22000,24000,37.5702856,126.9903626
2026-07-19 18:00,POI007,홍대 관광특구,보통,84000,86000,37.5574135,126.9238
2026-07-19 18:00,POI008,경복궁,여유,1000,1500,37.579754,126.9766818
2026-07-19 18:00,POI009,광화문·덕수궁,여유,18000,20000,37.5759194,126.9768
2026-07-19 18:00,POI010,보신각,여유,6000,6500,37.5698518,126.9836102
2026-07-19 18:00,POI011,서울 암사동 유적,여유,200,300,37.5610203,127.1306288
2026-07-19 18:00,POI012,창덕궁·종묘,여유,7500,8000,37.5823872,126.9917013
2026-07-19 18:00,POI013,가산디지털단지역,여유,10000,12000,37.480819,126.8816358
2026-07-19 18:00,POI014,강남역,여유,44000,46000,37.5002304,127.0268054
2026-07-19 18:00,POI015,건대입구역,약간 붐빔,30000,32000,37.54088,127.06812
2026-07-19 18:00,POI016,고덕역,여유,3500,4000,37.5550721,127.1550065
2026-07-19 18:00,POI017,고속터미널역,붐빔,28000,30000,37.5050827,127.0049777
2026-07-19 18:00,POI018,교대역,여유,12000,14000,37.494178,127.015909
2026-07-19 18:00,POI019,구로디지털단지역,여유,8500,9000,37.4853417,126.9068128
2026-07-19 18:00,POI020,구로역,여유,2500,3000,37.5000903,126.8829924
2026-07-19 18:00,POI021,군자역,여유,6500,7000,37.558149,127.077839
2026-07-19 18:00,POI023,대림역,여유,14000,16000,37.4908703,126.8936859
2026-07-19 18:00,POI024,동대문역,여유,5500,6000,37.5718616,127.0114887
2026-07-19 18:00,POI025,뚝섬역,여유,8500,9000,37.5475031,127.0461973
2026-07-19 18:00,POI026,미아사거리역,보통,10000,12000,37.61175,127.03044
2026-07-19 18:00,POI055,홍대입구역(2호선),약간 붐빔,22000,24000,37.5574135,126.9238
2026-07-19 18:00,POI088,광화문광장,여유,4500,5000,37.5759194,126.9768
2026-07-19 18:00,POI119,잠실역,붐빔,44000,46000,37.5127453,127.0973
2026-07-19 20:00,POI006,종로·청계 관광특구,여유,18000,20000,37.5702856,126.9903626
2026-07-19 20:00,POI007,홍대 관광특구,보통,78000,80000,37.5574135,126.9238
2026-07-19 20:00,POI008,경복궁,여유,900,1000,37.579754,126.9766818
2026-07-19 20:00,POI009,광화문·덕수궁,여유,12000,14000,37.5759194,126.9768
2026-07-19 20:00,POI010,보신각,여유,5000,5500,37.5698518,126.9836102
2026-07-19 20:00,POI011,서울 암사동 유적,여유,200,300,37.5610203,127.1306288
2026-07-19 20:00,POI012,창덕궁·종묘,여유,6000,6500,37.5823872,126.9917013
2026-07-19 20:00,POI013,가산디지털단지역,여유,10000,12000,37.480819,126.8816358
2026-07-19 20:00,POI014,강남역,여유,42000,44000,37.5002304,127.0268054
2026-07-19 20:00,POI015,건대입구역,약간 붐빔,30000,32000,37.54088,127.06812
2026-07-19 20:00,POI016,고덕역,여유,3000,3500,37.5550721,127.1550065
2026-07-19 20:00,POI017,고속터미널역,약간 붐빔,20000,22000,37.5050827,127.0049777
2026-07-19 20:00,POI018,교대역,여유,10000,12000,37.494178,127.015909
2026-07-19 20:00,POI019,구로디지털단지역,여유,8000,8500,37.4853417,126.9068128
2026-07-19 20:00,POI020,구로역,여유,1500,2000,37.5000903,126.8829924
2026-07-19 20:00,POI021,군자역,여유,6500,7000,37.558149,127.077839
2026-07-19 20:00,POI023,대림역,여유,14000,16000,37.4908703,126.8936859
2026-07-19 20:00,POI024,동대문역,여유,4000,4500,37.5718616,127.0114887
2026-07-19 20:00,POI025,뚝섬역,여유,7500,8000,37.5475031,127.0461973
2026-07-19 20:00,POI026,미아사거리역,여유,9500,10000,37.61175,127.03044
2026-07-19 20:00,POI055,홍대입구역(2호선),보통,20000,22000,37.5574135,126.9238
2026-07-19 20:00,POI088,광화문광장,여유,3500,4000,37.5759194,126.9768
2026-07-19 20:00,POI119,잠실역,보통,32000,34000,37.5127453,127.0973
2026-07-19 22:00,POI006,종로·청계 관광특구,여유,14000,16000,37.5702856,126.9903626
2026-07-19 22:00,POI007,홍대 관광특구,여유,54000,56000,37.5574135,126.9238
2026-07-19 22:00,POI008,경복궁,여유,500,600,37.579754,126.9766818
2026-07-19 22:00,POI009,광화문·덕수궁,여유,7000,7500,37.5759194,126.9768
2026-07-19 22:00,POI010,보신각,여유,3000,3500,37.5698518,126.9836102
2026-07-19 22:00,POI011,서울 암사동 유적,여유,100,200,37.5610203,127.1306288
2026-07-19 22:00,POI012,창덕궁·종묘,여유,4500,5000,37.5823872,126.9917013
2026-07-19 22:00,POI013,가산디지털단지역,여유,7500,8000,37.480819,126.8816358
2026-07-19 22:00,POI014,강남역,여유,30000,32000,37.5002304,127.0268054
2026-07-19 22:00,POI015,건대입구역,여유,24000,26000,37.54088,127.06812
2026-07-19 22:00,POI016,고덕역,여유,2000,2500,37.5550721,127.1550065
2026-07-19 22:00,POI017,고속터미널역,여유,6500,7000,37.5050827,127.0049777
2026-07-19 22:00,POI018,교대역,여유,8000,8500,37.494178,127.015909
2026-07-19 22:00,POI019,구로디지털단지역,여유,6500,7000,37.4853417,126.9068128
2026-07-19 22:00,POI020,구로역,여유,1500,2000,37.5000903,126.8829924
2026-07-19 22:00,POI021,군자역,여유,5500,6000,37.558149,127.077839
2026-07-19 22:00,POI023,대림역,여유,16000,18000,37.4908703,126.8936859
2026-07-19 22:00,POI024,동대문역,여유,2500,3000,37.5718616,127.0114887
2026-07-19 22:00,POI025,뚝섬역,여유,5500,6000,37.5475031,127.0461973
2026-07-19 22:00,POI026,미아사거리역,여유,6000,6500,37.61175,127.03044
2026-07-19 22:00,POI055,홍대입구역(2호선),여유,12000,14000,37.5574135,126.9238
2026-07-19 22:00,POI088,광화문광장,여유,1500,2000,37.5759194,126.9768
2026-07-19 22:00,POI119,잠실역,여유,8500,9000,37.5127453,127.0973
2026-07-20 02:00,POI006,종로·청계 관광특구,여유,9000,9500,37.5702856,126.9903626
2026-07-20 02:00,POI007,홍대 관광특구,여유,36000,38000,37.5574135,126.9238
2026-07-20 02:00,POI008,경복궁,여유,200,300,37.579754,126.9766818
2026-07-20 02:00,POI009,광화문·덕수궁,여유,2500,3000,37.5759194,126.9768
2026-07-20 02:00,POI010,보신각,여유,1500,2000,37.5698518,126.9836102
2026-07-20 02:00,POI011,서울 암사동 유적,여유,300,400,37.5610203,127.1306288
2026-07-20 02:00,POI012,창덕궁·종묘,여유,3000,3500,37.5823872,126.9917013
2026-07-20 02:00,POI013,가산디지털단지역,여유,4500,5000,37.480819,126.8816358
2026-07-20 02:00,POI014,강남역,여유,20000,22000,37.5002304,127.0268054
2026-07-20 02:00,POI015,건대입구역,여유,16000,18000,37.54088,127.06812
2026-07-20 02:00,POI016,고덕역,여유,1000,1500,37.5550721,127.1550065
2026-07-20 02:00,POI017,고속터미널역,여유,1500,2000,37.5050827,127.0049777
2026-07-20 02:00,POI018,교대역,여유,5500,6000,37.494178,127.015909
2026-07-20 02:00,POI019,구로디지털단지역,여유,4500,5000,37.4853417,126.9068128
2026-07-20 02:00,POI020,구로역,여유,700,800,37.5000903,126.8829924
2026-07-20 02:00,POI021,군자역,여유,3500,4000,37.558149,127.077839
2026-07-20 02:00,POI023,대림역,약간 붐빔,18000,20000,37.4908703,126.8936859
2026-07-20 02:00,POI024,동대문역,여유,1500,2000,37.5718616,127.0114887
2026-07-20 02:00,POI025,뚝섬역,여유,4000,4500,37.5475031,127.0461973
2026-07-20 02:00,POI026,미아사거리역,여유,3500,4000,37.61175,127.03044
2026-07-20 02:00,POI055,홍대입구역(2호선),여유,7000,7500,37.5574135,126.9238
2026-07-20 02:00,POI088,광화문광장,여유,600,700,37.5759194,126.9768
2026-07-20 02:00,POI119,잠실역,여유,2500,3000,37.5127453,127.0973
2026-07-20 04:00,POI006,종로·청계 관광특구,여유,8500,9000,37.5702856,126.9903626
2026-07-20 04:00,POI007,홍대 관광특구,여유,34000,36000,37.5574135,126.9238
2026-07-20 04:00,POI008,경복궁,여유,200,300,37.579754,126.9766818
2026-07-20 04:00,POI009,광화문·덕수궁,여유,2500,3000,37.5759194,126.9768
2026-07-20 04:00,POI010,보신각,여유,1500,2000,37.5698518,126.9836102
2026-07-20 04:00,POI011,서울 암사동 유적,여유,300,400,37.5610203,127.1306288
2026-07-20 04:00,POI012,창덕궁·종묘,여유,2500,3000,37.5823872,126.9917013
2026-07-20 04:00,POI013,가산디지털단지역,여유,4500,5000,37.480819,126.8816358
2026-07-20 04:00,POI014,강남역,여유,18000,20000,37.5002304,127.0268054
2026-07-20 04:00,POI015,건대입구역,여유,14000,16000,37.54088,127.06812
2026-07-20 04:00,POI016,고덕역,여유,1000,1500,37.5550721,127.1550065
2026-07-20 04:00,POI017,고속터미널역,여유,1500,2000,37.5050827,127.0049777
2026-07-20 04:00,POI018,교대역,여유,5500,6000,37.494178,127.015909
2026-07-20 04:00,POI019,구로디지털단지역,여유,4000,4500,37.4853417,126.9068128
2026-07-20 04:00,POI020,구로역,여유,700,800,37.5000903,126.8829924
2026-07-20 04:00,POI021,군자역,여유,3500,4000,37.558149,127.077839
2026-07-20 04:00,POI023,대림역,약간 붐빔,16000,18000,37.4908703,126.8936859
2026-07-20 04:00,POI024,동대문역,여유,1000,1500,37.5718616,127.0114887
2026-07-20 04:00,POI025,뚝섬역,여유,3500,4000,37.5475031,127.0461973
2026-07-20 04:00,POI026,미아사거리역,여유,3000,3500,37.61175,127.03044
2026-07-20 04:00,POI055,홍대입구역(2호선),여유,6000,6500,37.5574135,126.9238
2026-07-20 04:00,POI088,광화문광장,여유,600,700,37.5759194,126.9768
2026-07-20 04:00,POI119,잠실역,여유,2000,2500,37.5127453,127.0973
2026-07-20 06:00,POI006,종로·청계 관광특구,여유,9000,9500,37.5702856,126.9903626
2026-07-20 06:00,POI007,홍대 관광특구,여유,32000,34000,37.5574135,126.9238
2026-07-20 06:00,POI008,경복궁,여유,200,300,37.579754,126.9766818
2026-07-20 06:00,POI009,광화문·덕수궁,여유,3500,4000,37.5759194,126.9768
2026-07-20 06:00,POI010,보신각,여유,1500,2000,37.5698518,126.9836102
2026-07-20 06:00,POI011,서울 암사동 유적,여유,300,400,37.5610203,127.1306288
2026-07-20 06:00,POI012,창덕궁·종묘,여유,3000,3500,37.5823872,126.9917013
2026-07-20 06:00,POI013,가산디지털단지역,여유,5500,6000,37.480819,126.8816358
2026-07-20 06:00,POI014,강남역,여유,18000,20000,37.5002304,127.0268054
2026-07-20 06:00,POI015,건대입구역,여유,14000,16000,37.54088,127.06812
2026-07-20 06:00,POI016,고덕역,여유,1000,1500,37.5550721,127.1550065
2026-07-20 06:00,POI017,고속터미널역,여유,2000,2500,37.5050827,127.0049777
2026-07-20 06:00,POI018,교대역,여유,5500,6000,37.494178,127.015909
2026-07-20 06:00,POI019,구로디지털단지역,여유,4000,4500,37.4853417,126.9068128
2026-07-20 06:00,POI020,구로역,여유,1000,1500,37.5000903,126.8829924
2026-07-20 06:00,POI021,군자역,여유,3500,4000,37.558149,127.077839
2026-07-20 06:00,POI023,대림역,약간 붐빔,16000,18000,37.4908703,126.8936859
2026-07-20 06:00,POI024,동대문역,여유,1500,2000,37.5718616,127.0114887
2026-07-20 06:00,POI025,뚝섬역,여유,4000,4500,37.5475031,127.0461973
2026-07-20 06:00,POI026,미아사거리역,여유,3500,4000,37.61175,127.03044
2026-07-20 06:00,POI055,홍대입구역(2호선),여유,6500,7000,37.5574135,126.9238
2026-07-20 06:00,POI088,광화문광장,여유,700,800,37.5759194,126.9768
2026-07-20 06:00,POI119,잠실역,여유,2500,3000,37.5127453,127.0973
2026-07-20 07:00,POI006,종로·청계 관광특구,여유,10000,12000,37.5702856,126.9903626
2026-07-20 07:00,POI007,홍대 관광특구,여유,32000,34000,37.5574135,126.9238
2026-07-20 07:00,POI008,경복궁,여유,300,400,37.579754,126.9766818
2026-07-20 07:00,POI009,광화문·덕수궁,여유,6000,6500,37.5759194,126.9768
2026-07-20 07:00,POI010,보신각,여유,2500,3000,37.5698518,126.9836102
2026-07-20 07:00,POI011,서울 암사동 유적,여유,300,400,37.5610203,127.1306288
2026-07-20 07:00,POI012,창덕궁·종묘,여유,3500,4000,37.5823872,126.9917013
2026-07-20 07:00,POI013,가산디지털단지역,여유,8000,8500,37.480819,126.8816358
2026-07-20 07:00,POI014,강남역,여유,22000,24000,37.5002304,127.0268054
2026-07-20 07:00,POI015,건대입구역,여유,14000,16000,37.54088,127.06812
2026-07-20 07:00,POI016,고덕역,여유,1000,1500,37.5550721,127.1550065
2026-07-20 07:00,POI017,고속터미널역,여유,4000,4500,37.5050827,127.0049777
2026-07-20 07:00,POI018,교대역,여유,6000,6500,37.494178,127.015909
2026-07-20 07:00,POI019,구로디지털단지역,여유,5000,5500,37.4853417,126.9068128
2026-07-20 07:00,POI020,구로역,여유,1000,1500,37.5000903,126.8829924
2026-07-20 07:00,POI021,군자역,여유,4000,4500,37.558149,127.077839
2026-07-20 07:00,POI023,대림역,약간 붐빔,16000,18000,37.4908703,126.8936859
2026-07-20 07:00,POI024,동대문역,여유,2500,3000,37.5718616,127.0114887
2026-07-20 07:00,POI025,뚝섬역,여유,4000,4500,37.5475031,127.0461973
2026-07-20 07:00,POI026,미아사거리역,여유,5000,5500,37.61175,127.03044
2026-07-20 07:00,POI055,홍대입구역(2호선),여유,7000,7500,37.5574135,126.9238
2026-07-20 07:00,POI088,광화문광장,여유,1000,1500,37.5759194,126.9768
2026-07-20 07:00,POI119,잠실역,여유,3500,4000,37.5127453,127.0973
2026-07-20 08:00,POI006,종로·청계 관광특구,여유,18000,20000,37.5702856,126.9903626
2026-07-20 08:00,POI007,홍대 관광특구,여유,36000,38000,37.5574135,126.9238
2026-07-20 08:00,POI008,경복궁,여유,700,800,37.579754,126.9766818
2026-07-20 08:00,POI009,광화문·덕수궁,여유,14000,16000,37.5759194,126.9768
2026-07-20 08:00,POI010,보신각,여유,5000,5500,37.5698518,126.9836102
2026-07-20 08:00,POI011,서울 암사동 유적,여유,300,400,37.5610203,127.1306288
2026-07-20 08:00,POI012,창덕궁·종묘,여유,6000,6500,37.5823872,126.9917013
2026-07-20 08:00,POI013,가산디지털단지역,여유,16000,18000,37.480819,126.8816358
2026-07-20 08:00,POI014,강남역,여유,34000,36000,37.5002304,127.0268054
2026-07-20 08:00,POI015,건대입구역,여유,20000,22000,37.54088,127.06812
2026-07-20 08:00,POI016,고덕역,여유,1500,2000,37.5550721,127.1550065
2026-07-20 08:00,POI017,고속터미널역,여유,8000,8500,37.5050827,127.0049777
2026-07-20 08:00,POI018,교대역,여유,10000,12000,37.494178,127.015909
2026-07-20 08:00,POI019,구로디지털단지역,여유,8500,9000,37.4853417,126.9068128
2026-07-20 08:00,POI020,구로역,보통,3000,3500,37.5000903,126.8829924
2026-07-20 08:00,POI021,군자역,여유,4500,5000,37.558149,127.077839
2026-07-20 08:00,POI023,대림역,보통,16000,18000,37.4908703,126.8936859
2026-07-20 08:00,POI024,동대문역,여유,4500,5000,37.5718616,127.0114887
2026-07-20 08:00,POI025,뚝섬역,여유,6000,6500,37.5475031,127.0461973
2026-07-20 08:00,POI026,미아사거리역,여유,8000,8500,37.61175,127.03044
2026-07-20 08:00,POI055,홍대입구역(2호선),여유,9000,9500,37.5574135,126.9238
2026-07-20 08:00,POI088,광화문광장,여유,3000,3500,37.5759194,126.9768
2026-07-20 08:00,POI119,잠실역,여유,6500,7000,37.5127453,127.0973
2026-07-20 09:00,POI006,종로·청계 관광특구,보통,30000,32000,37.5702856,126.9903626
2026-07-20 09:00,POI007,홍대 관광특구,여유,44000,46000,37.5574135,126.9238
2026-07-20 09:00,POI008,경복궁,여유,1000,1500,37.579754,126.9766818
2026-07-20 09:00,POI009,광화문·덕수궁,여유,32000,34000,37.5759194,126.9768
2026-07-20 09:00,POI010,보신각,약간 붐빔,10000,12000,37.5698518,126.9836102
2026-07-20 09:00,POI011,서울 암사동 유적,여유,400,500,37.5610203,127.1306288
2026-07-20 09:00,POI012,창덕궁·종묘,보통,9500,10000,37.5823872,126.9917013
2026-07-20 09:00,POI013,가산디지털단지역,약간 붐빔,30000,32000,37.480819,126.8816358
2026-07-20 09:00,POI014,강남역,보통,52000,54000,37.5002304,127.0268054
2026-07-20 09:00,POI015,건대입구역,여유,22000,24000,37.54088,127.06812
2026-07-20 09:00,POI016,고덕역,여유,2000,2500,37.5550721,127.1550065
2026-07-20 09:00,POI017,고속터미널역,여유,10000,12000,37.5050827,127.0049777
2026-07-20 09:00,POI018,교대역,여유,14000,16000,37.494178,127.015909
2026-07-20 09:00,POI019,구로디지털단지역,보통,20000,22000,37.4853417,126.9068128
2026-07-20 09:00,POI020,구로역,약간 붐빔,4000,4500,37.5000903,126.8829924
2026-07-20 09:00,POI021,군자역,여유,5500,6000,37.558149,127.077839
2026-07-20 09:00,POI023,대림역,보통,16000,18000,37.4908703,126.8936859
2026-07-20 09:00,POI024,동대문역,보통,7500,8000,37.5718616,127.0114887
2026-07-20 09:00,POI025,뚝섬역,여유,8000,8500,37.5475031,127.0461973
2026-07-20 09:00,POI026,미아사거리역,여유,9000,9500,37.61175,127.03044
2026-07-20 09:00,POI055,홍대입구역(2호선),여유,10000,12000,37.5574135,126.9238
2026-07-20 09:00,POI088,광화문광장,보통,6500,7000,37.5759194,126.9768
2026-07-20 09:00,POI119,잠실역,여유,10000,12000,37.5127453,127.0973
2026-07-20 13:00,POI006,종로·청계 관광특구,보통,46000,48000,37.5702856,126.9903626
2026-07-20 13:00,POI007,홍대 관광특구,여유,72000,74000,37.5574135,126.9238
2026-07-20 13:00,POI008,경복궁,보통,1500,2000,37.579754,126.9766818
2026-07-20 13:00,POI009,광화문·덕수궁,약간 붐빔,48000,50000,37.5759194,126.9768
2026-07-20 13:00,POI010,보신각,보통,22000,24000,37.5698518,126.9836102
2026-07-20 13:00,POI011,서울 암사동 유적,여유,300,400,37.5610203,127.1306288
2026-07-20 13:00,POI012,창덕궁·종묘,보통,14000,16000,37.5823872,126.9917013
2026-07-20 13:00,POI013,가산디지털단지역,약간 붐빔,34000,36000,37.480819,126.8816358
2026-07-20 13:00,POI014,강남역,약간 붐빔,92000,94000,37.5002304,127.0268054
2026-07-20 13:00,POI015,건대입구역,여유,24000,26000,37.54088,127.06812
2026-07-20 13:00,POI016,고덕역,여유,3000,3500,37.5550721,127.1550065
2026-07-20 13:00,POI017,고속터미널역,보통,16000,18000,37.5050827,127.0049777
2026-07-20 13:00,POI018,교대역,붐빔,24000,26000,37.494178,127.015909
2026-07-20 13:00,POI019,구로디지털단지역,약간 붐빔,36000,38000,37.4853417,126.9068128
2026-07-20 13:00,POI020,구로역,여유,2000,2500,37.5000903,126.8829924
2026-07-20 13:00,POI021,군자역,여유,6000,6500,37.558149,127.077839
2026-07-20 13:00,POI023,대림역,여유,14000,16000,37.4908703,126.8936859
2026-07-20 13:00,POI024,동대문역,보통,9500,10000,37.5718616,127.0114887
2026-07-20 13:00,POI025,뚝섬역,보통,10000,12000,37.5475031,127.0461973
2026-07-20 13:00,POI026,미아사거리역,여유,9500,10000,37.61175,127.03044
2026-07-20 13:00,POI055,홍대입구역(2호선),보통,18000,20000,37.5574135,126.9238
2026-07-20 13:00,POI088,광화문광장,보통,9000,9500,37.5759194,126.9768
2026-07-20 13:00,POI119,잠실역,보통,32000,34000,37.5127453,127.0973
2026-07-20 17:00,POI006,종로·청계 관광특구,보통,44000,46000,37.5702856,126.9903626
2026-07-20 17:00,POI007,홍대 관광특구,보통,78000,80000,37.5574135,126.9238
2026-07-20 17:00,POI008,경복궁,여유,1500,2000,37.579754,126.9766818
2026-07-20 17:00,POI009,광화문·덕수궁,보통,42000,44000,37.5759194,126.9768
2026-07-20 17:00,POI010,보신각,보통,20000,22000,37.5698518,126.9836102
2026-07-20 17:00,POI011,서울 암사동 유적,여유,200,300,37.5610203,127.1306288
2026-07-20 17:00,POI012,창덕궁·종묘,보통,14000,16000,37.5823872,126.9917013
2026-07-20 17:00,POI013,가산디지털단지역,약간 붐빔,34000,36000,37.480819,126.8816358
2026-07-20 17:00,POI014,강남역,약간 붐빔,88000,90000,37.5002304,127.0268054
2026-07-20 17:00,POI015,건대입구역,여유,26000,28000,37.54088,127.06812
2026-07-20 17:00,POI016,고덕역,보통,4500,5000,37.5550721,127.1550065
2026-07-20 17:00,POI017,고속터미널역,보통,14000,16000,37.5050827,127.0049777
2026-07-20 17:00,POI018,교대역,붐빔,22000,24000,37.494178,127.015909
2026-07-20 17:00,POI019,구로디지털단지역,보통,32000,34000,37.4853417,126.9068128
2026-07-20 17:00,POI020,구로역,여유,2000,2500,37.5000903,126.8829924
2026-07-20 17:00,POI021,군자역,여유,7000,7500,37.558149,127.077839
2026-07-20 17:00,POI023,대림역,여유,14000,16000,37.4908703,126.8936859
2026-07-20 17:00,POI024,동대문역,보통,9000,9500,37.5718616,127.0114887
2026-07-20 17:00,POI025,뚝섬역,보통,10000,12000,37.5475031,127.0461973
2026-07-20 17:00,POI026,미아사거리역,보통,10000,12000,37.61175,127.03044
2026-07-20 17:00,POI055,홍대입구역(2호선),약간 붐빔,20000,22000,37.5574135,126.9238
2026-07-20 17:00,POI088,광화문광장,보통,8500,9000,37.5759194,126.9768
2026-07-20 17:00,POI119,잠실역,약간 붐빔,32000,34000,37.5127453,127.0973
2026-07-20 20:00,POI006,종로·청계 관광특구,여유,24000,26000,37.5702856,126.9903626
2026-07-20 20:00,POI007,홍대 관광특구,여유,70000,72000,37.5574135,126.9238
2026-07-20 20:00,POI008,경복궁,여유,700,800,37.579754,126.9766818
2026-07-20 20:00,POI009,광화문·덕수궁,여유,18000,20000,37.5759194,126.9768
2026-07-20 20:00,POI010,보신각,보통,9500,10000,37.5698518,126.9836102
2026-07-20 20:00,POI011,서울 암사동 유적,여유,200,300,37.5610203,127.1306288
2026-07-20 20:00,POI012,창덕궁·종묘,여유,6500,7000,37.5823872,126.9917013
2026-07-20 20:00,POI013,가산디지털단지역,여유,14000,16000,37.480819,126.8816358
2026-07-20 20:00,POI014,강남역,보통,58000,60000,37.5002304,127.0268054
2026-07-20 20:00,POI015,건대입구역,여유,26000,28000,37.54088,127.06812
2026-07-20 20:00,POI016,고덕역,보통,4500,5000,37.5550721,127.1550065
2026-07-20 20:00,POI017,고속터미널역,여유,9000,9500,37.5050827,127.0049777
2026-07-20 20:00,POI018,교대역,여유,14000,16000,37.494178,127.015909
2026-07-20 20:00,POI019,구로디지털단지역,여유,12000,14000,37.4853417,126.9068128
2026-07-20 20:00,POI020,구로역,여유,1500,2000,37.5000903,126.8829924
2026-07-20 20:00,POI021,군자역,보통,8000,8500,37.558149,127.077839
2026-07-20 20:00,POI023,대림역,보통,16000,18000,37.4908703,126.8936859
2026-07-20 20:00,POI024,동대문역,여유,4000,4500,37.5718616,127.0114887
2026-07-20 20:00,POI025,뚝섬역,여유,7500,8000,37.5475031,127.0461973
2026-07-20 20:00,POI026,미아사거리역,여유,8500,9000,37.61175,127.03044
2026-07-20 20:00,POI055,홍대입구역(2호선),보통,16000,18000,37.5574135,126.9238
2026-07-20 20:00,POI088,광화문광장,여유,3500,4000,37.5759194,126.9768
2026-07-20 20:00,POI119,잠실역,여유,18000,20000,37.5127453,127.0973
2026-07-20 23:00,POI006,종로·청계 관광특구,여유,14000,16000,37.5702856,126.9903626
2026-07-20 23:00,POI007,홍대 관광특구,여유,46000,48000,37.5574135,126.9238
2026-07-20 23:00,POI008,경복궁,여유,400,500,37.579754,126.9766818
2026-07-20 23:00,POI009,광화문·덕수궁,여유,6500,7000,37.5759194,126.9768
2026-07-20 23:00,POI010,보신각,여유,3500,4000,37.5698518,126.9836102
2026-07-20 23:00,POI011,서울 암사동 유적,여유,200,300,37.5610203,127.1306288
2026-07-20 23:00,POI012,창덕궁·종묘,여유,4000,4500,37.5823872,126.9917013
2026-07-20 23:00,POI013,가산디지털단지역,여유,7500,8000,37.480819,126.8816358
2026-07-20 23:00,POI014,강남역,여유,32000,34000,37.5002304,127.0268054
2026-07-20 23:00,POI015,건대입구역,여유,22000,24000,37.54088,127.06812
2026-07-20 23:00,POI016,고덕역,여유,1500,2000,37.5550721,127.1550065
2026-07-20 23:00,POI017,고속터미널역,여유,3500,4000,37.5050827,127.0049777
2026-07-20 23:00,POI018,교대역,여유,10000,12000,37.494178,127.015909
2026-07-20 23:00,POI019,구로디지털단지역,여유,7000,7500,37.4853417,126.9068128
2026-07-20 23:00,POI020,구로역,여유,1000,1500,37.5000903,126.8829924
2026-07-20 23:00,POI021,군자역,여유,5500,6000,37.558149,127.077839
2026-07-20 23:00,POI023,대림역,약간 붐빔,16000,18000,37.4908703,126.8936859
2026-07-20 23:00,POI024,동대문역,여유,2500,3000,37.5718616,127.0114887
2026-07-20 23:00,POI025,뚝섬역,여유,5000,5500,37.5475031,127.0461973
2026-07-20 23:00,POI026,미아사거리역,여유,5500,6000,37.61175,127.03044
2026-07-20 23:00,POI055,홍대입구역(2호선),여유,10000,12000,37.5574135,126.9238
2026-07-20 23:00,POI088,광화문광장,여유,1000,1500,37.5759194,126.9768
2026-07-20 23:00,POI119,잠실역,여유,5000,5500,37.5127453,127.0973
2026-07-21 01:00,POI006,종로·청계 관광특구,여유,10000,12000,37.5702856,126.9903626
2026-07-21 01:00,POI007,홍대 관광특구,여유,34000,36000,37.5574135,126.9238
2026-07-21 01:00,POI008,경복궁,여유,200,300,37.579754,126.9766818
2026-07-21 01:00,POI009,광화문·덕수궁,여유,3500,4000,37.5759194,126.9768
2026-07-21 01:00,POI010,보신각,여유,2000,2500,37.5698518,126.9836102
2026-07-21 01:00,POI011,서울 암사동 유적,여유,300,400,37.5610203,127.1306288
2026-07-21 01:00,POI012,창덕궁·종묘,여유,3000,3500,37.5823872,126.9917013
2026-07-21 01:00,POI013,가산디지털단지역,여유,5000,5500,37.480819,126.8816358
2026-07-21 01:00,POI014,강남역,여유,22000,24000,37.5002304,127.0268054
2026-07-21 01:00,POI015,건대입구역,여유,16000,18000,37.54088,127.06812
2026-07-21 01:00,POI016,고덕역,여유,1500,2000,37.5550721,127.1550065
2026-07-21 01:00,POI017,고속터미널역,여유,1500,2000,37.5050827,127.0049777
2026-07-21 01:00,POI018,교대역,여유,6000,6500,37.494178,127.015909
2026-07-21 01:00,POI019,구로디지털단지역,여유,5000,5500,37.4853417,126.9068128
2026-07-21 01:00,POI020,구로역,여유,700,800,37.5000903,126.8829924
2026-07-21 01:00,POI021,군자역,여유,4000,4500,37.558149,127.077839
2026-07-21 01:00,POI023,대림역,약간 붐빔,16000,18000,37.4908703,126.8936859
2026-07-21 01:00,POI024,동대문역,여유,1500,2000,37.5718616,127.0114887
2026-07-21 01:00,POI025,뚝섬역,여유,4000,4500,37.5475031,127.0461973
2026-07-21 01:00,POI026,미아사거리역,여유,3500,4000,37.61175,127.03044
2026-07-21 01:00,POI055,홍대입구역(2호선),여유,6500,7000,37.5574135,126.9238
2026-07-21 01:00,POI088,광화문광장,여유,700,800,37.5759194,126.9768
2026-07-21 01:00,POI119,잠실역,여유,3000,3500,37.5127453,127.0973
2026-07-21 04:00,POI006,종로·청계 관광특구,여유,9000,9500,37.5702856,126.9903626
2026-07-21 04:00,POI007,홍대 관광특구,여유,30000,32000,37.5574135,126.9238
2026-07-21 04:00,POI008,경복궁,여유,200,300,37.579754,126.9766818
2026-07-21 04:00,POI009,광화문·덕수궁,여유,3000,3500,37.5759194,126.9768
2026-07-21 04:00,POI010,보신각,여유,1500,2000,37.5698518,126.9836102
2026-07-21 04:00,POI011,서울 암사동 유적,여유,300,400,37.5610203,127.1306288
2026-07-21 04:00,POI012,창덕궁·종묘,여유,3000,3500,37.5823872,126.9917013
2026-07-21 04:00,POI013,가산디지털단지역,여유,4500,5000,37.480819,126.8816358
2026-07-21 04:00,POI014,강남역,여유,20000,22000,37.5002304,127.0268054
2026-07-21 04:00,POI015,건대입구역,여유,14000,16000,37.54088,127.06812
2026-07-21 04:00,POI016,고덕역,여유,1000,1500,37.5550721,127.1550065
2026-07-21 04:00,POI017,고속터미널역,여유,1000,1500,37.5050827,127.0049777
2026-07-21 04:00,POI018,교대역,여유,5500,6000,37.494178,127.015909
2026-07-21 04:00,POI019,구로디지털단지역,여유,4500,5000,37.4853417,126.9068128
2026-07-21 04:00,POI020,구로역,여유,700,800,37.5000903,126.8829924
2026-07-21 04:00,POI021,군자역,여유,3500,4000,37.558149,127.077839
2026-07-21 04:00,POI023,대림역,약간 붐빔,18000,20000,37.4908703,126.8936859
2026-07-21 04:00,POI024,동대문역,여유,1000,1500,37.5718616,127.0114887
2026-07-21 04:00,POI025,뚝섬역,여유,3500,4000,37.5475031,127.0461973
2026-07-21 04:00,POI026,미아사거리역,여유,3000,3500,37.61175,127.03044
2026-07-21 04:00,POI055,홍대입구역(2호선),여유,6000,6500,37.5574135,126.9238
2026-07-21 04:00,POI088,광화문광장,여유,600,700,37.5759194,126.9768
2026-07-21 04:00,POI119,잠실역,여유,2500,3000,37.5127453,127.0973
2026-07-21 05:00,POI006,종로·청계 관광특구,여유,9000,9500,37.5702856,126.9903626
2026-07-21 05:00,POI007,홍대 관광특구,여유,30000,32000,37.5574135,126.9238
2026-07-21 05:00,POI008,경복궁,여유,200,300,37.579754,126.9766818
2026-07-21 05:00,POI009,광화문·덕수궁,여유,3000,3500,37.5759194,126.9768
2026-07-21 05:00,POI010,보신각,여유,1500,2000,37.5698518,126.9836102
2026-07-21 05:00,POI011,서울 암사동 유적,여유,300,400,37.5610203,127.1306288
2026-07-21 05:00,POI012,창덕궁·종묘,여유,3000,3500,37.5823872,126.9917013
2026-07-21 05:00,POI013,가산디지털단지역,여유,5500,6000,37.480819,126.8816358
2026-07-21 05:00,POI014,강남역,여유,20000,22000,37.5002304,127.0268054
2026-07-21 05:00,POI015,건대입구역,여유,14000,16000,37.54088,127.06812
2026-07-21 05:00,POI016,고덕역,여유,1000,1500,37.5550721,127.1550065
2026-07-21 05:00,POI017,고속터미널역,여유,1500,2000,37.5050827,127.0049777
2026-07-21 05:00,POI018,교대역,여유,5500,6000,37.494178,127.015909
2026-07-21 05:00,POI019,구로디지털단지역,여유,4500,5000,37.4853417,126.9068128
2026-07-21 05:00,POI020,구로역,여유,800,900,37.5000903,126.8829924
2026-07-21 05:00,POI021,군자역,여유,3500,4000,37.558149,127.077839
2026-07-21 05:00,POI023,대림역,약간 붐빔,16000,18000,37.4908703,126.8936859
2026-07-21 05:00,POI024,동대문역,여유,1500,2000,37.5718616,127.0114887
2026-07-21 05:00,POI025,뚝섬역,여유,3500,4000,37.5475031,127.0461973
2026-07-21 05:00,POI026,미아사거리역,여유,3500,4000,37.61175,127.03044
2026-07-21 05:00,POI055,홍대입구역(2호선),여유,6000,6500,37.5574135,126.9238
2026-07-21 05:00,POI088,광화문광장,여유,700,800,37.5759194,126.9768
2026-07-21 05:00,POI119,잠실역,여유,2500,3000,37.5127453,127.0973
2026-07-21 07:00,POI006,종로·청계 관광특구,여유,12000,14000,37.5702856,126.9903626
2026-07-21 07:00,POI007,홍대 관광특구,여유,30000,32000,37.5574135,126.9238
2026-07-21 07:00,POI008,경복궁,여유,300,400,37.579754,126.9766818
2026-07-21 07:00,POI009,광화문·덕수궁,여유,7500,8000,37.5759194,126.9768
2026-07-21 07:00,POI010,보신각,여유,2500,3000,37.5698518,126.9836102
2026-07-21 07:00,POI011,서울 암사동 유적,여유,300,400,37.5610203,127.1306288
2026-07-21 07:00,POI012,창덕궁·종묘,여유,4000,4500,37.5823872,126.9917013
2026-07-21 07:00,POI013,가산디지털단지역,여유,9000,9500,37.480819,126.8816358
2026-07-21 07:00,POI014,강남역,여유,24000,26000,37.5002304,127.0268054
2026-07-21 07:00,POI015,건대입구역,여유,14000,16000,37.54088,127.06812
2026-07-21 07:00,POI016,고덕역,여유,1500,2000,37.5550721,127.1550065
2026-07-21 07:00,POI017,고속터미널역,여유,4000,4500,37.5050827,127.0049777
2026-07-21 07:00,POI018,교대역,여유,6500,7000,37.494178,127.015909
2026-07-21 07:00,POI019,구로디지털단지역,여유,5500,6000,37.4853417,126.9068128
2026-07-21 07:00,POI020,구로역,여유,1500,2000,37.5000903,126.8829924
2026-07-21 07:00,POI021,군자역,여유,4000,4500,37.558149,127.077839
2026-07-21 07:00,POI023,대림역,보통,16000,18000,37.4908703,126.8936859
2026-07-21 07:00,POI024,동대문역,여유,2500,3000,37.5718616,127.0114887
2026-07-21 07:00,POI025,뚝섬역,여유,4000,4500,37.5475031,127.0461973
2026-07-21 07:00,POI026,미아사거리역,여유,5000,5500,37.61175,127.03044
2026-07-21 07:00,POI055,홍대입구역(2호선),여유,6500,7000,37.5574135,126.9238
2026-07-21 07:00,POI088,광화문광장,여유,1500,2000,37.5759194,126.9768
2026-07-21 07:00,POI119,잠실역,여유,4500,5000,37.5127453,127.0973
2026-07-21 09:00,POI006,종로·청계 관광특구,보통,30000,32000,37.5702856,126.9903626
2026-07-21 09:00,POI007,홍대 관광특구,여유,44000,46000,37.5574135,126.9238
2026-07-21 09:00,POI008,경복궁,여유,1000,1500,37.579754,126.9766818
2026-07-21 09:00,POI009,광화문·덕수궁,여유,32000,34000,37.5759194,126.9768
2026-07-21 09:00,POI010,보신각,보통,10000,12000,37.5698518,126.9836102
2026-07-21 09:00,POI011,서울 암사동 유적,여유,300,400,37.5610203,127.1306288
2026-07-21 09:00,POI012,창덕궁·종묘,보통,10000,12000,37.5823872,126.9917013
2026-07-21 09:00,POI013,가산디지털단지역,약간 붐빔,32000,34000,37.480819,126.8816358
2026-07-21 09:00,POI014,강남역,보통,54000,56000,37.5002304,127.0268054
2026-07-21 09:00,POI015,건대입구역,여유,22000,24000,37.54088,127.06812
2026-07-21 09:00,POI016,고덕역,여유,1500,2000,37.5550721,127.1550065
2026-07-21 09:00,POI017,고속터미널역,여유,12000,14000,37.5050827,127.0049777
2026-07-21 09:00,POI018,교대역,여유,14000,16000,37.494178,127.015909
2026-07-21 09:00,POI019,구로디지털단지역,약간 붐빔,22000,24000,37.4853417,126.9068128
2026-07-21 09:00,POI020,구로역,보통,3500,4000,37.5000903,126.8829924
2026-07-21 09:00,POI021,군자역,여유,5000,5500,37.558149,127.077839
2026-07-21 09:00,POI023,대림역,약간 붐빔,16000,18000,37.4908703,126.8936859
2026-07-21 09:00,POI024,동대문역,보통,7500,8000,37.5718616,127.0114887
2026-07-21 09:00,POI025,뚝섬역,여유,8500,9000,37.5475031,127.0461973
2026-07-21 09:00,POI026,미아사거리역,여유,9500,10000,37.61175,127.03044
2026-07-21 09:00,POI055,홍대입구역(2호선),여유,10000,12000,37.5574135,126.9238
2026-07-21 09:00,POI088,광화문광장,보통,7500,8000,37.5759194,126.9768
2026-07-21 09:00,POI119,잠실역,여유,10000,12000,37.5127453,127.0973
2026-07-21 12:00,POI006,종로·청계 관광특구,보통,46000,48000,37.5702856,126.9903626
2026-07-21 12:00,POI007,홍대 관광특구,여유,68000,70000,37.5574135,126.9238
2026-07-21 12:00,POI008,경복궁,보통,1500,2000,37.579754,126.9766818
2026-07-21 12:00,POI009,광화문·덕수궁,약간 붐빔,48000,50000,37.5759194,126.9768
2026-07-21 12:00,POI010,보신각,보통,18000,20000,37.5698518,126.9836102
2026-07-21 12:00,POI011,서울 암사동 유적,여유,200,300,37.5610203,127.1306288
2026-07-21 12:00,POI012,창덕궁·종묘,보통,14000,16000,37.5823872,126.9917013
2026-07-21 12:00,POI013,가산디지털단지역,붐빔,42000,44000,37.480819,126.8816358
2026-07-21 12:00,POI014,강남역,붐빔,96000,98000,37.5002304,127.0268054
2026-07-21 12:00,POI015,건대입구역,여유,24000,26000,37.54088,127.06812
2026-07-21 12:00,POI016,고덕역,여유,3500,4000,37.5550721,127.1550065
2026-07-21 12:00,POI017,고속터미널역,약간 붐빔,22000,24000,37.5050827,127.0049777
2026-07-21 12:00,POI018,교대역,붐빔,24000,26000,37.494178,127.015909
2026-07-21 12:00,POI019,구로디지털단지역,붐빔,38000,40000,37.4853417,126.9068128
2026-07-21 12:00,POI020,구로역,여유,2000,2500,37.5000903,126.8829924
2026-07-21 12:00,POI021,군자역,여유,6500,7000,37.558149,127.077839
2026-07-21 12:00,POI023,대림역,여유,14000,16000,37.4908703,126.8936859
2026-07-21 12:00,POI024,동대문역,보통,9000,9500,37.5718616,127.0114887
2026-07-21 12:00,POI025,뚝섬역,보통,10000,12000,37.5475031,127.0461973
2026-07-21 12:00,POI026,미아사거리역,여유,10000,12000,37.61175,127.03044
2026-07-21 12:00,POI055,홍대입구역(2호선),보통,18000,20000,37.5574135,126.9238
2026-07-21 12:00,POI088,광화문광장,보통,8500,9000,37.5759194,126.9768
2026-07-21 12:00,POI119,잠실역,보통,30000,32000,37.5127453,127.0973
2026-07-21 15:00,POI006,종로·청계 관광특구,보통,48000,50000,37.5702856,126.9903626
2026-07-21 15:00,POI007,홍대 관광특구,보통,78000,80000,37.5574135,126.9238
2026-07-21 15:00,POI008,경복궁,보통,1500,2000,37.579754,126.9766818
2026-07-21 15:00,POI009,광화문·덕수궁,약간 붐빔,48000,50000,37.5759194,126.9768
2026-07-21 15:00,POI010,보신각,보통,22000,24000,37.5698518,126.9836102
2026-07-21 15:00,POI011,서울 암사동 유적,여유,200,300,37.5610203,127.1306288
2026-07-21 15:00,POI012,창덕궁·종묘,보통,14000,16000,37.5823872,126.9917013
2026-07-21 15:00,POI013,가산디지털단지역,약간 붐빔,36000,38000,37.480819,126.8816358
2026-07-21 15:00,POI014,강남역,붐빔,94000,96000,37.5002304,127.0268054
2026-07-21 15:00,POI015,건대입구역,여유,24000,26000,37.54088,127.06812
2026-07-21 15:00,POI016,고덕역,여유,4000,4500,37.5550721,127.1550065
2026-07-21 15:00,POI017,고속터미널역,약간 붐빔,24000,26000,37.5050827,127.0049777
2026-07-21 15:00,POI018,교대역,붐빔,24000,26000,37.494178,127.015909
2026-07-21 15:00,POI019,구로디지털단지역,보통,36000,38000,37.4853417,126.9068128
2026-07-21 15:00,POI020,구로역,여유,2000,2500,37.5000903,126.8829924
2026-07-21 15:00,POI021,군자역,여유,6500,7000,37.558149,127.077839
2026-07-21 15:00,POI023,대림역,여유,14000,16000,37.4908703,126.8936859
2026-07-21 15:00,POI024,동대문역,보통,10000,12000,37.5718616,127.0114887
2026-07-21 15:00,POI025,뚝섬역,약간 붐빔,10000,12000,37.5475031,127.0461973
2026-07-21 15:00,POI026,미아사거리역,보통,10000,12000,37.61175,127.03044
2026-07-21 15:00,POI055,홍대입구역(2호선),약간 붐빔,20000,22000,37.5574135,126.9238
2026-07-21 15:00,POI088,광화문광장,보통,9000,9500,37.5759194,126.9768
2026-07-21 15:00,POI119,잠실역,약간 붐빔,36000,38000,37.5127453,127.0973
2026-07-21 18:00,POI006,종로·청계 관광특구,보통,40000,42000,37.5702856,126.9903626
2026-07-21 18:00,POI007,홍대 관광특구,보통,86000,88000,37.5574135,126.9238
2026-07-21 18:00,POI008,경복궁,여유,1000,1500,37.579754,126.9766818
2026-07-21 18:00,POI009,광화문·덕수궁,약간 붐빔,46000,48000,37.5759194,126.9768
2026-07-21 18:00,POI010,보신각,보통,16000,18000,37.5698518,126.9836102
2026-07-21 18:00,POI011,서울 암사동 유적,여유,200,300,37.5610203,127.1306288
2026-07-21 18:00,POI012,창덕궁·종묘,보통,12000,14000,37.5823872,126.9917013
2026-07-21 18:00,POI013,가산디지털단지역,붐빔,42000,44000,37.480819,126.8816358
2026-07-21 18:00,POI014,강남역,약간 붐빔,92000,94000,37.5002304,127.0268054
2026-07-21 18:00,POI015,건대입구역,보통,28000,30000,37.54088,127.06812
2026-07-21 18:00,POI016,고덕역,붐빔,5500,6000,37.5550721,127.1550065
2026-07-21 18:00,POI017,고속터미널역,약간 붐빔,24000,26000,37.5050827,127.0049777
2026-07-21 18:00,POI018,교대역,붐빔,24000,26000,37.494178,127.015909
2026-07-21 18:00,POI019,구로디지털단지역,붐빔,38000,40000,37.4853417,126.9068128
2026-07-21 18:00,POI020,구로역,여유,3500,4000,37.5000903,126.8829924
2026-07-21 18:00,POI021,군자역,약간 붐빔,8500,9000,37.558149,127.077839
2026-07-21 18:00,POI023,대림역,여유,16000,18000,37.4908703,126.8936859
2026-07-21 18:00,POI024,동대문역,보통,8500,9000,37.5718616,127.0114887
2026-07-21 18:00,POI025,뚝섬역,보통,10000,12000,37.5475031,127.0461973
2026-07-21 18:00,POI026,미아사거리역,약간 붐빔,12000,14000,37.61175,127.03044
2026-07-21 18:00,POI055,홍대입구역(2호선),약간 붐빔,22000,24000,37.5574135,126.9238
2026-07-21 18:00,POI088,광화문광장,보통,9500,10000,37.5759194,126.9768
2026-07-21 18:00,POI119,잠실역,약간 붐빔,34000,36000,37.5127453,127.0973
2026-07-21 20:00,POI006,종로·청계 관광특구,여유,24000,26000,37.5702856,126.9903626
2026-07-21 20:00,POI007,홍대 관광특구,여유,70000,72000,37.5574135,126.9238
2026-07-21 20:00,POI008,경복궁,여유,700,800,37.579754,126.9766818
2026-07-21 20:00,POI009,광화문·덕수궁,여유,20000,22000,37.5759194,126.9768
2026-07-21 20:00,POI010,보신각,보통,10000,12000,37.5698518,126.9836102
2026-07-21 20:00,POI011,서울 암사동 유적,여유,200,300,37.5610203,127.1306288
2026-07-21 20:00,POI012,창덕궁·종묘,여유,6500,7000,37.5823872,126.9917013
2026-07-21 20:00,POI013,가산디지털단지역,여유,16000,18000,37.480819,126.8816358
2026-07-21 20:00,POI014,강남역,보통,62000,64000,37.5002304,127.0268054
2026-07-21 20:00,POI015,건대입구역,여유,26000,28000,37.54088,127.06812
2026-07-21 20:00,POI016,고덕역,보통,4500,5000,37.5550721,127.1550065
2026-07-21 20:00,POI017,고속터미널역,여유,12000,14000,37.5050827,127.0049777
2026-07-21 20:00,POI018,교대역,여유,14000,16000,37.494178,127.015909
2026-07-21 20:00,POI019,구로디지털단지역,여유,14000,16000,37.4853417,126.9068128
2026-07-21 20:00,POI020,구로역,여유,2000,2500,37.5000903,126.8829924
2026-07-21 20:00,POI021,군자역,보통,7500,8000,37.558149,127.077839
2026-07-21 20:00,POI023,대림역,보통,16000,18000,37.4908703,126.8936859
2026-07-21 20:00,POI024,동대문역,여유,4000,4500,37.5718616,127.0114887
2026-07-21 20:00,POI025,뚝섬역,여유,7500,8000,37.5475031,127.0461973
2026-07-21 20:00,POI026,미아사거리역,여유,8500,9000,37.61175,127.03044
2026-07-21 20:00,POI055,홍대입구역(2호선),보통,18000,20000,37.5574135,126.9238
2026-07-21 20:00,POI088,광화문광장,여유,4000,4500,37.5759194,126.9768
2026-07-21 20:00,POI119,잠실역,여유,20000,22000,37.5127453,127.0973
2026-07-21 23:00,POI006,종로·청계 관광특구,여유,16000,18000,37.5702856,126.9903626
2026-07-21 23:00,POI007,홍대 관광특구,여유,50000,52000,37.5574135,126.9238
2026-07-21 23:00,POI008,경복궁,여유,400,500,37.579754,126.9766818
2026-07-21 23:00,POI009,광화문·덕수궁,여유,9000,9500,37.5759194,126.9768
2026-07-21 23:00,POI010,보신각,여유,4500,5000,37.5698518,126.9836102
2026-07-21 23:00,POI011,서울 암사동 유적,여유,200,300,37.5610203,127.1306288
2026-07-21 23:00,POI012,창덕궁·종묘,여유,4500,5000,37.5823872,126.9917013
2026-07-21 23:00,POI013,가산디지털단지역,여유,9000,9500,37.480819,126.8816358
2026-07-21 23:00,POI014,강남역,여유,38000,40000,37.5002304,127.0268054
2026-07-21 23:00,POI015,건대입구역,여유,24000,26000,37.54088,127.06812
2026-07-21 23:00,POI016,고덕역,여유,2000,2500,37.5550721,127.1550065
2026-07-21 23:00,POI017,고속터미널역,여유,4500,5000,37.5050827,127.0049777
2026-07-21 23:00,POI018,교대역,여유,10000,12000,37.494178,127.015909
2026-07-21 23:00,POI019,구로디지털단지역,여유,8000,8500,37.4853417,126.9068128
2026-07-21 23:00,POI020,구로역,여유,1500,2000,37.5000903,126.8829924
2026-07-21 23:00,POI021,군자역,여유,6000,6500,37.558149,127.077839
2026-07-21 23:00,POI023,대림역,약간 붐빔,18000,20000,37.4908703,126.8936859
2026-07-21 23:00,POI024,동대문역,여유,3000,3500,37.5718616,127.0114887
2026-07-21 23:00,POI025,뚝섬역,여유,5500,6000,37.5475031,127.0461973
2026-07-21 23:00,POI026,미아사거리역,여유,6000,6500,37.61175,127.03044
2026-07-21 23:00,POI055,홍대입구역(2호선),여유,12000,14000,37.5574135,126.9238
2026-07-21 23:00,POI088,광화문광장,여유,1500,2000,37.5759194,126.9768
2026-07-21 23:00,POI119,잠실역,여유,6000,6500,37.5127453,127.0973
2026-07-22 01:00,POI006,종로·청계 관광특구,여유,10000,12000,37.5702856,126.9903626
2026-07-22 01:00,POI007,홍대 관광특구,여유,36000,38000,37.5574135,126.9238
2026-07-22 01:00,POI008,경복궁,여유,200,300,37.579754,126.9766818
2026-07-22 01:00,POI009,광화문·덕수궁,여유,3500,4000,37.5759194,126.9768
2026-07-22 01:00,POI010,보신각,여유,2000,2500,37.5698518,126.9836102
2026-07-22 01:00,POI011,서울 암사동 유적,여유,300,400,37.5610203,127.1306288
2026-07-22 01:00,POI012,창덕궁·종묘,여유,3000,3500,37.5823872,126.9917013
2026-07-22 01:00,POI013,가산디지털단지역,여유,5500,6000,37.480819,126.8816358
2026-07-22 01:00,POI014,강남역,여유,22000,24000,37.5002304,127.0268054
2026-07-22 01:00,POI015,건대입구역,여유,16000,18000,37.54088,127.06812
2026-07-22 01:00,POI016,고덕역,여유,1500,2000,37.5550721,127.1550065
2026-07-22 01:00,POI017,고속터미널역,여유,2000,2500,37.5050827,127.0049777
2026-07-22 01:00,POI018,교대역,여유,6000,6500,37.494178,127.015909
2026-07-22 01:00,POI019,구로디지털단지역,여유,5000,5500,37.4853417,126.9068128
2026-07-22 01:00,POI020,구로역,여유,900,1000,37.5000903,126.8829924
2026-07-22 01:00,POI021,군자역,여유,4000,4500,37.558149,127.077839
2026-07-22 01:00,POI023,대림역,약간 붐빔,16000,18000,37.4908703,126.8936859
2026-07-22 01:00,POI024,동대문역,여유,1500,2000,37.5718616,127.0114887
2026-07-22 01:00,POI025,뚝섬역,여유,4000,4500,37.5475031,127.0461973
2026-07-22 01:00,POI026,미아사거리역,여유,3500,4000,37.61175,127.03044
2026-07-22 01:00,POI055,홍대입구역(2호선),여유,7000,7500,37.5574135,126.9238
2026-07-22 01:00,POI088,광화문광장,여유,700,800,37.5759194,126.9768
2026-07-22 01:00,POI119,잠실역,여유,2500,3000,37.5127453,127.0973
2026-07-22 03:00,POI006,종로·청계 관광특구,여유,9000,9500,37.5702856,126.9903626
2026-07-22 03:00,POI007,홍대 관광특구,여유,32000,34000,37.5574135,126.9238
2026-07-22 03:00,POI008,경복궁,여유,200,300,37.579754,126.9766818
2026-07-22 03:00,POI009,광화문·덕수궁,여유,3000,3500,37.5759194,126.9768
2026-07-22 03:00,POI010,보신각,여유,1500,2000,37.5698518,126.9836102
2026-07-22 03:00,POI011,서울 암사동 유적,여유,300,400,37.5610203,127.1306288
2026-07-22 03:00,POI012,창덕궁·종묘,여유,3000,3500,37.5823872,126.9917013
2026-07-22 03:00,POI013,가산디지털단지역,여유,5000,5500,37.480819,126.8816358
2026-07-22 03:00,POI014,강남역,여유,20000,22000,37.5002304,127.0268054
2026-07-22 03:00,POI015,건대입구역,여유,14000,16000,37.54088,127.06812
2026-07-22 03:00,POI016,고덕역,여유,1000,1500,37.5550721,127.1550065
2026-07-22 03:00,POI017,고속터미널역,여유,1500,2000,37.5050827,127.0049777
2026-07-22 03:00,POI018,교대역,여유,5500,6000,37.494178,127.015909
2026-07-22 03:00,POI019,구로디지털단지역,여유,4500,5000,37.4853417,126.9068128
2026-07-22 03:00,POI020,구로역,여유,800,900,37.5000903,126.8829924
2026-07-22 03:00,POI021,군자역,여유,3500,4000,37.558149,127.077839
2026-07-22 03:00,POI023,대림역,약간 붐빔,18000,20000,37.4908703,126.8936859
2026-07-22 03:00,POI024,동대문역,여유,1500,2000,37.5718616,127.0114887
2026-07-22 03:00,POI025,뚝섬역,여유,4000,4500,37.5475031,127.0461973
2026-07-22 03:00,POI026,미아사거리역,여유,3000,3500,37.61175,127.03044
2026-07-22 03:00,POI055,홍대입구역(2호선),여유,6500,7000,37.5574135,126.9238
2026-07-22 03:00,POI088,광화문광장,여유,600,700,37.5759194,126.9768
2026-07-22 03:00,POI119,잠실역,여유,2500,3000,37.5127453,127.0973
2026-07-22 05:00,POI006,종로·청계 관광특구,여유,9500,10000,37.5702856,126.9903626
2026-07-22 05:00,POI007,홍대 관광특구,여유,30000,32000,37.5574135,126.9238
2026-07-22 05:00,POI008,경복궁,여유,200,300,37.579754,126.9766818
2026-07-22 05:00,POI009,광화문·덕수궁,여유,3000,3500,37.5759194,126.9768
2026-07-22 05:00,POI010,보신각,여유,1500,2000,37.5698518,126.9836102
2026-07-22 05:00,POI011,서울 암사동 유적,여유,300,400,37.5610203,127.1306288
2026-07-22 05:00,POI012,창덕궁·종묘,여유,3000,3500,37.5823872,126.9917013
2026-07-22 05:00,POI013,가산디지털단지역,여유,5500,6000,37.480819,126.8816358
2026-07-22 05:00,POI014,강남역,여유,20000,22000,37.5002304,127.0268054
2026-07-22 05:00,POI015,건대입구역,여유,14000,16000,37.54088,127.06812
2026-07-22 05:00,POI016,고덕역,여유,1000,1500,37.5550721,127.1550065
2026-07-22 05:00,POI017,고속터미널역,여유,1500,2000,37.5050827,127.0049777
2026-07-22 05:00,POI018,교대역,여유,5500,6000,37.494178,127.015909
2026-07-22 05:00,POI019,구로디지털단지역,여유,4500,5000,37.4853417,126.9068128
2026-07-22 05:00,POI020,구로역,여유,1000,1500,37.5000903,126.8829924
2026-07-22 05:00,POI021,군자역,여유,3500,4000,37.558149,127.077839
2026-07-22 05:00,POI023,대림역,약간 붐빔,18000,20000,37.4908703,126.8936859
2026-07-22 05:00,POI024,동대문역,여유,1000,1500,37.5718616,127.0114887
2026-07-22 05:00,POI025,뚝섬역,여유,3500,4000,37.5475031,127.0461973
2026-07-22 05:00,POI026,미아사거리역,여유,3000,3500,37.61175,127.03044
2026-07-22 05:00,POI055,홍대입구역(2호선),여유,6000,6500,37.5574135,126.9238
2026-07-22 05:00,POI088,광화문광장,여유,700,800,37.5759194,126.9768
2026-07-22 05:00,POI119,잠실역,여유,2500,3000,37.5127453,127.0973
2026-07-22 07:00,POI006,종로·청계 관광특구,여유,10000,12000,37.5702856,126.9903626
2026-07-22 07:00,POI007,홍대 관광특구,여유,30000,32000,37.5574135,126.9238
2026-07-22 07:00,POI008,경복궁,여유,300,400,37.579754,126.9766818
2026-07-22 07:00,POI009,광화문·덕수궁,여유,5500,6000,37.5759194,126.9768
2026-07-22 07:00,POI010,보신각,여유,2000,2500,37.5698518,126.9836102
2026-07-22 07:00,POI011,서울 암사동 유적,여유,300,400,37.5610203,127.1306288
2026-07-22 07:00,POI012,창덕궁·종묘,여유,3500,4000,37.5823872,126.9917013
2026-07-22 07:00,POI013,가산디지털단지역,여유,9500,10000,37.480819,126.8816358
2026-07-22 07:00,POI014,강남역,여유,22000,24000,37.5002304,127.0268054
2026-07-22 07:00,POI015,건대입구역,여유,14000,16000,37.54088,127.06812
2026-07-22 07:00,POI016,고덕역,여유,1500,2000,37.5550721,127.1550065
2026-07-22 07:00,POI017,고속터미널역,여유,4000,4500,37.5050827,127.0049777
2026-07-22 07:00,POI018,교대역,여유,6000,6500,37.494178,127.015909
2026-07-22 07:00,POI019,구로디지털단지역,여유,5500,6000,37.4853417,126.9068128
2026-07-22 07:00,POI020,구로역,여유,2000,2500,37.5000903,126.8829924
2026-07-22 07:00,POI021,군자역,여유,3500,4000,37.558149,127.077839
2026-07-22 07:00,POI023,대림역,보통,16000,18000,37.4908703,126.8936859
2026-07-22 07:00,POI024,동대문역,여유,2500,3000,37.5718616,127.0114887
2026-07-22 07:00,POI025,뚝섬역,여유,4000,4500,37.5475031,127.0461973
2026-07-22 07:00,POI026,미아사거리역,여유,5000,5500,37.61175,127.03044
2026-07-22 07:00,POI055,홍대입구역(2호선),여유,6500,7000,37.5574135,126.9238
2026-07-22 07:00,POI088,광화문광장,여유,1000,1500,37.5759194,126.9768
2026-07-22 07:00,POI119,잠실역,여유,4000,4500,37.5127453,127.0973
2026-07-22 09:00,POI006,종로·청계 관광특구,여유,18000,20000,37.5702856,126.9903626
2026-07-22 09:00,POI007,홍대 관광특구,여유,32000,34000,37.5574135,126.9238
2026-07-22 09:00,POI008,경복궁,여유,600,700,37.579754,126.9766818
2026-07-22 09:00,POI009,광화문·덕수궁,여유,18000,20000,37.5759194,126.9768
2026-07-22 09:00,POI010,보신각,여유,4000,4500,37.5698518,126.9836102
2026-07-22 09:00,POI011,서울 암사동 유적,여유,200,300,37.5610203,127.1306288
2026-07-22 09:00,POI012,창덕궁·종묘,여유,7000,7500,37.5823872,126.9917013
2026-07-22 09:00,POI013,가산디지털단지역,약간 붐빔,30000,32000,37.480819,126.8816358
2026-07-22 09:00,POI014,강남역,여유,32000,34000,37.5002304,127.0268054
2026-07-22 09:00,POI015,건대입구역,여유,18000,20000,37.54088,127.06812
2026-07-22 09:00,POI016,고덕역,여유,1500,2000,37.5550721,127.1550065
2026-07-22 09:00,POI017,고속터미널역,여유,12000,14000,37.5050827,127.0049777
2026-07-22 09:00,POI018,교대역,여유,10000,12000,37.494178,127.015909
2026-07-22 09:00,POI019,구로디지털단지역,약간 붐빔,20000,22000,37.4853417,126.9068128
2026-07-22 09:00,POI020,구로역,약간 붐빔,4000,4500,37.5000903,126.8829924
2026-07-22 09:00,POI021,군자역,여유,5000,5500,37.558149,127.077839
2026-07-22 09:00,POI023,대림역,여유,12000,14000,37.4908703,126.8936859
2026-07-22 09:00,POI024,동대문역,보통,7000,7500,37.5718616,127.0114887
2026-07-22 09:00,POI025,뚝섬역,여유,5000,5500,37.5475031,127.0461973
2026-07-22 09:00,POI026,미아사거리역,여유,8500,9000,37.61175,127.03044
2026-07-22 09:00,POI055,홍대입구역(2호선),여유,8500,9000,37.5574135,126.9238
2026-07-22 09:00,POI088,광화문광장,여유,4500,5000,37.5759194,126.9768
2026-07-22 09:00,POI119,잠실역,여유,10000,12000,37.5127453,127.0973
2026-07-22 12:00,POI119,잠실역,보통,30000,32000,37.5127453,127.0973
2026-07-22 15:00,POI006,종로·청계 관광특구,보통,44000,46000,37.5702856,126.9903626
2026-07-22 15:00,POI007,홍대 관광특구,보통,80000,82000,37.5574135,126.9238
2026-07-22 15:00,POI008,경복궁,보통,1500,2000,37.579754,126.9766818
2026-07-22 15:00,POI009,광화문·덕수궁,보통,42000,44000,37.5759194,126.9768
2026-07-22 15:00,POI010,보신각,보통,16000,18000,37.5698518,126.9836102
2026-07-22 15:00,POI011,서울 암사동 유적,여유,300,400,37.5610203,127.1306288
2026-07-22 15:00,POI012,창덕궁·종묘,보통,14000,16000,37.5823872,126.9917013
2026-07-22 15:00,POI013,가산디지털단지역,약간 붐빔,36000,38000,37.480819,126.8816358
2026-07-22 15:00,POI014,강남역,약간 붐빔,82000,84000,37.5002304,127.0268054
2026-07-22 15:00,POI015,건대입구역,여유,26000,28000,37.54088,127.06812
2026-07-22 15:00,POI016,고덕역,보통,4500,5000,37.5550721,127.1550065
2026-07-22 15:00,POI017,고속터미널역,약간 붐빔,24000,26000,37.5050827,127.0049777
2026-07-22 15:00,POI018,교대역,붐빔,22000,24000,37.494178,127.015909
2026-07-22 15:00,POI019,구로디지털단지역,약간 붐빔,34000,36000,37.4853417,126.9068128
2026-07-22 15:00,POI020,구로역,여유,2000,2500,37.5000903,126.8829924
2026-07-22 15:00,POI021,군자역,여유,6500,7000,37.558149,127.077839
2026-07-22 15:00,POI023,대림역,여유,14000,16000,37.4908703,126.8936859
2026-07-22 15:00,POI024,동대문역,약간 붐빔,10000,12000,37.5718616,127.0114887
2026-07-22 15:00,POI025,뚝섬역,보통,10000,12000,37.5475031,127.0461973
2026-07-22 15:00,POI026,미아사거리역,보통,10000,12000,37.61175,127.03044
2026-07-22 15:00,POI055,홍대입구역(2호선),약간 붐빔,20000,22000,37.5574135,126.9238
2026-07-22 15:00,POI088,광화문광장,보통,8500,9000,37.5759194,126.9768
2026-07-22 15:00,POI119,잠실역,약간 붐빔,36000,38000,37.5127453,127.0973
2026-07-22 18:00,POI006,종로·청계 관광특구,보통,40000,42000,37.5702856,126.9903626
2026-07-22 18:00,POI007,홍대 관광특구,보통,90000,92000,37.5574135,126.9238
2026-07-22 18:00,POI008,경복궁,여유,1500,2000,37.579754,126.9766818
2026-07-22 18:00,POI009,광화문·덕수궁,약간 붐빔,42000,44000,37.5759194,126.9768
2026-07-22 18:00,POI010,보신각,보통,14000,16000,37.5698518,126.9836102
2026-07-22 18:00,POI011,서울 암사동 유적,여유,300,400,37.5610203,127.1306288
2026-07-22 18:00,POI012,창덕궁·종묘,보통,12000,14000,37.5823872,126.9917013
2026-07-22 18:00,POI013,가산디지털단지역,붐빔,44000,46000,37.480819,126.8816358
2026-07-22 18:00,POI014,강남역,약간 붐빔,84000,86000,37.5002304,127.0268054
2026-07-22 18:00,POI015,건대입구역,약간 붐빔,30000,32000,37.54088,127.06812
2026-07-22 18:00,POI016,고덕역,약간 붐빔,5500,6000,37.5550721,127.1550065
2026-07-22 18:00,POI017,고속터미널역,약간 붐빔,24000,26000,37.5050827,127.0049777
2026-07-22 18:00,POI018,교대역,붐빔,22000,24000,37.494178,127.015909
2026-07-22 18:00,POI019,구로디지털단지역,붐빔,38000,40000,37.4853417,126.9068128
2026-07-22 18:00,POI020,구로역,약간 붐빔,4000,4500,37.5000903,126.8829924
2026-07-22 18:00,POI021,군자역,보통,8500,9000,37.558149,127.077839
2026-07-22 18:00,POI023,대림역,여유,14000,16000,37.4908703,126.8936859
2026-07-22 18:00,POI024,동대문역,보통,9500,10000,37.5718616,127.0114887
2026-07-22 18:00,POI025,뚝섬역,보통,10000,12000,37.5475031,127.0461973
2026-07-22 18:00,POI026,미아사거리역,보통,12000,14000,37.61175,127.03044
2026-07-22 18:00,POI055,홍대입구역(2호선),약간 붐빔,24000,26000,37.5574135,126.9238
2026-07-22 18:00,POI088,광화문광장,보통,9500,10000,37.5759194,126.9768
2026-07-22 18:00,POI119,잠실역,약간 붐빔,36000,38000,37.5127453,127.0973
2026-07-22 20:00,POI006,종로·청계 관광특구,여유,24000,26000,37.5702856,126.9903626
2026-07-22 20:00,POI007,홍대 관광특구,여유,76000,78000,37.5574135,126.9238
2026-07-22 20:00,POI008,경복궁,여유,900,1000,37.579754,126.9766818
2026-07-22 20:00,POI009,광화문·덕수궁,여유,18000,20000,37.5759194,126.9768
2026-07-22 20:00,POI010,보신각,보통,9000,9500,37.5698518,126.9836102
2026-07-22 20:00,POI011,서울 암사동 유적,여유,300,400,37.5610203,127.1306288
2026-07-22 20:00,POI012,창덕궁·종묘,여유,7000,7500,37.5823872,126.9917013
2026-07-22 20:00,POI013,가산디지털단지역,여유,16000,18000,37.480819,126.8816358
2026-07-22 20:00,POI014,강남역,보통,60000,62000,37.5002304,127.0268054
2026-07-22 20:00,POI015,건대입구역,여유,28000,30000,37.54088,127.06812
2026-07-22 20:00,POI016,고덕역,보통,4500,5000,37.5550721,127.1550065
2026-07-22 20:00,POI017,고속터미널역,여유,12000,14000,37.5050827,127.0049777
2026-07-22 20:00,POI018,교대역,여유,14000,16000,37.494178,127.015909
2026-07-22 20:00,POI019,구로디지털단지역,여유,14000,16000,37.4853417,126.9068128
2026-07-22 20:00,POI020,구로역,여유,1500,2000,37.5000903,126.8829924
2026-07-22 20:00,POI021,군자역,보통,7500,8000,37.558149,127.077839
2026-07-22 20:00,POI023,대림역,여유,16000,18000,37.4908703,126.8936859
2026-07-22 20:00,POI024,동대문역,여유,4000,4500,37.5718616,127.0114887
2026-07-22 20:00,POI025,뚝섬역,여유,7500,8000,37.5475031,127.0461973
2026-07-22 20:00,POI026,미아사거리역,여유,9000,9500,37.61175,127.03044
2026-07-22 20:00,POI055,홍대입구역(2호선),보통,18000,20000,37.5574135,126.9238
2026-07-22 20:00,POI088,광화문광장,여유,4000,4500,37.5759194,126.9768
2026-07-22 20:00,POI119,잠실역,보통,24000,26000,37.5127453,127.0973
2026-07-22 23:00,POI006,종로·청계 관광특구,여유,14000,16000,37.5702856,126.9903626
2026-07-22 23:00,POI007,홍대 관광특구,여유,52000,54000,37.5574135,126.9238
2026-07-22 23:00,POI008,경복궁,여유,500,600,37.579754,126.9766818
2026-07-22 23:00,POI009,광화문·덕수궁,여유,8000,8500,37.5759194,126.9768
2026-07-22 23:00,POI010,보신각,여유,4000,4500,37.5698518,126.9836102
2026-07-22 23:00,POI011,서울 암사동 유적,여유,300,400,37.5610203,127.1306288
2026-07-22 23:00,POI012,창덕궁·종묘,여유,4500,5000,37.5823872,126.9917013
2026-07-22 23:00,POI013,가산디지털단지역,여유,9000,9500,37.480819,126.8816358
2026-07-22 23:00,POI014,강남역,여유,36000,38000,37.5002304,127.0268054
2026-07-22 23:00,POI015,건대입구역,여유,24000,26000,37.54088,127.06812
2026-07-22 23:00,POI016,고덕역,여유,1500,2000,37.5550721,127.1550065
2026-07-22 23:00,POI017,고속터미널역,여유,4500,5000,37.5050827,127.0049777
2026-07-22 23:00,POI018,교대역,여유,10000,12000,37.494178,127.015909
2026-07-22 23:00,POI019,구로디지털단지역,여유,8000,8500,37.4853417,126.9068128
2026-07-22 23:00,POI020,구로역,여유,1500,2000,37.5000903,126.8829924
2026-07-22 23:00,POI021,군자역,여유,5500,6000,37.558149,127.077839
2026-07-22 23:00,POI023,대림역,보통,16000,18000,37.4908703,126.8936859
2026-07-22 23:00,POI024,동대문역,여유,2500,3000,37.5718616,127.0114887
2026-07-22 23:00,POI025,뚝섬역,여유,5500,6000,37.5475031,127.0461973
2026-07-22 23:00,POI026,미아사거리역,여유,6000,6500,37.61175,127.03044
2026-07-22 23:00,POI055,홍대입구역(2호선),여유,12000,14000,37.5574135,126.9238
2026-07-22 23:00,POI088,광화문광장,여유,1500,2000,37.5759194,126.9768
2026-07-22 23:00,POI119,잠실역,여유,5500,6000,37.5127453,127.0973
2026-07-23 01:00,POI006,종로·청계 관광특구,여유,10000,12000,37.5702856,126.9903626
2026-07-23 01:00,POI007,홍대 관광특구,여유,36000,38000,37.5574135,126.9238
2026-07-23 01:00,POI008,경복궁,여유,200,300,37.579754,126.9766818
2026-07-23 01:00,POI009,광화문·덕수궁,여유,3500,4000,37.5759194,126.9768
2026-07-23 01:00,POI010,보신각,여유,2000,2500,37.5698518,126.9836102
2026-07-23 01:00,POI011,서울 암사동 유적,여유,300,400,37.5610203,127.1306288
2026-07-23 01:00,POI012,창덕궁·종묘,여유,3500,4000,37.5823872,126.9917013
2026-07-23 01:00,POI013,가산디지털단지역,여유,5500,6000,37.480819,126.8816358
2026-07-23 01:00,POI014,강남역,여유,22000,24000,37.5002304,127.0268054
2026-07-23 01:00,POI015,건대입구역,여유,16000,18000,37.54088,127.06812
2026-07-23 01:00,POI016,고덕역,여유,1500,2000,37.5550721,127.1550065
2026-07-23 01:00,POI017,고속터미널역,여유,1500,2000,37.5050827,127.0049777
2026-07-23 01:00,POI018,교대역,여유,6000,6500,37.494178,127.015909
2026-07-23 01:00,POI019,구로디지털단지역,여유,5000,5500,37.4853417,126.9068128
2026-07-23 01:00,POI020,구로역,여유,900,1000,37.5000903,126.8829924
2026-07-23 01:00,POI021,군자역,여유,4000,4500,37.558149,127.077839
2026-07-23 01:00,POI023,대림역,보통,16000,18000,37.4908703,126.8936859
2026-07-23 01:00,POI024,동대문역,여유,1500,2000,37.5718616,127.0114887
2026-07-23 01:00,POI025,뚝섬역,여유,4000,4500,37.5475031,127.0461973
2026-07-23 01:00,POI026,미아사거리역,여유,3500,4000,37.61175,127.03044
2026-07-23 01:00,POI055,홍대입구역(2호선),여유,7000,7500,37.5574135,126.9238
2026-07-23 01:00,POI088,광화문광장,여유,700,800,37.5759194,126.9768
2026-07-23 01:00,POI119,잠실역,여유,2500,3000,37.5127453,127.0973
2026-07-23 03:00,POI006,종로·청계 관광특구,여유,9000,9500,37.5702856,126.9903626
2026-07-23 03:00,POI007,홍대 관광특구,여유,34000,36000,37.5574135,126.9238
2026-07-23 03:00,POI008,경복궁,여유,200,300,37.579754,126.9766818
2026-07-23 03:00,POI009,광화문·덕수궁,여유,3000,3500,37.5759194,126.9768
2026-07-23 03:00,POI010,보신각,여유,1500,2000,37.5698518,126.9836102
2026-07-23 03:00,POI011,서울 암사동 유적,여유,300,400,37.5610203,127.1306288
2026-07-23 03:00,POI012,창덕궁·종묘,여유,3000,3500,37.5823872,126.9917013
2026-07-23 03:00,POI013,가산디지털단지역,여유,5000,5500,37.480819,126.8816358
2026-07-23 03:00,POI014,강남역,여유,20000,22000,37.5002304,127.0268054
2026-07-23 03:00,POI015,건대입구역,여유,14000,16000,37.54088,127.06812
2026-07-23 03:00,POI016,고덕역,여유,1500,2000,37.5550721,127.1550065
2026-07-23 03:00,POI017,고속터미널역,여유,1500,2000,37.5050827,127.0049777
2026-07-23 03:00,POI018,교대역,여유,5500,6000,37.494178,127.015909
2026-07-23 03:00,POI019,구로디지털단지역,여유,4500,5000,37.4853417,126.9068128
2026-07-23 03:00,POI020,구로역,여유,800,900,37.5000903,126.8829924
2026-07-23 03:00,POI021,군자역,여유,3500,4000,37.558149,127.077839
2026-07-23 03:00,POI023,대림역,보통,16000,18000,37.4908703,126.8936859
2026-07-23 03:00,POI024,동대문역,여유,1000,1500,37.5718616,127.0114887
2026-07-23 03:00,POI025,뚝섬역,여유,4000,4500,37.5475031,127.0461973
2026-07-23 03:00,POI026,미아사거리역,여유,3500,4000,37.61175,127.03044
2026-07-23 03:00,POI055,홍대입구역(2호선),여유,6500,7000,37.5574135,126.9238
2026-07-23 03:00,POI088,광화문광장,여유,600,700,37.5759194,126.9768
2026-07-23 03:00,POI119,잠실역,여유,2500,3000,37.5127453,127.0973
2026-07-23 05:00,POI006,종로·청계 관광특구,여유,9000,9500,37.5702856,126.9903626
2026-07-23 05:00,POI007,홍대 관광특구,여유,30000,32000,37.5574135,126.9238
2026-07-23 05:00,POI008,경복궁,여유,200,300,37.579754,126.9766818
2026-07-23 05:00,POI009,광화문·덕수궁,여유,3000,3500,37.5759194,126.9768
2026-07-23 05:00,POI010,보신각,여유,1500,2000,37.5698518,126.9836102
2026-07-23 05:00,POI011,서울 암사동 유적,여유,300,400,37.5610203,127.1306288
2026-07-23 05:00,POI012,창덕궁·종묘,여유,3000,3500,37.5823872,126.9917013
2026-07-23 05:00,POI013,가산디지털단지역,여유,5500,6000,37.480819,126.8816358
2026-07-23 05:00,POI014,강남역,여유,20000,22000,37.5002304,127.0268054
2026-07-23 05:00,POI015,건대입구역,여유,14000,16000,37.54088,127.06812
2026-07-23 05:00,POI016,고덕역,여유,1500,2000,37.5550721,127.1550065
2026-07-23 05:00,POI017,고속터미널역,여유,1500,2000,37.5050827,127.0049777
2026-07-23 05:00,POI018,교대역,여유,5500,6000,37.494178,127.015909
2026-07-23 05:00,POI019,구로디지털단지역,여유,4500,5000,37.4853417,126.9068128
2026-07-23 05:00,POI020,구로역,여유,900,1000,37.5000903,126.8829924
2026-07-23 05:00,POI021,군자역,여유,3500,4000,37.558149,127.077839
2026-07-23 05:00,POI023,대림역,보통,16000,18000,37.4908703,126.8936859
2026-07-23 05:00,POI024,동대문역,여유,1000,1500,37.5718616,127.0114887
2026-07-23 05:00,POI025,뚝섬역,여유,4000,4500,37.5475031,127.0461973
2026-07-23 05:00,POI026,미아사거리역,여유,3000,3500,37.61175,127.03044
2026-07-23 05:00,POI055,홍대입구역(2호선),여유,6000,6500,37.5574135,126.9238
2026-07-23 05:00,POI088,광화문광장,여유,700,800,37.5759194,126.9768
2026-07-23 05:00,POI119,잠실역,여유,2500,3000,37.5127453,127.0973
2026-07-23 07:00,POI006,종로·청계 관광특구,여유,10000,12000,37.5702856,126.9903626
2026-07-23 07:00,POI007,홍대 관광특구,여유,30000,32000,37.5574135,126.9238
2026-07-23 07:00,POI008,경복궁,여유,300,400,37.579754,126.9766818
2026-07-23 07:00,POI009,광화문·덕수궁,여유,6500,7000,37.5759194,126.9768
2026-07-23 07:00,POI010,보신각,여유,2000,2500,37.5698518,126.9836102
2026-07-23 07:00,POI011,서울 암사동 유적,여유,300,400,37.5610203,127.1306288
2026-07-23 07:00,POI012,창덕궁·종묘,여유,4000,4500,37.5823872,126.9917013
2026-07-23 07:00,POI013,가산디지털단지역,여유,9000,9500,37.480819,126.8816358
2026-07-23 07:00,POI014,강남역,여유,22000,24000,37.5002304,127.0268054
2026-07-23 07:00,POI015,건대입구역,여유,14000,16000,37.54088,127.06812
2026-07-23 07:00,POI016,고덕역,여유,1500,2000,37.5550721,127.1550065
2026-07-23 07:00,POI017,고속터미널역,여유,4000,4500,37.5050827,127.0049777
2026-07-23 07:00,POI018,교대역,여유,6500,7000,37.494178,127.015909
2026-07-23 07:00,POI019,구로디지털단지역,여유,5000,5500,37.4853417,126.9068128
2026-07-23 07:00,POI020,구로역,여유,2000,2500,37.5000903,126.8829924
2026-07-23 07:00,POI021,군자역,여유,4000,4500,37.558149,127.077839
2026-07-23 07:00,POI023,대림역,보통,16000,18000,37.4908703,126.8936859
2026-07-23 07:00,POI024,동대문역,여유,2500,3000,37.5718616,127.0114887
2026-07-23 07:00,POI025,뚝섬역,여유,4000,4500,37.5475031,127.0461973
2026-07-23 07:00,POI026,미아사거리역,여유,5000,5500,37.61175,127.03044
2026-07-23 07:00,POI055,홍대입구역(2호선),여유,6500,7000,37.5574135,126.9238
2026-07-23 07:00,POI088,광화문광장,여유,1000,1500,37.5759194,126.9768
2026-07-23 07:00,POI119,잠실역,여유,4000,4500,37.5127453,127.0973
2026-07-23 09:00,POI006,종로·청계 관광특구,여유,24000,26000,37.5702856,126.9903626
2026-07-23 09:00,POI007,홍대 관광특구,여유,38000,40000,37.5574135,126.9238
2026-07-23 09:00,POI008,경복궁,여유,1000,1500,37.579754,126.9766818
2026-07-23 09:00,POI009,광화문·덕수궁,여유,26000,28000,37.5759194,126.9768
2026-07-23 09:00,POI010,보신각,여유,7500,8000,37.5698518,126.9836102
2026-07-23 09:00,POI011,서울 암사동 유적,여유,300,400,37.5610203,127.1306288
2026-07-23 09:00,POI012,창덕궁·종묘,보통,9000,9500,37.5823872,126.9917013
2026-07-23 09:00,POI013,가산디지털단지역,약간 붐빔,36000,38000,37.480819,126.8816358
2026-07-23 09:00,POI014,강남역,여유,42000,44000,37.5002304,127.0268054
2026-07-23 09:00,POI015,건대입구역,여유,20000,22000,37.54088,127.06812
2026-07-23 09:00,POI016,고덕역,여유,2000,2500,37.5550721,127.1550065
2026-07-23 09:00,POI017,고속터미널역,여유,12000,14000,37.5050827,127.0049777
2026-07-23 09:00,POI018,교대역,여유,12000,14000,37.494178,127.015909
2026-07-23 09:00,POI019,구로디지털단지역,약간 붐빔,22000,24000,37.4853417,126.9068128
2026-07-23 09:00,POI020,구로역,붐빔,4500,5000,37.5000903,126.8829924
2026-07-23 09:00,POI021,군자역,여유,5000,5500,37.558149,127.077839
2026-07-23 09:00,POI023,대림역,여유,14000,16000,37.4908703,126.8936859
2026-07-23 09:00,POI024,동대문역,보통,7500,8000,37.5718616,127.0114887
2026-07-23 09:00,POI025,뚝섬역,여유,7000,7500,37.5475031,127.0461973
2026-07-23 09:00,POI026,미아사거리역,여유,8500,9000,37.61175,127.03044
2026-07-23 09:00,POI055,홍대입구역(2호선),여유,10000,12000,37.5574135,126.9238
2026-07-23 09:00,POI088,광화문광장,보통,6500,7000,37.5759194,126.9768
2026-07-23 09:00,POI119,잠실역,여유,10000,12000,37.5127453,127.0973
2026-07-23 13:00,POI006,종로·청계 관광특구,보통,42000,44000,37.5702856,126.9903626
2026-07-23 13:00,POI007,홍대 관광특구,여유,70000,72000,37.5574135,126.9238
2026-07-23 13:00,POI008,경복궁,보통,1500,2000,37.579754,126.9766818
2026-07-23 13:00,POI009,광화문·덕수궁,보통,42000,44000,37.5759194,126.9768
2026-07-23 13:00,POI010,보신각,보통,14000,16000,37.5698518,126.9836102
2026-07-23 13:00,POI011,서울 암사동 유적,여유,300,400,37.5610203,127.1306288
2026-07-23 13:00,POI012,창덕궁·종묘,보통,12000,14000,37.5823872,126.9917013
2026-07-23 13:00,POI013,가산디지털단지역,붐빔,44000,46000,37.480819,126.8816358
2026-07-23 13:00,POI014,강남역,약간 붐빔,78000,80000,37.5002304,127.0268054
2026-07-23 13:00,POI015,건대입구역,여유,24000,26000,37.54088,127.06812
2026-07-23 13:00,POI016,고덕역,보통,4500,5000,37.5550721,127.1550065
2026-07-23 13:00,POI017,고속터미널역,약간 붐빔,24000,26000,37.5050827,127.0049777
2026-07-23 13:00,POI018,교대역,보통,20000,22000,37.494178,127.015909
2026-07-23 13:00,POI019,구로디지털단지역,붐빔,38000,40000,37.4853417,126.9068128
2026-07-23 13:00,POI020,구로역,여유,2000,2500,37.5000903,126.8829924
2026-07-23 13:00,POI021,군자역,여유,6000,6500,37.558149,127.077839
2026-07-23 13:00,POI023,대림역,여유,14000,16000,37.4908703,126.8936859
2026-07-23 13:00,POI024,동대문역,보통,10000,12000,37.5718616,127.0114887
2026-07-23 13:00,POI025,뚝섬역,보통,10000,12000,37.5475031,127.0461973
2026-07-23 13:00,POI026,미아사거리역,보통,10000,12000,37.61175,127.03044
2026-07-23 13:00,POI055,홍대입구역(2호선),보통,16000,18000,37.5574135,126.9238
2026-07-23 13:00,POI088,광화문광장,보통,8000,8500,37.5759194,126.9768
2026-07-23 13:00,POI119,잠실역,약간 붐빔,34000,36000,37.5127453,127.0973
2026-07-23 16:00,POI006,종로·청계 관광특구,보통,42000,44000,37.5702856,126.9903626
2026-07-23 16:00,POI007,홍대 관광특구,보통,82000,84000,37.5574135,126.9238
2026-07-23 16:00,POI008,경복궁,보통,1500,2000,37.579754,126.9766818
2026-07-23 16:00,POI009,광화문·덕수궁,보통,40000,42000,37.5759194,126.9768
2026-07-23 16:00,POI010,보신각,보통,16000,18000,37.5698518,126.9836102
2026-07-23 16:00,POI011,서울 암사동 유적,여유,300,400,37.5610203,127.1306288
2026-07-23 16:00,POI012,창덕궁·종묘,보통,14000,16000,37.5823872,126.9917013
2026-07-23 16:00,POI013,가산디지털단지역,약간 붐빔,36000,38000,37.480819,126.8816358
2026-07-23 16:00,POI014,강남역,약간 붐빔,80000,82000,37.5002304,127.0268054
2026-07-23 16:00,POI015,건대입구역,여유,26000,28000,37.54088,127.06812
2026-07-23 16:00,POI016,고덕역,보통,5000,5500,37.5550721,127.1550065
2026-07-23 16:00,POI017,고속터미널역,약간 붐빔,24000,26000,37.5050827,127.0049777
2026-07-23 16:00,POI018,교대역,약간 붐빔,20000,22000,37.494178,127.015909
2026-07-23 16:00,POI019,구로디지털단지역,약간 붐빔,34000,36000,37.4853417,126.9068128
2026-07-23 16:00,POI020,구로역,여유,2500,3000,37.5000903,126.8829924
2026-07-23 16:00,POI021,군자역,여유,6500,7000,37.558149,127.077839
2026-07-23 16:00,POI023,대림역,여유,14000,16000,37.4908703,126.8936859
2026-07-23 16:00,POI024,동대문역,보통,10000,12000,37.5718616,127.0114887
2026-07-23 16:00,POI025,뚝섬역,보통,10000,12000,37.5475031,127.0461973
2026-07-23 16:00,POI026,미아사거리역,보통,10000,12000,37.61175,127.03044
2026-07-23 16:00,POI055,홍대입구역(2호선),약간 붐빔,20000,22000,37.5574135,126.9238
2026-07-23 16:00,POI088,광화문광장,보통,8000,8500,37.5759194,126.9768
2026-07-23 16:00,POI119,잠실역,약간 붐빔,36000,38000,37.5127453,127.0973
2026-07-23 21:00,POI006,종로·청계 관광특구,여유,24000,26000,37.5702856,126.9903626
2026-07-23 21:00,POI007,홍대 관광특구,여유,72000,74000,37.5574135,126.9238
2026-07-23 21:00,POI008,경복궁,여유,700,800,37.579754,126.9766818
2026-07-23 21:00,POI009,광화문·덕수궁,여유,16000,18000,37.5759194,126.9768
2026-07-23 21:00,POI010,보신각,여유,8500,9000,37.5698518,126.9836102
2026-07-23 21:00,POI011,서울 암사동 유적,여유,300,400,37.5610203,127.1306288
2026-07-23 21:00,POI012,창덕궁·종묘,여유,7000,7500,37.5823872,126.9917013
2026-07-23 21:00,POI013,가산디지털단지역,여유,14000,16000,37.480819,126.8816358
2026-07-23 21:00,POI014,강남역,보통,56000,58000,37.5002304,127.0268054
2026-07-23 21:00,POI015,건대입구역,보통,28000,30000,37.54088,127.06812
2026-07-23 21:00,POI016,고덕역,여유,4000,4500,37.5550721,127.1550065
2026-07-23 21:00,POI017,고속터미널역,여유,9000,9500,37.5050827,127.0049777
2026-07-23 21:00,POI018,교대역,여유,14000,16000,37.494178,127.015909
2026-07-23 21:00,POI019,구로디지털단지역,여유,12000,14000,37.4853417,126.9068128
2026-07-23 21:00,POI020,구로역,여유,2000,2500,37.5000903,126.8829924
2026-07-23 21:00,POI021,군자역,보통,7500,8000,37.558149,127.077839
2026-07-23 21:00,POI023,대림역,여유,16000,18000,37.4908703,126.8936859
2026-07-23 21:00,POI024,동대문역,여유,4000,4500,37.5718616,127.0114887
2026-07-23 21:00,POI025,뚝섬역,여유,7000,7500,37.5475031,127.0461973
2026-07-23 21:00,POI026,미아사거리역,여유,8000,8500,37.61175,127.03044
2026-07-23 21:00,POI055,홍대입구역(2호선),보통,16000,18000,37.5574135,126.9238
2026-07-23 21:00,POI088,광화문광장,여유,3500,4000,37.5759194,126.9768
2026-07-23 21:00,POI119,잠실역,여유,16000,18000,37.5127453,127.0973
2026-07-24 00:00,POI006,종로·청계 관광특구,여유,14000,16000,37.5702856,126.9903626
2026-07-24 00:00,POI007,홍대 관광특구,여유,46000,48000,37.5574135,126.9238
2026-07-24 00:00,POI008,경복궁,여유,500,600,37.579754,126.9766818
2026-07-24 00:00,POI009,광화문·덕수궁,여유,6500,7000,37.5759194,126.9768
2026-07-24 00:00,POI010,보신각,여유,3500,4000,37.5698518,126.9836102
2026-07-24 00:00,POI011,서울 암사동 유적,여유,300,400,37.5610203,127.1306288
2026-07-24 00:00,POI012,창덕궁·종묘,여유,4000,4500,37.5823872,126.9917013
2026-07-24 00:00,POI013,가산디지털단지역,여유,7000,7500,37.480819,126.8816358
2026-07-24 00:00,POI014,강남역,여유,30000,32000,37.5002304,127.0268054
2026-07-24 00:00,POI015,건대입구역,여유,22000,24000,37.54088,127.06812
2026-07-24 00:00,POI016,고덕역,여유,1500,2000,37.5550721,127.1550065
2026-07-24 00:00,POI017,고속터미널역,여유,3500,4000,37.5050827,127.0049777
2026-07-24 00:00,POI018,교대역,여유,9500,10000,37.494178,127.015909
2026-07-24 00:00,POI019,구로디지털단지역,여유,6500,7000,37.4853417,126.9068128
2026-07-24 00:00,POI020,구로역,여유,1000,1500,37.5000903,126.8829924
2026-07-24 00:00,POI021,군자역,여유,4500,5000,37.558149,127.077839
2026-07-24 00:00,POI023,대림역,보통,16000,18000,37.4908703,126.8936859
2026-07-24 00:00,POI024,동대문역,여유,2000,2500,37.5718616,127.0114887
2026-07-24 00:00,POI025,뚝섬역,여유,5500,6000,37.5475031,127.0461973
2026-07-24 00:00,POI026,미아사거리역,여유,5000,5500,37.61175,127.03044
2026-07-24 00:00,POI055,홍대입구역(2호선),여유,10000,12000,37.5574135,126.9238
2026-07-24 00:00,POI088,광화문광장,여유,1000,1500,37.5759194,126.9768
2026-07-24 00:00,POI119,잠실역,여유,4000,4500,37.5127453,127.0973
2026-07-24 02:00,POI006,종로·청계 관광특구,여유,9500,10000,37.5702856,126.9903626
2026-07-24 02:00,POI007,홍대 관광특구,여유,36000,38000,37.5574135,126.9238
2026-07-24 02:00,POI008,경복궁,여유,200,300,37.579754,126.9766818
2026-07-24 02:00,POI009,광화문·덕수궁,여유,3500,4000,37.5759194,126.9768
2026-07-24 02:00,POI010,보신각,여유,2000,2500,37.5698518,126.9836102
2026-07-24 02:00,POI011,서울 암사동 유적,여유,300,400,37.5610203,127.1306288
2026-07-24 02:00,POI012,창덕궁·종묘,여유,3000,3500,37.5823872,126.9917013
2026-07-24 02:00,POI013,가산디지털단지역,여유,5000,5500,37.480819,126.8816358
2026-07-24 02:00,POI014,강남역,여유,22000,24000,37.5002304,127.0268054
2026-07-24 02:00,POI015,건대입구역,여유,16000,18000,37.54088,127.06812
2026-07-24 02:00,POI016,고덕역,여유,1500,2000,37.5550721,127.1550065
2026-07-24 02:00,POI017,고속터미널역,여유,1500,2000,37.5050827,127.0049777
2026-07-24 02:00,POI018,교대역,여유,5500,6000,37.494178,127.015909
2026-07-24 02:00,POI019,구로디지털단지역,여유,4500,5000,37.4853417,126.9068128
2026-07-24 02:00,POI020,구로역,여유,800,900,37.5000903,126.8829924
2026-07-24 02:00,POI021,군자역,여유,3500,4000,37.558149,127.077839
2026-07-24 02:00,POI023,대림역,보통,16000,18000,37.4908703,126.8936859
2026-07-24 02:00,POI024,동대문역,여유,1500,2000,37.5718616,127.0114887
2026-07-24 02:00,POI025,뚝섬역,여유,4000,4500,37.5475031,127.0461973
2026-07-24 02:00,POI026,미아사거리역,여유,3500,4000,37.61175,127.03044
2026-07-24 02:00,POI055,홍대입구역(2호선),여유,7000,7500,37.5574135,126.9238
2026-07-24 02:00,POI088,광화문광장,여유,700,800,37.5759194,126.9768
2026-07-24 02:00,POI119,잠실역,여유,3000,3500,37.5127453,127.0973
2026-07-24 04:00,POI006,종로·청계 관광특구,여유,9000,9500,37.5702856,126.9903626
2026-07-24 04:00,POI007,홍대 관광특구,여유,32000,34000,37.5574135,126.9238
2026-07-24 04:00,POI008,경복궁,여유,200,300,37.579754,126.9766818
2026-07-24 04:00,POI009,광화문·덕수궁,여유,3000,3500,37.5759194,126.9768
2026-07-24 04:00,POI010,보신각,여유,1500,2000,37.5698518,126.9836102
2026-07-24 04:00,POI011,서울 암사동 유적,여유,300,400,37.5610203,127.1306288
2026-07-24 04:00,POI012,창덕궁·종묘,여유,3000,3500,37.5823872,126.9917013
2026-07-24 04:00,POI013,가산디지털단지역,여유,5000,5500,37.480819,126.8816358
2026-07-24 04:00,POI014,강남역,여유,20000,22000,37.5002304,127.0268054
2026-07-24 04:00,POI015,건대입구역,여유,14000,16000,37.54088,127.06812
2026-07-24 04:00,POI016,고덕역,여유,1000,1500,37.5550721,127.1550065
2026-07-24 04:00,POI017,고속터미널역,여유,1500,2000,37.5050827,127.0049777
2026-07-24 04:00,POI018,교대역,여유,5500,6000,37.494178,127.015909
2026-07-24 04:00,POI019,구로디지털단지역,여유,4500,5000,37.4853417,126.9068128
2026-07-24 04:00,POI020,구로역,여유,800,900,37.5000903,126.8829924
2026-07-24 04:00,POI021,군자역,여유,3500,4000,37.558149,127.077839
2026-07-24 04:00,POI023,대림역,보통,16000,18000,37.4908703,126.8936859
2026-07-24 04:00,POI024,동대문역,여유,1000,1500,37.5718616,127.0114887
2026-07-24 04:00,POI025,뚝섬역,여유,4000,4500,37.5475031,127.0461973
2026-07-24 04:00,POI026,미아사거리역,여유,3000,3500,37.61175,127.03044
2026-07-24 04:00,POI055,홍대입구역(2호선),여유,6000,6500,37.5574135,126.9238
2026-07-24 04:00,POI088,광화문광장,여유,600,700,37.5759194,126.9768
2026-07-24 04:00,POI119,잠실역,여유,2500,3000,37.5127453,127.0973
2026-07-24 06:00,POI006,종로·청계 관광특구,여유,9500,10000,37.5702856,126.9903626
2026-07-24 06:00,POI007,홍대 관광특구,여유,30000,32000,37.5574135,126.9238
2026-07-24 06:00,POI008,경복궁,여유,300,400,37.579754,126.9766818
2026-07-24 06:00,POI009,광화문·덕수궁,여유,4000,4500,37.5759194,126.9768
2026-07-24 06:00,POI010,보신각,여유,1500,2000,37.5698518,126.9836102
2026-07-24 06:00,POI011,서울 암사동 유적,여유,300,400,37.5610203,127.1306288
2026-07-24 06:00,POI012,창덕궁·종묘,여유,3000,3500,37.5823872,126.9917013
2026-07-24 06:00,POI013,가산디지털단지역,여유,6000,6500,37.480819,126.8816358
2026-07-24 06:00,POI014,강남역,여유,20000,22000,37.5002304,127.0268054
2026-07-24 06:00,POI015,건대입구역,여유,14000,16000,37.54088,127.06812
2026-07-24 06:00,POI016,고덕역,여유,1000,1500,37.5550721,127.1550065
2026-07-24 06:00,POI017,고속터미널역,여유,2500,3000,37.5050827,127.0049777
2026-07-24 06:00,POI018,교대역,여유,5500,6000,37.494178,127.015909
2026-07-24 06:00,POI019,구로디지털단지역,여유,4500,5000,37.4853417,126.9068128
2026-07-24 06:00,POI020,구로역,여유,1000,1500,37.5000903,126.8829924
2026-07-24 06:00,POI021,군자역,여유,3500,4000,37.558149,127.077839
2026-07-24 06:00,POI023,대림역,보통,16000,18000,37.4908703,126.8936859
2026-07-24 06:00,POI024,동대문역,여유,1500,2000,37.5718616,127.0114887
2026-07-24 06:00,POI025,뚝섬역,여유,4000,4500,37.5475031,127.0461973
2026-07-24 06:00,POI026,미아사거리역,여유,4500,5000,37.61175,127.03044
2026-07-24 06:00,POI055,홍대입구역(2호선),여유,6500,7000,37.5574135,126.9238
2026-07-24 06:00,POI088,광화문광장,여유,900,1000,37.5759194,126.9768
2026-07-24 06:00,POI119,잠실역,여유,3000,3500,37.5127453,127.0973
2026-07-24 08:00,POI006,종로·청계 관광특구,여유,16000,18000,37.5702856,126.9903626
2026-07-24 08:00,POI007,홍대 관광특구,여유,34000,36000,37.5574135,126.9238
2026-07-24 08:00,POI008,경복궁,여유,700,800,37.579754,126.9766818
2026-07-24 08:00,POI009,광화문·덕수궁,여유,12000,14000,37.5759194,126.9768
2026-07-24 08:00,POI010,보신각,여유,3500,4000,37.5698518,126.9836102
2026-07-24 08:00,POI011,서울 암사동 유적,여유,300,400,37.5610203,127.1306288
2026-07-24 08:00,POI012,창덕궁·종묘,여유,5500,6000,37.5823872,126.9917013
2026-07-24 08:00,POI013,가산디지털단지역,여유,16000,18000,37.480819,126.8816358
2026-07-24 08:00,POI014,강남역,여유,32000,34000,37.5002304,127.0268054
2026-07-24 08:00,POI015,건대입구역,여유,20000,22000,37.54088,127.06812
2026-07-24 08:00,POI016,고덕역,여유,1500,2000,37.5550721,127.1550065
2026-07-24 08:00,POI017,고속터미널역,여유,8500,9000,37.5050827,127.0049777
2026-07-24 08:00,POI018,교대역,여유,10000,12000,37.494178,127.015909
2026-07-24 08:00,POI019,구로디지털단지역,여유,8500,9000,37.4853417,126.9068128
2026-07-24 08:00,POI020,구로역,여유,3000,3500,37.5000903,126.8829924
2026-07-24 08:00,POI021,군자역,여유,4000,4500,37.558149,127.077839
2026-07-24 08:00,POI023,대림역,여유,16000,18000,37.4908703,126.8936859
2026-07-24 08:00,POI024,동대문역,여유,4500,5000,37.5718616,127.0114887
2026-07-24 08:00,POI025,뚝섬역,여유,5500,6000,37.5475031,127.0461973
2026-07-24 08:00,POI026,미아사거리역,여유,6500,7000,37.61175,127.03044
2026-07-24 08:00,POI055,홍대입구역(2호선),여유,8500,9000,37.5574135,126.9238
2026-07-24 08:00,POI088,광화문광장,여유,2500,3000,37.5759194,126.9768
2026-07-24 08:00,POI119,잠실역,여유,7000,7500,37.5127453,127.0973
2026-07-24 12:00,POI006,종로·청계 관광특구,보통,40000,42000,37.5702856,126.9903626
2026-07-24 12:00,POI007,홍대 관광특구,여유,66000,68000,37.5574135,126.9238
2026-07-24 12:00,POI008,경복궁,보통,1500,2000,37.579754,126.9766818
2026-07-24 12:00,POI009,광화문·덕수궁,보통,38000,40000,37.5759194,126.9768
2026-07-24 12:00,POI010,보신각,보통,12000,14000,37.5698518,126.9836102
2026-07-24 12:00,POI011,서울 암사동 유적,여유,300,400,37.5610203,127.1306288
2026-07-24 12:00,POI012,창덕궁·종묘,보통,12000,14000,37.5823872,126.9917013
2026-07-24 12:00,POI013,가산디지털단지역,붐빔,42000,44000,37.480819,126.8816358
2026-07-24 12:00,POI014,강남역,약간 붐빔,78000,80000,37.5002304,127.0268054
2026-07-24 12:00,POI015,건대입구역,여유,24000,26000,37.54088,127.06812
2026-07-24 12:00,POI016,고덕역,보통,4000,4500,37.5550721,127.1550065
2026-07-24 12:00,POI017,고속터미널역,약간 붐빔,26000,28000,37.5050827,127.0049777
2026-07-24 12:00,POI018,교대역,보통,20000,22000,37.494178,127.015909
2026-07-24 12:00,POI019,구로디지털단지역,붐빔,40000,42000,37.4853417,126.9068128
2026-07-24 12:00,POI020,구로역,여유,2500,3000,37.5000903,126.8829924
2026-07-24 12:00,POI021,군자역,여유,7000,7500,37.558149,127.077839
2026-07-24 12:00,POI023,대림역,여유,14000,16000,37.4908703,126.8936859
2026-07-24 12:00,POI024,동대문역,보통,9500,10000,37.5718616,127.0114887
2026-07-24 12:00,POI025,뚝섬역,보통,10000,12000,37.5475031,127.0461973
2026-07-24 12:00,POI026,미아사거리역,보통,10000,12000,37.61175,127.03044
2026-07-24 12:00,POI055,홍대입구역(2호선),보통,16000,18000,37.5574135,126.9238
2026-07-24 12:00,POI088,광화문광장,보통,7000,7500,37.5759194,126.9768
2026-07-24 12:00,POI119,잠실역,보통,32000,34000,37.5127453,127.0973
2026-07-24 15:00,POI006,종로·청계 관광특구,보통,44000,46000,37.5702856,126.9903626
2026-07-24 15:00,POI007,홍대 관광특구,보통,80000,82000,37.5574135,126.9238
2026-07-24 15:00,POI008,경복궁,보통,1500,2000,37.579754,126.9766818
2026-07-24 15:00,POI009,광화문·덕수궁,보통,40000,42000,37.5759194,126.9768
2026-07-24 15:00,POI010,보신각,보통,16000,18000,37.5698518,126.9836102
2026-07-24 15:00,POI011,서울 암사동 유적,여유,300,400,37.5610203,127.1306288
2026-07-24 15:00,POI012,창덕궁·종묘,보통,14000,16000,37.5823872,126.9917013
2026-07-24 15:00,POI013,가산디지털단지역,약간 붐빔,36000,38000,37.480819,126.8816358
2026-07-24 15:00,POI014,강남역,약간 붐빔,82000,84000,37.5002304,127.0268054
2026-07-24 15:00,POI015,건대입구역,여유,26000,28000,37.54088,127.06812
2026-07-24 15:00,POI016,고덕역,약간 붐빔,5500,6000,37.5550721,127.1550065
2026-07-24 15:00,POI017,고속터미널역,붐빔,30000,32000,37.5050827,127.0049777
2026-07-24 15:00,POI018,교대역,약간 붐빔,20000,22000,37.494178,127.015909
2026-07-24 15:00,POI019,구로디지털단지역,약간 붐빔,32000,34000,37.4853417,126.9068128
2026-07-24 15:00,POI020,구로역,여유,2500,3000,37.5000903,126.8829924
2026-07-24 15:00,POI021,군자역,여유,7000,7500,37.558149,127.077839
2026-07-24 15:00,POI023,대림역,여유,14000,16000,37.4908703,126.8936859
2026-07-24 15:00,POI024,동대문역,붐빔,10000,12000,37.5718616,127.0114887
2026-07-24 15:00,POI025,뚝섬역,보통,10000,12000,37.5475031,127.0461973
2026-07-24 15:00,POI026,미아사거리역,보통,12000,14000,37.61175,127.03044
2026-07-24 15:00,POI055,홍대입구역(2호선),약간 붐빔,20000,22000,37.5574135,126.9238
2026-07-24 15:00,POI088,광화문광장,보통,8500,9000,37.5759194,126.9768
2026-07-24 15:00,POI119,잠실역,약간 붐빔,40000,42000,37.5127453,127.0973
2026-07-24 18:00,POI006,종로·청계 관광특구,보통,38000,40000,37.5702856,126.9903626
2026-07-24 18:00,POI007,홍대 관광특구,보통,88000,90000,37.5574135,126.9238
2026-07-24 18:00,POI008,경복궁,보통,1500,2000,37.579754,126.9766818
2026-07-24 18:00,POI009,광화문·덕수궁,보통,36000,38000,37.5759194,126.9768
2026-07-24 18:00,POI010,보신각,보통,12000,14000,37.5698518,126.9836102
2026-07-24 18:00,POI011,서울 암사동 유적,여유,300,400,37.5610203,127.1306288
2026-07-24 18:00,POI012,창덕궁·종묘,약간 붐빔,12000,14000,37.5823872,126.9917013
2026-07-24 18:00,POI013,가산디지털단지역,보통,32000,34000,37.480819,126.8816358
2026-07-24 18:00,POI014,강남역,붐빔,80000,82000,37.5002304,127.0268054
2026-07-24 18:00,POI015,건대입구역,약간 붐빔,30000,32000,37.54088,127.06812
2026-07-24 18:00,POI016,고덕역,붐빔,5500,6000,37.5550721,127.1550065
2026-07-24 18:00,POI017,고속터미널역,붐빔,30000,32000,37.5050827,127.0049777
2026-07-24 18:00,POI018,교대역,보통,20000,22000,37.494178,127.015909
2026-07-24 18:00,POI019,구로디지털단지역,보통,26000,28000,37.4853417,126.9068128
2026-07-24 18:00,POI020,구로역,보통,4000,4500,37.5000903,126.8829924
2026-07-24 18:00,POI021,군자역,보통,8000,8500,37.558149,127.077839
2026-07-24 18:00,POI023,대림역,여유,14000,16000,37.4908703,126.8936859
2026-07-24 18:00,POI024,동대문역,약간 붐빔,9000,9500,37.5718616,127.0114887
2026-07-24 18:00,POI025,뚝섬역,보통,9500,10000,37.5475031,127.0461973
2026-07-24 18:00,POI026,미아사거리역,약간 붐빔,12000,14000,37.61175,127.03044
2026-07-24 18:00,POI055,홍대입구역(2호선),약간 붐빔,22000,24000,37.5574135,126.9238
2026-07-24 18:00,POI088,광화문광장,보통,7500,8000,37.5759194,126.9768
2026-07-24 18:00,POI119,잠실역,약간 붐빔,36000,38000,37.5127453,127.0973
2026-07-24 20:00,POI006,종로·청계 관광특구,보통,28000,30000,37.5702856,126.9903626
2026-07-24 20:00,POI007,홍대 관광특구,보통,84000,86000,37.5574135,126.9238
2026-07-24 20:00,POI008,경복궁,여유,1000,1500,37.579754,126.9766818
2026-07-24 20:00,POI009,광화문·덕수궁,여유,20000,22000,37.5759194,126.9768
2026-07-24 20:00,POI010,보신각,보통,10000,12000,37.5698518,126.9836102
2026-07-24 20:00,POI011,서울 암사동 유적,여유,300,400,37.5610203,127.1306288
2026-07-24 20:00,POI012,창덕궁·종묘,보통,8500,9000,37.5823872,126.9917013
2026-07-24 20:00,POI013,가산디지털단지역,보통,16000,18000,37.480819,126.8816358
2026-07-24 20:00,POI014,강남역,보통,68000,70000,37.5002304,127.0268054
2026-07-24 20:00,POI015,건대입구역,보통,30000,32000,37.54088,127.06812
2026-07-24 20:00,POI016,고덕역,보통,5000,5500,37.5550721,127.1550065
2026-07-24 20:00,POI017,고속터미널역,보통,20000,22000,37.5050827,127.0049777
2026-07-24 20:00,POI018,교대역,여유,14000,16000,37.494178,127.015909
2026-07-24 20:00,POI019,구로디지털단지역,보통,14000,16000,37.4853417,126.9068128
2026-07-24 20:00,POI020,구로역,여유,2000,2500,37.5000903,126.8829924
2026-07-24 20:00,POI021,군자역,붐빔,9000,9500,37.558149,127.077839
2026-07-24 20:00,POI023,대림역,여유,16000,18000,37.4908703,126.8936859
2026-07-24 20:00,POI024,동대문역,여유,4000,4500,37.5718616,127.0114887
2026-07-24 20:00,POI025,뚝섬역,여유,8500,9000,37.5475031,127.0461973
2026-07-24 20:00,POI026,미아사거리역,보통,10000,12000,37.61175,127.03044
2026-07-24 20:00,POI055,홍대입구역(2호선),약간 붐빔,20000,22000,37.5574135,126.9238
2026-07-24 20:00,POI088,광화문광장,여유,4500,5000,37.5759194,126.9768
2026-07-24 20:00,POI119,잠실역,보통,28000,30000,37.5127453,127.0973
2026-07-24 23:00,POI006,종로·청계 관광특구,여유,18000,20000,37.5702856,126.9903626
2026-07-24 23:00,POI007,홍대 관광특구,여유,64000,66000,37.5574135,126.9238
2026-07-24 23:00,POI008,경복궁,여유,600,700,37.579754,126.9766818
2026-07-24 23:00,POI009,광화문·덕수궁,여유,10000,12000,37.5759194,126.9768
2026-07-24 23:00,POI010,보신각,여유,6500,7000,37.5698518,126.9836102
2026-07-24 23:00,POI011,서울 암사동 유적,여유,300,400,37.5610203,127.1306288
2026-07-24 23:00,POI012,창덕궁·종묘,여유,6000,6500,37.5823872,126.9917013
2026-07-24 23:00,POI013,가산디지털단지역,여유,10000,12000,37.480819,126.8816358
2026-07-24 23:00,POI014,강남역,여유,48000,50000,37.5002304,127.0268054
2026-07-24 23:00,POI015,건대입구역,보통,28000,30000,37.54088,127.06812
2026-07-24 23:00,POI016,고덕역,여유,2000,2500,37.5550721,127.1550065
2026-07-24 23:00,POI017,고속터미널역,여유,7000,7500,37.5050827,127.0049777
2026-07-24 23:00,POI018,교대역,여유,10000,12000,37.494178,127.015909
2026-07-24 23:00,POI019,구로디지털단지역,여유,10000,12000,37.4853417,126.9068128
2026-07-24 23:00,POI020,구로역,여유,1500,2000,37.5000903,126.8829924
2026-07-24 23:00,POI021,군자역,여유,7000,7500,37.558149,127.077839
2026-07-24 23:00,POI023,대림역,보통,16000,18000,37.4908703,126.8936859
2026-07-24 23:00,POI024,동대문역,여유,3000,3500,37.5718616,127.0114887
2026-07-24 23:00,POI025,뚝섬역,여유,6500,7000,37.5475031,127.0461973
2026-07-24 23:00,POI026,미아사거리역,여유,8000,8500,37.61175,127.03044
2026-07-24 23:00,POI055,홍대입구역(2호선),여유,14000,16000,37.5574135,126.9238
2026-07-24 23:00,POI088,광화문광장,여유,2500,3000,37.5759194,126.9768
2026-07-24 23:00,POI119,잠실역,여유,9000,9500,37.5127453,127.0973
2026-07-25 00:00,POI006,종로·청계 관광특구,여유,12000,14000,37.5702856,126.9903626
2026-07-25 00:00,POI007,홍대 관광특구,여유,50000,52000,37.5574135,126.9238
2026-07-25 00:00,POI008,경복궁,여유,400,500,37.579754,126.9766818
2026-07-25 00:00,POI009,광화문·덕수궁,여유,5500,6000,37.5759194,126.9768
2026-07-25 00:00,POI010,보신각,여유,4000,4500,37.5698518,126.9836102
2026-07-25 00:00,POI011,서울 암사동 유적,여유,300,400,37.5610203,127.1306288
2026-07-25 00:00,POI012,창덕궁·종묘,여유,4500,5000,37.5823872,126.9917013
2026-07-25 00:00,POI013,가산디지털단지역,여유,6500,7000,37.480819,126.8816358
2026-07-25 00:00,POI014,강남역,여유,32000,34000,37.5002304,127.0268054
2026-07-25 00:00,POI015,건대입구역,여유,20000,22000,37.54088,127.06812
2026-07-25 00:00,POI016,고덕역,여유,1500,2000,37.5550721,127.1550065
2026-07-25 00:00,POI017,고속터미널역,여유,3000,3500,37.5050827,127.0049777
2026-07-25 00:00,POI018,교대역,여유,7500,8000,37.494178,127.015909
2026-07-25 00:00,POI019,구로디지털단지역,여유,7000,7500,37.4853417,126.9068128
2026-07-25 00:00,POI020,구로역,여유,900,1000,37.5000903,126.8829924
2026-07-25 00:00,POI021,군자역,여유,5500,6000,37.558149,127.077839
2026-07-25 00:00,POI023,대림역,보통,16000,18000,37.4908703,126.8936859
2026-07-25 00:00,POI024,동대문역,여유,2000,2500,37.5718616,127.0114887
2026-07-25 00:00,POI025,뚝섬역,여유,4500,5000,37.5475031,127.0461973
2026-07-25 00:00,POI026,미아사거리역,여유,5500,6000,37.61175,127.03044
2026-07-25 00:00,POI055,홍대입구역(2호선),여유,10000,12000,37.5574135,126.9238
2026-07-25 00:00,POI088,광화문광장,여유,1000,1500,37.5759194,126.9768
2026-07-25 00:00,POI119,잠실역,여유,4000,4500,37.5127453,127.0973
2026-07-25 02:00,POI006,종로·청계 관광특구,여유,9500,10000,37.5702856,126.9903626
2026-07-25 02:00,POI007,홍대 관광특구,여유,42000,44000,37.5574135,126.9238
2026-07-25 02:00,POI008,경복궁,여유,100,200,37.579754,126.9766818
2026-07-25 02:00,POI009,광화문·덕수궁,여유,3000,3500,37.5759194,126.9768
2026-07-25 02:00,POI010,보신각,여유,2000,2500,37.5698518,126.9836102
2026-07-25 02:00,POI011,서울 암사동 유적,여유,300,400,37.5610203,127.1306288
2026-07-25 02:00,POI012,창덕궁·종묘,여유,3500,4000,37.5823872,126.9917013
2026-07-25 02:00,POI013,가산디지털단지역,여유,5000,5500,37.480819,126.8816358
2026-07-25 02:00,POI014,강남역,여유,22000,24000,37.5002304,127.0268054
2026-07-25 02:00,POI015,건대입구역,여유,16000,18000,37.54088,127.06812
2026-07-25 02:00,POI016,고덕역,여유,1000,1500,37.5550721,127.1550065
2026-07-25 02:00,POI017,고속터미널역,여유,1500,2000,37.5050827,127.0049777
2026-07-25 02:00,POI018,교대역,여유,4000,4500,37.494178,127.015909
2026-07-25 02:00,POI019,구로디지털단지역,여유,5000,5500,37.4853417,126.9068128
2026-07-25 02:00,POI020,구로역,여유,800,900,37.5000903,126.8829924
2026-07-25 02:00,POI021,군자역,여유,4000,4500,37.558149,127.077839
2026-07-25 02:00,POI023,대림역,보통,16000,18000,37.4908703,126.8936859
2026-07-25 02:00,POI024,동대문역,여유,1500,2000,37.5718616,127.0114887
2026-07-25 02:00,POI025,뚝섬역,여유,3500,4000,37.5475031,127.0461973
2026-07-25 02:00,POI026,미아사거리역,여유,3500,4000,37.61175,127.03044
2026-07-25 02:00,POI055,홍대입구역(2호선),여유,10000,12000,37.5574135,126.9238
2026-07-25 02:00,POI088,광화문광장,여유,600,700,37.5759194,126.9768
2026-07-25 02:00,POI119,잠실역,여유,3000,3500,37.5127453,127.0973
2026-07-25 04:00,POI006,종로·청계 관광특구,여유,8500,9000,37.5702856,126.9903626
2026-07-25 04:00,POI007,홍대 관광특구,여유,36000,38000,37.5574135,126.9238
2026-07-25 04:00,POI008,경복궁,여유,100,200,37.579754,126.9766818
2026-07-25 04:00,POI009,광화문·덕수궁,여유,2500,3000,37.5759194,126.9768
2026-07-25 04:00,POI010,보신각,여유,1500,2000,37.5698518,126.9836102
2026-07-25 04:00,POI011,서울 암사동 유적,여유,300,400,37.5610203,127.1306288
2026-07-25 04:00,POI012,창덕궁·종묘,여유,3000,3500,37.5823872,126.9917013
2026-07-25 04:00,POI013,가산디지털단지역,여유,5000,5500,37.480819,126.8816358
2026-07-25 04:00,POI014,강남역,여유,18000,20000,37.5002304,127.0268054
2026-07-25 04:00,POI015,건대입구역,여유,14000,16000,37.54088,127.06812
2026-07-25 04:00,POI016,고덕역,여유,1000,1500,37.5550721,127.1550065
2026-07-25 04:00,POI017,고속터미널역,여유,1500,2000,37.5050827,127.0049777
2026-07-25 04:00,POI018,교대역,여유,3500,4000,37.494178,127.015909
2026-07-25 04:00,POI019,구로디지털단지역,여유,4500,5000,37.4853417,126.9068128
2026-07-25 04:00,POI020,구로역,여유,800,900,37.5000903,126.8829924
2026-07-25 04:00,POI021,군자역,여유,3500,4000,37.558149,127.077839
2026-07-25 04:00,POI023,대림역,보통,16000,18000,37.4908703,126.8936859
2026-07-25 04:00,POI024,동대문역,여유,1000,1500,37.5718616,127.0114887
2026-07-25 04:00,POI025,뚝섬역,여유,3500,4000,37.5475031,127.0461973
2026-07-25 04:00,POI026,미아사거리역,여유,3000,3500,37.61175,127.03044
2026-07-25 04:00,POI055,홍대입구역(2호선),여유,10000,12000,37.5574135,126.9238
2026-07-25 04:00,POI088,광화문광장,여유,500,600,37.5759194,126.9768
2026-07-25 04:00,POI119,잠실역,여유,2500,3000,37.5127453,127.0973
2026-07-25 06:00,POI006,종로·청계 관광특구,여유,8500,9000,37.5702856,126.9903626
2026-07-25 06:00,POI007,홍대 관광특구,여유,32000,34000,37.5574135,126.9238
2026-07-25 06:00,POI008,경복궁,여유,100,200,37.579754,126.9766818
2026-07-25 06:00,POI009,광화문·덕수궁,여유,3500,4000,37.5759194,126.9768
2026-07-25 06:00,POI010,보신각,여유,1000,1500,37.5698518,126.9836102
2026-07-25 06:00,POI011,서울 암사동 유적,여유,300,400,37.5610203,127.1306288
2026-07-25 06:00,POI012,창덕궁·종묘,여유,3000,3500,37.5823872,126.9917013
2026-07-25 06:00,POI013,가산디지털단지역,여유,6000,6500,37.480819,126.8816358
2026-07-25 06:00,POI014,강남역,여유,18000,20000,37.5002304,127.0268054
2026-07-25 06:00,POI015,건대입구역,여유,14000,16000,37.54088,127.06812
2026-07-25 06:00,POI016,고덕역,여유,1000,1500,37.5550721,127.1550065
2026-07-25 06:00,POI017,고속터미널역,여유,2500,3000,37.5050827,127.0049777
2026-07-25 06:00,POI018,교대역,여유,3500,4000,37.494178,127.015909
2026-07-25 06:00,POI019,구로디지털단지역,여유,4500,5000,37.4853417,126.9068128
2026-07-25 06:00,POI020,구로역,여유,1000,1500,37.5000903,126.8829924
2026-07-25 06:00,POI021,군자역,여유,3500,4000,37.558149,127.077839
2026-07-25 06:00,POI023,대림역,보통,16000,18000,37.4908703,126.8936859
2026-07-25 06:00,POI024,동대문역,여유,1000,1500,37.5718616,127.0114887
2026-07-25 06:00,POI025,뚝섬역,여유,4000,4500,37.5475031,127.0461973
2026-07-25 06:00,POI026,미아사거리역,여유,4000,4500,37.61175,127.03044
2026-07-25 06:00,POI055,홍대입구역(2호선),여유,10000,12000,37.5574135,126.9238
2026-07-25 06:00,POI088,광화문광장,여유,700,800,37.5759194,126.9768
2026-07-25 06:00,POI119,잠실역,여유,3000,3500,37.5127453,127.0973
2026-07-25 08:00,POI006,종로·청계 관광특구,여유,14000,16000,37.5702856,126.9903626
2026-07-25 08:00,POI007,홍대 관광특구,여유,32000,34000,37.5574135,126.9238
2026-07-25 08:00,POI008,경복궁,여유,600,700,37.579754,126.9766818
2026-07-25 08:00,POI009,광화문·덕수궁,여유,9500,10000,37.5759194,126.9768
2026-07-25 08:00,POI010,보신각,여유,3500,4000,37.5698518,126.9836102
2026-07-25 08:00,POI011,서울 암사동 유적,여유,300,400,37.5610203,127.1306288
2026-07-25 08:00,POI012,창덕궁·종묘,여유,4500,5000,37.5823872,126.9917013
2026-07-25 08:00,POI013,가산디지털단지역,여유,8000,8500,37.480819,126.8816358
2026-07-25 08:00,POI014,강남역,여유,26000,28000,37.5002304,127.0268054
2026-07-25 08:00,POI015,건대입구역,여유,16000,18000,37.54088,127.06812
2026-07-25 08:00,POI016,고덕역,여유,1500,2000,37.5550721,127.1550065
2026-07-25 08:00,POI017,고속터미널역,여유,5500,6000,37.5050827,127.0049777
2026-07-25 08:00,POI018,교대역,여유,10000,12000,37.494178,127.015909
2026-07-25 08:00,POI019,구로디지털단지역,여유,5000,5500,37.4853417,126.9068128
2026-07-25 08:00,POI020,구로역,여유,1500,2000,37.5000903,126.8829924
2026-07-25 08:00,POI021,군자역,여유,3500,4000,37.558149,127.077839
2026-07-25 08:00,POI023,대림역,보통,16000,18000,37.4908703,126.8936859
2026-07-25 08:00,POI024,동대문역,여유,2000,2500,37.5718616,127.0114887
2026-07-25 08:00,POI025,뚝섬역,여유,5000,5500,37.5475031,127.0461973
2026-07-25 08:00,POI026,미아사거리역,여유,5000,5500,37.61175,127.03044
2026-07-25 08:00,POI055,홍대입구역(2호선),여유,7500,8000,37.5574135,126.9238
2026-07-25 08:00,POI088,광화문광장,여유,2000,2500,37.5759194,126.9768
2026-07-25 08:00,POI119,잠실역,여유,4500,5000,37.5127453,127.0973
2026-07-25 12:00,POI006,종로·청계 관광특구,약간 붐빔,34000,36000,37.5702856,126.9903626
2026-07-25 12:00,POI007,홍대 관광특구,여유,62000,64000,37.5574135,126.9238
2026-07-25 12:00,POI008,경복궁,여유,1000,1500,37.579754,126.9766818
2026-07-25 12:00,POI009,광화문·덕수궁,여유,30000,32000,37.5759194,126.9768
2026-07-25 12:00,POI010,보신각,약간 붐빔,12000,14000,37.5698518,126.9836102
2026-07-25 12:00,POI011,서울 암사동 유적,여유,300,400,37.5610203,127.1306288
2026-07-25 12:00,POI012,창덕궁·종묘,여유,10000,12000,37.5823872,126.9917013
2026-07-25 12:00,POI013,가산디지털단지역,보통,14000,16000,37.480819,126.8816358
2026-07-25 12:00,POI014,강남역,붐빔,66000,68000,37.5002304,127.0268054
2026-07-25 12:00,POI015,건대입구역,여유,24000,26000,37.54088,127.06812
2026-07-25 12:00,POI016,고덕역,보통,5000,5500,37.5550721,127.1550065
2026-07-25 12:00,POI017,고속터미널역,붐빔,28000,30000,37.5050827,127.0049777
2026-07-25 12:00,POI018,교대역,보통,18000,20000,37.494178,127.015909
2026-07-25 12:00,POI019,구로디지털단지역,보통,10000,12000,37.4853417,126.9068128
2026-07-25 12:00,POI020,구로역,여유,2500,3000,37.5000903,126.8829924
2026-07-25 12:00,POI021,군자역,여유,6000,6500,37.558149,127.077839
2026-07-25 12:00,POI023,대림역,여유,14000,16000,37.4908703,126.8936859
2026-07-25 12:00,POI024,동대문역,보통,8000,8500,37.5718616,127.0114887
2026-07-25 12:00,POI025,뚝섬역,보통,9000,9500,37.5475031,127.0461973
2026-07-25 12:00,POI026,미아사거리역,보통,12000,14000,37.61175,127.03044
2026-07-25 12:00,POI055,홍대입구역(2호선),보통,16000,18000,37.5574135,126.9238
2026-07-25 12:00,POI088,광화문광장,보통,6000,6500,37.5759194,126.9768
2026-07-25 12:00,POI119,잠실역,약간 붐빔,32000,34000,37.5127453,127.0973
2026-07-25 20:00,POI006,종로·청계 관광특구,보통,28000,30000,37.5702856,126.9903626
2026-07-25 20:00,POI007,홍대 관광특구,약간 붐빔,92000,94000,37.5574135,126.9238
2026-07-25 20:00,POI008,경복궁,여유,1000,1500,37.579754,126.9766818
2026-07-25 20:00,POI009,광화문·덕수궁,여유,22000,24000,37.5759194,126.9768
2026-07-25 20:00,POI010,보신각,약간 붐빔,10000,12000,37.5698518,126.9836102
2026-07-25 20:00,POI011,서울 암사동 유적,여유,300,400,37.5610203,127.1306288
2026-07-25 20:00,POI012,창덕궁·종묘,보통,8500,9000,37.5823872,126.9917013
2026-07-25 20:00,POI013,가산디지털단지역,여유,10000,12000,37.480819,126.8816358
2026-07-25 20:00,POI014,강남역,붐빔,66000,68000,37.5002304,127.0268054
2026-07-25 20:00,POI015,건대입구역,붐빔,32000,34000,37.54088,127.06812
2026-07-25 20:00,POI016,고덕역,여유,4000,4500,37.5550721,127.1550065
2026-07-25 20:00,POI017,고속터미널역,약간 붐빔,22000,24000,37.5050827,127.0049777
2026-07-25 20:00,POI018,교대역,여유,14000,16000,37.494178,127.015909
2026-07-25 20:00,POI019,구로디지털단지역,보통,10000,12000,37.4853417,126.9068128
2026-07-25 20:00,POI020,구로역,여유,2000,2500,37.5000903,126.8829924
2026-07-25 20:00,POI021,군자역,약간 붐빔,8500,9000,37.558149,127.077839
2026-07-25 20:00,POI023,대림역,여유,16000,18000,37.4908703,126.8936859
2026-07-25 20:00,POI024,동대문역,여유,5500,6000,37.5718616,127.0114887
2026-07-25 20:00,POI025,뚝섬역,여유,8500,9000,37.5475031,127.0461973
2026-07-25 20:00,POI026,미아사거리역,보통,10000,12000,37.61175,127.03044
2026-07-25 20:00,POI055,홍대입구역(2호선),붐빔,22000,24000,37.5574135,126.9238
2026-07-25 20:00,POI088,광화문광장,보통,5000,5500,37.5759194,126.9768
2026-07-25 20:00,POI119,잠실역,약간 붐빔,40000,42000,37.5127453,127.0973
2026-07-25 22:00,POI006,종로·청계 관광특구,여유,18000,20000,37.5702856,126.9903626
2026-07-25 22:00,POI007,홍대 관광특구,여유,70000,72000,37.5574135,126.9238
2026-07-25 22:00,POI008,경복궁,여유,600,700,37.579754,126.9766818
2026-07-25 22:00,POI009,광화문·덕수궁,여유,10000,12000,37.5759194,126.9768
2026-07-25 22:00,POI010,보신각,여유,6500,7000,37.5698518,126.9836102
2026-07-25 22:00,POI011,서울 암사동 유적,여유,300,400,37.5610203,127.1306288
2026-07-25 22:00,POI012,창덕궁·종묘,여유,6000,6500,37.5823872,126.9917013
2026-07-25 22:00,POI013,가산디지털단지역,여유,7500,8000,37.480819,126.8816358
2026-07-25 22:00,POI014,강남역,여유,46000,48000,37.5002304,127.0268054
2026-07-25 22:00,POI015,건대입구역,보통,28000,30000,37.54088,127.06812
2026-07-25 22:00,POI016,고덕역,여유,2000,2500,37.5550721,127.1550065
2026-07-25 22:00,POI017,고속터미널역,여유,7000,7500,37.5050827,127.0049777
2026-07-25 22:00,POI018,교대역,여유,10000,12000,37.494178,127.015909
2026-07-25 22:00,POI019,구로디지털단지역,여유,8000,8500,37.4853417,126.9068128
2026-07-25 22:00,POI020,구로역,여유,1500,2000,37.5000903,126.8829924
2026-07-25 22:00,POI021,군자역,여유,7000,7500,37.558149,127.077839
2026-07-25 22:00,POI023,대림역,보통,16000,18000,37.4908703,126.8936859
2026-07-25 22:00,POI024,동대문역,여유,3500,4000,37.5718616,127.0114887
2026-07-25 22:00,POI025,뚝섬역,여유,6000,6500,37.5475031,127.0461973
2026-07-25 22:00,POI026,미아사거리역,여유,7500,8000,37.61175,127.03044
2026-07-25 22:00,POI055,홍대입구역(2호선),보통,16000,18000,37.5574135,126.9238
2026-07-25 22:00,POI088,광화문광장,여유,3000,3500,37.5759194,126.9768
2026-07-25 22:00,POI119,잠실역,여유,10000,12000,37.5127453,127.0973
2026-07-26 00:00,POI006,종로·청계 관광특구,여유,14000,16000,37.5702856,126.9903626
2026-07-26 00:00,POI007,홍대 관광특구,여유,54000,56000,37.5574135,126.9238
2026-07-26 00:00,POI008,경복궁,여유,500,600,37.579754,126.9766818
2026-07-26 00:00,POI009,광화문·덕수궁,여유,7000,7500,37.5759194,126.9768
2026-07-26 00:00,POI010,보신각,여유,4000,4500,37.5698518,126.9836102
2026-07-26 00:00,POI011,서울 암사동 유적,여유,300,400,37.5610203,127.1306288
2026-07-26 00:00,POI012,창덕궁·종묘,여유,4500,5000,37.5823872,126.9917013
2026-07-26 00:00,POI013,가산디지털단지역,여유,6000,6500,37.480819,126.8816358
2026-07-26 00:00,POI014,강남역,여유,34000,36000,37.5002304,127.0268054
2026-07-26 00:00,POI015,건대입구역,여유,24000,26000,37.54088,127.06812
2026-07-26 00:00,POI016,고덕역,여유,1500,2000,37.5550721,127.1550065
2026-07-26 00:00,POI017,고속터미널역,여유,3500,4000,37.5050827,127.0049777
2026-07-26 00:00,POI018,교대역,여유,8500,9000,37.494178,127.015909
2026-07-26 00:00,POI019,구로디지털단지역,여유,6500,7000,37.4853417,126.9068128
2026-07-26 00:00,POI020,구로역,여유,1000,1500,37.5000903,126.8829924
2026-07-26 00:00,POI021,군자역,여유,5500,6000,37.558149,127.077839
2026-07-26 00:00,POI023,대림역,보통,16000,18000,37.4908703,126.8936859
2026-07-26 00:00,POI024,동대문역,여유,2500,3000,37.5718616,127.0114887
2026-07-26 00:00,POI025,뚝섬역,여유,5500,6000,37.5475031,127.0461973
2026-07-26 00:00,POI026,미아사거리역,여유,5500,6000,37.61175,127.03044
2026-07-26 00:00,POI055,홍대입구역(2호선),여유,10000,12000,37.5574135,126.9238
2026-07-26 00:00,POI088,광화문광장,여유,1000,1500,37.5759194,126.9768
2026-07-26 00:00,POI119,잠실역,여유,5500,6000,37.5127453,127.0973
2026-07-26 02:00,POI006,종로·청계 관광특구,여유,10000,12000,37.5702856,126.9903626
2026-07-26 02:00,POI007,홍대 관광특구,여유,44000,46000,37.5574135,126.9238
2026-07-26 02:00,POI008,경복궁,여유,300,400,37.579754,126.9766818
2026-07-26 02:00,POI009,광화문·덕수궁,여유,3500,4000,37.5759194,126.9768
2026-07-26 02:00,POI010,보신각,여유,2500,3000,37.5698518,126.9836102
2026-07-26 02:00,POI011,서울 암사동 유적,여유,300,400,37.5610203,127.1306288
2026-07-26 02:00,POI012,창덕궁·종묘,여유,3500,4000,37.5823872,126.9917013
2026-07-26 02:00,POI013,가산디지털단지역,여유,4500,5000,37.480819,126.8816358
2026-07-26 02:00,POI014,강남역,여유,26000,28000,37.5002304,127.0268054
2026-07-26 02:00,POI015,건대입구역,여유,18000,20000,37.54088,127.06812
2026-07-26 02:00,POI016,고덕역,여유,1000,1500,37.5550721,127.1550065
2026-07-26 02:00,POI017,고속터미널역,여유,1500,2000,37.5050827,127.0049777
2026-07-26 02:00,POI018,교대역,여유,6500,7000,37.494178,127.015909
2026-07-26 02:00,POI019,구로디지털단지역,여유,5500,6000,37.4853417,126.9068128
2026-07-26 02:00,POI020,구로역,여유,800,900,37.5000903,126.8829924
2026-07-26 02:00,POI021,군자역,여유,4000,4500,37.558149,127.077839
2026-07-26 02:00,POI023,대림역,보통,16000,18000,37.4908703,126.8936859
2026-07-26 02:00,POI024,동대문역,여유,1500,2000,37.5718616,127.0114887
2026-07-26 02:00,POI025,뚝섬역,여유,4000,4500,37.5475031,127.0461973
2026-07-26 02:00,POI026,미아사거리역,여유,4000,4500,37.61175,127.03044
2026-07-26 02:00,POI055,홍대입구역(2호선),여유,8000,8500,37.5574135,126.9238
2026-07-26 02:00,POI088,광화문광장,여유,800,900,37.5759194,126.9768
2026-07-26 02:00,POI119,잠실역,여유,3000,3500,37.5127453,127.0973
2026-07-26 06:00,POI006,종로·청계 관광특구,여유,8000,8500,37.5702856,126.9903626
2026-07-26 06:00,POI007,홍대 관광특구,여유,34000,36000,37.5574135,126.9238
2026-07-26 06:00,POI008,경복궁,여유,100,200,37.579754,126.9766818
2026-07-26 06:00,POI009,광화문·덕수궁,여유,3000,3500,37.5759194,126.9768
2026-07-26 06:00,POI010,보신각,여유,1000,1500,37.5698518,126.9836102
2026-07-26 06:00,POI011,서울 암사동 유적,여유,300,400,37.5610203,127.1306288
2026-07-26 06:00,POI012,창덕궁·종묘,여유,3000,3500,37.5823872,126.9917013
2026-07-26 06:00,POI013,가산디지털단지역,여유,4500,5000,37.480819,126.8816358
2026-07-26 06:00,POI014,강남역,여유,18000,20000,37.5002304,127.0268054
2026-07-26 06:00,POI015,건대입구역,여유,14000,16000,37.54088,127.06812
2026-07-26 06:00,POI016,고덕역,여유,1000,1500,37.5550721,127.1550065
2026-07-26 06:00,POI017,고속터미널역,여유,1500,2000,37.5050827,127.0049777
2026-07-26 06:00,POI018,교대역,여유,3500,4000,37.494178,127.015909
2026-07-26 06:00,POI019,구로디지털단지역,여유,4000,4500,37.4853417,126.9068128
2026-07-26 06:00,POI020,구로역,여유,800,900,37.5000903,126.8829924
2026-07-26 06:00,POI021,군자역,여유,3000,3500,37.558149,127.077839
2026-07-26 06:00,POI023,대림역,보통,16000,18000,37.4908703,126.8936859
2026-07-26 06:00,POI024,동대문역,여유,1000,1500,37.5718616,127.0114887
2026-07-26 06:00,POI025,뚝섬역,여유,3500,4000,37.5475031,127.0461973
2026-07-26 06:00,POI026,미아사거리역,여유,3000,3500,37.61175,127.03044
2026-07-26 06:00,POI055,홍대입구역(2호선),여유,10000,12000,37.5574135,126.9238
2026-07-26 06:00,POI088,광화문광장,여유,600,700,37.5759194,126.9768
2026-07-26 06:00,POI119,잠실역,여유,2500,3000,37.5127453,127.0973
2026-07-26 07:00,POI006,종로·청계 관광특구,여유,9000,9500,37.5702856,126.9903626
2026-07-26 07:00,POI007,홍대 관광특구,여유,32000,34000,37.5574135,126.9238
2026-07-26 07:00,POI008,경복궁,여유,100,200,37.579754,126.9766818
2026-07-26 07:00,POI009,광화문·덕수궁,여유,4000,4500,37.5759194,126.9768
2026-07-26 07:00,POI010,보신각,여유,1500,2000,37.5698518,126.9836102
2026-07-26 07:00,POI011,서울 암사동 유적,여유,300,400,37.5610203,127.1306288
2026-07-26 07:00,POI012,창덕궁·종묘,여유,3000,3500,37.5823872,126.9917013
2026-07-26 07:00,POI013,가산디지털단지역,여유,5500,6000,37.480819,126.8816358
2026-07-26 07:00,POI014,강남역,여유,18000,20000,37.5002304,127.0268054
2026-07-26 07:00,POI015,건대입구역,여유,14000,16000,37.54088,127.06812
2026-07-26 07:00,POI016,고덕역,여유,1000,1500,37.5550721,127.1550065
2026-07-26 07:00,POI017,고속터미널역,여유,2500,3000,37.5050827,127.0049777
2026-07-26 07:00,POI018,교대역,여유,3500,4000,37.494178,127.015909
2026-07-26 07:00,POI019,구로디지털단지역,여유,4000,4500,37.4853417,126.9068128
2026-07-26 07:00,POI020,구로역,여유,1000,1500,37.5000903,126.8829924
2026-07-26 07:00,POI021,군자역,여유,3500,4000,37.558149,127.077839
2026-07-26 07:00,POI023,대림역,보통,16000,18000,37.4908703,126.8936859
2026-07-26 07:00,POI024,동대문역,여유,1500,2000,37.5718616,127.0114887
2026-07-26 07:00,POI025,뚝섬역,여유,4000,4500,37.5475031,127.0461973
2026-07-26 07:00,POI026,미아사거리역,여유,3500,4000,37.61175,127.03044
2026-07-26 07:00,POI055,홍대입구역(2호선),여유,10000,12000,37.5574135,126.9238
2026-07-26 07:00,POI088,광화문광장,여유,700,800,37.5759194,126.9768
2026-07-26 07:00,POI119,잠실역,여유,3000,3500,37.5127453,127.0973
2026-07-26 08:00,POI006,종로·청계 관광특구,여유,12000,14000,37.5702856,126.9903626
2026-07-26 08:00,POI007,홍대 관광특구,여유,32000,34000,37.5574135,126.9238
2026-07-26 08:00,POI008,경복궁,여유,500,600,37.579754,126.9766818
2026-07-26 08:00,POI009,광화문·덕수궁,여유,8500,9000,37.5759194,126.9768
2026-07-26 08:00,POI010,보신각,여유,3000,3500,37.5698518,126.9836102
2026-07-26 08:00,POI011,서울 암사동 유적,여유,300,400,37.5610203,127.1306288
2026-07-26 08:00,POI012,창덕궁·종묘,여유,4000,4500,37.5823872,126.9917013
2026-07-26 08:00,POI013,가산디지털단지역,여유,6000,6500,37.480819,126.8816358
2026-07-26 08:00,POI014,강남역,여유,26000,28000,37.5002304,127.0268054
2026-07-26 08:00,POI015,건대입구역,여유,16000,18000,37.54088,127.06812
2026-07-26 08:00,POI016,고덕역,여유,1000,1500,37.5550721,127.1550065
2026-07-26 08:00,POI017,고속터미널역,여유,3500,4000,37.5050827,127.0049777
2026-07-26 08:00,POI018,교대역,여유,9500,10000,37.494178,127.015909
2026-07-26 08:00,POI019,구로디지털단지역,여유,4000,4500,37.4853417,126.9068128
2026-07-26 08:00,POI020,구로역,여유,1000,1500,37.5000903,126.8829924
2026-07-26 08:00,POI021,군자역,여유,3500,4000,37.558149,127.077839
2026-07-26 08:00,POI023,대림역,보통,16000,18000,37.4908703,126.8936859
2026-07-26 08:00,POI024,동대문역,여유,2000,2500,37.5718616,127.0114887
2026-07-26 08:00,POI025,뚝섬역,여유,5000,5500,37.5475031,127.0461973
2026-07-26 08:00,POI026,미아사거리역,여유,3500,4000,37.61175,127.03044
2026-07-26 08:00,POI055,홍대입구역(2호선),여유,7500,8000,37.5574135,126.9238
2026-07-26 08:00,POI088,광화문광장,여유,1500,2000,37.5759194,126.9768
2026-07-26 08:00,POI119,잠실역,여유,3500,4000,37.5127453,127.0973
2026-07-26 12:00,POI006,종로·청계 관광특구,보통,30000,32000,37.5702856,126.9903626
2026-07-26 12:00,POI007,홍대 관광특구,여유,62000,64000,37.5574135,126.9238
2026-07-26 12:00,POI008,경복궁,보통,1500,2000,37.579754,126.9766818
2026-07-26 12:00,POI009,광화문·덕수궁,여유,28000,30000,37.5759194,126.9768
2026-07-26 12:00,POI010,보신각,약간 붐빔,12000,14000,37.5698518,126.9836102
2026-07-26 12:00,POI011,서울 암사동 유적,여유,300,400,37.5610203,127.1306288
2026-07-26 12:00,POI012,창덕궁·종묘,여유,9000,9500,37.5823872,126.9917013
2026-07-26 12:00,POI013,가산디지털단지역,여유,10000,12000,37.480819,126.8816358
2026-07-26 12:00,POI014,강남역,붐빔,58000,60000,37.5002304,127.0268054
2026-07-26 12:00,POI015,건대입구역,여유,24000,26000,37.54088,127.06812
2026-07-26 12:00,POI016,고덕역,여유,2500,3000,37.5550721,127.1550065
2026-07-26 12:00,POI017,고속터미널역,약간 붐빔,24000,26000,37.5050827,127.0049777
2026-07-26 12:00,POI018,교대역,보통,18000,20000,37.494178,127.015909
2026-07-26 12:00,POI019,구로디지털단지역,여유,8000,8500,37.4853417,126.9068128
2026-07-26 12:00,POI020,구로역,여유,2500,3000,37.5000903,126.8829924
2026-07-26 12:00,POI021,군자역,여유,5500,6000,37.558149,127.077839
2026-07-26 12:00,POI023,대림역,여유,14000,16000,37.4908703,126.8936859
2026-07-26 12:00,POI024,동대문역,여유,5500,6000,37.5718616,127.0114887
2026-07-26 12:00,POI025,뚝섬역,여유,9000,9500,37.5475031,127.0461973
2026-07-26 12:00,POI026,미아사거리역,여유,9000,9500,37.61175,127.03044
2026-07-26 12:00,POI055,홍대입구역(2호선),여유,14000,16000,37.5574135,126.9238
2026-07-26 12:00,POI088,광화문광장,보통,5500,6000,37.5759194,126.9768
2026-07-26 12:00,POI119,잠실역,보통,32000,34000,37.5127453,127.0973
2026-07-26 15:00,POI006,종로·청계 관광특구,약간 붐빔,36000,38000,37.5702856,126.9903626
2026-07-26 15:00,POI007,홍대 관광특구,보통,82000,84000,37.5574135,126.9238
2026-07-26 15:00,POI008,경복궁,보통,1500,2000,37.579754,126.9766818
2026-07-26 15:00,POI009,광화문·덕수궁,여유,32000,34000,37.5759194,126.9768
2026-07-26 15:00,POI010,보신각,약간 붐빔,16000,18000,37.5698518,126.9836102
2026-07-26 15:00,POI011,서울 암사동 유적,여유,300,400,37.5610203,127.1306288
2026-07-26 15:00,POI012,창덕궁·종묘,약간 붐빔,10000,12000,37.5823872,126.9917013
2026-07-26 15:00,POI013,가산디지털단지역,약간 붐빔,12000,14000,37.480819,126.8816358
2026-07-26 15:00,POI014,강남역,붐빔,68000,70000,37.5002304,127.0268054
2026-07-26 15:00,POI015,건대입구역,보통,26000,28000,37.54088,127.06812
2026-07-26 15:00,POI016,고덕역,여유,3500,4000,37.5550721,127.1550065
2026-07-26 15:00,POI017,고속터미널역,붐빔,32000,34000,37.5050827,127.0049777
2026-07-26 15:00,POI018,교대역,보통,18000,20000,37.494178,127.015909
2026-07-26 15:00,POI019,구로디지털단지역,여유,8500,9000,37.4853417,126.9068128
2026-07-26 15:00,POI020,구로역,여유,2000,2500,37.5000903,126.8829924
2026-07-26 15:00,POI021,군자역,여유,6000,6500,37.558149,127.077839
2026-07-26 15:00,POI023,대림역,여유,14000,16000,37.4908703,126.8936859
2026-07-26 15:00,POI024,동대문역,여유,6000,6500,37.5718616,127.0114887
2026-07-26 15:00,POI025,뚝섬역,보통,10000,12000,37.5475031,127.0461973
2026-07-26 15:00,POI026,미아사거리역,보통,10000,12000,37.61175,127.03044
2026-07-26 15:00,POI055,홍대입구역(2호선),약간 붐빔,20000,22000,37.5574135,126.9238
2026-07-26 15:00,POI088,광화문광장,약간 붐빔,7000,7500,37.5759194,126.9768
2026-07-26 15:00,POI119,잠실역,붐빔,54000,56000,37.5127453,127.0973
2026-07-26 18:00,POI006,종로·청계 관광특구,보통,32000,34000,37.5702856,126.9903626
2026-07-26 18:00,POI007,홍대 관광특구,보통,86000,88000,37.5574135,126.9238
2026-07-26 18:00,POI008,경복궁,보통,1500,2000,37.579754,126.9766818
2026-07-26 18:00,POI009,광화문·덕수궁,여유,28000,30000,37.5759194,126.9768
2026-07-26 18:00,POI010,보신각,약간 붐빔,14000,16000,37.5698518,126.9836102
2026-07-26 18:00,POI011,서울 암사동 유적,여유,300,400,37.5610203,127.1306288
2026-07-26 18:00,POI012,창덕궁·종묘,보통,9500,10000,37.5823872,126.9917013
2026-07-26 18:00,POI013,가산디지털단지역,보통,12000,14000,37.480819,126.8816358
2026-07-26 18:00,POI014,강남역,붐빔,68000,70000,37.5002304,127.0268054
2026-07-26 18:00,POI015,건대입구역,약간 붐빔,28000,30000,37.54088,127.06812
2026-07-26 18:00,POI016,고덕역,여유,3500,4000,37.5550721,127.1550065
2026-07-26 18:00,POI017,고속터미널역,붐빔,30000,32000,37.5050827,127.0049777
2026-07-26 18:00,POI018,교대역,여유,16000,18000,37.494178,127.015909
2026-07-26 18:00,POI019,구로디지털단지역,보통,9000,9500,37.4853417,126.9068128
2026-07-26 18:00,POI020,구로역,여유,2000,2500,37.5000903,126.8829924
2026-07-26 18:00,POI021,군자역,여유,6500,7000,37.558149,127.077839
2026-07-26 18:00,POI023,대림역,여유,14000,16000,37.4908703,126.8936859
2026-07-26 18:00,POI024,동대문역,여유,5000,5500,37.5718616,127.0114887
2026-07-26 18:00,POI025,뚝섬역,보통,10000,12000,37.5475031,127.0461973
2026-07-26 18:00,POI026,미아사거리역,보통,10000,12000,37.61175,127.03044
2026-07-26 18:00,POI055,홍대입구역(2호선),약간 붐빔,22000,24000,37.5574135,126.9238
2026-07-26 18:00,POI088,광화문광장,약간 붐빔,6500,7000,37.5759194,126.9768
2026-07-26 18:00,POI119,잠실역,붐빔,46000,48000,37.5127453,127.0973
2026-07-26 20:00,POI006,종로·청계 관광특구,여유,24000,26000,37.5702856,126.9903626
2026-07-26 20:00,POI007,홍대 관광특구,보통,82000,84000,37.5574135,126.9238
2026-07-26 20:00,POI008,경복궁,여유,1000,1500,37.579754,126.9766818
2026-07-26 20:00,POI009,광화문·덕수궁,여유,20000,22000,37.5759194,126.9768
2026-07-26 20:00,POI010,보신각,약간 붐빔,10000,12000,37.5698518,126.9836102
2026-07-26 20:00,POI011,서울 암사동 유적,여유,300,400,37.5610203,127.1306288
2026-07-26 20:00,POI012,창덕궁·종묘,여유,7000,7500,37.5823872,126.9917013
2026-07-26 20:00,POI013,가산디지털단지역,여유,10000,12000,37.480819,126.8816358
2026-07-26 20:00,POI014,강남역,보통,58000,60000,37.5002304,127.0268054
2026-07-26 20:00,POI015,건대입구역,약간 붐빔,30000,32000,37.54088,127.06812
2026-07-26 20:00,POI016,고덕역,여유,3500,4000,37.5550721,127.1550065
2026-07-26 20:00,POI017,고속터미널역,약간 붐빔,20000,22000,37.5050827,127.0049777
2026-07-26 20:00,POI018,교대역,여유,14000,16000,37.494178,127.015909
2026-07-26 20:00,POI019,구로디지털단지역,여유,8500,9000,37.4853417,126.9068128
2026-07-26 20:00,POI020,구로역,여유,2000,2500,37.5000903,126.8829924
2026-07-26 20:00,POI021,군자역,여유,6500,7000,37.558149,127.077839
2026-07-26 20:00,POI023,대림역,여유,16000,18000,37.4908703,126.8936859
2026-07-26 20:00,POI024,동대문역,여유,4000,4500,37.5718616,127.0114887
2026-07-26 20:00,POI025,뚝섬역,여유,8000,8500,37.5475031,127.0461973
2026-07-26 20:00,POI026,미아사거리역,여유,9000,9500,37.61175,127.03044
2026-07-26 20:00,POI055,홍대입구역(2호선),약간 붐빔,20000,22000,37.5574135,126.9238
2026-07-26 20:00,POI088,광화문광장,여유,4500,5000,37.5759194,126.9768
2026-07-26 20:00,POI119,잠실역,약간 붐빔,32000,34000,37.5127453,127.0973
2026-07-26 22:00,POI006,종로·청계 관광특구,여유,16000,18000,37.5702856,126.9903626
2026-07-26 22:00,POI007,홍대 관광특구,여유,60000,62000,37.5574135,126.9238
2026-07-26 22:00,POI008,경복궁,여유,600,700,37.579754,126.9766818
2026-07-26 22:00,POI009,광화문·덕수궁,여유,10000,12000,37.5759194,126.9768
2026-07-26 22:00,POI010,보신각,여유,5500,6000,37.5698518,126.9836102
2026-07-26 22:00,POI011,서울 암사동 유적,여유,300,400,37.5610203,127.1306288
2026-07-26 22:00,POI012,창덕궁·종묘,여유,5000,5500,37.5823872,126.9917013
2026-07-26 22:00,POI013,가산디지털단지역,여유,7500,8000,37.480819,126.8816358
2026-07-26 22:00,POI014,강남역,여유,40000,42000,37.5002304,127.0268054
2026-07-26 22:00,POI015,건대입구역,여유,26000,28000,37.54088,127.06812
2026-07-26 22:00,POI016,고덕역,여유,2000,2500,37.5550721,127.1550065
2026-07-26 22:00,POI017,고속터미널역,여유,7000,7500,37.5050827,127.0049777
2026-07-26 22:00,POI018,교대역,여유,9500,10000,37.494178,127.015909
2026-07-26 22:00,POI019,구로디지털단지역,여유,6500,7000,37.4853417,126.9068128
2026-07-26 22:00,POI020,구로역,여유,1000,1500,37.5000903,126.8829924
2026-07-26 22:00,POI021,군자역,여유,5000,5500,37.558149,127.077839
2026-07-26 22:00,POI023,대림역,보통,16000,18000,37.4908703,126.8936859
2026-07-26 22:00,POI024,동대문역,여유,3000,3500,37.5718616,127.0114887
2026-07-26 22:00,POI025,뚝섬역,여유,6000,6500,37.5475031,127.0461973
2026-07-26 22:00,POI026,미아사거리역,여유,5500,6000,37.61175,127.03044
2026-07-26 22:00,POI055,홍대입구역(2호선),여유,14000,16000,37.5574135,126.9238
2026-07-26 22:00,POI088,광화문광장,여유,2500,3000,37.5759194,126.9768
2026-07-26 22:00,POI119,잠실역,여유,10000,12000,37.5127453,127.0973
2026-07-27 00:00,POI006,종로·청계 관광특구,여유,12000,14000,37.5702856,126.9903626
2026-07-27 00:00,POI007,홍대 관광특구,여유,44000,46000,37.5574135,126.9238
2026-07-27 00:00,POI008,경복궁,여유,500,600,37.579754,126.9766818
2026-07-27 00:00,POI009,광화문·덕수궁,여유,6000,6500,37.5759194,126.9768
2026-07-27 00:00,POI010,보신각,여유,3000,3500,37.5698518,126.9836102
2026-07-27 00:00,POI011,서울 암사동 유적,여유,300,400,37.5610203,127.1306288
2026-07-27 00:00,POI012,창덕궁·종묘,여유,3500,4000,37.5823872,126.9917013
2026-07-27 00:00,POI013,가산디지털단지역,여유,6000,6500,37.480819,126.8816358
2026-07-27 00:00,POI014,강남역,여유,30000,32000,37.5002304,127.0268054
2026-07-27 00:00,POI015,건대입구역,여유,22000,24000,37.54088,127.06812
2026-07-27 00:00,POI016,고덕역,여유,1500,2000,37.5550721,127.1550065
2026-07-27 00:00,POI017,고속터미널역,여유,3000,3500,37.5050827,127.0049777
2026-07-27 00:00,POI018,교대역,여유,8000,8500,37.494178,127.015909
2026-07-27 00:00,POI019,구로디지털단지역,여유,5000,5500,37.4853417,126.9068128
2026-07-27 00:00,POI020,구로역,여유,1000,1500,37.5000903,126.8829924
2026-07-27 00:00,POI021,군자역,여유,4000,4500,37.558149,127.077839
2026-07-27 00:00,POI023,대림역,보통,16000,18000,37.4908703,126.8936859
2026-07-27 00:00,POI024,동대문역,여유,2000,2500,37.5718616,127.0114887
2026-07-27 00:00,POI025,뚝섬역,여유,5000,5500,37.5475031,127.0461973
2026-07-27 00:00,POI026,미아사거리역,여유,4000,4500,37.61175,127.03044
2026-07-27 00:00,POI055,홍대입구역(2호선),여유,9500,10000,37.5574135,126.9238
2026-07-27 00:00,POI088,광화문광장,여유,1000,1500,37.5759194,126.9768
2026-07-27 00:00,POI119,잠실역,여유,4000,4500,37.5127453,127.0973
2026-07-27 02:00,POI006,종로·청계 관광특구,여유,9500,10000,37.5702856,126.9903626
2026-07-27 02:00,POI007,홍대 관광특구,여유,36000,38000,37.5574135,126.9238
2026-07-27 02:00,POI008,경복궁,여유,200,300,37.579754,126.9766818
2026-07-27 02:00,POI009,광화문·덕수궁,여유,3500,4000,37.5759194,126.9768
2026-07-27 02:00,POI010,보신각,여유,2000,2500,37.5698518,126.9836102
2026-07-27 02:00,POI011,서울 암사동 유적,여유,300,400,37.5610203,127.1306288
2026-07-27 02:00,POI012,창덕궁·종묘,여유,3000,3500,37.5823872,126.9917013
2026-07-27 02:00,POI013,가산디지털단지역,여유,4500,5000,37.480819,126.8816358
2026-07-27 02:00,POI014,강남역,여유,22000,24000,37.5002304,127.0268054
2026-07-27 02:00,POI015,건대입구역,여유,16000,18000,37.54088,127.06812
2026-07-27 02:00,POI016,고덕역,여유,1500,2000,37.5550721,127.1550065
2026-07-27 02:00,POI017,고속터미널역,여유,1500,2000,37.5050827,127.0049777
2026-07-27 02:00,POI018,교대역,여유,5500,6000,37.494178,127.015909
2026-07-27 02:00,POI019,구로디지털단지역,여유,4000,4500,37.4853417,126.9068128
2026-07-27 02:00,POI020,구로역,여유,900,1000,37.5000903,126.8829924
2026-07-27 02:00,POI021,군자역,여유,3500,4000,37.558149,127.077839
2026-07-27 02:00,POI023,대림역,보통,16000,18000,37.4908703,126.8936859
2026-07-27 02:00,POI024,동대문역,여유,1500,2000,37.5718616,127.0114887
2026-07-27 02:00,POI025,뚝섬역,여유,4000,4500,37.5475031,127.0461973
2026-07-27 02:00,POI026,미아사거리역,여유,3000,3500,37.61175,127.03044
2026-07-27 02:00,POI055,홍대입구역(2호선),여유,6500,7000,37.5574135,126.9238
2026-07-27 02:00,POI088,광화문광장,여유,800,900,37.5759194,126.9768
2026-07-27 02:00,POI119,잠실역,여유,2500,3000,37.5127453,127.0973
2026-07-27 04:00,POI006,종로·청계 관광특구,여유,8500,9000,37.5702856,126.9903626
2026-07-27 04:00,POI007,홍대 관광특구,여유,32000,34000,37.5574135,126.9238
2026-07-27 04:00,POI008,경복궁,여유,200,300,37.579754,126.9766818
2026-07-27 04:00,POI009,광화문·덕수궁,여유,3000,3500,37.5759194,126.9768
2026-07-27 04:00,POI010,보신각,여유,1500,2000,37.5698518,126.9836102
2026-07-27 04:00,POI011,서울 암사동 유적,여유,300,400,37.5610203,127.1306288
2026-07-27 04:00,POI012,창덕궁·종묘,여유,3000,3500,37.5823872,126.9917013
2026-07-27 04:00,POI013,가산디지털단지역,여유,5000,5500,37.480819,126.8816358
2026-07-27 04:00,POI014,강남역,여유,20000,22000,37.5002304,127.0268054
2026-07-27 04:00,POI015,건대입구역,여유,14000,16000,37.54088,127.06812
2026-07-27 04:00,POI016,고덕역,여유,1000,1500,37.5550721,127.1550065
2026-07-27 04:00,POI017,고속터미널역,여유,1500,2000,37.5050827,127.0049777
2026-07-27 04:00,POI018,교대역,여유,5500,6000,37.494178,127.015909
2026-07-27 04:00,POI019,구로디지털단지역,여유,4000,4500,37.4853417,126.9068128
2026-07-27 04:00,POI020,구로역,여유,900,1000,37.5000903,126.8829924
2026-07-27 04:00,POI021,군자역,여유,3000,3500,37.558149,127.077839
2026-07-27 04:00,POI023,대림역,보통,16000,18000,37.4908703,126.8936859
2026-07-27 04:00,POI024,동대문역,여유,1000,1500,37.5718616,127.0114887
2026-07-27 04:00,POI025,뚝섬역,여유,4000,4500,37.5475031,127.0461973
2026-07-27 04:00,POI026,미아사거리역,여유,3000,3500,37.61175,127.03044
2026-07-27 04:00,POI055,홍대입구역(2호선),여유,6000,6500,37.5574135,126.9238
2026-07-27 04:00,POI088,광화문광장,여유,600,700,37.5759194,126.9768
2026-07-27 04:00,POI119,잠실역,여유,2500,3000,37.5127453,127.0973
2026-07-27 06:00,POI006,종로·청계 관광특구,여유,9000,9500,37.5702856,126.9903626
2026-07-27 06:00,POI007,홍대 관광특구,여유,30000,32000,37.5574135,126.9238
2026-07-27 06:00,POI008,경복궁,여유,200,300,37.579754,126.9766818
2026-07-27 06:00,POI009,광화문·덕수궁,여유,4000,4500,37.5759194,126.9768
2026-07-27 06:00,POI010,보신각,여유,1500,2000,37.5698518,126.9836102
2026-07-27 06:00,POI011,서울 암사동 유적,여유,300,400,37.5610203,127.1306288
2026-07-27 06:00,POI012,창덕궁·종묘,여유,3000,3500,37.5823872,126.9917013
2026-07-27 06:00,POI013,가산디지털단지역,여유,6000,6500,37.480819,126.8816358
2026-07-27 06:00,POI014,강남역,여유,20000,22000,37.5002304,127.0268054
2026-07-27 06:00,POI015,건대입구역,여유,14000,16000,37.54088,127.06812
2026-07-27 06:00,POI016,고덕역,여유,1000,1500,37.5550721,127.1550065
2026-07-27 06:00,POI017,고속터미널역,여유,2000,2500,37.5050827,127.0049777
2026-07-27 06:00,POI018,교대역,여유,5500,6000,37.494178,127.015909
2026-07-27 06:00,POI019,구로디지털단지역,여유,4000,4500,37.4853417,126.9068128
2026-07-27 06:00,POI020,구로역,여유,1000,1500,37.5000903,126.8829924
2026-07-27 06:00,POI021,군자역,여유,3500,4000,37.558149,127.077839
2026-07-27 06:00,POI023,대림역,보통,16000,18000,37.4908703,126.8936859
2026-07-27 06:00,POI024,동대문역,여유,1500,2000,37.5718616,127.0114887
2026-07-27 06:00,POI025,뚝섬역,여유,4000,4500,37.5475031,127.0461973
2026-07-27 06:00,POI026,미아사거리역,여유,3500,4000,37.61175,127.03044
2026-07-27 06:00,POI055,홍대입구역(2호선),여유,6000,6500,37.5574135,126.9238
2026-07-27 06:00,POI088,광화문광장,여유,800,900,37.5759194,126.9768
2026-07-27 06:00,POI119,잠실역,여유,2500,3000,37.5127453,127.0973
2026-07-27 08:00,POI006,종로·청계 관광특구,여유,16000,18000,37.5702856,126.9903626
2026-07-27 08:00,POI007,홍대 관광특구,여유,34000,36000,37.5574135,126.9238
2026-07-27 08:00,POI008,경복궁,여유,700,800,37.579754,126.9766818
2026-07-27 08:00,POI009,광화문·덕수궁,여유,12000,14000,37.5759194,126.9768
2026-07-27 08:00,POI010,보신각,여유,4000,4500,37.5698518,126.9836102
2026-07-27 08:00,POI011,서울 암사동 유적,여유,300,400,37.5610203,127.1306288
2026-07-27 08:00,POI012,창덕궁·종묘,여유,5500,6000,37.5823872,126.9917013
2026-07-27 08:00,POI013,가산디지털단지역,여유,16000,18000,37.480819,126.8816358
2026-07-27 08:00,POI014,강남역,여유,32000,34000,37.5002304,127.0268054
2026-07-27 08:00,POI015,건대입구역,여유,20000,22000,37.54088,127.06812
2026-07-27 08:00,POI016,고덕역,여유,1500,2000,37.5550721,127.1550065
2026-07-27 08:00,POI017,고속터미널역,여유,8500,9000,37.5050827,127.0049777
2026-07-27 08:00,POI018,교대역,여유,10000,12000,37.494178,127.015909
2026-07-27 08:00,POI019,구로디지털단지역,여유,9000,9500,37.4853417,126.9068128
2026-07-27 08:00,POI020,구로역,보통,3500,4000,37.5000903,126.8829924
2026-07-27 08:00,POI021,군자역,여유,4000,4500,37.558149,127.077839
2026-07-27 08:00,POI023,대림역,여유,16000,18000,37.4908703,126.8936859
2026-07-27 08:00,POI024,동대문역,여유,5000,5500,37.5718616,127.0114887
2026-07-27 08:00,POI025,뚝섬역,여유,5500,6000,37.5475031,127.0461973
2026-07-27 08:00,POI026,미아사거리역,여유,7000,7500,37.61175,127.03044
2026-07-27 08:00,POI055,홍대입구역(2호선),여유,8500,9000,37.5574135,126.9238
2026-07-27 08:00,POI088,광화문광장,여유,3000,3500,37.5759194,126.9768
2026-07-27 08:00,POI119,잠실역,여유,7000,7500,37.5127453,127.0973
2026-07-27 12:00,POI006,종로·청계 관광특구,보통,42000,44000,37.5702856,126.9903626
2026-07-27 12:00,POI007,홍대 관광특구,여유,66000,68000,37.5574135,126.9238
2026-07-27 12:00,POI008,경복궁,보통,1500,2000,37.579754,126.9766818
2026-07-27 12:00,POI009,광화문·덕수궁,보통,42000,44000,37.5759194,126.9768
2026-07-27 12:00,POI010,보신각,보통,14000,16000,37.5698518,126.9836102
2026-07-27 12:00,POI011,서울 암사동 유적,여유,300,400,37.5610203,127.1306288
2026-07-27 12:00,POI012,창덕궁·종묘,보통,12000,14000,37.5823872,126.9917013
2026-07-27 12:00,POI013,가산디지털단지역,붐빔,40000,42000,37.480819,126.8816358
2026-07-27 12:00,POI014,강남역,약간 붐빔,82000,84000,37.5002304,127.0268054
2026-07-27 12:00,POI015,건대입구역,여유,24000,26000,37.54088,127.06812
2026-07-27 12:00,POI016,고덕역,여유,4000,4500,37.5550721,127.1550065
2026-07-27 12:00,POI017,고속터미널역,약간 붐빔,26000,28000,37.5050827,127.0049777
2026-07-27 12:00,POI018,교대역,보통,22000,24000,37.494178,127.015909
2026-07-27 12:00,POI019,구로디지털단지역,붐빔,38000,40000,37.4853417,126.9068128
2026-07-27 12:00,POI020,구로역,여유,2000,2500,37.5000903,126.8829924
2026-07-27 12:00,POI021,군자역,여유,6500,7000,37.558149,127.077839
2026-07-27 12:00,POI023,대림역,여유,14000,16000,37.4908703,126.8936859
2026-07-27 12:00,POI024,동대문역,보통,10000,12000,37.5718616,127.0114887
2026-07-27 12:00,POI025,뚝섬역,보통,10000,12000,37.5475031,127.0461973
2026-07-27 12:00,POI026,미아사거리역,보통,10000,12000,37.61175,127.03044
2026-07-27 12:00,POI055,홍대입구역(2호선),보통,16000,18000,37.5574135,126.9238
2026-07-27 12:00,POI088,광화문광장,보통,7500,8000,37.5759194,126.9768
2026-07-27 12:00,POI119,잠실역,약간 붐빔,34000,36000,37.5127453,127.0973
2026-07-27 20:00,POI006,종로·청계 관광특구,보통,28000,30000,37.5702856,126.9903626
2026-07-27 20:00,POI007,홍대 관광특구,보통,78000,80000,37.5574135,126.9238
2026-07-27 20:00,POI008,경복궁,여유,1000,1500,37.579754,126.9766818
2026-07-27 20:00,POI009,광화문·덕수궁,여유,22000,24000,37.5759194,126.9768
2026-07-27 20:00,POI010,보신각,보통,10000,12000,37.5698518,126.9836102
2026-07-27 20:00,POI011,서울 암사동 유적,여유,300,400,37.5610203,127.1306288
2026-07-27 20:00,POI012,창덕궁·종묘,여유,8000,8500,37.5823872,126.9917013
2026-07-27 20:00,POI013,가산디지털단지역,보통,18000,20000,37.480819,126.8816358
2026-07-27 20:00,POI014,강남역,보통,66000,68000,37.5002304,127.0268054
2026-07-27 20:00,POI015,건대입구역,보통,28000,30000,37.54088,127.06812
2026-07-27 20:00,POI016,고덕역,보통,4500,5000,37.5550721,127.1550065
2026-07-27 20:00,POI017,고속터미널역,보통,16000,18000,37.5050827,127.0049777
2026-07-27 20:00,POI018,교대역,여유,14000,16000,37.494178,127.015909
2026-07-27 20:00,POI019,구로디지털단지역,보통,14000,16000,37.4853417,126.9068128
2026-07-27 20:00,POI020,구로역,여유,2000,2500,37.5000903,126.8829924
2026-07-27 20:00,POI021,군자역,보통,8000,8500,37.558149,127.077839
2026-07-27 20:00,POI023,대림역,여유,16000,18000,37.4908703,126.8936859
2026-07-27 20:00,POI024,동대문역,여유,4500,5000,37.5718616,127.0114887
2026-07-27 20:00,POI025,뚝섬역,여유,8500,9000,37.5475031,127.0461973
2026-07-27 20:00,POI026,미아사거리역,여유,10000,12000,37.61175,127.03044
2026-07-27 20:00,POI055,홍대입구역(2호선),약간 붐빔,20000,22000,37.5574135,126.9238
2026-07-27 20:00,POI088,광화문광장,여유,4500,5000,37.5759194,126.9768
2026-07-27 20:00,POI119,잠실역,보통,28000,30000,37.5127453,127.0973
2026-07-27 23:00,POI006,종로·청계 관광특구,여유,14000,16000,37.5702856,126.9903626
2026-07-27 23:00,POI007,홍대 관광특구,여유,46000,48000,37.5574135,126.9238
2026-07-27 23:00,POI008,경복궁,여유,500,600,37.579754,126.9766818
2026-07-27 23:00,POI009,광화문·덕수궁,여유,7500,8000,37.5759194,126.9768
2026-07-27 23:00,POI010,보신각,여유,4000,4500,37.5698518,126.9836102
2026-07-27 23:00,POI011,서울 암사동 유적,여유,300,400,37.5610203,127.1306288
2026-07-27 23:00,POI012,창덕궁·종묘,여유,4000,4500,37.5823872,126.9917013
2026-07-27 23:00,POI013,가산디지털단지역,여유,7500,8000,37.480819,126.8816358
2026-07-27 23:00,POI014,강남역,여유,32000,34000,37.5002304,127.0268054
2026-07-27 23:00,POI015,건대입구역,여유,22000,24000,37.54088,127.06812
2026-07-27 23:00,POI016,고덕역,여유,1500,2000,37.5550721,127.1550065
2026-07-27 23:00,POI017,고속터미널역,여유,3000,3500,37.5050827,127.0049777
2026-07-27 23:00,POI018,교대역,여유,10000,12000,37.494178,127.015909
2026-07-27 23:00,POI019,구로디지털단지역,여유,6500,7000,37.4853417,126.9068128
2026-07-27 23:00,POI020,구로역,여유,1000,1500,37.5000903,126.8829924
2026-07-27 23:00,POI021,군자역,여유,4500,5000,37.558149,127.077839
2026-07-27 23:00,POI023,대림역,보통,16000,18000,37.4908703,126.8936859
2026-07-27 23:00,POI024,동대문역,여유,2500,3000,37.5718616,127.0114887
2026-07-27 23:00,POI025,뚝섬역,여유,5500,6000,37.5475031,127.0461973
2026-07-27 23:00,POI026,미아사거리역,여유,5000,5500,37.61175,127.03044
2026-07-27 23:00,POI055,홍대입구역(2호선),여유,10000,12000,37.5574135,126.9238
2026-07-27 23:00,POI088,광화문광장,여유,1500,2000,37.5759194,126.9768
2026-07-27 23:00,POI119,잠실역,여유,4500,5000,37.5127453,127.0973
2026-07-28 02:00,POI006,종로·청계 관광특구,여유,10000,12000,37.5702856,126.9903626
2026-07-28 02:00,POI007,홍대 관광특구,여유,36000,38000,37.5574135,126.9238
2026-07-28 02:00,POI008,경복궁,여유,200,300,37.579754,126.9766818
2026-07-28 02:00,POI009,광화문·덕수궁,여유,4000,4500,37.5759194,126.9768
2026-07-28 02:00,POI010,보신각,여유,2000,2500,37.5698518,126.9836102
2026-07-28 02:00,POI011,서울 암사동 유적,여유,300,400,37.5610203,127.1306288
2026-07-28 02:00,POI012,창덕궁·종묘,여유,3500,4000,37.5823872,126.9917013
2026-07-28 02:00,POI013,가산디지털단지역,여유,5000,5500,37.480819,126.8816358
2026-07-28 02:00,POI014,강남역,여유,22000,24000,37.5002304,127.0268054
2026-07-28 02:00,POI015,건대입구역,여유,16000,18000,37.54088,127.06812
2026-07-28 02:00,POI016,고덕역,여유,1500,2000,37.5550721,127.1550065
2026-07-28 02:00,POI017,고속터미널역,여유,1500,2000,37.5050827,127.0049777
2026-07-28 02:00,POI018,교대역,여유,6000,6500,37.494178,127.015909
2026-07-28 02:00,POI019,구로디지털단지역,여유,4500,5000,37.4853417,126.9068128
2026-07-28 02:00,POI020,구로역,여유,900,1000,37.5000903,126.8829924
2026-07-28 02:00,POI021,군자역,여유,4000,4500,37.558149,127.077839
2026-07-28 02:00,POI023,대림역,보통,16000,18000,37.4908703,126.8936859
2026-07-28 02:00,POI024,동대문역,여유,1500,2000,37.5718616,127.0114887
2026-07-28 02:00,POI025,뚝섬역,여유,4000,4500,37.5475031,127.0461973
2026-07-28 02:00,POI026,미아사거리역,여유,3500,4000,37.61175,127.03044
2026-07-28 02:00,POI055,홍대입구역(2호선),여유,7000,7500,37.5574135,126.9238
2026-07-28 02:00,POI088,광화문광장,여유,800,900,37.5759194,126.9768
2026-07-28 02:00,POI119,잠실역,여유,3000,3500,37.5127453,127.0973
2026-07-28 03:00,POI006,종로·청계 관광특구,여유,9000,9500,37.5702856,126.9903626
2026-07-28 03:00,POI007,홍대 관광특구,여유,32000,34000,37.5574135,126.9238
2026-07-28 03:00,POI008,경복궁,여유,200,300,37.579754,126.9766818
2026-07-28 03:00,POI009,광화문·덕수궁,여유,3500,4000,37.5759194,126.9768
2026-07-28 03:00,POI010,보신각,여유,1500,2000,37.5698518,126.9836102
2026-07-28 03:00,POI011,서울 암사동 유적,여유,300,400,37.5610203,127.1306288
2026-07-28 03:00,POI012,창덕궁·종묘,여유,3000,3500,37.5823872,126.9917013
2026-07-28 03:00,POI013,가산디지털단지역,여유,5000,5500,37.480819,126.8816358
2026-07-28 03:00,POI014,강남역,여유,20000,22000,37.5002304,127.0268054
2026-07-28 03:00,POI015,건대입구역,여유,14000,16000,37.54088,127.06812
2026-07-28 03:00,POI016,고덕역,여유,1000,1500,37.5550721,127.1550065
2026-07-28 03:00,POI017,고속터미널역,여유,1500,2000,37.5050827,127.0049777
2026-07-28 03:00,POI018,교대역,여유,5500,6000,37.494178,127.015909
2026-07-28 03:00,POI019,구로디지털단지역,여유,4500,5000,37.4853417,126.9068128
2026-07-28 03:00,POI020,구로역,여유,800,900,37.5000903,126.8829924
2026-07-28 03:00,POI021,군자역,여유,3500,4000,37.558149,127.077839
2026-07-28 03:00,POI023,대림역,보통,16000,18000,37.4908703,126.8936859
2026-07-28 03:00,POI024,동대문역,여유,1000,1500,37.5718616,127.0114887
2026-07-28 03:00,POI025,뚝섬역,여유,4000,4500,37.5475031,127.0461973
2026-07-28 03:00,POI026,미아사거리역,여유,3000,3500,37.61175,127.03044
2026-07-28 03:00,POI055,홍대입구역(2호선),여유,6000,6500,37.5574135,126.9238
2026-07-28 03:00,POI088,광화문광장,여유,700,800,37.5759194,126.9768
2026-07-28 03:00,POI119,잠실역,여유,2500,3000,37.5127453,127.0973
2026-07-28 05:00,POI006,종로·청계 관광특구,여유,9500,10000,37.5702856,126.9903626
2026-07-28 05:00,POI007,홍대 관광특구,여유,30000,32000,37.5574135,126.9238
2026-07-28 05:00,POI008,경복궁,여유,200,300,37.579754,126.9766818
2026-07-28 05:00,POI009,광화문·덕수궁,여유,3500,4000,37.5759194,126.9768
2026-07-28 05:00,POI010,보신각,여유,1500,2000,37.5698518,126.9836102
2026-07-28 05:00,POI011,서울 암사동 유적,여유,300,400,37.5610203,127.1306288
2026-07-28 05:00,POI012,창덕궁·종묘,여유,3000,3500,37.5823872,126.9917013
2026-07-28 05:00,POI013,가산디지털단지역,여유,6000,6500,37.480819,126.8816358
2026-07-28 05:00,POI014,강남역,여유,20000,22000,37.5002304,127.0268054
2026-07-28 05:00,POI015,건대입구역,여유,14000,16000,37.54088,127.06812
2026-07-28 05:00,POI016,고덕역,여유,1000,1500,37.5550721,127.1550065
2026-07-28 05:00,POI017,고속터미널역,여유,1500,2000,37.5050827,127.0049777
2026-07-28 05:00,POI018,교대역,여유,5500,6000,37.494178,127.015909
2026-07-28 05:00,POI019,구로디지털단지역,여유,4500,5000,37.4853417,126.9068128
2026-07-28 05:00,POI020,구로역,여유,1000,1500,37.5000903,126.8829924
2026-07-28 05:00,POI021,군자역,여유,3500,4000,37.558149,127.077839
2026-07-28 05:00,POI023,대림역,보통,16000,18000,37.4908703,126.8936859
2026-07-28 05:00,POI024,동대문역,여유,1500,2000,37.5718616,127.0114887
2026-07-28 05:00,POI025,뚝섬역,여유,4000,4500,37.5475031,127.0461973
2026-07-28 05:00,POI026,미아사거리역,여유,3500,4000,37.61175,127.03044
2026-07-28 05:00,POI055,홍대입구역(2호선),여유,6000,6500,37.5574135,126.9238
2026-07-28 05:00,POI088,광화문광장,여유,800,900,37.5759194,126.9768
2026-07-28 05:00,POI119,잠실역,여유,2500,3000,37.5127453,127.0973
2026-07-28 07:00,POI006,종로·청계 관광특구,여유,12000,14000,37.5702856,126.9903626
2026-07-28 07:00,POI007,홍대 관광특구,여유,30000,32000,37.5574135,126.9238
2026-07-28 07:00,POI008,경복궁,여유,400,500,37.579754,126.9766818
2026-07-28 07:00,POI009,광화문·덕수궁,여유,7000,7500,37.5759194,126.9768
2026-07-28 07:00,POI010,보신각,여유,2500,3000,37.5698518,126.9836102
2026-07-28 07:00,POI011,서울 암사동 유적,여유,300,400,37.5610203,127.1306288
2026-07-28 07:00,POI012,창덕궁·종묘,여유,4000,4500,37.5823872,126.9917013
2026-07-28 07:00,POI013,가산디지털단지역,여유,10000,12000,37.480819,126.8816358
2026-07-28 07:00,POI014,강남역,여유,24000,26000,37.5002304,127.0268054
2026-07-28 07:00,POI015,건대입구역,여유,14000,16000,37.54088,127.06812
2026-07-28 07:00,POI016,고덕역,여유,1500,2000,37.5550721,127.1550065
2026-07-28 07:00,POI017,고속터미널역,여유,4500,5000,37.5050827,127.0049777
2026-07-28 07:00,POI018,교대역,여유,6500,7000,37.494178,127.015909
2026-07-28 07:00,POI019,구로디지털단지역,여유,5500,6000,37.4853417,126.9068128
2026-07-28 07:00,POI020,구로역,여유,1500,2000,37.5000903,126.8829924
2026-07-28 07:00,POI021,군자역,여유,4000,4500,37.558149,127.077839
2026-07-28 07:00,POI023,대림역,여유,16000,18000,37.4908703,126.8936859
2026-07-28 07:00,POI024,동대문역,여유,3000,3500,37.5718616,127.0114887
2026-07-28 07:00,POI025,뚝섬역,여유,4500,5000,37.5475031,127.0461973
2026-07-28 07:00,POI026,미아사거리역,여유,5000,5500,37.61175,127.03044
2026-07-28 07:00,POI055,홍대입구역(2호선),여유,6500,7000,37.5574135,126.9238
2026-07-28 07:00,POI088,광화문광장,여유,1500,2000,37.5759194,126.9768
2026-07-28 07:00,POI119,잠실역,여유,4500,5000,37.5127453,127.0973
2026-07-28 09:00,POI006,종로·청계 관광특구,보통,26000,28000,37.5702856,126.9903626
2026-07-28 09:00,POI007,홍대 관광특구,여유,40000,42000,37.5574135,126.9238
2026-07-28 09:00,POI008,경복궁,여유,1000,1500,37.579754,126.9766818
2026-07-28 09:00,POI009,광화문·덕수궁,여유,28000,30000,37.5759194,126.9768
2026-07-28 09:00,POI010,보신각,여유,8500,9000,37.5698518,126.9836102
2026-07-28 09:00,POI011,서울 암사동 유적,여유,300,400,37.5610203,127.1306288
2026-07-28 09:00,POI012,창덕궁·종묘,보통,9000,9500,37.5823872,126.9917013
2026-07-28 09:00,POI013,가산디지털단지역,약간 붐빔,36000,38000,37.480819,126.8816358
2026-07-28 09:00,POI014,강남역,여유,46000,48000,37.5002304,127.0268054
2026-07-28 09:00,POI015,건대입구역,여유,20000,22000,37.54088,127.06812
2026-07-28 09:00,POI016,고덕역,여유,2000,2500,37.5550721,127.1550065
2026-07-28 09:00,POI017,고속터미널역,여유,12000,14000,37.5050827,127.0049777
2026-07-28 09:00,POI018,교대역,여유,12000,14000,37.494178,127.015909
2026-07-28 09:00,POI019,구로디지털단지역,약간 붐빔,24000,26000,37.4853417,126.9068128
2026-07-28 09:00,POI020,구로역,약간 붐빔,4000,4500,37.5000903,126.8829924
2026-07-28 09:00,POI021,군자역,여유,5000,5500,37.558149,127.077839
2026-07-28 09:00,POI023,대림역,여유,14000,16000,37.4908703,126.8936859
2026-07-28 09:00,POI024,동대문역,보통,7500,8000,37.5718616,127.0114887
2026-07-28 09:00,POI025,뚝섬역,여유,7500,8000,37.5475031,127.0461973
2026-07-28 09:00,POI026,미아사거리역,여유,8500,9000,37.61175,127.03044
2026-07-28 09:00,POI055,홍대입구역(2호선),여유,10000,12000,37.5574135,126.9238
2026-07-28 09:00,POI088,광화문광장,여유,6500,7000,37.5759194,126.9768
2026-07-28 09:00,POI119,잠실역,여유,10000,12000,37.5127453,127.0973
2026-07-28 16:00,POI006,종로·청계 관광특구,보통,44000,46000,37.5702856,126.9903626
2026-07-28 16:00,POI007,홍대 관광특구,보통,82000,84000,37.5574135,126.9238
2026-07-28 16:00,POI008,경복궁,보통,1500,2000,37.579754,126.9766818
2026-07-28 16:00,POI009,광화문·덕수궁,보통,42000,44000,37.5759194,126.9768
2026-07-28 16:00,POI010,보신각,보통,16000,18000,37.5698518,126.9836102
2026-07-28 16:00,POI011,서울 암사동 유적,여유,300,400,37.5610203,127.1306288
2026-07-28 16:00,POI012,창덕궁·종묘,보통,14000,16000,37.5823872,126.9917013
2026-07-28 16:00,POI013,가산디지털단지역,약간 붐빔,34000,36000,37.480819,126.8816358
2026-07-28 16:00,POI014,강남역,약간 붐빔,86000,88000,37.5002304,127.0268054
2026-07-28 16:00,POI015,건대입구역,여유,26000,28000,37.54088,127.06812
2026-07-28 16:00,POI016,고덕역,보통,5000,5500,37.5550721,127.1550065
2026-07-28 16:00,POI017,고속터미널역,약간 붐빔,26000,28000,37.5050827,127.0049777
2026-07-28 16:00,POI018,교대역,약간 붐빔,20000,22000,37.494178,127.015909
2026-07-28 16:00,POI019,구로디지털단지역,보통,34000,36000,37.4853417,126.9068128
2026-07-28 16:00,POI020,구로역,여유,2000,2500,37.5000903,126.8829924
2026-07-28 16:00,POI021,군자역,여유,6500,7000,37.558149,127.077839
2026-07-28 16:00,POI023,대림역,여유,14000,16000,37.4908703,126.8936859
2026-07-28 16:00,POI024,동대문역,보통,10000,12000,37.5718616,127.0114887
2026-07-28 16:00,POI025,뚝섬역,보통,10000,12000,37.5475031,127.0461973
2026-07-28 16:00,POI026,미아사거리역,보통,10000,12000,37.61175,127.03044
2026-07-28 16:00,POI055,홍대입구역(2호선),약간 붐빔,20000,22000,37.5574135,126.9238
2026-07-28 16:00,POI088,광화문광장,보통,8500,9000,37.5759194,126.9768
2026-07-28 16:00,POI119,잠실역,약간 붐빔,42000,44000,37.5127453,127.0973
2026-07-28 19:00,POI006,종로·청계 관광특구,보통,32000,34000,37.5702856,126.9903626
2026-07-28 19:00,POI007,홍대 관광특구,보통,84000,86000,37.5574135,126.9238
2026-07-28 19:00,POI008,경복궁,여유,1000,1500,37.579754,126.9766818
2026-07-28 19:00,POI009,광화문·덕수궁,여유,28000,30000,37.5759194,126.9768
2026-07-28 19:00,POI010,보신각,보통,12000,14000,37.5698518,126.9836102
2026-07-28 19:00,POI011,서울 암사동 유적,여유,300,400,37.5610203,127.1306288
2026-07-28 19:00,POI012,창덕궁·종묘,보통,9500,10000,37.5823872,126.9917013
2026-07-28 19:00,POI013,가산디지털단지역,보통,26000,28000,37.480819,126.8816358
2026-07-28 19:00,POI014,강남역,약간 붐빔,76000,78000,37.5002304,127.0268054
2026-07-28 19:00,POI015,건대입구역,보통,28000,30000,37.54088,127.06812
2026-07-28 19:00,POI016,고덕역,약간 붐빔,5500,6000,37.5550721,127.1550065
2026-07-28 19:00,POI017,고속터미널역,약간 붐빔,22000,24000,37.5050827,127.0049777
2026-07-28 19:00,POI018,교대역,여유,16000,18000,37.494178,127.015909
2026-07-28 19:00,POI019,구로디지털단지역,보통,20000,22000,37.4853417,126.9068128
2026-07-28 19:00,POI020,구로역,여유,2500,3000,37.5000903,126.8829924
2026-07-28 19:00,POI021,군자역,보통,8500,9000,37.558149,127.077839
2026-07-28 19:00,POI023,대림역,여유,16000,18000,37.4908703,126.8936859
2026-07-28 19:00,POI024,동대문역,보통,6000,6500,37.5718616,127.0114887
2026-07-28 19:00,POI025,뚝섬역,보통,9500,10000,37.5475031,127.0461973
2026-07-28 19:00,POI026,미아사거리역,약간 붐빔,12000,14000,37.61175,127.03044
2026-07-28 19:00,POI055,홍대입구역(2호선),약간 붐빔,20000,22000,37.5574135,126.9238
2026-07-28 19:00,POI088,광화문광장,여유,6000,6500,37.5759194,126.9768
2026-07-28 19:00,POI119,잠실역,보통,32000,34000,37.5127453,127.0973
2026-07-28 21:00,POI006,종로·청계 관광특구,여유,22000,24000,37.5702856,126.9903626
2026-07-28 21:00,POI007,홍대 관광특구,여유,68000,70000,37.5574135,126.9238
2026-07-28 21:00,POI008,경복궁,여유,700,800,37.579754,126.9766818
2026-07-28 21:00,POI009,광화문·덕수궁,여유,16000,18000,37.5759194,126.9768
2026-07-28 21:00,POI010,보신각,여유,8500,9000,37.5698518,126.9836102
2026-07-28 21:00,POI011,서울 암사동 유적,여유,300,400,37.5610203,127.1306288
2026-07-28 21:00,POI012,창덕궁·종묘,여유,6500,7000,37.5823872,126.9917013
2026-07-28 21:00,POI013,가산디지털단지역,여유,12000,14000,37.480819,126.8816358
2026-07-28 21:00,POI014,강남역,보통,54000,56000,37.5002304,127.0268054
2026-07-28 21:00,POI015,건대입구역,여유,26000,28000,37.54088,127.06812
2026-07-28 21:00,POI016,고덕역,여유,4000,4500,37.5550721,127.1550065
2026-07-28 21:00,POI017,고속터미널역,여유,8000,8500,37.5050827,127.0049777
2026-07-28 21:00,POI018,교대역,여유,12000,14000,37.494178,127.015909
2026-07-28 21:00,POI019,구로디지털단지역,여유,10000,12000,37.4853417,126.9068128
2026-07-28 21:00,POI020,구로역,여유,1500,2000,37.5000903,126.8829924
2026-07-28 21:00,POI021,군자역,여유,7000,7500,37.558149,127.077839
2026-07-28 21:00,POI023,대림역,여유,16000,18000,37.4908703,126.8936859
2026-07-28 21:00,POI024,동대문역,여유,3500,4000,37.5718616,127.0114887
2026-07-28 21:00,POI025,뚝섬역,여유,7000,7500,37.5475031,127.0461973
2026-07-28 21:00,POI026,미아사거리역,여유,7500,8000,37.61175,127.03044
2026-07-28 21:00,POI055,홍대입구역(2호선),보통,16000,18000,37.5574135,126.9238
2026-07-28 21:00,POI088,광화문광장,여유,3500,4000,37.5759194,126.9768
2026-07-28 21:00,POI119,잠실역,여유,16000,18000,37.5127453,127.0973
2026-07-29 00:00,POI006,종로·청계 관광특구,여유,12000,14000,37.5702856,126.9903626
2026-07-29 00:00,POI007,홍대 관광특구,여유,44000,46000,37.5574135,126.9238
2026-07-29 00:00,POI008,경복궁,여유,400,500,37.579754,126.9766818
2026-07-29 00:00,POI009,광화문·덕수궁,여유,6500,7000,37.5759194,126.9768
2026-07-29 00:00,POI010,보신각,여유,3500,4000,37.5698518,126.9836102
2026-07-29 00:00,POI011,서울 암사동 유적,여유,300,400,37.5610203,127.1306288
2026-07-29 00:00,POI012,창덕궁·종묘,여유,4000,4500,37.5823872,126.9917013
2026-07-29 00:00,POI013,가산디지털단지역,여유,6500,7000,37.480819,126.8816358
2026-07-29 00:00,POI014,강남역,여유,30000,32000,37.5002304,127.0268054
2026-07-29 00:00,POI015,건대입구역,여유,22000,24000,37.54088,127.06812
2026-07-29 00:00,POI016,고덕역,여유,1500,2000,37.5550721,127.1550065
2026-07-29 00:00,POI017,고속터미널역,여유,3000,3500,37.5050827,127.0049777
2026-07-29 00:00,POI018,교대역,여유,6500,7000,37.494178,127.015909
2026-07-29 00:00,POI019,구로디지털단지역,여유,6000,6500,37.4853417,126.9068128
2026-07-29 00:00,POI020,구로역,여유,900,1000,37.5000903,126.8829924
2026-07-29 00:00,POI021,군자역,여유,4500,5000,37.558149,127.077839
2026-07-29 00:00,POI023,대림역,보통,16000,18000,37.4908703,126.8936859
2026-07-29 00:00,POI024,동대문역,여유,2500,3000,37.5718616,127.0114887
2026-07-29 00:00,POI025,뚝섬역,여유,4500,5000,37.5475031,127.0461973
2026-07-29 00:00,POI026,미아사거리역,여유,4000,4500,37.61175,127.03044
2026-07-29 00:00,POI055,홍대입구역(2호선),여유,8500,9000,37.5574135,126.9238
2026-07-29 00:00,POI088,광화문광장,여유,1000,1500,37.5759194,126.9768
2026-07-29 00:00,POI119,잠실역,여유,4000,4500,37.5127453,127.0973
2026-07-29 02:00,POI006,종로·청계 관광특구,여유,10000,12000,37.5702856,126.9903626
2026-07-29 02:00,POI007,홍대 관광특구,여유,34000,36000,37.5574135,126.9238
2026-07-29 02:00,POI008,경복궁,여유,200,300,37.579754,126.9766818
2026-07-29 02:00,POI009,광화문·덕수궁,여유,3500,4000,37.5759194,126.9768
2026-07-29 02:00,POI010,보신각,여유,2000,2500,37.5698518,126.9836102
2026-07-29 02:00,POI011,서울 암사동 유적,여유,300,400,37.5610203,127.1306288
2026-07-29 02:00,POI012,창덕궁·종묘,여유,3000,3500,37.5823872,126.9917013
2026-07-29 02:00,POI013,가산디지털단지역,여유,5000,5500,37.480819,126.8816358
2026-07-29 02:00,POI014,강남역,여유,22000,24000,37.5002304,127.0268054
2026-07-29 02:00,POI015,건대입구역,여유,14000,16000,37.54088,127.06812
2026-07-29 02:00,POI016,고덕역,여유,1500,2000,37.5550721,127.1550065
2026-07-29 02:00,POI017,고속터미널역,여유,1500,2000,37.5050827,127.0049777
2026-07-29 02:00,POI018,교대역,여유,5500,6000,37.494178,127.015909
2026-07-29 02:00,POI019,구로디지털단지역,여유,4500,5000,37.4853417,126.9068128
2026-07-29 02:00,POI020,구로역,여유,800,900,37.5000903,126.8829924
2026-07-29 02:00,POI021,군자역,여유,3500,4000,37.558149,127.077839
2026-07-29 02:00,POI023,대림역,보통,16000,18000,37.4908703,126.8936859
2026-07-29 02:00,POI024,동대문역,여유,1500,2000,37.5718616,127.0114887
2026-07-29 02:00,POI026,미아사거리역,여유,3500,4000,37.61175,127.03044
2026-07-29 02:00,POI055,홍대입구역(2호선),여유,6500,7000,37.5574135,126.9238
2026-07-29 02:00,POI088,광화문광장,여유,700,800,37.5759194,126.9768
2026-07-29 02:00,POI119,잠실역,여유,2500,3000,37.5127453,127.0973
2026-07-29 04:00,POI006,종로·청계 관광특구,여유,9000,9500,37.5702856,126.9903626
2026-07-29 04:00,POI007,홍대 관광특구,여유,32000,34000,37.5574135,126.9238
2026-07-29 04:00,POI008,경복궁,여유,200,300,37.579754,126.9766818
2026-07-29 04:00,POI009,광화문·덕수궁,여유,3000,3500,37.5759194,126.9768
2026-07-29 04:00,POI010,보신각,여유,1500,2000,37.5698518,126.9836102
2026-07-29 04:00,POI011,서울 암사동 유적,여유,300,400,37.5610203,127.1306288
2026-07-29 04:00,POI012,창덕궁·종묘,여유,3000,3500,37.5823872,126.9917013
2026-07-29 04:00,POI013,가산디지털단지역,여유,5500,6000,37.480819,126.8816358
2026-07-29 04:00,POI014,강남역,여유,20000,22000,37.5002304,127.0268054
2026-07-29 04:00,POI015,건대입구역,여유,14000,16000,37.54088,127.06812
2026-07-29 04:00,POI016,고덕역,여유,1000,1500,37.5550721,127.1550065
2026-07-29 04:00,POI017,고속터미널역,여유,1500,2000,37.5050827,127.0049777
2026-07-29 04:00,POI018,교대역,여유,5500,6000,37.494178,127.015909
2026-07-29 04:00,POI019,구로디지털단지역,여유,4000,4500,37.4853417,126.9068128
2026-07-29 04:00,POI020,구로역,여유,800,900,37.5000903,126.8829924
2026-07-29 04:00,POI021,군자역,여유,3500,4000,37.558149,127.077839
2026-07-29 04:00,POI023,대림역,보통,16000,18000,37.4908703,126.8936859
2026-07-29 04:00,POI024,동대문역,여유,1000,1500,37.5718616,127.0114887
2026-07-29 04:00,POI025,뚝섬역,여유,4000,4500,37.5475031,127.0461973
2026-07-29 04:00,POI026,미아사거리역,여유,3000,3500,37.61175,127.03044
2026-07-29 04:00,POI055,홍대입구역(2호선),여유,6000,6500,37.5574135,126.9238
2026-07-29 04:00,POI088,광화문광장,여유,700,800,37.5759194,126.9768
2026-07-29 04:00,POI119,잠실역,여유,2500,3000,37.5127453,127.0973
2026-07-29 06:00,POI006,종로·청계 관광특구,여유,9500,10000,37.5702856,126.9903626
2026-07-29 06:00,POI007,홍대 관광특구,여유,30000,32000,37.5574135,126.9238
2026-07-29 06:00,POI008,경복궁,여유,300,400,37.579754,126.9766818
2026-07-29 06:00,POI009,광화문·덕수궁,여유,4000,4500,37.5759194,126.9768
2026-07-29 06:00,POI010,보신각,여유,1500,2000,37.5698518,126.9836102
2026-07-29 06:00,POI011,서울 암사동 유적,여유,300,400,37.5610203,127.1306288
2026-07-29 06:00,POI012,창덕궁·종묘,여유,3000,3500,37.5823872,126.9917013
2026-07-29 06:00,POI013,가산디지털단지역,여유,6500,7000,37.480819,126.8816358
2026-07-29 06:00,POI014,강남역,여유,20000,22000,37.5002304,127.0268054
2026-07-29 06:00,POI015,건대입구역,여유,14000,16000,37.54088,127.06812
2026-07-29 06:00,POI016,고덕역,여유,1500,2000,37.5550721,127.1550065
2026-07-29 06:00,POI017,고속터미널역,여유,2500,3000,37.5050827,127.0049777
2026-07-29 06:00,POI018,교대역,여유,5500,6000,37.494178,127.015909
2026-07-29 06:00,POI019,구로디지털단지역,여유,4500,5000,37.4853417,126.9068128
2026-07-29 06:00,POI020,구로역,여유,1000,1500,37.5000903,126.8829924
2026-07-29 06:00,POI021,군자역,여유,3500,4000,37.558149,127.077839
2026-07-29 06:00,POI023,대림역,보통,16000,18000,37.4908703,126.8936859
2026-07-29 06:00,POI024,동대문역,여유,1500,2000,37.5718616,127.0114887
2026-07-29 06:00,POI025,뚝섬역,여유,4000,4500,37.5475031,127.0461973
2026-07-29 06:00,POI026,미아사거리역,여유,4500,5000,37.61175,127.03044
2026-07-29 06:00,POI055,홍대입구역(2호선),여유,6000,6500,37.5574135,126.9238
2026-07-29 06:00,POI088,광화문광장,여유,900,1000,37.5759194,126.9768
2026-07-29 06:00,POI119,잠실역,여유,3000,3500,37.5127453,127.0973
2026-07-29 08:00,POI006,종로·청계 관광특구,여유,18000,20000,37.5702856,126.9903626
2026-07-29 08:00,POI007,홍대 관광특구,여유,34000,36000,37.5574135,126.9238
2026-07-29 08:00,POI008,경복궁,여유,700,800,37.579754,126.9766818
2026-07-29 08:00,POI009,광화문·덕수궁,여유,14000,16000,37.5759194,126.9768
2026-07-29 08:00,POI010,보신각,여유,4500,5000,37.5698518,126.9836102
2026-07-29 08:00,POI011,서울 암사동 유적,여유,300,400,37.5610203,127.1306288
2026-07-29 08:00,POI012,창덕궁·종묘,여유,6000,6500,37.5823872,126.9917013
2026-07-29 08:00,POI013,가산디지털단지역,보통,18000,20000,37.480819,126.8816358
2026-07-29 08:00,POI014,강남역,여유,34000,36000,37.5002304,127.0268054
2026-07-29 08:00,POI015,건대입구역,여유,20000,22000,37.54088,127.06812
2026-07-29 08:00,POI016,고덕역,여유,1500,2000,37.5550721,127.1550065
2026-07-29 08:00,POI017,고속터미널역,여유,8500,9000,37.5050827,127.0049777
2026-07-29 08:00,POI018,교대역,여유,10000,12000,37.494178,127.015909
2026-07-29 08:00,POI019,구로디지털단지역,여유,9500,10000,37.4853417,126.9068128
2026-07-29 08:00,POI020,구로역,보통,3000,3500,37.5000903,126.8829924
2026-07-29 08:00,POI021,군자역,여유,4500,5000,37.558149,127.077839
2026-07-29 08:00,POI023,대림역,보통,16000,18000,37.4908703,126.8936859
2026-07-29 08:00,POI024,동대문역,여유,5000,5500,37.5718616,127.0114887
2026-07-29 08:00,POI025,뚝섬역,여유,6000,6500,37.5475031,127.0461973
2026-07-29 08:00,POI026,미아사거리역,여유,7000,7500,37.61175,127.03044
2026-07-29 08:00,POI055,홍대입구역(2호선),여유,8500,9000,37.5574135,126.9238
2026-07-29 08:00,POI088,광화문광장,여유,3000,3500,37.5759194,126.9768
2026-07-29 08:00,POI119,잠실역,여유,7500,8000,37.5127453,127.0973
2026-07-29 12:00,POI006,종로·청계 관광특구,보통,42000,44000,37.5702856,126.9903626
2026-07-29 12:00,POI007,홍대 관광특구,여유,64000,66000,37.5574135,126.9238
2026-07-29 12:00,POI008,경복궁,보통,1500,2000,37.579754,126.9766818
2026-07-29 12:00,POI009,광화문·덕수궁,약간 붐빔,44000,46000,37.5759194,126.9768
2026-07-29 12:00,POI010,보신각,보통,14000,16000,37.5698518,126.9836102
2026-07-29 12:00,POI011,서울 암사동 유적,여유,300,400,37.5610203,127.1306288
2026-07-29 12:00,POI012,창덕궁·종묘,보통,12000,14000,37.5823872,126.9917013
2026-07-29 12:00,POI013,가산디지털단지역,약간 붐빔,38000,40000,37.480819,126.8816358
2026-07-29 12:00,POI014,강남역,약간 붐빔,80000,82000,37.5002304,127.0268054
2026-07-29 12:00,POI015,건대입구역,여유,24000,26000,37.54088,127.06812
2026-07-29 12:00,POI016,고덕역,여유,4000,4500,37.5550721,127.1550065
2026-07-29 12:00,POI017,고속터미널역,약간 붐빔,26000,28000,37.5050827,127.0049777
2026-07-29 12:00,POI018,교대역,보통,20000,22000,37.494178,127.015909
2026-07-29 12:00,POI019,구로디지털단지역,약간 붐빔,36000,38000,37.4853417,126.9068128
2026-07-29 12:00,POI020,구로역,여유,2500,3000,37.5000903,126.8829924
2026-07-29 12:00,POI021,군자역,여유,6500,7000,37.558149,127.077839
2026-07-29 12:00,POI023,대림역,여유,14000,16000,37.4908703,126.8936859
2026-07-29 12:00,POI024,동대문역,보통,10000,12000,37.5718616,127.0114887
2026-07-29 12:00,POI025,뚝섬역,보통,10000,12000,37.5475031,127.0461973
2026-07-29 12:00,POI026,미아사거리역,보통,10000,12000,37.61175,127.03044
2026-07-29 12:00,POI055,홍대입구역(2호선),보통,16000,18000,37.5574135,126.9238
2026-07-29 12:00,POI088,광화문광장,보통,8000,8500,37.5759194,126.9768
2026-07-29 12:00,POI119,잠실역,약간 붐빔,40000,42000,37.5127453,127.0973
2026-07-29 15:00,POI006,종로·청계 관광특구,보통,46000,48000,37.5702856,126.9903626
2026-07-29 15:00,POI007,홍대 관광특구,보통,80000,82000,37.5574135,126.9238
2026-07-29 15:00,POI008,경복궁,약간 붐빔,1500,2000,37.579754,126.9766818
2026-07-29 15:00,POI009,광화문·덕수궁,약간 붐빔,44000,46000,37.5759194,126.9768
2026-07-29 15:00,POI010,보신각,보통,18000,20000,37.5698518,126.9836102
2026-07-29 15:00,POI011,서울 암사동 유적,여유,300,400,37.5610203,127.1306288
2026-07-29 15:00,POI012,창덕궁·종묘,보통,14000,16000,37.5823872,126.9917013
2026-07-29 15:00,POI013,가산디지털단지역,약간 붐빔,34000,36000,37.480819,126.8816358
2026-07-29 15:00,POI014,강남역,약간 붐빔,86000,88000,37.5002304,127.0268054
2026-07-29 15:00,POI015,건대입구역,여유,26000,28000,37.54088,127.06812
2026-07-29 15:00,POI016,고덕역,보통,5000,5500,37.5550721,127.1550065
2026-07-29 15:00,POI017,고속터미널역,붐빔,28000,30000,37.5050827,127.0049777
2026-07-29 15:00,POI018,교대역,붐빔,22000,24000,37.494178,127.015909
2026-07-29 15:00,POI019,구로디지털단지역,약간 붐빔,34000,36000,37.4853417,126.9068128
2026-07-29 15:00,POI020,구로역,여유,2000,2500,37.5000903,126.8829924
2026-07-29 15:00,POI021,군자역,여유,6500,7000,37.558149,127.077839
2026-07-29 15:00,POI023,대림역,여유,14000,16000,37.4908703,126.8936859
2026-07-29 15:00,POI024,동대문역,붐빔,10000,12000,37.5718616,127.0114887
2026-07-29 15:00,POI025,뚝섬역,약간 붐빔,10000,12000,37.5475031,127.0461973
2026-07-29 15:00,POI026,미아사거리역,보통,10000,12000,37.61175,127.03044
2026-07-29 15:00,POI055,홍대입구역(2호선),약간 붐빔,20000,22000,37.5574135,126.9238
2026-07-29 15:00,POI088,광화문광장,보통,9000,9500,37.5759194,126.9768
2026-07-29 15:00,POI119,잠실역,붐빔,50000,52000,37.5127453,127.0973
2026-07-29 18:00,POI006,종로·청계 관광특구,약간 붐빔,38000,40000,37.5702856,126.9903626
2026-07-29 18:00,POI007,홍대 관광특구,보통,86000,88000,37.5574135,126.9238
2026-07-29 18:00,POI008,경복궁,약간 붐빔,1500,2000,37.579754,126.9766818
2026-07-29 18:00,POI009,광화문·덕수궁,약간 붐빔,42000,44000,37.5759194,126.9768
2026-07-29 18:00,POI010,보신각,약간 붐빔,14000,16000,37.5698518,126.9836102
2026-07-29 18:00,POI011,서울 암사동 유적,여유,300,400,37.5610203,127.1306288
2026-07-29 18:00,POI012,창덕궁·종묘,보통,12000,14000,37.5823872,126.9917013
2026-07-29 18:00,POI013,가산디지털단지역,보통,40000,42000,37.480819,126.8816358
2026-07-29 18:00,POI014,강남역,붐빔,82000,84000,37.5002304,127.0268054
2026-07-29 18:00,POI015,건대입구역,약간 붐빔,30000,32000,37.54088,127.06812
2026-07-29 18:00,POI016,고덕역,붐빔,5000,5500,37.5550721,127.1550065
2026-07-29 18:00,POI017,고속터미널역,약간 붐빔,26000,28000,37.5050827,127.0049777
2026-07-29 18:00,POI018,교대역,약간 붐빔,18000,20000,37.494178,127.015909
2026-07-29 18:00,POI019,구로디지털단지역,보통,28000,30000,37.4853417,126.9068128
2026-07-29 18:00,POI020,구로역,보통,3500,4000,37.5000903,126.8829924
2026-07-29 18:00,POI021,군자역,보통,7500,8000,37.558149,127.077839
2026-07-29 18:00,POI023,대림역,여유,14000,16000,37.4908703,126.8936859
2026-07-29 18:00,POI024,동대문역,보통,8500,9000,37.5718616,127.0114887
2026-07-29 18:00,POI025,뚝섬역,보통,10000,12000,37.5475031,127.0461973
2026-07-29 18:00,POI026,미아사거리역,붐빔,12000,14000,37.61175,127.03044
2026-07-29 18:00,POI055,홍대입구역(2호선),약간 붐빔,22000,24000,37.5574135,126.9238
2026-07-29 18:00,POI088,광화문광장,약간 붐빔,10000,12000,37.5759194,126.9768
2026-07-29 18:00,POI119,잠실역,붐빔,44000,46000,37.5127453,127.0973
2026-07-30 00:00,POI006,종로·청계 관광특구,여유,14000,16000,37.5702856,126.9903626
2026-07-30 00:00,POI007,홍대 관광특구,여유,46000,48000,37.5574135,126.9238
2026-07-30 00:00,POI008,경복궁,여유,500,600,37.579754,126.9766818
2026-07-30 00:00,POI009,광화문·덕수궁,여유,7000,7500,37.5759194,126.9768
2026-07-30 00:00,POI010,보신각,여유,4000,4500,37.5698518,126.9836102
2026-07-30 00:00,POI011,서울 암사동 유적,여유,300,400,37.5610203,127.1306288
2026-07-30 00:00,POI012,창덕궁·종묘,여유,4000,4500,37.5823872,126.9917013
2026-07-30 00:00,POI013,가산디지털단지역,여유,7000,7500,37.480819,126.8816358
2026-07-30 00:00,POI014,강남역,여유,32000,34000,37.5002304,127.0268054
2026-07-30 00:00,POI015,건대입구역,여유,22000,24000,37.54088,127.06812
2026-07-30 00:00,POI016,고덕역,여유,1500,2000,37.5550721,127.1550065
2026-07-30 00:00,POI017,고속터미널역,여유,3000,3500,37.5050827,127.0049777
2026-07-30 00:00,POI018,교대역,여유,9500,10000,37.494178,127.015909
2026-07-30 00:00,POI019,구로디지털단지역,여유,6000,6500,37.4853417,126.9068128
2026-07-30 00:00,POI020,구로역,여유,1000,1500,37.5000903,126.8829924
2026-07-30 00:00,POI021,군자역,여유,4500,5000,37.558149,127.077839
2026-07-30 00:00,POI023,대림역,보통,16000,18000,37.4908703,126.8936859
2026-07-30 00:00,POI024,동대문역,여유,2000,2500,37.5718616,127.0114887
2026-07-30 00:00,POI025,뚝섬역,여유,5500,6000,37.5475031,127.0461973
2026-07-30 00:00,POI026,미아사거리역,여유,4500,5000,37.61175,127.03044
2026-07-30 00:00,POI055,홍대입구역(2호선),여유,10000,12000,37.5574135,126.9238
2026-07-30 00:00,POI088,광화문광장,여유,1000,1500,37.5759194,126.9768
2026-07-30 00:00,POI119,잠실역,여유,7000,7500,37.5127453,127.0973
2026-07-30 02:00,POI006,종로·청계 관광특구,여유,10000,12000,37.5702856,126.9903626
2026-07-30 02:00,POI007,홍대 관광특구,여유,36000,38000,37.5574135,126.9238
2026-07-30 02:00,POI008,경복궁,여유,200,300,37.579754,126.9766818
2026-07-30 02:00,POI009,광화문·덕수궁,여유,3500,4000,37.5759194,126.9768
2026-07-30 02:00,POI010,보신각,여유,2000,2500,37.5698518,126.9836102
2026-07-30 02:00,POI011,서울 암사동 유적,여유,300,400,37.5610203,127.1306288
2026-07-30 02:00,POI012,창덕궁·종묘,여유,3500,4000,37.5823872,126.9917013
2026-07-30 02:00,POI013,가산디지털단지역,여유,5000,5500,37.480819,126.8816358
2026-07-30 02:00,POI014,강남역,여유,22000,24000,37.5002304,127.0268054
2026-07-30 02:00,POI015,건대입구역,여유,16000,18000,37.54088,127.06812
2026-07-30 02:00,POI016,고덕역,여유,1000,1500,37.5550721,127.1550065
2026-07-30 02:00,POI017,고속터미널역,여유,1500,2000,37.5050827,127.0049777
2026-07-30 02:00,POI018,교대역,여유,5500,6000,37.494178,127.015909
2026-07-30 02:00,POI019,구로디지털단지역,여유,4500,5000,37.4853417,126.9068128
2026-07-30 02:00,POI020,구로역,여유,800,900,37.5000903,126.8829924
2026-07-30 02:00,POI021,군자역,여유,3500,4000,37.558149,127.077839
2026-07-30 02:00,POI023,대림역,보통,16000,18000,37.4908703,126.8936859
2026-07-30 02:00,POI024,동대문역,여유,1500,2000,37.5718616,127.0114887
2026-07-30 02:00,POI025,뚝섬역,여유,4000,4500,37.5475031,127.0461973
2026-07-30 02:00,POI026,미아사거리역,여유,3500,4000,37.61175,127.03044
2026-07-30 02:00,POI055,홍대입구역(2호선),여유,6500,7000,37.5574135,126.9238
2026-07-30 02:00,POI088,광화문광장,여유,700,800,37.5759194,126.9768
2026-07-30 02:00,POI119,잠실역,여유,3500,4000,37.5127453,127.0973
2026-07-30 04:00,POI006,종로·청계 관광특구,여유,9000,9500,37.5702856,126.9903626
2026-07-30 04:00,POI007,홍대 관광특구,여유,32000,34000,37.5574135,126.9238
2026-07-30 04:00,POI008,경복궁,여유,200,300,37.579754,126.9766818
2026-07-30 04:00,POI009,광화문·덕수궁,여유,3500,4000,37.5759194,126.9768
2026-07-30 04:00,POI010,보신각,여유,1500,2000,37.5698518,126.9836102
2026-07-30 04:00,POI011,서울 암사동 유적,여유,300,400,37.5610203,127.1306288
2026-07-30 04:00,POI012,창덕궁·종묘,여유,3000,3500,37.5823872,126.9917013
2026-07-30 04:00,POI013,가산디지털단지역,여유,5000,5500,37.480819,126.8816358
2026-07-30 04:00,POI014,강남역,여유,20000,22000,37.5002304,127.0268054
2026-07-30 04:00,POI015,건대입구역,여유,14000,16000,37.54088,127.06812
2026-07-30 04:00,POI016,고덕역,여유,1000,1500,37.5550721,127.1550065
2026-07-30 04:00,POI017,고속터미널역,여유,1500,2000,37.5050827,127.0049777
2026-07-30 04:00,POI018,교대역,여유,5500,6000,37.494178,127.015909
2026-07-30 04:00,POI019,구로디지털단지역,여유,4500,5000,37.4853417,126.9068128
2026-07-30 04:00,POI020,구로역,여유,800,900,37.5000903,126.8829924
2026-07-30 04:00,POI021,군자역,여유,3500,4000,37.558149,127.077839
2026-07-30 04:00,POI023,대림역,보통,16000,18000,37.4908703,126.8936859
2026-07-30 04:00,POI024,동대문역,여유,1000,1500,37.5718616,127.0114887
2026-07-30 04:00,POI025,뚝섬역,여유,4000,4500,37.5475031,127.0461973
2026-07-30 04:00,POI026,미아사거리역,여유,3000,3500,37.61175,127.03044
2026-07-30 04:00,POI055,홍대입구역(2호선),여유,6000,6500,37.5574135,126.9238
2026-07-30 04:00,POI088,광화문광장,여유,700,800,37.5759194,126.9768
2026-07-30 04:00,POI119,잠실역,여유,2500,3000,37.5127453,127.0973
2026-07-30 06:00,POI006,종로·청계 관광특구,여유,9500,10000,37.5702856,126.9903626
2026-07-30 06:00,POI007,홍대 관광특구,여유,30000,32000,37.5574135,126.9238
2026-07-30 06:00,POI008,경복궁,여유,200,300,37.579754,126.9766818
2026-07-30 06:00,POI009,광화문·덕수궁,여유,4000,4500,37.5759194,126.9768
2026-07-30 06:00,POI010,보신각,여유,1500,2000,37.5698518,126.9836102
2026-07-30 06:00,POI011,서울 암사동 유적,여유,300,400,37.5610203,127.1306288
2026-07-30 06:00,POI012,창덕궁·종묘,여유,3500,4000,37.5823872,126.9917013
2026-07-30 06:00,POI013,가산디지털단지역,여유,6000,6500,37.480819,126.8816358
2026-07-30 06:00,POI014,강남역,여유,20000,22000,37.5002304,127.0268054
2026-07-30 06:00,POI015,건대입구역,여유,14000,16000,37.54088,127.06812
2026-07-30 06:00,POI016,고덕역,여유,1000,1500,37.5550721,127.1550065
2026-07-30 06:00,POI017,고속터미널역,여유,2000,2500,37.5050827,127.0049777
2026-07-30 06:00,POI018,교대역,여유,5500,6000,37.494178,127.015909
2026-07-30 06:00,POI019,구로디지털단지역,여유,4500,5000,37.4853417,126.9068128
2026-07-30 06:00,POI020,구로역,여유,900,1000,37.5000903,126.8829924
2026-07-30 06:00,POI021,군자역,여유,3500,4000,37.558149,127.077839
2026-07-30 06:00,POI023,대림역,보통,16000,18000,37.4908703,126.8936859
2026-07-30 06:00,POI024,동대문역,여유,1500,2000,37.5718616,127.0114887
2026-07-30 06:00,POI025,뚝섬역,여유,4000,4500,37.5475031,127.0461973
2026-07-30 06:00,POI026,미아사거리역,여유,3500,4000,37.61175,127.03044
2026-07-30 06:00,POI055,홍대입구역(2호선),여유,6000,6500,37.5574135,126.9238
2026-07-30 06:00,POI088,광화문광장,여유,800,900,37.5759194,126.9768
2026-07-30 06:00,POI119,잠실역,여유,3000,3500,37.5127453,127.0973
2026-07-30 08:00,POI006,종로·청계 관광특구,여유,18000,20000,37.5702856,126.9903626
2026-07-30 08:00,POI007,홍대 관광특구,여유,34000,36000,37.5574135,126.9238
2026-07-30 08:00,POI008,경복궁,여유,700,800,37.579754,126.9766818
2026-07-30 08:00,POI009,광화문·덕수궁,여유,14000,16000,37.5759194,126.9768
2026-07-30 08:00,POI010,보신각,여유,4500,5000,37.5698518,126.9836102
2026-07-30 08:00,POI011,서울 암사동 유적,여유,300,400,37.5610203,127.1306288
2026-07-30 08:00,POI012,창덕궁·종묘,여유,6000,6500,37.5823872,126.9917013
2026-07-30 08:00,POI013,가산디지털단지역,여유,16000,18000,37.480819,126.8816358
2026-07-30 08:00,POI014,강남역,여유,34000,36000,37.5002304,127.0268054
2026-07-30 08:00,POI015,건대입구역,여유,20000,22000,37.54088,127.06812
2026-07-30 08:00,POI016,고덕역,여유,1500,2000,37.5550721,127.1550065
2026-07-30 08:00,POI017,고속터미널역,여유,8500,9000,37.5050827,127.0049777
2026-07-30 08:00,POI018,교대역,여유,10000,12000,37.494178,127.015909
2026-07-30 08:00,POI019,구로디지털단지역,여유,9000,9500,37.4853417,126.9068128
2026-07-30 08:00,POI020,구로역,여유,2500,3000,37.5000903,126.8829924
2026-07-30 08:00,POI021,군자역,여유,4000,4500,37.558149,127.077839
2026-07-30 08:00,POI023,대림역,여유,16000,18000,37.4908703,126.8936859
2026-07-30 08:00,POI024,동대문역,여유,4500,5000,37.5718616,127.0114887
2026-07-30 08:00,POI025,뚝섬역,여유,5500,6000,37.5475031,127.0461973
2026-07-30 08:00,POI026,미아사거리역,여유,6500,7000,37.61175,127.03044
2026-07-30 08:00,POI055,홍대입구역(2호선),여유,8500,9000,37.5574135,126.9238
2026-07-30 08:00,POI088,광화문광장,여유,3000,3500,37.5759194,126.9768
2026-07-30 08:00,POI119,잠실역,여유,7000,7500,37.5127453,127.0973
2026-07-30 12:00,POI006,종로·청계 관광특구,보통,44000,46000,37.5702856,126.9903626
2026-07-30 12:00,POI007,홍대 관광특구,여유,64000,66000,37.5574135,126.9238
2026-07-30 12:00,POI008,경복궁,보통,1500,2000,37.579754,126.9766818
2026-07-30 12:00,POI009,광화문·덕수궁,약간 붐빔,44000,46000,37.5759194,126.9768
2026-07-30 12:00,POI010,보신각,보통,14000,16000,37.5698518,126.9836102
2026-07-30 12:00,POI011,서울 암사동 유적,여유,300,400,37.5610203,127.1306288
2026-07-30 12:00,POI012,창덕궁·종묘,보통,12000,14000,37.5823872,126.9917013
2026-07-30 12:00,POI013,가산디지털단지역,약간 붐빔,36000,38000,37.480819,126.8816358
2026-07-30 12:00,POI014,강남역,약간 붐빔,82000,84000,37.5002304,127.0268054
2026-07-30 12:00,POI015,건대입구역,여유,24000,26000,37.54088,127.06812
2026-07-30 12:00,POI016,고덕역,여유,3500,4000,37.5550721,127.1550065
2026-07-30 12:00,POI017,고속터미널역,약간 붐빔,22000,24000,37.5050827,127.0049777
2026-07-30 12:00,POI018,교대역,약간 붐빔,22000,24000,37.494178,127.015909
2026-07-30 12:00,POI019,구로디지털단지역,약간 붐빔,36000,38000,37.4853417,126.9068128
2026-07-30 12:00,POI020,구로역,여유,2000,2500,37.5000903,126.8829924
2026-07-30 12:00,POI021,군자역,여유,6000,6500,37.558149,127.077839
2026-07-30 12:00,POI023,대림역,여유,14000,16000,37.4908703,126.8936859
2026-07-30 12:00,POI024,동대문역,보통,9500,10000,37.5718616,127.0114887
2026-07-30 12:00,POI025,뚝섬역,보통,10000,12000,37.5475031,127.0461973
2026-07-30 12:00,POI026,미아사거리역,보통,10000,12000,37.61175,127.03044
2026-07-30 12:00,POI055,홍대입구역(2호선),보통,16000,18000,37.5574135,126.9238
2026-07-30 12:00,POI088,광화문광장,보통,8000,8500,37.5759194,126.9768
2026-07-30 12:00,POI119,잠실역,약간 붐빔,38000,40000,37.5127453,127.0973
2026-07-30 15:00,POI006,종로·청계 관광특구,보통,46000,48000,37.5702856,126.9903626
2026-07-30 15:00,POI007,홍대 관광특구,보통,84000,86000,37.5574135,126.9238
2026-07-30 15:00,POI008,경복궁,약간 붐빔,1500,2000,37.579754,126.9766818
2026-07-30 15:00,POI009,광화문·덕수궁,약간 붐빔,44000,46000,37.5759194,126.9768
2026-07-30 15:00,POI010,보신각,보통,18000,20000,37.5698518,126.9836102
2026-07-30 15:00,POI011,서울 암사동 유적,여유,300,400,37.5610203,127.1306288
2026-07-30 15:00,POI012,창덕궁·종묘,약간 붐빔,14000,16000,37.5823872,126.9917013
2026-07-30 15:00,POI013,가산디지털단지역,약간 붐빔,34000,36000,37.480819,126.8816358
2026-07-30 15:00,POI014,강남역,약간 붐빔,86000,88000,37.5002304,127.0268054
2026-07-30 15:00,POI015,건대입구역,여유,26000,28000,37.54088,127.06812
2026-07-30 15:00,POI016,고덕역,보통,4500,5000,37.5550721,127.1550065
2026-07-30 15:00,POI017,고속터미널역,붐빔,28000,30000,37.5050827,127.0049777
2026-07-30 15:00,POI018,교대역,붐빔,22000,24000,37.494178,127.015909
2026-07-30 15:00,POI019,구로디지털단지역,약간 붐빔,34000,36000,37.4853417,126.9068128
2026-07-30 15:00,POI020,구로역,여유,2500,3000,37.5000903,126.8829924
2026-07-30 15:00,POI021,군자역,여유,6500,7000,37.558149,127.077839
2026-07-30 15:00,POI023,대림역,여유,14000,16000,37.4908703,126.8936859
2026-07-30 15:00,POI024,동대문역,붐빔,12000,14000,37.5718616,127.0114887
2026-07-30 15:00,POI025,뚝섬역,약간 붐빔,10000,12000,37.5475031,127.0461973
2026-07-30 15:00,POI026,미아사거리역,보통,10000,12000,37.61175,127.03044
2026-07-30 15:00,POI055,홍대입구역(2호선),약간 붐빔,22000,24000,37.5574135,126.9238
2026-07-30 15:00,POI088,광화문광장,보통,9000,9500,37.5759194,126.9768
2026-07-30 15:00,POI119,잠실역,붐빔,52000,54000,37.5127453,127.0973
2026-07-30 18:00,POI006,종로·청계 관광특구,보통,42000,44000,37.5702856,126.9903626
2026-07-30 18:00,POI007,홍대 관광특구,붐빔,92000,94000,37.5574135,126.9238
2026-07-30 18:00,POI008,경복궁,보통,1500,2000,37.579754,126.9766818
2026-07-30 18:00,POI009,광화문·덕수궁,약간 붐빔,44000,46000,37.5759194,126.9768
2026-07-30 18:00,POI010,보신각,보통,14000,16000,37.5698518,126.9836102
2026-07-30 18:00,POI011,서울 암사동 유적,여유,300,400,37.5610203,127.1306288
2026-07-30 18:00,POI012,창덕궁·종묘,보통,14000,16000,37.5823872,126.9917013
2026-07-30 18:00,POI013,가산디지털단지역,붐빔,42000,44000,37.480819,126.8816358
2026-07-30 18:00,POI014,강남역,약간 붐빔,88000,90000,37.5002304,127.0268054
2026-07-30 18:00,POI015,건대입구역,약간 붐빔,30000,32000,37.54088,127.06812
2026-07-30 18:00,POI016,고덕역,붐빔,5500,6000,37.5550721,127.1550065
2026-07-30 18:00,POI017,고속터미널역,붐빔,28000,30000,37.5050827,127.0049777
2026-07-30 18:00,POI018,교대역,붐빔,20000,22000,37.494178,127.015909
2026-07-30 18:00,POI019,구로디지털단지역,약간 붐빔,38000,40000,37.4853417,126.9068128
2026-07-30 18:00,POI020,구로역,보통,3500,4000,37.5000903,126.8829924
2026-07-30 18:00,POI021,군자역,약간 붐빔,9000,9500,37.558149,127.077839
2026-07-30 18:00,POI023,대림역,여유,14000,16000,37.4908703,126.8936859
2026-07-30 18:00,POI024,동대문역,약간 붐빔,8500,9000,37.5718616,127.0114887
2026-07-30 18:00,POI025,뚝섬역,보통,10000,12000,37.5475031,127.0461973
2026-07-30 18:00,POI026,미아사거리역,약간 붐빔,12000,14000,37.61175,127.03044
2026-07-30 18:00,POI055,홍대입구역(2호선),붐빔,24000,26000,37.5574135,126.9238
2026-07-30 18:00,POI088,광화문광장,약간 붐빔,10000,12000,37.5759194,126.9768
2026-07-30 18:00,POI119,잠실역,붐빔,50000,52000,37.5127453,127.0973
2026-07-30 20:00,POI006,종로·청계 관광특구,보통,26000,28000,37.5702856,126.9903626
2026-07-30 20:00,POI007,홍대 관광특구,보통,80000,82000,37.5574135,126.9238
2026-07-30 20:00,POI008,경복궁,여유,1000,1500,37.579754,126.9766818
2026-07-30 20:00,POI009,광화문·덕수궁,여유,20000,22000,37.5759194,126.9768
2026-07-30 20:00,POI010,보신각,보통,10000,12000,37.5698518,126.9836102
2026-07-30 20:00,POI011,서울 암사동 유적,여유,300,400,37.5610203,127.1306288
2026-07-30 20:00,POI012,창덕궁·종묘,여유,7500,8000,37.5823872,126.9917013
2026-07-30 20:00,POI013,가산디지털단지역,여유,16000,18000,37.480819,126.8816358
2026-07-30 20:00,POI014,강남역,보통,64000,66000,37.5002304,127.0268054
2026-07-30 20:00,POI015,건대입구역,보통,28000,30000,37.54088,127.06812
2026-07-30 20:00,POI016,고덕역,보통,4000,4500,37.5550721,127.1550065
2026-07-30 20:00,POI017,고속터미널역,여유,14000,16000,37.5050827,127.0049777
2026-07-30 20:00,POI018,교대역,여유,14000,16000,37.494178,127.015909
2026-07-30 20:00,POI019,구로디지털단지역,여유,12000,14000,37.4853417,126.9068128
2026-07-30 20:00,POI020,구로역,여유,2000,2500,37.5000903,126.8829924
2026-07-30 20:00,POI021,군자역,보통,8000,8500,37.558149,127.077839
2026-07-30 20:00,POI023,대림역,여유,16000,18000,37.4908703,126.8936859
2026-07-30 20:00,POI024,동대문역,여유,4500,5000,37.5718616,127.0114887
2026-07-30 20:00,POI025,뚝섬역,여유,8000,8500,37.5475031,127.0461973
2026-07-30 20:00,POI026,미아사거리역,여유,9000,9500,37.61175,127.03044
2026-07-30 20:00,POI055,홍대입구역(2호선),약간 붐빔,20000,22000,37.5574135,126.9238
2026-07-30 20:00,POI088,광화문광장,여유,4500,5000,37.5759194,126.9768
2026-07-30 20:00,POI119,잠실역,보통,32000,34000,37.5127453,127.0973
2026-07-30 23:00,POI006,종로·청계 관광특구,여유,16000,18000,37.5702856,126.9903626
2026-07-30 23:00,POI007,홍대 관광특구,여유,52000,54000,37.5574135,126.9238
2026-07-30 23:00,POI008,경복궁,여유,500,600,37.579754,126.9766818
2026-07-30 23:00,POI009,광화문·덕수궁,여유,8000,8500,37.5759194,126.9768
2026-07-30 23:00,POI010,보신각,여유,4500,5000,37.5698518,126.9836102
2026-07-30 23:00,POI011,서울 암사동 유적,여유,300,400,37.5610203,127.1306288
2026-07-30 23:00,POI012,창덕궁·종묘,여유,4500,5000,37.5823872,126.9917013
2026-07-30 23:00,POI013,가산디지털단지역,여유,9000,9500,37.480819,126.8816358
2026-07-30 23:00,POI014,강남역,여유,38000,40000,37.5002304,127.0268054
2026-07-30 23:00,POI015,건대입구역,여유,24000,26000,37.54088,127.06812
2026-07-30 23:00,POI016,고덕역,여유,1500,2000,37.5550721,127.1550065
2026-07-30 23:00,POI017,고속터미널역,여유,5000,5500,37.5050827,127.0049777
2026-07-30 23:00,POI018,교대역,여유,10000,12000,37.494178,127.015909
2026-07-30 23:00,POI019,구로디지털단지역,여유,7500,8000,37.4853417,126.9068128
2026-07-30 23:00,POI020,구로역,여유,1500,2000,37.5000903,126.8829924
2026-07-30 23:00,POI021,군자역,여유,5500,6000,37.558149,127.077839
2026-07-30 23:00,POI023,대림역,보통,16000,18000,37.4908703,126.8936859
2026-07-30 23:00,POI024,동대문역,여유,3000,3500,37.5718616,127.0114887
2026-07-30 23:00,POI025,뚝섬역,여유,5500,6000,37.5475031,127.0461973
2026-07-30 23:00,POI026,미아사거리역,여유,6000,6500,37.61175,127.03044
2026-07-30 23:00,POI055,홍대입구역(2호선),여유,12000,14000,37.5574135,126.9238
2026-07-30 23:00,POI088,광화문광장,여유,1500,2000,37.5759194,126.9768
2026-07-30 23:00,POI119,잠실역,여유,8500,9000,37.5127453,127.0973
2026-07-31 01:00,POI006,종로·청계 관광특구,여유,10000,12000,37.5702856,126.9903626
2026-07-31 01:00,POI007,홍대 관광특구,여유,38000,40000,37.5574135,126.9238
2026-07-31 01:00,POI008,경복궁,여유,200,300,37.579754,126.9766818
2026-07-31 01:00,POI009,광화문·덕수궁,여유,3500,4000,37.5759194,126.9768
2026-07-31 01:00,POI010,보신각,여유,2000,2500,37.5698518,126.9836102
2026-07-31 01:00,POI011,서울 암사동 유적,여유,300,400,37.5610203,127.1306288
2026-07-31 01:00,POI012,창덕궁·종묘,여유,3500,4000,37.5823872,126.9917013
2026-07-31 01:00,POI013,가산디지털단지역,여유,5500,6000,37.480819,126.8816358
2026-07-31 01:00,POI014,강남역,여유,24000,26000,37.5002304,127.0268054
2026-07-31 01:00,POI015,건대입구역,여유,16000,18000,37.54088,127.06812
2026-07-31 01:00,POI016,고덕역,여유,1000,1500,37.5550721,127.1550065
2026-07-31 01:00,POI017,고속터미널역,여유,2000,2500,37.5050827,127.0049777
2026-07-31 01:00,POI018,교대역,여유,6000,6500,37.494178,127.015909
2026-07-31 01:00,POI019,구로디지털단지역,여유,5000,5500,37.4853417,126.9068128
2026-07-31 01:00,POI020,구로역,여유,800,900,37.5000903,126.8829924
2026-07-31 01:00,POI021,군자역,여유,4000,4500,37.558149,127.077839
2026-07-31 01:00,POI023,대림역,보통,16000,18000,37.4908703,126.8936859
2026-07-31 01:00,POI024,동대문역,여유,1500,2000,37.5718616,127.0114887
2026-07-31 01:00,POI025,뚝섬역,여유,4000,4500,37.5475031,127.0461973
2026-07-31 01:00,POI026,미아사거리역,여유,4000,4500,37.61175,127.03044
2026-07-31 01:00,POI055,홍대입구역(2호선),여유,7000,7500,37.5574135,126.9238
2026-07-31 01:00,POI088,광화문광장,여유,700,800,37.5759194,126.9768
2026-07-31 01:00,POI119,잠실역,여유,4000,4500,37.5127453,127.0973
2026-07-31 03:00,POI006,종로·청계 관광특구,여유,9500,10000,37.5702856,126.9903626
2026-07-31 03:00,POI007,홍대 관광특구,여유,34000,36000,37.5574135,126.9238
2026-07-31 03:00,POI008,경복궁,여유,200,300,37.579754,126.9766818
2026-07-31 03:00,POI009,광화문·덕수궁,여유,3000,3500,37.5759194,126.9768
2026-07-31 03:00,POI010,보신각,여유,1500,2000,37.5698518,126.9836102
2026-07-31 03:00,POI011,서울 암사동 유적,여유,300,400,37.5610203,127.1306288
2026-07-31 03:00,POI012,창덕궁·종묘,여유,3000,3500,37.5823872,126.9917013
2026-07-31 03:00,POI013,가산디지털단지역,여유,5000,5500,37.480819,126.8816358
2026-07-31 03:00,POI014,강남역,여유,20000,22000,37.5002304,127.0268054
2026-07-31 03:00,POI015,건대입구역,여유,14000,16000,37.54088,127.06812
2026-07-31 03:00,POI016,고덕역,여유,1000,1500,37.5550721,127.1550065
2026-07-31 03:00,POI017,고속터미널역,여유,1500,2000,37.5050827,127.0049777
2026-07-31 03:00,POI018,교대역,여유,5500,6000,37.494178,127.015909
2026-07-31 03:00,POI019,구로디지털단지역,여유,4500,5000,37.4853417,126.9068128
2026-07-31 03:00,POI020,구로역,여유,700,800,37.5000903,126.8829924
2026-07-31 03:00,POI021,군자역,여유,3500,4000,37.558149,127.077839
2026-07-31 03:00,POI023,대림역,보통,16000,18000,37.4908703,126.8936859
2026-07-31 03:00,POI024,동대문역,여유,1000,1500,37.5718616,127.0114887
2026-07-31 03:00,POI025,뚝섬역,여유,4000,4500,37.5475031,127.0461973
2026-07-31 03:00,POI026,미아사거리역,여유,3500,4000,37.61175,127.03044
2026-07-31 03:00,POI055,홍대입구역(2호선),여유,6000,6500,37.5574135,126.9238
2026-07-31 03:00,POI088,광화문광장,여유,700,800,37.5759194,126.9768
2026-07-31 03:00,POI119,잠실역,여유,3000,3500,37.5127453,127.0973
2026-07-31 05:00,POI006,종로·청계 관광특구,여유,9500,10000,37.5702856,126.9903626
2026-07-31 05:00,POI007,홍대 관광특구,여유,30000,32000,37.5574135,126.9238
2026-07-31 05:00,POI008,경복궁,여유,200,300,37.579754,126.9766818
2026-07-31 05:00,POI009,광화문·덕수궁,여유,3500,4000,37.5759194,126.9768
2026-07-31 05:00,POI010,보신각,여유,1500,2000,37.5698518,126.9836102
2026-07-31 05:00,POI011,서울 암사동 유적,여유,300,400,37.5610203,127.1306288
2026-07-31 05:00,POI012,창덕궁·종묘,여유,3000,3500,37.5823872,126.9917013
2026-07-31 05:00,POI013,가산디지털단지역,여유,5500,6000,37.480819,126.8816358
2026-07-31 05:00,POI014,강남역,여유,20000,22000,37.5002304,127.0268054
2026-07-31 05:00,POI015,건대입구역,여유,14000,16000,37.54088,127.06812
2026-07-31 05:00,POI016,고덕역,여유,1000,1500,37.5550721,127.1550065
2026-07-31 05:00,POI017,고속터미널역,여유,1500,2000,37.5050827,127.0049777
2026-07-31 05:00,POI018,교대역,여유,5500,6000,37.494178,127.015909
2026-07-31 05:00,POI019,구로디지털단지역,여유,4500,5000,37.4853417,126.9068128
2026-07-31 05:00,POI020,구로역,여유,900,1000,37.5000903,126.8829924
2026-07-31 05:00,POI021,군자역,여유,3500,4000,37.558149,127.077839
2026-07-31 05:00,POI023,대림역,보통,16000,18000,37.4908703,126.8936859
2026-07-31 05:00,POI024,동대문역,여유,1000,1500,37.5718616,127.0114887
2026-07-31 05:00,POI025,뚝섬역,여유,4000,4500,37.5475031,127.0461973
2026-07-31 05:00,POI026,미아사거리역,여유,3500,4000,37.61175,127.03044
2026-07-31 05:00,POI055,홍대입구역(2호선),여유,6000,6500,37.5574135,126.9238
2026-07-31 05:00,POI088,광화문광장,여유,700,800,37.5759194,126.9768
2026-07-31 05:00,POI119,잠실역,여유,2500,3000,37.5127453,127.0973
2026-07-31 07:00,POI006,종로·청계 관광특구,여유,12000,14000,37.5702856,126.9903626
2026-07-31 07:00,POI007,홍대 관광특구,여유,30000,32000,37.5574135,126.9238
2026-07-31 07:00,POI008,경복궁,여유,400,500,37.579754,126.9766818
2026-07-31 07:00,POI009,광화문·덕수궁,여유,7500,8000,37.5759194,126.9768
2026-07-31 07:00,POI010,보신각,여유,2500,3000,37.5698518,126.9836102
2026-07-31 07:00,POI011,서울 암사동 유적,여유,300,400,37.5610203,127.1306288
2026-07-31 07:00,POI012,창덕궁·종묘,여유,4000,4500,37.5823872,126.9917013
2026-07-31 07:00,POI013,가산디지털단지역,여유,9000,9500,37.480819,126.8816358
2026-07-31 07:00,POI014,강남역,여유,24000,26000,37.5002304,127.0268054
2026-07-31 07:00,POI015,건대입구역,여유,14000,16000,37.54088,127.06812
2026-07-31 07:00,POI016,고덕역,여유,1500,2000,37.5550721,127.1550065
2026-07-31 07:00,POI017,고속터미널역,여유,4500,5000,37.5050827,127.0049777
2026-07-31 07:00,POI018,교대역,여유,6500,7000,37.494178,127.015909
2026-07-31 07:00,POI019,구로디지털단지역,여유,5500,6000,37.4853417,126.9068128
2026-07-31 07:00,POI020,구로역,여유,1500,2000,37.5000903,126.8829924
2026-07-31 07:00,POI021,군자역,여유,3500,4000,37.558149,127.077839
2026-07-31 07:00,POI023,대림역,여유,16000,18000,37.4908703,126.8936859
2026-07-31 07:00,POI024,동대문역,여유,3000,3500,37.5718616,127.0114887
2026-07-31 07:00,POI025,뚝섬역,여유,4500,5000,37.5475031,127.0461973
2026-07-31 07:00,POI026,미아사거리역,여유,5000,5500,37.61175,127.03044
2026-07-31 07:00,POI055,홍대입구역(2호선),여유,6500,7000,37.5574135,126.9238
2026-07-31 07:00,POI088,광화문광장,여유,1500,2000,37.5759194,126.9768
2026-07-31 07:00,POI119,잠실역,여유,4500,5000,37.5127453,127.0973
2026-07-31 09:00,POI006,종로·청계 관광특구,보통,28000,30000,37.5702856,126.9903626
2026-07-31 09:00,POI007,홍대 관광특구,여유,42000,44000,37.5574135,126.9238
2026-07-31 09:00,POI008,경복궁,여유,1000,1500,37.579754,126.9766818
2026-07-31 09:00,POI009,광화문·덕수궁,여유,30000,32000,37.5759194,126.9768
2026-07-31 09:00,POI010,보신각,약간 붐빔,9500,10000,37.5698518,126.9836102
2026-07-31 09:00,POI011,서울 암사동 유적,여유,300,400,37.5610203,127.1306288
2026-07-31 09:00,POI012,창덕궁·종묘,보통,9000,9500,37.5823872,126.9917013
2026-07-31 09:00,POI013,가산디지털단지역,약간 붐빔,32000,34000,37.480819,126.8816358
2026-07-31 09:00,POI014,강남역,여유,50000,52000,37.5002304,127.0268054
2026-07-31 09:00,POI015,건대입구역,여유,22000,24000,37.54088,127.06812
2026-07-31 09:00,POI016,고덕역,여유,1500,2000,37.5550721,127.1550065
2026-07-31 09:00,POI017,고속터미널역,여유,12000,14000,37.5050827,127.0049777
2026-07-31 09:00,POI018,교대역,여유,14000,16000,37.494178,127.015909
2026-07-31 09:00,POI019,구로디지털단지역,약간 붐빔,20000,22000,37.4853417,126.9068128
2026-07-31 09:00,POI020,구로역,보통,3500,4000,37.5000903,126.8829924
2026-07-31 09:00,POI021,군자역,여유,5000,5500,37.558149,127.077839
2026-07-31 09:00,POI023,대림역,보통,16000,18000,37.4908703,126.8936859
2026-07-31 09:00,POI024,동대문역,보통,7500,8000,37.5718616,127.0114887
2026-07-31 09:00,POI025,뚝섬역,여유,7500,8000,37.5475031,127.0461973
2026-07-31 09:00,POI026,미아사거리역,여유,8500,9000,37.61175,127.03044
2026-07-31 09:00,POI055,홍대입구역(2호선),여유,10000,12000,37.5574135,126.9238
2026-07-31 09:00,POI088,광화문광장,여유,6500,7000,37.5759194,126.9768
2026-07-31 09:00,POI119,잠실역,여유,12000,14000,37.5127453,127.0973
2026-07-31 13:00,POI006,종로·청계 관광특구,보통,46000,48000,37.5702856,126.9903626
2026-07-31 13:00,POI007,홍대 관광특구,여유,76000,78000,37.5574135,126.9238
2026-07-31 13:00,POI008,경복궁,보통,1500,2000,37.579754,126.9766818
2026-07-31 13:00,POI009,광화문·덕수궁,약간 붐빔,46000,48000,37.5759194,126.9768
2026-07-31 13:00,POI010,보신각,보통,18000,20000,37.5698518,126.9836102
2026-07-31 13:00,POI011,서울 암사동 유적,여유,300,400,37.5610203,127.1306288
2026-07-31 13:00,POI012,창덕궁·종묘,보통,12000,14000,37.5823872,126.9917013
2026-07-31 13:00,POI013,가산디지털단지역,약간 붐빔,36000,38000,37.480819,126.8816358
2026-07-31 13:00,POI014,강남역,약간 붐빔,86000,88000,37.5002304,127.0268054
2026-07-31 13:00,POI015,건대입구역,여유,26000,28000,37.54088,127.06812
2026-07-31 13:00,POI016,고덕역,여유,4000,4500,37.5550721,127.1550065
2026-07-31 13:00,POI017,고속터미널역,붐빔,30000,32000,37.5050827,127.0049777
2026-07-31 13:00,POI018,교대역,약간 붐빔,22000,24000,37.494178,127.015909
2026-07-31 13:00,POI019,구로디지털단지역,약간 붐빔,34000,36000,37.4853417,126.9068128
2026-07-31 13:00,POI020,구로역,여유,2000,2500,37.5000903,126.8829924
2026-07-31 13:00,POI021,군자역,여유,6500,7000,37.558149,127.077839
2026-07-31 13:00,POI023,대림역,여유,14000,16000,37.4908703,126.8936859
2026-07-31 13:00,POI024,동대문역,붐빔,10000,12000,37.5718616,127.0114887
2026-07-31 13:00,POI025,뚝섬역,약간 붐빔,10000,12000,37.5475031,127.0461973
2026-07-31 13:00,POI026,미아사거리역,보통,10000,12000,37.61175,127.03044
2026-07-31 13:00,POI055,홍대입구역(2호선),보통,18000,20000,37.5574135,126.9238
2026-07-31 13:00,POI088,광화문광장,보통,9000,9500,37.5759194,126.9768
2026-07-31 13:00,POI119,잠실역,붐빔,46000,48000,37.5127453,127.0973
2026-07-31 17:00,POI006,종로·청계 관광특구,보통,42000,44000,37.5702856,126.9903626
2026-07-31 17:00,POI007,홍대 관광특구,보통,86000,88000,37.5574135,126.9238
2026-07-31 17:00,POI008,경복궁,약간 붐빔,1500,2000,37.579754,126.9766818
2026-07-31 17:00,POI009,광화문·덕수궁,보통,40000,42000,37.5759194,126.9768
2026-07-31 17:00,POI010,보신각,보통,16000,18000,37.5698518,126.9836102
2026-07-31 17:00,POI011,서울 암사동 유적,여유,300,400,37.5610203,127.1306288
2026-07-31 17:00,POI012,창덕궁·종묘,보통,12000,14000,37.5823872,126.9917013
2026-07-31 17:00,POI013,가산디지털단지역,보통,30000,32000,37.480819,126.8816358
2026-07-31 17:00,POI014,강남역,약간 붐빔,82000,84000,37.5002304,127.0268054
2026-07-31 17:00,POI015,건대입구역,보통,28000,30000,37.54088,127.06812
2026-07-31 17:00,POI016,고덕역,보통,4500,5000,37.5550721,127.1550065
2026-07-31 17:00,POI017,고속터미널역,붐빔,30000,32000,37.5050827,127.0049777
2026-07-31 17:00,POI018,교대역,보통,20000,22000,37.494178,127.015909
2026-07-31 17:00,POI019,구로디지털단지역,보통,28000,30000,37.4853417,126.9068128
2026-07-31 17:00,POI020,구로역,여유,2500,3000,37.5000903,126.8829924
2026-07-31 17:00,POI021,군자역,여유,7000,7500,37.558149,127.077839
2026-07-31 17:00,POI023,대림역,여유,14000,16000,37.4908703,126.8936859
2026-07-31 17:00,POI024,동대문역,붐빔,10000,12000,37.5718616,127.0114887
2026-07-31 17:00,POI025,뚝섬역,약간 붐빔,10000,12000,37.5475031,127.0461973
2026-07-31 17:00,POI026,미아사거리역,보통,12000,14000,37.61175,127.03044
2026-07-31 17:00,POI055,홍대입구역(2호선),약간 붐빔,22000,24000,37.5574135,126.9238
2026-07-31 17:00,POI088,광화문광장,보통,9000,9500,37.5759194,126.9768
2026-07-31 17:00,POI119,잠실역,붐빔,52000,54000,37.5127453,127.0973
2026-07-31 19:00,POI006,종로·청계 관광특구,보통,32000,34000,37.5702856,126.9903626
2026-07-31 19:00,POI007,홍대 관광특구,약간 붐빔,88000,90000,37.5574135,126.9238
2026-07-31 19:00,POI008,경복궁,여유,1000,1500,37.579754,126.9766818
2026-07-31 19:00,POI009,광화문·덕수궁,여유,26000,28000,37.5759194,126.9768
2026-07-31 19:00,POI010,보신각,보통,12000,14000,37.5698518,126.9836102
2026-07-31 19:00,POI011,서울 암사동 유적,여유,300,400,37.5610203,127.1306288
2026-07-31 19:00,POI012,창덕궁·종묘,보통,9000,9500,37.5823872,126.9917013
2026-07-31 19:00,POI013,가산디지털단지역,보통,20000,22000,37.480819,126.8816358
2026-07-31 19:00,POI014,강남역,붐빔,76000,78000,37.5002304,127.0268054
2026-07-31 19:00,POI015,건대입구역,보통,32000,34000,37.54088,127.06812
2026-07-31 19:00,POI016,고덕역,보통,4500,5000,37.5550721,127.1550065
2026-07-31 19:00,POI017,고속터미널역,붐빔,28000,30000,37.5050827,127.0049777
2026-07-31 19:00,POI018,교대역,여유,16000,18000,37.494178,127.015909
2026-07-31 19:00,POI019,구로디지털단지역,보통,16000,18000,37.4853417,126.9068128
2026-07-31 19:00,POI020,구로역,여유,3000,3500,37.5000903,126.8829924
2026-07-31 19:00,POI021,군자역,약간 붐빔,9500,10000,37.558149,127.077839
2026-07-31 19:00,POI023,대림역,여유,16000,18000,37.4908703,126.8936859
2026-07-31 19:00,POI024,동대문역,보통,6500,7000,37.5718616,127.0114887
2026-07-31 19:00,POI025,뚝섬역,보통,9500,10000,37.5475031,127.0461973
2026-07-31 19:00,POI026,미아사거리역,붐빔,12000,14000,37.61175,127.03044
2026-07-31 19:00,POI055,홍대입구역(2호선),약간 붐빔,22000,24000,37.5574135,126.9238
2026-07-31 19:00,POI088,광화문광장,여유,6000,6500,37.5759194,126.9768
2026-07-31 19:00,POI119,잠실역,붐빔,44000,46000,37.5127453,127.0973
2026-07-31 22:00,POI006,종로·청계 관광특구,여유,22000,24000,37.5702856,126.9903626
2026-07-31 22:00,POI007,홍대 관광특구,여유,74000,76000,37.5574135,126.9238
2026-07-31 22:00,POI008,경복궁,여유,600,700,37.579754,126.9766818
2026-07-31 22:00,POI009,광화문·덕수궁,여유,14000,16000,37.5759194,126.9768
2026-07-31 22:00,POI010,보신각,여유,8000,8500,37.5698518,126.9836102
2026-07-31 22:00,POI011,서울 암사동 유적,여유,300,400,37.5610203,127.1306288
2026-07-31 22:00,POI012,창덕궁·종묘,여유,6500,7000,37.5823872,126.9917013
2026-07-31 22:00,POI013,가산디지털단지역,여유,12000,14000,37.480819,126.8816358
2026-07-31 22:00,POI014,강남역,보통,58000,60000,37.5002304,127.0268054
2026-07-31 22:00,POI015,건대입구역,보통,28000,30000,37.54088,127.06812
2026-07-31 22:00,POI016,고덕역,여유,3000,3500,37.5550721,127.1550065
2026-07-31 22:00,POI017,고속터미널역,여유,10000,12000,37.5050827,127.0049777
2026-07-31 22:00,POI018,교대역,여유,12000,14000,37.494178,127.015909
2026-07-31 22:00,POI019,구로디지털단지역,여유,10000,12000,37.4853417,126.9068128
2026-07-31 22:00,POI020,구로역,여유,2000,2500,37.5000903,126.8829924
2026-07-31 22:00,POI021,군자역,보통,8500,9000,37.558149,127.077839
2026-07-31 22:00,POI023,대림역,여유,16000,18000,37.4908703,126.8936859
2026-07-31 22:00,POI024,동대문역,여유,4500,5000,37.5718616,127.0114887
2026-07-31 22:00,POI025,뚝섬역,여유,7000,7500,37.5475031,127.0461973
2026-07-31 22:00,POI026,미아사거리역,여유,9000,9500,37.61175,127.03044
2026-07-31 22:00,POI055,홍대입구역(2호선),보통,18000,20000,37.5574135,126.9238
2026-07-31 22:00,POI088,광화문광장,여유,3500,4000,37.5759194,126.9768
2026-07-31 22:00,POI119,잠실역,보통,26000,28000,37.5127453,127.0973
2026-08-01 00:00,POI006,종로·청계 관광특구,여유,12000,14000,37.5702856,126.9903626
2026-08-01 00:00,POI007,홍대 관광특구,여유,50000,52000,37.5574135,126.9238
2026-08-01 00:00,POI008,경복궁,여유,400,500,37.579754,126.9766818
2026-08-01 00:00,POI009,광화문·덕수궁,여유,5000,5500,37.5759194,126.9768
2026-08-01 00:00,POI010,보신각,여유,3500,4000,37.5698518,126.9836102
2026-08-01 00:00,POI011,서울 암사동 유적,여유,300,400,37.5610203,127.1306288
2026-08-01 00:00,POI012,창덕궁·종묘,여유,4000,4500,37.5823872,126.9917013
2026-08-01 00:00,POI013,가산디지털단지역,여유,7000,7500,37.480819,126.8816358
2026-08-01 00:00,POI014,강남역,여유,32000,34000,37.5002304,127.0268054
2026-08-01 00:00,POI015,건대입구역,여유,24000,26000,37.54088,127.06812
2026-08-01 00:00,POI016,고덕역,여유,1500,2000,37.5550721,127.1550065
2026-08-01 00:00,POI017,고속터미널역,여유,3500,4000,37.5050827,127.0049777
2026-08-01 00:00,POI018,교대역,여유,9000,9500,37.494178,127.015909
2026-08-01 00:00,POI019,구로디지털단지역,여유,7000,7500,37.4853417,126.9068128
2026-08-01 00:00,POI020,구로역,여유,1000,1500,37.5000903,126.8829924
2026-08-01 00:00,POI021,군자역,여유,5500,6000,37.558149,127.077839
2026-08-01 00:00,POI023,대림역,보통,16000,18000,37.4908703,126.8936859
2026-08-01 00:00,POI024,동대문역,여유,2000,2500,37.5718616,127.0114887
2026-08-01 00:00,POI025,뚝섬역,여유,5000,5500,37.5475031,127.0461973
2026-08-01 00:00,POI026,미아사거리역,여유,5500,6000,37.61175,127.03044
2026-08-01 00:00,POI055,홍대입구역(2호선),여유,10000,12000,37.5574135,126.9238
2026-08-01 00:00,POI088,광화문광장,여유,1000,1500,37.5759194,126.9768
2026-08-01 00:00,POI119,잠실역,여유,8000,8500,37.5127453,127.0973
2026-08-01 02:00,POI006,종로·청계 관광특구,여유,9500,10000,37.5702856,126.9903626
2026-08-01 02:00,POI007,홍대 관광특구,여유,40000,42000,37.5574135,126.9238
2026-08-01 02:00,POI008,경복궁,여유,100,200,37.579754,126.9766818
2026-08-01 02:00,POI009,광화문·덕수궁,여유,3000,3500,37.5759194,126.9768
2026-08-01 02:00,POI010,보신각,여유,2000,2500,37.5698518,126.9836102
2026-08-01 02:00,POI011,서울 암사동 유적,여유,300,400,37.5610203,127.1306288
2026-08-01 02:00,POI012,창덕궁·종묘,여유,3000,3500,37.5823872,126.9917013
2026-08-01 02:00,POI013,가산디지털단지역,여유,5000,5500,37.480819,126.8816358
2026-08-01 02:00,POI014,강남역,여유,22000,24000,37.5002304,127.0268054
2026-08-01 02:00,POI015,건대입구역,여유,14000,16000,37.54088,127.06812
2026-08-01 02:00,POI016,고덕역,여유,1000,1500,37.5550721,127.1550065
2026-08-01 02:00,POI017,고속터미널역,여유,1500,2000,37.5050827,127.0049777
2026-08-01 02:00,POI018,교대역,여유,3500,4000,37.494178,127.015909
2026-08-01 02:00,POI019,구로디지털단지역,여유,5000,5500,37.4853417,126.9068128
2026-08-01 02:00,POI020,구로역,여유,800,900,37.5000903,126.8829924
2026-08-01 02:00,POI021,군자역,여유,4000,4500,37.558149,127.077839
2026-08-01 02:00,POI023,대림역,보통,16000,18000,37.4908703,126.8936859
2026-08-01 02:00,POI024,동대문역,여유,1500,2000,37.5718616,127.0114887
2026-08-01 02:00,POI025,뚝섬역,여유,3500,4000,37.5475031,127.0461973
2026-08-01 02:00,POI026,미아사거리역,여유,3500,4000,37.61175,127.03044
2026-08-01 02:00,POI055,홍대입구역(2호선),여유,10000,12000,37.5574135,126.9238
2026-08-01 02:00,POI088,광화문광장,여유,500,600,37.5759194,126.9768
2026-08-01 02:00,POI119,잠실역,여유,4000,4500,37.5127453,127.0973
2026-08-01 04:00,POI006,종로·청계 관광특구,여유,8000,8500,37.5702856,126.9903626
2026-08-01 04:00,POI007,홍대 관광특구,여유,36000,38000,37.5574135,126.9238
2026-08-01 04:00,POI008,경복궁,여유,100,200,37.579754,126.9766818
2026-08-01 04:00,POI009,광화문·덕수궁,여유,2500,3000,37.5759194,126.9768
2026-08-01 04:00,POI010,보신각,여유,1500,2000,37.5698518,126.9836102
2026-08-01 04:00,POI011,서울 암사동 유적,여유,300,400,37.5610203,127.1306288
2026-08-01 04:00,POI012,창덕궁·종묘,여유,3000,3500,37.5823872,126.9917013
2026-08-01 04:00,POI013,가산디지털단지역,여유,5000,5500,37.480819,126.8816358
2026-08-01 04:00,POI014,강남역,여유,20000,22000,37.5002304,127.0268054
2026-08-01 04:00,POI015,건대입구역,여유,14000,16000,37.54088,127.06812
2026-08-01 04:00,POI016,고덕역,여유,1000,1500,37.5550721,127.1550065
2026-08-01 04:00,POI017,고속터미널역,여유,1500,2000,37.5050827,127.0049777
2026-08-01 04:00,POI018,교대역,여유,3500,4000,37.494178,127.015909
2026-08-01 04:00,POI019,구로디지털단지역,여유,4500,5000,37.4853417,126.9068128
2026-08-01 04:00,POI020,구로역,여유,700,800,37.5000903,126.8829924
2026-08-01 04:00,POI021,군자역,여유,3500,4000,37.558149,127.077839
2026-08-01 04:00,POI023,대림역,보통,16000,18000,37.4908703,126.8936859
2026-08-01 04:00,POI024,동대문역,여유,1000,1500,37.5718616,127.0114887
2026-08-01 04:00,POI025,뚝섬역,여유,3500,4000,37.5475031,127.0461973
2026-08-01 04:00,POI026,미아사거리역,여유,3000,3500,37.61175,127.03044
2026-08-01 04:00,POI055,홍대입구역(2호선),여유,10000,12000,37.5574135,126.9238
2026-08-01 04:00,POI088,광화문광장,여유,500,600,37.5759194,126.9768
2026-08-01 04:00,POI119,잠실역,여유,2500,3000,37.5127453,127.0973
2026-08-01 06:00,POI006,종로·청계 관광특구,여유,8500,9000,37.5702856,126.9903626
2026-08-01 06:00,POI007,홍대 관광특구,여유,32000,34000,37.5574135,126.9238
2026-08-01 06:00,POI008,경복궁,여유,100,200,37.579754,126.9766818
2026-08-01 06:00,POI009,광화문·덕수궁,여유,3500,4000,37.5759194,126.9768
2026-08-01 06:00,POI010,보신각,여유,1000,1500,37.5698518,126.9836102
2026-08-01 06:00,POI011,서울 암사동 유적,여유,300,400,37.5610203,127.1306288
2026-08-01 06:00,POI012,창덕궁·종묘,여유,3000,3500,37.5823872,126.9917013
2026-08-01 06:00,POI013,가산디지털단지역,여유,5500,6000,37.480819,126.8816358
2026-08-01 06:00,POI014,강남역,여유,18000,20000,37.5002304,127.0268054
2026-08-01 06:00,POI015,건대입구역,여유,14000,16000,37.54088,127.06812
2026-08-01 06:00,POI016,고덕역,여유,1000,1500,37.5550721,127.1550065
2026-08-01 06:00,POI017,고속터미널역,여유,2500,3000,37.5050827,127.0049777
2026-08-01 06:00,POI018,교대역,여유,3500,4000,37.494178,127.015909
2026-08-01 06:00,POI019,구로디지털단지역,여유,4500,5000,37.4853417,126.9068128
2026-08-01 06:00,POI020,구로역,여유,1000,1500,37.5000903,126.8829924
2026-08-01 06:00,POI021,군자역,여유,3500,4000,37.558149,127.077839
2026-08-01 06:00,POI023,대림역,보통,16000,18000,37.4908703,126.8936859
2026-08-01 06:00,POI024,동대문역,여유,1000,1500,37.5718616,127.0114887
2026-08-01 06:00,POI025,뚝섬역,여유,3500,4000,37.5475031,127.0461973
2026-08-01 06:00,POI026,미아사거리역,여유,4000,4500,37.61175,127.03044
2026-08-01 06:00,POI055,홍대입구역(2호선),여유,10000,12000,37.5574135,126.9238
2026-08-01 06:00,POI088,광화문광장,여유,700,800,37.5759194,126.9768
2026-08-01 06:00,POI119,잠실역,여유,3000,3500,37.5127453,127.0973
2026-08-01 08:00,POI006,종로·청계 관광특구,여유,14000,16000,37.5702856,126.9903626
2026-08-01 08:00,POI007,홍대 관광특구,여유,32000,34000,37.5574135,126.9238
2026-08-01 08:00,POI008,경복궁,여유,600,700,37.579754,126.9766818
2026-08-01 08:00,POI009,광화문·덕수궁,여유,10000,12000,37.5759194,126.9768
2026-08-01 08:00,POI010,보신각,여유,4000,4500,37.5698518,126.9836102
2026-08-01 08:00,POI011,서울 암사동 유적,여유,300,400,37.5610203,127.1306288
2026-08-01 08:00,POI012,창덕궁·종묘,여유,4500,5000,37.5823872,126.9917013
2026-08-01 08:00,POI013,가산디지털단지역,여유,7500,8000,37.480819,126.8816358
2026-08-01 08:00,POI014,강남역,여유,28000,30000,37.5002304,127.0268054
2026-08-01 08:00,POI015,건대입구역,여유,16000,18000,37.54088,127.06812
2026-08-01 08:00,POI016,고덕역,여유,1500,2000,37.5550721,127.1550065
2026-08-01 08:00,POI017,고속터미널역,여유,5000,5500,37.5050827,127.0049777
2026-08-01 08:00,POI018,교대역,여유,10000,12000,37.494178,127.015909
2026-08-01 08:00,POI019,구로디지털단지역,여유,4500,5000,37.4853417,126.9068128
2026-08-01 08:00,POI020,구로역,여유,1500,2000,37.5000903,126.8829924
2026-08-01 08:00,POI021,군자역,여유,3500,4000,37.558149,127.077839
2026-08-01 08:00,POI023,대림역,보통,16000,18000,37.4908703,126.8936859
2026-08-01 08:00,POI024,동대문역,여유,2000,2500,37.5718616,127.0114887
2026-08-01 08:00,POI025,뚝섬역,여유,5000,5500,37.5475031,127.0461973
2026-08-01 08:00,POI026,미아사거리역,여유,4500,5000,37.61175,127.03044
2026-08-01 08:00,POI055,홍대입구역(2호선),여유,7500,8000,37.5574135,126.9238
2026-08-01 08:00,POI088,광화문광장,여유,2000,2500,37.5759194,126.9768
2026-08-01 08:00,POI119,잠실역,여유,4500,5000,37.5127453,127.0973
2026-08-01 12:00,POI006,종로·청계 관광특구,약간 붐빔,36000,38000,37.5702856,126.9903626
2026-08-01 12:00,POI007,홍대 관광특구,여유,66000,68000,37.5574135,126.9238
2026-08-01 12:00,POI008,경복궁,보통,1500,2000,37.579754,126.9766818
2026-08-01 12:00,POI009,광화문·덕수궁,보통,34000,36000,37.5759194,126.9768
2026-08-01 12:00,POI010,보신각,약간 붐빔,14000,16000,37.5698518,126.9836102
2026-08-01 12:00,POI011,서울 암사동 유적,여유,300,400,37.5610203,127.1306288
2026-08-01 12:00,POI012,창덕궁·종묘,약간 붐빔,10000,12000,37.5823872,126.9917013
2026-08-01 12:00,POI013,가산디지털단지역,보통,14000,16000,37.480819,126.8816358
2026-08-01 12:00,POI014,강남역,붐빔,70000,72000,37.5002304,127.0268054
2026-08-01 12:00,POI015,건대입구역,여유,24000,26000,37.54088,127.06812
2026-08-01 12:00,POI016,고덕역,여유,4000,4500,37.5550721,127.1550065
2026-08-01 12:00,POI017,고속터미널역,붐빔,30000,32000,37.5050827,127.0049777
2026-08-01 12:00,POI018,교대역,보통,18000,20000,37.494178,127.015909
2026-08-01 12:00,POI019,구로디지털단지역,보통,10000,12000,37.4853417,126.9068128
2026-08-01 12:00,POI020,구로역,여유,2500,3000,37.5000903,126.8829924
2026-08-01 12:00,POI021,군자역,여유,6000,6500,37.558149,127.077839
2026-08-01 12:00,POI023,대림역,여유,14000,16000,37.4908703,126.8936859
2026-08-01 12:00,POI024,동대문역,보통,8000,8500,37.5718616,127.0114887
2026-08-01 12:00,POI025,뚝섬역,보통,10000,12000,37.5475031,127.0461973
2026-08-01 12:00,POI026,미아사거리역,보통,12000,14000,37.61175,127.03044
2026-08-01 12:00,POI055,홍대입구역(2호선),보통,16000,18000,37.5574135,126.9238
2026-08-01 12:00,POI088,광화문광장,보통,6500,7000,37.5759194,126.9768
2026-08-01 12:00,POI119,잠실역,약간 붐빔,38000,40000,37.5127453,127.0973
2026-08-01 15:00,POI006,종로·청계 관광특구,약간 붐빔,40000,42000,37.5702856,126.9903626
2026-08-01 15:00,POI007,홍대 관광특구,보통,88000,90000,37.5574135,126.9238
2026-08-01 15:00,POI008,경복궁,약간 붐빔,1500,2000,37.579754,126.9766818
2026-08-01 15:00,POI009,광화문·덕수궁,보통,36000,38000,37.5759194,126.9768
2026-08-01 15:00,POI010,보신각,약간 붐빔,16000,18000,37.5698518,126.9836102
2026-08-01 15:00,POI011,서울 암사동 유적,여유,300,400,37.5610203,127.1306288
2026-08-01 15:00,POI012,창덕궁·종묘,약간 붐빔,10000,12000,37.5823872,126.9917013
2026-08-01 15:00,POI013,가산디지털단지역,보통,14000,16000,37.480819,126.8816358
2026-08-01 15:00,POI014,강남역,붐빔,78000,80000,37.5002304,127.0268054
2026-08-01 15:00,POI015,건대입구역,약간 붐빔,28000,30000,37.54088,127.06812
2026-08-01 15:00,POI016,고덕역,보통,4500,5000,37.5550721,127.1550065
2026-08-01 15:00,POI017,고속터미널역,붐빔,38000,40000,37.5050827,127.0049777
2026-08-01 15:00,POI018,교대역,보통,18000,20000,37.494178,127.015909
2026-08-01 15:00,POI019,구로디지털단지역,약간 붐빔,10000,12000,37.4853417,126.9068128
2026-08-01 15:00,POI020,구로역,여유,2500,3000,37.5000903,126.8829924
2026-08-01 15:00,POI021,군자역,여유,6500,7000,37.558149,127.077839
2026-08-01 15:00,POI023,대림역,여유,14000,16000,37.4908703,126.8936859
2026-08-01 15:00,POI024,동대문역,보통,9500,10000,37.5718616,127.0114887
2026-08-01 15:00,POI025,뚝섬역,보통,10000,12000,37.5475031,127.0461973
2026-08-01 15:00,POI026,미아사거리역,보통,12000,14000,37.61175,127.03044
2026-08-01 15:00,POI055,홍대입구역(2호선),약간 붐빔,24000,26000,37.5574135,126.9238
2026-08-01 15:00,POI088,광화문광장,약간 붐빔,8000,8500,37.5759194,126.9768
2026-08-01 15:00,POI119,잠실역,붐빔,60000,62000,37.5127453,127.0973
2026-08-01 18:00,POI006,종로·청계 관광특구,약간 붐빔,36000,38000,37.5702856,126.9903626
2026-08-01 18:00,POI007,홍대 관광특구,약간 붐빔,94000,96000,37.5574135,126.9238
2026-08-01 18:00,POI008,경복궁,보통,1500,2000,37.579754,126.9766818
2026-08-01 18:00,POI009,광화문·덕수궁,여유,30000,32000,37.5759194,126.9768
2026-08-01 18:00,POI010,보신각,약간 붐빔,14000,16000,37.5698518,126.9836102
2026-08-01 18:00,POI011,서울 암사동 유적,여유,300,400,37.5610203,127.1306288
2026-08-01 18:00,POI012,창덕궁·종묘,보통,10000,12000,37.5823872,126.9917013
2026-08-01 18:00,POI013,가산디지털단지역,보통,14000,16000,37.480819,126.8816358
2026-08-01 18:00,POI014,강남역,붐빔,72000,74000,37.5002304,127.0268054
2026-08-01 18:00,POI015,건대입구역,약간 붐빔,30000,32000,37.54088,127.06812
2026-08-01 18:00,POI016,고덕역,여유,4000,4500,37.5550721,127.1550065
2026-08-01 18:00,POI017,고속터미널역,붐빔,34000,36000,37.5050827,127.0049777
2026-08-01 18:00,POI018,교대역,여유,16000,18000,37.494178,127.015909
2026-08-01 18:00,POI019,구로디지털단지역,보통,10000,12000,37.4853417,126.9068128
2026-08-01 18:00,POI020,구로역,여유,2000,2500,37.5000903,126.8829924
2026-08-01 18:00,POI021,군자역,보통,7500,8000,37.558149,127.077839
2026-08-01 18:00,POI023,대림역,여유,14000,16000,37.4908703,126.8936859
2026-08-01 18:00,POI024,동대문역,보통,7500,8000,37.5718616,127.0114887
2026-08-01 18:00,POI025,뚝섬역,보통,10000,12000,37.5475031,127.0461973
2026-08-01 18:00,POI026,미아사거리역,보통,12000,14000,37.61175,127.03044
2026-08-01 18:00,POI055,홍대입구역(2호선),붐빔,24000,26000,37.5574135,126.9238
2026-08-01 18:00,POI088,광화문광장,약간 붐빔,7000,7500,37.5759194,126.9768
2026-08-01 18:00,POI119,잠실역,붐빔,56000,58000,37.5127453,127.0973
2026-08-01 20:00,POI006,종로·청계 관광특구,여유,26000,28000,37.5702856,126.9903626
2026-08-01 20:00,POI007,홍대 관광특구,보통,90000,92000,37.5574135,126.9238
2026-08-01 20:00,POI008,경복궁,여유,1000,1500,37.579754,126.9766818
2026-08-01 20:00,POI009,광화문·덕수궁,여유,20000,22000,37.5759194,126.9768
2026-08-01 20:00,POI010,보신각,약간 붐빔,10000,12000,37.5698518,126.9836102
2026-08-01 20:00,POI011,서울 암사동 유적,여유,300,400,37.5610203,127.1306288
2026-08-01 20:00,POI012,창덕궁·종묘,여유,7500,8000,37.5823872,126.9917013
2026-08-01 20:00,POI013,가산디지털단지역,여유,10000,12000,37.480819,126.8816358
2026-08-01 20:00,POI014,강남역,붐빔,62000,64000,37.5002304,127.0268054
2026-08-01 20:00,POI015,건대입구역,붐빔,32000,34000,37.54088,127.06812
2026-08-01 20:00,POI016,고덕역,여유,3500,4000,37.5550721,127.1550065
2026-08-01 20:00,POI017,고속터미널역,약간 붐빔,22000,24000,37.5050827,127.0049777
2026-08-01 20:00,POI018,교대역,여유,12000,14000,37.494178,127.015909
2026-08-01 20:00,POI019,구로디지털단지역,보통,9500,10000,37.4853417,126.9068128
2026-08-01 20:00,POI020,구로역,여유,2000,2500,37.5000903,126.8829924
2026-08-01 20:00,POI021,군자역,약간 붐빔,8500,9000,37.558149,127.077839
2026-08-01 20:00,POI023,대림역,여유,16000,18000,37.4908703,126.8936859
2026-08-01 20:00,POI024,동대문역,여유,4500,5000,37.5718616,127.0114887
2026-08-01 20:00,POI025,뚝섬역,여유,8500,9000,37.5475031,127.0461973
2026-08-01 20:00,POI026,미아사거리역,보통,10000,12000,37.61175,127.03044
2026-08-01 20:00,POI055,홍대입구역(2호선),약간 붐빔,22000,24000,37.5574135,126.9238
2026-08-01 20:00,POI088,광화문광장,여유,5000,5500,37.5759194,126.9768
2026-08-01 20:00,POI119,잠실역,약간 붐빔,44000,46000,37.5127453,127.0973
2026-08-01 22:00,POI006,종로·청계 관광특구,여유,18000,20000,37.5702856,126.9903626
2026-08-01 22:00,POI007,홍대 관광특구,여유,70000,72000,37.5574135,126.9238
2026-08-01 22:00,POI008,경복궁,여유,500,600,37.579754,126.9766818
2026-08-01 22:00,POI009,광화문·덕수궁,여유,10000,12000,37.5759194,126.9768
2026-08-01 22:00,POI010,보신각,여유,6000,6500,37.5698518,126.9836102
2026-08-01 22:00,POI011,서울 암사동 유적,여유,300,400,37.5610203,127.1306288
2026-08-01 22:00,POI012,창덕궁·종묘,여유,5500,6000,37.5823872,126.9917013
2026-08-01 22:00,POI013,가산디지털단지역,여유,8000,8500,37.480819,126.8816358
2026-08-01 22:00,POI014,강남역,여유,44000,46000,37.5002304,127.0268054
2026-08-01 22:00,POI015,건대입구역,보통,28000,30000,37.54088,127.06812
2026-08-01 22:00,POI016,고덕역,여유,2000,2500,37.5550721,127.1550065
2026-08-01 22:00,POI017,고속터미널역,여유,7500,8000,37.5050827,127.0049777
2026-08-01 22:00,POI018,교대역,여유,9000,9500,37.494178,127.015909
2026-08-01 22:00,POI019,구로디지털단지역,여유,8000,8500,37.4853417,126.9068128
2026-08-01 22:00,POI020,구로역,여유,1000,1500,37.5000903,126.8829924
2026-08-01 22:00,POI021,군자역,여유,7000,7500,37.558149,127.077839
2026-08-01 22:00,POI023,대림역,보통,16000,18000,37.4908703,126.8936859
2026-08-01 22:00,POI024,동대문역,여유,3500,4000,37.5718616,127.0114887
2026-08-01 22:00,POI025,뚝섬역,여유,6000,6500,37.5475031,127.0461973
2026-08-01 22:00,POI026,미아사거리역,여유,8000,8500,37.61175,127.03044
2026-08-01 22:00,POI055,홍대입구역(2호선),보통,16000,18000,37.5574135,126.9238
2026-08-01 22:00,POI088,광화문광장,여유,2000,2500,37.5759194,126.9768
2026-08-01 22:00,POI119,잠실역,여유,16000,18000,37.5127453,127.0973
2026-08-02 00:00,POI006,종로·청계 관광특구,여유,12000,14000,37.5702856,126.9903626
2026-08-02 00:00,POI007,홍대 관광특구,여유,52000,54000,37.5574135,126.9238
2026-08-02 00:00,POI008,경복궁,여유,400,500,37.579754,126.9766818
2026-08-02 00:00,POI009,광화문·덕수궁,여유,5500,6000,37.5759194,126.9768
2026-08-02 00:00,POI010,보신각,여유,3500,4000,37.5698518,126.9836102
2026-08-02 00:00,POI011,서울 암사동 유적,여유,300,400,37.5610203,127.1306288
2026-08-02 00:00,POI012,창덕궁·종묘,여유,4000,4500,37.5823872,126.9917013
2026-08-02 00:00,POI013,가산디지털단지역,여유,6500,7000,37.480819,126.8816358
2026-08-02 00:00,POI014,강남역,여유,30000,32000,37.5002304,127.0268054
2026-08-02 00:00,POI015,건대입구역,여유,24000,26000,37.54088,127.06812
2026-08-02 00:00,POI016,고덕역,여유,1500,2000,37.5550721,127.1550065
2026-08-02 00:00,POI017,고속터미널역,여유,3500,4000,37.5050827,127.0049777
2026-08-02 00:00,POI018,교대역,여유,7500,8000,37.494178,127.015909
2026-08-02 00:00,POI019,구로디지털단지역,여유,6500,7000,37.4853417,126.9068128
2026-08-02 00:00,POI020,구로역,여유,1000,1500,37.5000903,126.8829924
2026-08-02 00:00,POI021,군자역,여유,5500,6000,37.558149,127.077839
2026-08-02 00:00,POI023,대림역,보통,16000,18000,37.4908703,126.8936859
2026-08-02 00:00,POI024,동대문역,여유,2000,2500,37.5718616,127.0114887
2026-08-02 00:00,POI025,뚝섬역,여유,5000,5500,37.5475031,127.0461973
2026-08-02 00:00,POI026,미아사거리역,여유,5500,6000,37.61175,127.03044
2026-08-02 00:00,POI055,홍대입구역(2호선),여유,10000,12000,37.5574135,126.9238
2026-08-02 00:00,POI088,광화문광장,여유,1000,1500,37.5759194,126.9768
2026-08-02 00:00,POI119,잠실역,여유,8000,8500,37.5127453,127.0973
2026-08-02 02:00,POI006,종로·청계 관광특구,여유,10000,12000,37.5702856,126.9903626
2026-08-02 02:00,POI007,홍대 관광특구,여유,44000,46000,37.5574135,126.9238
2026-08-02 02:00,POI008,경복궁,여유,300,400,37.579754,126.9766818
2026-08-02 02:00,POI009,광화문·덕수궁,여유,3500,4000,37.5759194,126.9768
2026-08-02 02:00,POI010,보신각,여유,2500,3000,37.5698518,126.9836102
2026-08-02 02:00,POI011,서울 암사동 유적,여유,300,400,37.5610203,127.1306288
2026-08-02 02:00,POI012,창덕궁·종묘,여유,3500,4000,37.5823872,126.9917013
2026-08-02 02:00,POI013,가산디지털단지역,여유,4500,5000,37.480819,126.8816358
2026-08-02 02:00,POI014,강남역,여유,24000,26000,37.5002304,127.0268054
2026-08-02 02:00,POI015,건대입구역,여유,18000,20000,37.54088,127.06812
2026-08-02 02:00,POI016,고덕역,여유,1000,1500,37.5550721,127.1550065
2026-08-02 02:00,POI017,고속터미널역,여유,1000,1500,37.5050827,127.0049777
2026-08-02 02:00,POI018,교대역,여유,6000,6500,37.494178,127.015909
2026-08-02 02:00,POI019,구로디지털단지역,여유,5000,5500,37.4853417,126.9068128
2026-08-02 02:00,POI020,구로역,여유,800,900,37.5000903,126.8829924
2026-08-02 02:00,POI021,군자역,여유,4000,4500,37.558149,127.077839
2026-08-02 02:00,POI023,대림역,보통,16000,18000,37.4908703,126.8936859
2026-08-02 02:00,POI024,동대문역,여유,1500,2000,37.5718616,127.0114887
2026-08-02 02:00,POI025,뚝섬역,여유,4000,4500,37.5475031,127.0461973
2026-08-02 02:00,POI026,미아사거리역,여유,4000,4500,37.61175,127.03044
2026-08-02 02:00,POI055,홍대입구역(2호선),여유,8000,8500,37.5574135,126.9238
2026-08-02 02:00,POI088,광화문광장,여유,800,900,37.5759194,126.9768
2026-08-02 02:00,POI119,잠실역,여유,5000,5500,37.5127453,127.0973
2026-08-02 04:00,POI006,종로·청계 관광특구,여유,8500,9000,37.5702856,126.9903626
2026-08-02 04:00,POI007,홍대 관광특구,여유,38000,40000,37.5574135,126.9238
2026-08-02 04:00,POI008,경복궁,여유,100,200,37.579754,126.9766818
2026-08-02 04:00,POI009,광화문·덕수궁,여유,2500,3000,37.5759194,126.9768
2026-08-02 04:00,POI010,보신각,여유,1500,2000,37.5698518,126.9836102
2026-08-02 04:00,POI011,서울 암사동 유적,여유,300,400,37.5610203,127.1306288
2026-08-02 04:00,POI012,창덕궁·종묘,여유,3000,3500,37.5823872,126.9917013
2026-08-02 04:00,POI013,가산디지털단지역,여유,4500,5000,37.480819,126.8816358
2026-08-02 04:00,POI014,강남역,여유,18000,20000,37.5002304,127.0268054
2026-08-02 04:00,POI015,건대입구역,여유,14000,16000,37.54088,127.06812
2026-08-02 04:00,POI016,고덕역,여유,1000,1500,37.5550721,127.1550065
2026-08-02 04:00,POI017,고속터미널역,여유,1500,2000,37.5050827,127.0049777
2026-08-02 04:00,POI018,교대역,여유,3000,3500,37.494178,127.015909
2026-08-02 04:00,POI019,구로디지털단지역,여유,4500,5000,37.4853417,126.9068128
2026-08-02 04:00,POI020,구로역,여유,800,900,37.5000903,126.8829924
2026-08-02 04:00,POI021,군자역,여유,3500,4000,37.558149,127.077839
2026-08-02 04:00,POI023,대림역,보통,16000,18000,37.4908703,126.8936859
2026-08-02 04:00,POI024,동대문역,여유,1000,1500,37.5718616,127.0114887
2026-08-02 04:00,POI025,뚝섬역,여유,3500,4000,37.5475031,127.0461973
2026-08-02 04:00,POI026,미아사거리역,여유,3000,3500,37.61175,127.03044
2026-08-02 04:00,POI055,홍대입구역(2호선),여유,10000,12000,37.5574135,126.9238
2026-08-02 04:00,POI088,광화문광장,여유,500,600,37.5759194,126.9768
2026-08-02 04:00,POI119,잠실역,여유,2500,3000,37.5127453,127.0973
2026-08-02 06:00,POI006,종로·청계 관광특구,여유,8000,8500,37.5702856,126.9903626
2026-08-02 06:00,POI007,홍대 관광특구,여유,34000,36000,37.5574135,126.9238
2026-08-02 06:00,POI008,경복궁,여유,100,200,37.579754,126.9766818
2026-08-02 06:00,POI009,광화문·덕수궁,여유,3000,3500,37.5759194,126.9768
2026-08-02 06:00,POI010,보신각,여유,1000,1500,37.5698518,126.9836102
2026-08-02 06:00,POI011,서울 암사동 유적,여유,300,400,37.5610203,127.1306288
2026-08-02 06:00,POI012,창덕궁·종묘,여유,3000,3500,37.5823872,126.9917013
2026-08-02 06:00,POI013,가산디지털단지역,여유,5000,5500,37.480819,126.8816358
2026-08-02 06:00,POI014,강남역,여유,18000,20000,37.5002304,127.0268054
2026-08-02 06:00,POI015,건대입구역,여유,12000,14000,37.54088,127.06812
2026-08-02 06:00,POI016,고덕역,여유,1000,1500,37.5550721,127.1550065
2026-08-02 06:00,POI017,고속터미널역,여유,1500,2000,37.5050827,127.0049777
2026-08-02 06:00,POI018,교대역,여유,3000,3500,37.494178,127.015909
2026-08-02 06:00,POI019,구로디지털단지역,여유,4000,4500,37.4853417,126.9068128
2026-08-02 06:00,POI020,구로역,여유,900,1000,37.5000903,126.8829924
2026-08-02 06:00,POI021,군자역,여유,3000,3500,37.558149,127.077839
2026-08-02 06:00,POI023,대림역,보통,16000,18000,37.4908703,126.8936859
2026-08-02 06:00,POI024,동대문역,여유,1000,1500,37.5718616,127.0114887
2026-08-02 06:00,POI025,뚝섬역,여유,3500,4000,37.5475031,127.0461973
2026-08-02 06:00,POI026,미아사거리역,여유,3000,3500,37.61175,127.03044
2026-08-02 06:00,POI055,홍대입구역(2호선),여유,9500,10000,37.5574135,126.9238
2026-08-02 06:00,POI088,광화문광장,여유,500,600,37.5759194,126.9768
2026-08-02 06:00,POI119,잠실역,여유,2500,3000,37.5127453,127.0973
2026-08-02 07:00,POI006,종로·청계 관광특구,여유,9000,9500,37.5702856,126.9903626
2026-08-02 07:00,POI007,홍대 관광특구,여유,32000,34000,37.5574135,126.9238
2026-08-02 07:00,POI008,경복궁,여유,200,300,37.579754,126.9766818
2026-08-02 07:00,POI009,광화문·덕수궁,여유,4500,5000,37.5759194,126.9768
2026-08-02 07:00,POI010,보신각,여유,1500,2000,37.5698518,126.9836102
2026-08-02 07:00,POI011,서울 암사동 유적,여유,300,400,37.5610203,127.1306288
2026-08-02 07:00,POI012,창덕궁·종묘,여유,3000,3500,37.5823872,126.9917013
2026-08-02 07:00,POI013,가산디지털단지역,여유,5500,6000,37.480819,126.8816358
2026-08-02 07:00,POI014,강남역,여유,18000,20000,37.5002304,127.0268054
2026-08-02 07:00,POI015,건대입구역,여유,12000,14000,37.54088,127.06812
2026-08-02 07:00,POI016,고덕역,여유,1000,1500,37.5550721,127.1550065
2026-08-02 07:00,POI017,고속터미널역,여유,3000,3500,37.5050827,127.0049777
2026-08-02 07:00,POI018,교대역,여유,3500,4000,37.494178,127.015909
2026-08-02 07:00,POI019,구로디지털단지역,여유,4500,5000,37.4853417,126.9068128
2026-08-02 07:00,POI020,구로역,여유,1000,1500,37.5000903,126.8829924
2026-08-02 07:00,POI021,군자역,여유,3000,3500,37.558149,127.077839
2026-08-02 07:00,POI023,대림역,여유,16000,18000,37.4908703,126.8936859
2026-08-02 07:00,POI024,동대문역,여유,1500,2000,37.5718616,127.0114887
2026-08-02 07:00,POI025,뚝섬역,여유,4000,4500,37.5475031,127.0461973
2026-08-02 07:00,POI026,미아사거리역,여유,3500,4000,37.61175,127.03044
2026-08-02 07:00,POI055,홍대입구역(2호선),여유,9500,10000,37.5574135,126.9238
2026-08-02 07:00,POI088,광화문광장,여유,800,900,37.5759194,126.9768
2026-08-02 07:00,POI119,잠실역,여유,3000,3500,37.5127453,127.0973
2026-08-02 09:00,POI006,종로·청계 관광특구,여유,18000,20000,37.5702856,126.9903626
2026-08-02 09:00,POI007,홍대 관광특구,여유,36000,38000,37.5574135,126.9238
2026-08-02 09:00,POI008,경복궁,여유,800,900,37.579754,126.9766818
2026-08-02 09:00,POI009,광화문·덕수궁,여유,16000,18000,37.5759194,126.9768
2026-08-02 09:00,POI010,보신각,여유,7000,7500,37.5698518,126.9836102
2026-08-02 09:00,POI011,서울 암사동 유적,여유,300,400,37.5610203,127.1306288
2026-08-02 09:00,POI012,창덕궁·종묘,여유,5500,6000,37.5823872,126.9917013
2026-08-02 09:00,POI013,가산디지털단지역,여유,7500,8000,37.480819,126.8816358
2026-08-02 09:00,POI014,강남역,여유,34000,36000,37.5002304,127.0268054
2026-08-02 09:00,POI015,건대입구역,여유,16000,18000,37.54088,127.06812
2026-08-02 09:00,POI016,고덕역,여유,1000,1500,37.5550721,127.1550065
2026-08-02 09:00,POI017,고속터미널역,여유,5000,5500,37.5050827,127.0049777
2026-08-02 09:00,POI018,교대역,여유,10000,12000,37.494178,127.015909
2026-08-02 09:00,POI019,구로디지털단지역,여유,5000,5500,37.4853417,126.9068128
2026-08-02 09:00,POI020,구로역,여유,1000,1500,37.5000903,126.8829924
2026-08-02 09:00,POI021,군자역,여유,3500,4000,37.558149,127.077839
2026-08-02 09:00,POI023,대림역,여유,16000,18000,37.4908703,126.8936859
2026-08-02 09:00,POI024,동대문역,여유,2500,3000,37.5718616,127.0114887
2026-08-02 09:00,POI025,뚝섬역,여유,6000,6500,37.5475031,127.0461973
2026-08-02 09:00,POI026,미아사거리역,여유,5000,5500,37.61175,127.03044
2026-08-02 09:00,POI055,홍대입구역(2호선),여유,8500,9000,37.5574135,126.9238
2026-08-02 09:00,POI088,광화문광장,여유,3000,3500,37.5759194,126.9768
2026-08-02 09:00,POI119,잠실역,여유,7000,7500,37.5127453,127.0973
2026-08-02 12:00,POI006,종로·청계 관광특구,보통,34000,36000,37.5702856,126.9903626
2026-08-02 12:00,POI007,홍대 관광특구,여유,64000,66000,37.5574135,126.9238
2026-08-02 12:00,POI008,경복궁,보통,1500,2000,37.579754,126.9766818
2026-08-02 12:00,POI009,광화문·덕수궁,여유,32000,34000,37.5759194,126.9768
2026-08-02 12:00,POI010,보신각,약간 붐빔,14000,16000,37.5698518,126.9836102
2026-08-02 12:00,POI011,서울 암사동 유적,여유,300,400,37.5610203,127.1306288
2026-08-02 12:00,POI012,창덕궁·종묘,보통,9500,10000,37.5823872,126.9917013
2026-08-02 12:00,POI013,가산디지털단지역,여유,10000,12000,37.480819,126.8816358
2026-08-02 12:00,POI014,강남역,보통,60000,62000,37.5002304,127.0268054
2026-08-02 12:00,POI015,건대입구역,여유,24000,26000,37.54088,127.06812
2026-08-02 12:00,POI016,고덕역,여유,3000,3500,37.5550721,127.1550065
2026-08-02 12:00,POI017,고속터미널역,약간 붐빔,24000,26000,37.5050827,127.0049777
2026-08-02 12:00,POI018,교대역,보통,18000,20000,37.494178,127.015909
2026-08-02 12:00,POI019,구로디지털단지역,여유,8000,8500,37.4853417,126.9068128
2026-08-02 12:00,POI020,구로역,여유,1500,2000,37.5000903,126.8829924
2026-08-02 12:00,POI021,군자역,여유,5500,6000,37.558149,127.077839
2026-08-02 12:00,POI023,대림역,여유,14000,16000,37.4908703,126.8936859
2026-08-02 12:00,POI024,동대문역,여유,5500,6000,37.5718616,127.0114887
2026-08-02 12:00,POI025,뚝섬역,보통,9500,10000,37.5475031,127.0461973
2026-08-02 12:00,POI026,미아사거리역,여유,9000,9500,37.61175,127.03044
2026-08-02 12:00,POI055,홍대입구역(2호선),보통,16000,18000,37.5574135,126.9238
2026-08-02 12:00,POI088,광화문광장,보통,6000,6500,37.5759194,126.9768
2026-08-02 12:00,POI119,잠실역,약간 붐빔,38000,40000,37.5127453,127.0973
2026-08-02 15:00,POI006,종로·청계 관광특구,약간 붐빔,36000,38000,37.5702856,126.9903626
2026-08-02 15:00,POI007,홍대 관광특구,보통,82000,84000,37.5574135,126.9238
2026-08-02 15:00,POI008,경복궁,약간 붐빔,1500,2000,37.579754,126.9766818
2026-08-02 15:00,POI009,광화문·덕수궁,보통,32000,34000,37.5759194,126.9768
2026-08-02 15:00,POI010,보신각,약간 붐빔,16000,18000,37.5698518,126.9836102
2026-08-02 15:00,POI011,서울 암사동 유적,여유,300,400,37.5610203,127.1306288
2026-08-02 15:00,POI012,창덕궁·종묘,약간 붐빔,10000,12000,37.5823872,126.9917013
2026-08-02 15:00,POI013,가산디지털단지역,보통,12000,14000,37.480819,126.8816358
2026-08-02 15:00,POI014,강남역,붐빔,66000,68000,37.5002304,127.0268054
2026-08-02 15:00,POI015,건대입구역,보통,26000,28000,37.54088,127.06812
2026-08-02 15:00,POI016,고덕역,여유,3500,4000,37.5550721,127.1550065
2026-08-02 15:00,POI017,고속터미널역,붐빔,32000,34000,37.5050827,127.0049777
2026-08-02 15:00,POI018,교대역,보통,16000,18000,37.494178,127.015909
2026-08-02 15:00,POI019,구로디지털단지역,여유,8500,9000,37.4853417,126.9068128
2026-08-02 15:00,POI020,구로역,여유,2000,2500,37.5000903,126.8829924
2026-08-02 15:00,POI021,군자역,여유,5500,6000,37.558149,127.077839
2026-08-02 15:00,POI023,대림역,여유,14000,16000,37.4908703,126.8936859
2026-08-02 15:00,POI024,동대문역,여유,5500,6000,37.5718616,127.0114887
2026-08-02 15:00,POI025,뚝섬역,보통,10000,12000,37.5475031,127.0461973
2026-08-02 15:00,POI026,미아사거리역,보통,10000,12000,37.61175,127.03044
2026-08-02 15:00,POI055,홍대입구역(2호선),약간 붐빔,20000,22000,37.5574135,126.9238
2026-08-02 15:00,POI088,광화문광장,약간 붐빔,7000,7500,37.5759194,126.9768
2026-08-02 15:00,POI119,잠실역,붐빔,56000,58000,37.5127453,127.0973
2026-08-02 18:00,POI006,종로·청계 관광특구,보통,32000,34000,37.5702856,126.9903626
2026-08-02 18:00,POI007,홍대 관광특구,보통,84000,86000,37.5574135,126.9238
2026-08-02 18:00,POI008,경복궁,보통,1500,2000,37.579754,126.9766818
2026-08-02 18:00,POI009,광화문·덕수궁,여유,28000,30000,37.5759194,126.9768
2026-08-02 18:00,POI010,보신각,약간 붐빔,12000,14000,37.5698518,126.9836102
2026-08-02 18:00,POI011,서울 암사동 유적,여유,300,400,37.5610203,127.1306288
2026-08-02 18:00,POI012,창덕궁·종묘,여유,9000,9500,37.5823872,126.9917013
2026-08-02 18:00,POI013,가산디지털단지역,여유,10000,12000,37.480819,126.8816358
2026-08-02 18:00,POI014,강남역,약간 붐빔,62000,64000,37.5002304,127.0268054
2026-08-02 18:00,POI015,건대입구역,보통,28000,30000,37.54088,127.06812
2026-08-02 18:00,POI016,고덕역,여유,3500,4000,37.5550721,127.1550065
2026-08-02 18:00,POI017,고속터미널역,붐빔,30000,32000,37.5050827,127.0049777
2026-08-02 18:00,POI018,교대역,여유,16000,18000,37.494178,127.015909
2026-08-02 18:00,POI019,구로디지털단지역,여유,8500,9000,37.4853417,126.9068128
2026-08-02 18:00,POI020,구로역,여유,3000,3500,37.5000903,126.8829924
2026-08-02 18:00,POI021,군자역,여유,6500,7000,37.558149,127.077839
2026-08-02 18:00,POI023,대림역,여유,14000,16000,37.4908703,126.8936859
2026-08-02 18:00,POI024,동대문역,여유,5000,5500,37.5718616,127.0114887
2026-08-02 18:00,POI025,뚝섬역,보통,9500,10000,37.5475031,127.0461973
2026-08-02 18:00,POI026,미아사거리역,보통,10000,12000,37.61175,127.03044
2026-08-02 18:00,POI055,홍대입구역(2호선),약간 붐빔,22000,24000,37.5574135,126.9238
2026-08-02 18:00,POI088,광화문광장,보통,6000,6500,37.5759194,126.9768
2026-08-02 18:00,POI119,잠실역,붐빔,50000,52000,37.5127453,127.0973
2026-08-02 20:00,POI006,종로·청계 관광특구,여유,24000,26000,37.5702856,126.9903626
2026-08-02 20:00,POI007,홍대 관광특구,보통,80000,82000,37.5574135,126.9238
2026-08-02 20:00,POI008,경복궁,여유,900,1000,37.579754,126.9766818
2026-08-02 20:00,POI009,광화문·덕수궁,여유,18000,20000,37.5759194,126.9768
2026-08-02 20:00,POI010,보신각,보통,9500,10000,37.5698518,126.9836102
2026-08-02 20:00,POI011,서울 암사동 유적,여유,300,400,37.5610203,127.1306288
2026-08-02 20:00,POI012,창덕궁·종묘,여유,6500,7000,37.5823872,126.9917013
2026-08-02 20:00,POI013,가산디지털단지역,여유,10000,12000,37.480819,126.8816358
2026-08-02 20:00,POI014,강남역,보통,52000,54000,37.5002304,127.0268054
2026-08-02 20:00,POI015,건대입구역,약간 붐빔,30000,32000,37.54088,127.06812
2026-08-02 20:00,POI016,고덕역,여유,3000,3500,37.5550721,127.1550065
2026-08-02 20:00,POI017,고속터미널역,보통,20000,22000,37.5050827,127.0049777
2026-08-02 20:00,POI018,교대역,여유,12000,14000,37.494178,127.015909
2026-08-02 20:00,POI019,구로디지털단지역,여유,8000,8500,37.4853417,126.9068128
2026-08-02 20:00,POI020,구로역,여유,2000,2500,37.5000903,126.8829924
2026-08-02 20:00,POI021,군자역,여유,7000,7500,37.558149,127.077839
2026-08-02 20:00,POI023,대림역,여유,16000,18000,37.4908703,126.8936859
2026-08-02 20:00,POI024,동대문역,여유,4000,4500,37.5718616,127.0114887
2026-08-02 20:00,POI025,뚝섬역,여유,8000,8500,37.5475031,127.0461973
2026-08-02 20:00,POI026,미아사거리역,여유,9500,10000,37.61175,127.03044
2026-08-02 20:00,POI055,홍대입구역(2호선),약간 붐빔,20000,22000,37.5574135,126.9238
2026-08-02 20:00,POI088,광화문광장,여유,4000,4500,37.5759194,126.9768
2026-08-02 20:00,POI119,잠실역,약간 붐빔,38000,40000,37.5127453,127.0973
2026-08-02 22:00,POI006,종로·청계 관광특구,여유,16000,18000,37.5702856,126.9903626
2026-08-02 22:00,POI007,홍대 관광특구,여유,58000,60000,37.5574135,126.9238
2026-08-02 22:00,POI008,경복궁,여유,500,600,37.579754,126.9766818
2026-08-02 22:00,POI009,광화문·덕수궁,여유,9000,9500,37.5759194,126.9768
2026-08-02 22:00,POI010,보신각,여유,4500,5000,37.5698518,126.9836102
2026-08-02 22:00,POI011,서울 암사동 유적,여유,300,400,37.5610203,127.1306288
2026-08-02 22:00,POI012,창덕궁·종묘,여유,4500,5000,37.5823872,126.9917013
2026-08-02 22:00,POI013,가산디지털단지역,여유,7500,8000,37.480819,126.8816358
2026-08-02 22:00,POI014,강남역,여유,36000,38000,37.5002304,127.0268054
2026-08-02 22:00,POI015,건대입구역,여유,26000,28000,37.54088,127.06812
2026-08-02 22:00,POI016,고덕역,여유,2000,2500,37.5550721,127.1550065
2026-08-02 22:00,POI017,고속터미널역,여유,6500,7000,37.5050827,127.0049777
2026-08-02 22:00,POI018,교대역,여유,8500,9000,37.494178,127.015909
2026-08-02 22:00,POI019,구로디지털단지역,여유,6000,6500,37.4853417,126.9068128
2026-08-02 22:00,POI020,구로역,여유,1000,1500,37.5000903,126.8829924
2026-08-02 22:00,POI021,군자역,여유,5500,6000,37.558149,127.077839
2026-08-02 22:00,POI023,대림역,여유,16000,18000,37.4908703,126.8936859
2026-08-02 22:00,POI024,동대문역,여유,3000,3500,37.5718616,127.0114887
2026-08-02 22:00,POI025,뚝섬역,여유,5500,6000,37.5475031,127.0461973
2026-08-02 22:00,POI026,미아사거리역,여유,6500,7000,37.61175,127.03044
2026-08-02 22:00,POI055,홍대입구역(2호선),여유,14000,16000,37.5574135,126.9238
2026-08-02 22:00,POI088,광화문광장,여유,2000,2500,37.5759194,126.9768
2026-08-02 22:00,POI119,잠실역,여유,12000,14000,37.5127453,127.0973
2026-08-03 00:00,POI006,종로·청계 관광특구,여유,12000,14000,37.5702856,126.9903626
2026-08-03 00:00,POI007,홍대 관광특구,여유,42000,44000,37.5574135,126.9238
2026-08-03 00:00,POI008,경복궁,여유,400,500,37.579754,126.9766818
2026-08-03 00:00,POI009,광화문·덕수궁,여유,5000,5500,37.5759194,126.9768
2026-08-03 00:00,POI010,보신각,여유,2500,3000,37.5698518,126.9836102
2026-08-03 00:00,POI011,서울 암사동 유적,여유,300,400,37.5610203,127.1306288
2026-08-03 00:00,POI012,창덕궁·종묘,여유,3500,4000,37.5823872,126.9917013
2026-08-03 00:00,POI013,가산디지털단지역,여유,5000,5500,37.480819,126.8816358
2026-08-03 00:00,POI014,강남역,여유,26000,28000,37.5002304,127.0268054
2026-08-03 00:00,POI015,건대입구역,여유,22000,24000,37.54088,127.06812
2026-08-03 00:00,POI016,고덕역,여유,1500,2000,37.5550721,127.1550065
2026-08-03 00:00,POI017,고속터미널역,여유,2500,3000,37.5050827,127.0049777
2026-08-03 00:00,POI018,교대역,여유,7500,8000,37.494178,127.015909
2026-08-03 00:00,POI019,구로디지털단지역,여유,5000,5500,37.4853417,126.9068128
2026-08-03 00:00,POI020,구로역,여유,1000,1500,37.5000903,126.8829924
2026-08-03 00:00,POI021,군자역,여유,4500,5000,37.558149,127.077839
2026-08-03 00:00,POI023,대림역,보통,16000,18000,37.4908703,126.8936859
2026-08-03 00:00,POI024,동대문역,여유,2000,2500,37.5718616,127.0114887
2026-08-03 00:00,POI025,뚝섬역,여유,5000,5500,37.5475031,127.0461973
2026-08-03 00:00,POI026,미아사거리역,여유,5000,5500,37.61175,127.03044
2026-08-03 00:00,POI055,홍대입구역(2호선),여유,9500,10000,37.5574135,126.9238
2026-08-03 00:00,POI088,광화문광장,여유,1000,1500,37.5759194,126.9768
2026-08-03 00:00,POI119,잠실역,여유,6500,7000,37.5127453,127.0973
2026-08-03 02:00,POI006,종로·청계 관광특구,여유,9500,10000,37.5702856,126.9903626
2026-08-03 02:00,POI007,홍대 관광특구,여유,36000,38000,37.5574135,126.9238
2026-08-03 02:00,POI008,경복궁,여유,200,300,37.579754,126.9766818
2026-08-03 02:00,POI009,광화문·덕수궁,여유,3500,4000,37.5759194,126.9768
2026-08-03 02:00,POI010,보신각,여유,2000,2500,37.5698518,126.9836102
2026-08-03 02:00,POI011,서울 암사동 유적,여유,300,400,37.5610203,127.1306288
2026-08-03 02:00,POI012,창덕궁·종묘,여유,3000,3500,37.5823872,126.9917013
2026-08-03 02:00,POI013,가산디지털단지역,여유,4500,5000,37.480819,126.8816358
2026-08-03 02:00,POI014,강남역,여유,20000,22000,37.5002304,127.0268054
2026-08-03 02:00,POI015,건대입구역,여유,16000,18000,37.54088,127.06812
2026-08-03 02:00,POI016,고덕역,여유,1000,1500,37.5550721,127.1550065
2026-08-03 02:00,POI017,고속터미널역,여유,1500,2000,37.5050827,127.0049777
2026-08-03 02:00,POI018,교대역,여유,5000,5500,37.494178,127.015909
2026-08-03 02:00,POI019,구로디지털단지역,여유,4500,5000,37.4853417,126.9068128
2026-08-03 02:00,POI020,구로역,여유,800,900,37.5000903,126.8829924
2026-08-03 02:00,POI021,군자역,여유,3500,4000,37.558149,127.077839
2026-08-03 02:00,POI023,대림역,보통,16000,18000,37.4908703,126.8936859
2026-08-03 02:00,POI024,동대문역,여유,1500,2000,37.5718616,127.0114887
2026-08-03 02:00,POI025,뚝섬역,여유,4000,4500,37.5475031,127.0461973
2026-08-03 02:00,POI026,미아사거리역,여유,3500,4000,37.61175,127.03044
2026-08-03 02:00,POI055,홍대입구역(2호선),여유,6500,7000,37.5574135,126.9238
2026-08-03 02:00,POI088,광화문광장,여유,700,800,37.5759194,126.9768
2026-08-03 02:00,POI119,잠실역,여유,3500,4000,37.5127453,127.0973
2026-08-03 04:00,POI006,종로·청계 관광특구,여유,8500,9000,37.5702856,126.9903626
2026-08-03 04:00,POI007,홍대 관광특구,여유,32000,34000,37.5574135,126.9238
2026-08-03 04:00,POI008,경복궁,여유,200,300,37.579754,126.9766818
2026-08-03 04:00,POI009,광화문·덕수궁,여유,3000,3500,37.5759194,126.9768
2026-08-03 04:00,POI010,보신각,여유,1500,2000,37.5698518,126.9836102
2026-08-03 04:00,POI011,서울 암사동 유적,여유,300,400,37.5610203,127.1306288
2026-08-03 04:00,POI012,창덕궁·종묘,여유,3000,3500,37.5823872,126.9917013
2026-08-03 04:00,POI013,가산디지털단지역,여유,4500,5000,37.480819,126.8816358
2026-08-03 04:00,POI014,강남역,여유,18000,20000,37.5002304,127.0268054
2026-08-03 04:00,POI015,건대입구역,여유,14000,16000,37.54088,127.06812
2026-08-03 04:00,POI016,고덕역,여유,1000,1500,37.5550721,127.1550065
2026-08-03 04:00,POI017,고속터미널역,여유,1000,1500,37.5050827,127.0049777
2026-08-03 04:00,POI018,교대역,여유,5000,5500,37.494178,127.015909
2026-08-03 04:00,POI019,구로디지털단지역,여유,4000,4500,37.4853417,126.9068128
2026-08-03 04:00,POI020,구로역,여유,700,800,37.5000903,126.8829924
2026-08-03 04:00,POI021,군자역,여유,3000,3500,37.558149,127.077839
2026-08-03 04:00,POI023,대림역,보통,16000,18000,37.4908703,126.8936859
2026-08-03 04:00,POI024,동대문역,여유,1000,1500,37.5718616,127.0114887
2026-08-03 04:00,POI025,뚝섬역,여유,3500,4000,37.5475031,127.0461973
2026-08-03 04:00,POI026,미아사거리역,여유,3000,3500,37.61175,127.03044
2026-08-03 04:00,POI055,홍대입구역(2호선),여유,6000,6500,37.5574135,126.9238
2026-08-03 04:00,POI088,광화문광장,여유,600,700,37.5759194,126.9768
2026-08-03 04:00,POI119,잠실역,여유,2500,3000,37.5127453,127.0973
2026-08-03 06:00,POI006,종로·청계 관광특구,여유,9500,10000,37.5702856,126.9903626
2026-08-03 06:00,POI007,홍대 관광특구,여유,30000,32000,37.5574135,126.9238
2026-08-03 06:00,POI008,경복궁,여유,200,300,37.579754,126.9766818
2026-08-03 06:00,POI009,광화문·덕수궁,여유,4000,4500,37.5759194,126.9768
2026-08-03 06:00,POI010,보신각,여유,1500,2000,37.5698518,126.9836102
2026-08-03 06:00,POI011,서울 암사동 유적,여유,300,400,37.5610203,127.1306288
2026-08-03 06:00,POI012,창덕궁·종묘,여유,3000,3500,37.5823872,126.9917013
2026-08-03 06:00,POI013,가산디지털단지역,여유,5500,6000,37.480819,126.8816358
2026-08-03 06:00,POI014,강남역,여유,18000,20000,37.5002304,127.0268054
2026-08-03 06:00,POI015,건대입구역,여유,14000,16000,37.54088,127.06812
2026-08-03 06:00,POI016,고덕역,여유,1000,1500,37.5550721,127.1550065
2026-08-03 06:00,POI017,고속터미널역,여유,1500,2000,37.5050827,127.0049777
2026-08-03 06:00,POI018,교대역,여유,5500,6000,37.494178,127.015909
2026-08-03 06:00,POI019,구로디지털단지역,여유,4500,5000,37.4853417,126.9068128
2026-08-03 06:00,POI020,구로역,여유,900,1000,37.5000903,126.8829924
2026-08-03 06:00,POI021,군자역,여유,3500,4000,37.558149,127.077839
2026-08-03 06:00,POI023,대림역,보통,16000,18000,37.4908703,126.8936859
2026-08-03 06:00,POI024,동대문역,여유,1500,2000,37.5718616,127.0114887
2026-08-03 06:00,POI025,뚝섬역,여유,4000,4500,37.5475031,127.0461973
2026-08-03 06:00,POI026,미아사거리역,여유,3500,4000,37.61175,127.03044
2026-08-03 06:00,POI055,홍대입구역(2호선),여유,6000,6500,37.5574135,126.9238
2026-08-03 06:00,POI088,광화문광장,여유,800,900,37.5759194,126.9768
2026-08-03 06:00,POI119,잠실역,여유,3000,3500,37.5127453,127.0973
2026-08-03 07:00,POI006,종로·청계 관광특구,여유,10000,12000,37.5702856,126.9903626
2026-08-03 07:00,POI007,홍대 관광특구,여유,30000,32000,37.5574135,126.9238
2026-08-03 07:00,POI008,경복궁,여유,400,500,37.579754,126.9766818
2026-08-03 07:00,POI009,광화문·덕수궁,여유,6500,7000,37.5759194,126.9768
2026-08-03 07:00,POI010,보신각,여유,2500,3000,37.5698518,126.9836102
2026-08-03 07:00,POI011,서울 암사동 유적,여유,300,400,37.5610203,127.1306288
2026-08-03 07:00,POI012,창덕궁·종묘,여유,4000,4500,37.5823872,126.9917013
2026-08-03 07:00,POI013,가산디지털단지역,여유,8000,8500,37.480819,126.8816358
2026-08-03 07:00,POI014,강남역,여유,22000,24000,37.5002304,127.0268054
2026-08-03 07:00,POI015,건대입구역,여유,14000,16000,37.54088,127.06812
2026-08-03 07:00,POI016,고덕역,여유,1500,2000,37.5550721,127.1550065
2026-08-03 07:00,POI017,고속터미널역,여유,4000,4500,37.5050827,127.0049777
2026-08-03 07:00,POI018,교대역,여유,6000,6500,37.494178,127.015909
2026-08-03 07:00,POI019,구로디지털단지역,여유,5500,6000,37.4853417,126.9068128
2026-08-03 07:00,POI020,구로역,여유,1500,2000,37.5000903,126.8829924
2026-08-03 07:00,POI021,군자역,여유,3500,4000,37.558149,127.077839
2026-08-03 07:00,POI023,대림역,여유,16000,18000,37.4908703,126.8936859
2026-08-03 07:00,POI024,동대문역,여유,2500,3000,37.5718616,127.0114887
2026-08-03 07:00,POI025,뚝섬역,여유,4500,5000,37.5475031,127.0461973
2026-08-03 07:00,POI026,미아사거리역,여유,5000,5500,37.61175,127.03044
2026-08-03 07:00,POI055,홍대입구역(2호선),여유,6500,7000,37.5574135,126.9238
2026-08-03 07:00,POI088,광화문광장,여유,1000,1500,37.5759194,126.9768
2026-08-03 07:00,POI119,잠실역,여유,4500,5000,37.5127453,127.0973
2026-08-03 09:00,POI006,종로·청계 관광특구,보통,24000,26000,37.5702856,126.9903626
2026-08-03 09:00,POI007,홍대 관광특구,여유,40000,42000,37.5574135,126.9238
2026-08-03 09:00,POI008,경복궁,여유,1000,1500,37.579754,126.9766818
2026-08-03 09:00,POI009,광화문·덕수궁,여유,28000,30000,37.5759194,126.9768
2026-08-03 09:00,POI010,보신각,보통,9000,9500,37.5698518,126.9836102
2026-08-03 09:00,POI011,서울 암사동 유적,여유,300,400,37.5610203,127.1306288
2026-08-03 09:00,POI012,창덕궁·종묘,보통,8500,9000,37.5823872,126.9917013
2026-08-03 09:00,POI013,가산디지털단지역,약간 붐빔,30000,32000,37.480819,126.8816358
2026-08-03 09:00,POI014,강남역,여유,48000,50000,37.5002304,127.0268054
2026-08-03 09:00,POI015,건대입구역,여유,22000,24000,37.54088,127.06812
2026-08-03 09:00,POI016,고덕역,여유,1500,2000,37.5550721,127.1550065
2026-08-03 09:00,POI017,고속터미널역,여유,12000,14000,37.5050827,127.0049777
2026-08-03 09:00,POI018,교대역,여유,14000,16000,37.494178,127.015909
2026-08-03 09:00,POI019,구로디지털단지역,약간 붐빔,22000,24000,37.4853417,126.9068128
2026-08-03 09:00,POI020,구로역,약간 붐빔,3500,4000,37.5000903,126.8829924
2026-08-03 09:00,POI021,군자역,여유,5000,5500,37.558149,127.077839
2026-08-03 09:00,POI023,대림역,여유,16000,18000,37.4908703,126.8936859
2026-08-03 09:00,POI024,동대문역,보통,5500,6000,37.5718616,127.0114887
2026-08-03 09:00,POI025,뚝섬역,여유,7500,8000,37.5475031,127.0461973
2026-08-03 09:00,POI026,미아사거리역,여유,8000,8500,37.61175,127.03044
2026-08-03 09:00,POI055,홍대입구역(2호선),여유,10000,12000,37.5574135,126.9238
2026-08-03 09:00,POI088,광화문광장,여유,6500,7000,37.5759194,126.9768
2026-08-03 09:00,POI119,잠실역,여유,12000,14000,37.5127453,127.0973
2026-08-03 13:00,POI006,종로·청계 관광특구,보통,40000,42000,37.5702856,126.9903626
2026-08-03 13:00,POI007,홍대 관광특구,여유,74000,76000,37.5574135,126.9238
2026-08-03 13:00,POI008,경복궁,보통,1500,2000,37.579754,126.9766818
2026-08-03 13:00,POI009,광화문·덕수궁,약간 붐빔,44000,46000,37.5759194,126.9768
2026-08-03 13:00,POI010,보신각,보통,18000,20000,37.5698518,126.9836102
2026-08-03 13:00,POI011,서울 암사동 유적,여유,300,400,37.5610203,127.1306288
2026-08-03 13:00,POI012,창덕궁·종묘,보통,10000,12000,37.5823872,126.9917013
2026-08-03 13:00,POI013,가산디지털단지역,약간 붐빔,38000,40000,37.480819,126.8816358
2026-08-03 13:00,POI014,강남역,약간 붐빔,86000,88000,37.5002304,127.0268054
2026-08-03 13:00,POI015,건대입구역,여유,26000,28000,37.54088,127.06812
2026-08-03 13:00,POI016,고덕역,보통,4000,4500,37.5550721,127.1550065
2026-08-03 13:00,POI017,고속터미널역,약간 붐빔,28000,30000,37.5050827,127.0049777
2026-08-03 13:00,POI018,교대역,약간 붐빔,22000,24000,37.494178,127.015909
2026-08-03 13:00,POI019,구로디지털단지역,붐빔,38000,40000,37.4853417,126.9068128
2026-08-03 13:00,POI020,구로역,여유,2000,2500,37.5000903,126.8829924
2026-08-03 13:00,POI021,군자역,여유,6000,6500,37.558149,127.077839
2026-08-03 13:00,POI023,대림역,여유,14000,16000,37.4908703,126.8936859
2026-08-03 13:00,POI024,동대문역,보통,6500,7000,37.5718616,127.0114887
2026-08-03 13:00,POI025,뚝섬역,약간 붐빔,10000,12000,37.5475031,127.0461973
2026-08-03 13:00,POI026,미아사거리역,보통,10000,12000,37.61175,127.03044
2026-08-03 13:00,POI055,홍대입구역(2호선),보통,18000,20000,37.5574135,126.9238
2026-08-03 13:00,POI088,광화문광장,보통,9000,9500,37.5759194,126.9768
2026-08-03 13:00,POI119,잠실역,붐빔,44000,46000,37.5127453,127.0973
2026-08-03 17:00,POI006,종로·청계 관광특구,보통,34000,36000,37.5702856,126.9903626
2026-08-03 17:00,POI007,홍대 관광특구,보통,84000,86000,37.5574135,126.9238
2026-08-03 17:00,POI008,경복궁,보통,1500,2000,37.579754,126.9766818
2026-08-03 17:00,POI009,광화문·덕수궁,보통,38000,40000,37.5759194,126.9768
2026-08-03 17:00,POI010,보신각,보통,14000,16000,37.5698518,126.9836102
2026-08-03 17:00,POI011,서울 암사동 유적,여유,300,400,37.5610203,127.1306288
2026-08-03 17:00,POI012,창덕궁·종묘,보통,10000,12000,37.5823872,126.9917013
2026-08-03 17:00,POI013,가산디지털단지역,보통,34000,36000,37.480819,126.8816358
2026-08-03 17:00,POI014,강남역,약간 붐빔,80000,82000,37.5002304,127.0268054
2026-08-03 17:00,POI015,건대입구역,보통,26000,28000,37.54088,127.06812
2026-08-03 17:00,POI016,고덕역,보통,5000,5500,37.5550721,127.1550065
2026-08-03 17:00,POI017,고속터미널역,약간 붐빔,26000,28000,37.5050827,127.0049777
2026-08-03 17:00,POI018,교대역,보통,18000,20000,37.494178,127.015909
2026-08-03 17:00,POI019,구로디지털단지역,약간 붐빔,32000,34000,37.4853417,126.9068128
2026-08-03 17:00,POI020,구로역,여유,3000,3500,37.5000903,126.8829924
2026-08-03 17:00,POI021,군자역,여유,7000,7500,37.558149,127.077839
2026-08-03 17:00,POI023,대림역,여유,14000,16000,37.4908703,126.8936859
2026-08-03 17:00,POI024,동대문역,보통,5500,6000,37.5718616,127.0114887
2026-08-03 17:00,POI025,뚝섬역,보통,9500,10000,37.5475031,127.0461973
2026-08-03 17:00,POI026,미아사거리역,보통,10000,12000,37.61175,127.03044
2026-08-03 17:00,POI055,홍대입구역(2호선),약간 붐빔,22000,24000,37.5574135,126.9238
2026-08-03 17:00,POI088,광화문광장,보통,7500,8000,37.5759194,126.9768
2026-08-03 17:00,POI119,잠실역,붐빔,46000,48000,37.5127453,127.0973
2026-08-03 21:00,POI006,종로·청계 관광특구,여유,22000,24000,37.5702856,126.9903626
2026-08-03 21:00,POI007,홍대 관광특구,여유,70000,72000,37.5574135,126.9238
2026-08-03 21:00,POI008,경복궁,여유,700,800,37.579754,126.9766818
2026-08-03 21:00,POI009,광화문·덕수궁,여유,16000,18000,37.5759194,126.9768
2026-08-03 21:00,POI010,보신각,여유,8000,8500,37.5698518,126.9836102
2026-08-03 21:00,POI011,서울 암사동 유적,여유,300,400,37.5610203,127.1306288
2026-08-03 21:00,POI012,창덕궁·종묘,여유,6000,6500,37.5823872,126.9917013
2026-08-03 21:00,POI013,가산디지털단지역,여유,14000,16000,37.480819,126.8816358
2026-08-03 21:00,POI014,강남역,보통,54000,56000,37.5002304,127.0268054
2026-08-03 21:00,POI015,건대입구역,보통,28000,30000,37.54088,127.06812
2026-08-03 21:00,POI016,고덕역,여유,3500,4000,37.5550721,127.1550065
2026-08-03 21:00,POI017,고속터미널역,여유,10000,12000,37.5050827,127.0049777
2026-08-03 21:00,POI018,교대역,여유,12000,14000,37.494178,127.015909
2026-08-03 21:00,POI019,구로디지털단지역,여유,10000,12000,37.4853417,126.9068128
2026-08-03 21:00,POI020,구로역,여유,2000,2500,37.5000903,126.8829924
2026-08-03 21:00,POI021,군자역,여유,7000,7500,37.558149,127.077839
2026-08-03 21:00,POI023,대림역,여유,16000,18000,37.4908703,126.8936859
2026-08-03 21:00,POI024,동대문역,여유,3500,4000,37.5718616,127.0114887
2026-08-03 21:00,POI025,뚝섬역,여유,7000,7500,37.5475031,127.0461973
2026-08-03 21:00,POI026,미아사거리역,여유,8000,8500,37.61175,127.03044
2026-08-03 21:00,POI055,홍대입구역(2호선),보통,16000,18000,37.5574135,126.9238
2026-08-03 21:00,POI088,광화문광장,여유,3500,4000,37.5759194,126.9768
2026-08-03 21:00,POI119,잠실역,보통,24000,26000,37.5127453,127.0973
2026-08-04 00:00,POI006,종로·청계 관광특구,여유,10000,12000,37.5702856,126.9903626
2026-08-04 00:00,POI007,홍대 관광특구,여유,38000,40000,37.5574135,126.9238
2026-08-04 00:00,POI008,경복궁,여유,200,300,37.579754,126.9766818
2026-08-04 00:00,POI009,광화문·덕수궁,여유,4000,4500,37.5759194,126.9768
2026-08-04 00:00,POI010,보신각,여유,2500,3000,37.5698518,126.9836102
2026-08-04 00:00,POI011,서울 암사동 유적,여유,300,400,37.5610203,127.1306288
2026-08-04 00:00,POI012,창덕궁·종묘,여유,3500,4000,37.5823872,126.9917013
2026-08-04 00:00,POI013,가산디지털단지역,여유,6000,6500,37.480819,126.8816358
2026-08-04 00:00,POI014,강남역,여유,24000,26000,37.5002304,127.0268054
2026-08-04 00:00,POI015,건대입구역,여유,16000,18000,37.54088,127.06812
2026-08-04 00:00,POI016,고덕역,여유,1500,2000,37.5550721,127.1550065
2026-08-04 00:00,POI017,고속터미널역,여유,1500,2000,37.5050827,127.0049777
2026-08-04 00:00,POI018,교대역,여유,6000,6500,37.494178,127.015909
2026-08-04 00:00,POI019,구로디지털단지역,여유,5500,6000,37.4853417,126.9068128
2026-08-04 00:00,POI020,구로역,여유,800,900,37.5000903,126.8829924
2026-08-04 00:00,POI021,군자역,여유,4000,4500,37.558149,127.077839
2026-08-04 00:00,POI023,대림역,보통,16000,18000,37.4908703,126.8936859
2026-08-04 00:00,POI024,동대문역,여유,2000,2500,37.5718616,127.0114887
2026-08-04 00:00,POI025,뚝섬역,여유,4000,4500,37.5475031,127.0461973
2026-08-04 00:00,POI026,미아사거리역,여유,4000,4500,37.61175,127.03044
2026-08-04 00:00,POI055,홍대입구역(2호선),여유,7500,8000,37.5574135,126.9238
2026-08-04 00:00,POI088,광화문광장,여유,800,900,37.5759194,126.9768
2026-08-04 00:00,POI119,잠실역,여유,4000,4500,37.5127453,127.0973
2026-08-04 02:00,POI006,종로·청계 관광특구,여유,9500,10000,37.5702856,126.9903626
2026-08-04 02:00,POI007,홍대 관광특구,여유,32000,34000,37.5574135,126.9238
2026-08-04 02:00,POI008,경복궁,여유,200,300,37.579754,126.9766818
2026-08-04 02:00,POI009,광화문·덕수궁,여유,3000,3500,37.5759194,126.9768
2026-08-04 02:00,POI010,보신각,여유,1500,2000,37.5698518,126.9836102
2026-08-04 02:00,POI011,서울 암사동 유적,여유,300,400,37.5610203,127.1306288
2026-08-04 02:00,POI012,창덕궁·종묘,여유,3000,3500,37.5823872,126.9917013
2026-08-04 02:00,POI013,가산디지털단지역,여유,5000,5500,37.480819,126.8816358
2026-08-04 02:00,POI014,강남역,여유,20000,22000,37.5002304,127.0268054
2026-08-04 02:00,POI015,건대입구역,여유,14000,16000,37.54088,127.06812
2026-08-04 02:00,POI016,고덕역,여유,1000,1500,37.5550721,127.1550065
2026-08-04 02:00,POI017,고속터미널역,여유,1000,1500,37.5050827,127.0049777
2026-08-04 02:00,POI018,교대역,여유,5500,6000,37.494178,127.015909
2026-08-04 02:00,POI019,구로디지털단지역,여유,4500,5000,37.4853417,126.9068128
2026-08-04 02:00,POI020,구로역,여유,700,800,37.5000903,126.8829924
2026-08-04 02:00,POI021,군자역,여유,3500,4000,37.558149,127.077839
2026-08-04 02:00,POI023,대림역,보통,16000,18000,37.4908703,126.8936859
2026-08-04 02:00,POI024,동대문역,여유,1500,2000,37.5718616,127.0114887
2026-08-04 02:00,POI025,뚝섬역,여유,4000,4500,37.5475031,127.0461973
2026-08-04 02:00,POI026,미아사거리역,여유,3500,4000,37.61175,127.03044
2026-08-04 02:00,POI055,홍대입구역(2호선),여유,6000,6500,37.5574135,126.9238
2026-08-04 02:00,POI088,광화문광장,여유,700,800,37.5759194,126.9768
2026-08-04 02:00,POI119,잠실역,여유,3000,3500,37.5127453,127.0973
2026-08-04 04:00,POI006,종로·청계 관광특구,여유,9000,9500,37.5702856,126.9903626
2026-08-04 04:00,POI007,홍대 관광특구,여유,30000,32000,37.5574135,126.9238
2026-08-04 04:00,POI008,경복궁,여유,200,300,37.579754,126.9766818
2026-08-04 04:00,POI009,광화문·덕수궁,여유,3000,3500,37.5759194,126.9768
2026-08-04 04:00,POI010,보신각,여유,1500,2000,37.5698518,126.9836102
2026-08-04 04:00,POI011,서울 암사동 유적,여유,300,400,37.5610203,127.1306288
2026-08-04 04:00,POI012,창덕궁·종묘,여유,3000,3500,37.5823872,126.9917013
2026-08-04 04:00,POI013,가산디지털단지역,여유,5000,5500,37.480819,126.8816358
2026-08-04 04:00,POI014,강남역,여유,20000,22000,37.5002304,127.0268054
2026-08-04 04:00,POI015,건대입구역,여유,14000,16000,37.54088,127.06812
2026-08-04 04:00,POI016,고덕역,여유,1000,1500,37.5550721,127.1550065
2026-08-04 04:00,POI017,고속터미널역,여유,1000,1500,37.5050827,127.0049777
2026-08-04 04:00,POI018,교대역,여유,5500,6000,37.494178,127.015909
2026-08-04 04:00,POI019,구로디지털단지역,여유,4500,5000,37.4853417,126.9068128
2026-08-04 04:00,POI020,구로역,여유,800,900,37.5000903,126.8829924
2026-08-04 04:00,POI021,군자역,여유,3500,4000,37.558149,127.077839
2026-08-04 04:00,POI023,대림역,보통,16000,18000,37.4908703,126.8936859
2026-08-04 04:00,POI024,동대문역,여유,1000,1500,37.5718616,127.0114887
2026-08-04 04:00,POI025,뚝섬역,여유,3500,4000,37.5475031,127.0461973
2026-08-04 04:00,POI026,미아사거리역,여유,3000,3500,37.61175,127.03044
2026-08-04 04:00,POI055,홍대입구역(2호선),여유,6000,6500,37.5574135,126.9238
2026-08-04 04:00,POI088,광화문광장,여유,700,800,37.5759194,126.9768
2026-08-04 04:00,POI119,잠실역,여유,2500,3000,37.5127453,127.0973
2026-08-04 06:00,POI006,종로·청계 관광특구,여유,9500,10000,37.5702856,126.9903626
2026-08-04 06:00,POI007,홍대 관광특구,여유,30000,32000,37.5574135,126.9238
2026-08-04 06:00,POI008,경복궁,여유,300,400,37.579754,126.9766818
2026-08-04 06:00,POI009,광화문·덕수궁,여유,4500,5000,37.5759194,126.9768
2026-08-04 06:00,POI010,보신각,여유,1500,2000,37.5698518,126.9836102
2026-08-04 06:00,POI011,서울 암사동 유적,여유,300,400,37.5610203,127.1306288
2026-08-04 06:00,POI012,창덕궁·종묘,여유,3000,3500,37.5823872,126.9917013
2026-08-04 06:00,POI013,가산디지털단지역,여유,6000,6500,37.480819,126.8816358
2026-08-04 06:00,POI014,강남역,여유,20000,22000,37.5002304,127.0268054
2026-08-04 06:00,POI015,건대입구역,여유,14000,16000,37.54088,127.06812
2026-08-04 06:00,POI016,고덕역,여유,1000,1500,37.5550721,127.1550065
2026-08-04 06:00,POI017,고속터미널역,여유,2000,2500,37.5050827,127.0049777
2026-08-04 06:00,POI018,교대역,여유,5500,6000,37.494178,127.015909
2026-08-04 06:00,POI019,구로디지털단지역,여유,4500,5000,37.4853417,126.9068128
2026-08-04 06:00,POI020,구로역,여유,1000,1500,37.5000903,126.8829924
2026-08-04 06:00,POI021,군자역,여유,3500,4000,37.558149,127.077839
2026-08-04 06:00,POI023,대림역,보통,16000,18000,37.4908703,126.8936859
2026-08-04 06:00,POI024,동대문역,여유,1500,2000,37.5718616,127.0114887
2026-08-04 06:00,POI025,뚝섬역,여유,4000,4500,37.5475031,127.0461973
2026-08-04 06:00,POI026,미아사거리역,여유,4500,5000,37.61175,127.03044
2026-08-04 06:00,POI055,홍대입구역(2호선),여유,6000,6500,37.5574135,126.9238
2026-08-04 06:00,POI088,광화문광장,여유,900,1000,37.5759194,126.9768
2026-08-04 06:00,POI119,잠실역,여유,3000,3500,37.5127453,127.0973
2026-08-04 08:00,POI006,종로·청계 관광특구,여유,18000,20000,37.5702856,126.9903626
2026-08-04 08:00,POI007,홍대 관광특구,여유,34000,36000,37.5574135,126.9238
2026-08-04 08:00,POI008,경복궁,여유,800,900,37.579754,126.9766818
2026-08-04 08:00,POI009,광화문·덕수궁,여유,14000,16000,37.5759194,126.9768
2026-08-04 08:00,POI010,보신각,여유,5000,5500,37.5698518,126.9836102
2026-08-04 08:00,POI011,서울 암사동 유적,여유,300,400,37.5610203,127.1306288
2026-08-04 08:00,POI012,창덕궁·종묘,여유,5500,6000,37.5823872,126.9917013
2026-08-04 08:00,POI013,가산디지털단지역,여유,16000,18000,37.480819,126.8816358
2026-08-04 08:00,POI014,강남역,여유,34000,36000,37.5002304,127.0268054
2026-08-04 08:00,POI015,건대입구역,여유,20000,22000,37.54088,127.06812
2026-08-04 08:00,POI016,고덕역,여유,1500,2000,37.5550721,127.1550065
2026-08-04 08:00,POI017,고속터미널역,여유,7500,8000,37.5050827,127.0049777
2026-08-04 08:00,POI018,교대역,여유,10000,12000,37.494178,127.015909
2026-08-04 08:00,POI019,구로디지털단지역,여유,10000,12000,37.4853417,126.9068128
2026-08-04 08:00,POI020,구로역,여유,3000,3500,37.5000903,126.8829924
2026-08-04 08:00,POI021,군자역,여유,4500,5000,37.558149,127.077839
2026-08-04 08:00,POI023,대림역,보통,16000,18000,37.4908703,126.8936859
2026-08-04 08:00,POI024,동대문역,여유,4000,4500,37.5718616,127.0114887
2026-08-04 08:00,POI025,뚝섬역,여유,6000,6500,37.5475031,127.0461973
2026-08-04 08:00,POI026,미아사거리역,여유,6500,7000,37.61175,127.03044
2026-08-04 08:00,POI055,홍대입구역(2호선),여유,8500,9000,37.5574135,126.9238
2026-08-04 08:00,POI088,광화문광장,여유,3500,4000,37.5759194,126.9768
2026-08-04 08:00,POI119,잠실역,여유,8000,8500,37.5127453,127.0973
2026-08-04 12:00,POI006,종로·청계 관광특구,보통,38000,40000,37.5702856,126.9903626
2026-08-04 12:00,POI007,홍대 관광특구,여유,66000,68000,37.5574135,126.9238
2026-08-04 12:00,POI008,경복궁,보통,1500,2000,37.579754,126.9766818
2026-08-04 12:00,POI009,광화문·덕수궁,약간 붐빔,42000,44000,37.5759194,126.9768
2026-08-04 12:00,POI010,보신각,보통,16000,18000,37.5698518,126.9836102
2026-08-04 12:00,POI011,서울 암사동 유적,여유,300,400,37.5610203,127.1306288
2026-08-04 12:00,POI012,창덕궁·종묘,보통,10000,12000,37.5823872,126.9917013
2026-08-04 12:00,POI013,가산디지털단지역,약간 붐빔,36000,38000,37.480819,126.8816358
2026-08-04 12:00,POI014,강남역,약간 붐빔,84000,86000,37.5002304,127.0268054
2026-08-04 12:00,POI015,건대입구역,여유,24000,26000,37.54088,127.06812
2026-08-04 12:00,POI016,고덕역,여유,4000,4500,37.5550721,127.1550065
2026-08-04 12:00,POI017,고속터미널역,약간 붐빔,24000,26000,37.5050827,127.0049777
2026-08-04 12:00,POI018,교대역,약간 붐빔,22000,24000,37.494178,127.015909
2026-08-04 12:00,POI019,구로디지털단지역,약간 붐빔,36000,38000,37.4853417,126.9068128
2026-08-04 12:00,POI020,구로역,여유,2000,2500,37.5000903,126.8829924
2026-08-04 12:00,POI021,군자역,여유,6000,6500,37.558149,127.077839
2026-08-04 12:00,POI023,대림역,여유,14000,16000,37.4908703,126.8936859
2026-08-04 12:00,POI024,동대문역,보통,6000,6500,37.5718616,127.0114887
2026-08-04 12:00,POI025,뚝섬역,보통,10000,12000,37.5475031,127.0461973
2026-08-04 12:00,POI026,미아사거리역,여유,9500,10000,37.61175,127.03044
2026-08-04 12:00,POI055,홍대입구역(2호선),보통,16000,18000,37.5574135,126.9238
2026-08-04 12:00,POI088,광화문광장,여유,7500,8000,37.5759194,126.9768
2026-08-04 12:00,POI119,잠실역,약간 붐빔,38000,40000,37.5127453,127.0973
2026-08-04 15:00,POI006,종로·청계 관광특구,보통,38000,40000,37.5702856,126.9903626
2026-08-04 15:00,POI007,홍대 관광특구,보통,82000,84000,37.5574135,126.9238
2026-08-04 15:00,POI008,경복궁,보통,1500,2000,37.579754,126.9766818
2026-08-04 15:00,POI009,광화문·덕수궁,보통,42000,44000,37.5759194,126.9768
2026-08-04 15:00,POI010,보신각,보통,18000,20000,37.5698518,126.9836102
2026-08-04 15:00,POI011,서울 암사동 유적,여유,300,400,37.5610203,127.1306288
2026-08-04 15:00,POI012,창덕궁·종묘,보통,10000,12000,37.5823872,126.9917013
2026-08-04 15:00,POI013,가산디지털단지역,약간 붐빔,34000,36000,37.480819,126.8816358
2026-08-04 15:00,POI014,강남역,약간 붐빔,84000,86000,37.5002304,127.0268054
2026-08-04 15:00,POI015,건대입구역,여유,26000,28000,37.54088,127.06812
2026-08-04 15:00,POI016,고덕역,보통,4500,5000,37.5550721,127.1550065
2026-08-04 15:00,POI017,고속터미널역,약간 붐빔,26000,28000,37.5050827,127.0049777
2026-08-04 15:00,POI018,교대역,약간 붐빔,20000,22000,37.494178,127.015909
2026-08-04 15:00,POI019,구로디지털단지역,약간 붐빔,34000,36000,37.4853417,126.9068128
2026-08-04 15:00,POI020,구로역,여유,2000,2500,37.5000903,126.8829924
2026-08-04 15:00,POI021,군자역,여유,6500,7000,37.558149,127.077839
2026-08-04 15:00,POI023,대림역,여유,14000,16000,37.4908703,126.8936859
2026-08-04 15:00,POI024,동대문역,보통,6000,6500,37.5718616,127.0114887
2026-08-04 15:00,POI025,뚝섬역,약간 붐빔,10000,12000,37.5475031,127.0461973
2026-08-04 15:00,POI026,미아사거리역,보통,10000,12000,37.61175,127.03044
2026-08-04 15:00,POI055,홍대입구역(2호선),약간 붐빔,22000,24000,37.5574135,126.9238
2026-08-04 15:00,POI088,광화문광장,보통,8000,8500,37.5759194,126.9768
2026-08-04 15:00,POI119,잠실역,붐빔,46000,48000,37.5127453,127.0973
2026-08-04 18:00,POI006,종로·청계 관광특구,보통,32000,34000,37.5702856,126.9903626
2026-08-04 18:00,POI007,홍대 관광특구,보통,84000,86000,37.5574135,126.9238
2026-08-04 18:00,POI008,경복궁,약간 붐빔,1000,1500,37.579754,126.9766818
2026-08-04 18:00,POI009,광화문·덕수궁,약간 붐빔,40000,42000,37.5759194,126.9768
2026-08-04 18:00,POI010,보신각,약간 붐빔,12000,14000,37.5698518,126.9836102
2026-08-04 18:00,POI011,서울 암사동 유적,여유,300,400,37.5610203,127.1306288
2026-08-04 18:00,POI012,창덕궁·종묘,보통,10000,12000,37.5823872,126.9917013
2026-08-04 18:00,POI013,가산디지털단지역,보통,38000,40000,37.480819,126.8816358
2026-08-04 18:00,POI014,강남역,약간 붐빔,78000,80000,37.5002304,127.0268054
2026-08-04 18:00,POI015,건대입구역,약간 붐빔,28000,30000,37.54088,127.06812
2026-08-04 18:00,POI016,고덕역,약간 붐빔,5000,5500,37.5550721,127.1550065
2026-08-04 18:00,POI017,고속터미널역,약간 붐빔,26000,28000,37.5050827,127.0049777
2026-08-04 18:00,POI018,교대역,약간 붐빔,18000,20000,37.494178,127.015909
2026-08-04 18:00,POI019,구로디지털단지역,약간 붐빔,30000,32000,37.4853417,126.9068128
2026-08-04 18:00,POI020,구로역,여유,3000,3500,37.5000903,126.8829924
2026-08-04 18:00,POI021,군자역,보통,7500,8000,37.558149,127.077839
2026-08-04 18:00,POI023,대림역,여유,14000,16000,37.4908703,126.8936859
2026-08-04 18:00,POI024,동대문역,보통,6000,6500,37.5718616,127.0114887
2026-08-04 18:00,POI025,뚝섬역,보통,10000,12000,37.5475031,127.0461973
2026-08-04 18:00,POI026,미아사거리역,보통,10000,12000,37.61175,127.03044
2026-08-04 18:00,POI055,홍대입구역(2호선),약간 붐빔,22000,24000,37.5574135,126.9238
2026-08-04 18:00,POI088,광화문광장,붐빔,10000,12000,37.5759194,126.9768
2026-08-04 18:00,POI119,잠실역,약간 붐빔,38000,40000,37.5127453,127.0973
2026-08-04 21:00,POI006,종로·청계 관광특구,여유,22000,24000,37.5702856,126.9903626
2026-08-04 21:00,POI007,홍대 관광특구,여유,74000,76000,37.5574135,126.9238
2026-08-04 21:00,POI008,경복궁,여유,900,1000,37.579754,126.9766818
2026-08-04 21:00,POI009,광화문·덕수궁,여유,18000,20000,37.5759194,126.9768
2026-08-04 21:00,POI010,보신각,보통,9000,9500,37.5698518,126.9836102
2026-08-04 21:00,POI011,서울 암사동 유적,여유,300,400,37.5610203,127.1306288
2026-08-04 21:00,POI012,창덕궁·종묘,여유,6500,7000,37.5823872,126.9917013
2026-08-04 21:00,POI013,가산디지털단지역,여유,12000,14000,37.480819,126.8816358
2026-08-04 21:00,POI014,강남역,보통,58000,60000,37.5002304,127.0268054
2026-08-04 21:00,POI015,건대입구역,보통,26000,28000,37.54088,127.06812
2026-08-04 21:00,POI016,고덕역,보통,4500,5000,37.5550721,127.1550065
2026-08-04 21:00,POI017,고속터미널역,여유,10000,12000,37.5050827,127.0049777
2026-08-04 21:00,POI018,교대역,여유,12000,14000,37.494178,127.015909
2026-08-04 21:00,POI019,구로디지털단지역,여유,12000,14000,37.4853417,126.9068128
2026-08-04 21:00,POI020,구로역,여유,2000,2500,37.5000903,126.8829924
2026-08-04 21:00,POI021,군자역,보통,7500,8000,37.558149,127.077839
2026-08-04 21:00,POI023,대림역,여유,16000,18000,37.4908703,126.8936859
2026-08-04 21:00,POI024,동대문역,여유,3500,4000,37.5718616,127.0114887
2026-08-04 21:00,POI025,뚝섬역,여유,7500,8000,37.5475031,127.0461973
2026-08-04 21:00,POI026,미아사거리역,여유,8500,9000,37.61175,127.03044
2026-08-04 21:00,POI055,홍대입구역(2호선),보통,18000,20000,37.5574135,126.9238
2026-08-04 21:00,POI088,광화문광장,여유,3500,4000,37.5759194,126.9768
2026-08-04 21:00,POI119,잠실역,보통,24000,26000,37.5127453,127.0973
2026-08-05 00:00,POI006,종로·청계 관광특구,여유,10000,12000,37.5702856,126.9903626
2026-08-05 00:00,POI007,홍대 관광특구,여유,40000,42000,37.5574135,126.9238
2026-08-05 00:00,POI008,경복궁,여유,300,400,37.579754,126.9766818
2026-08-05 00:00,POI009,광화문·덕수궁,여유,4500,5000,37.5759194,126.9768
2026-08-05 00:00,POI010,보신각,여유,2500,3000,37.5698518,126.9836102
2026-08-05 00:00,POI011,서울 암사동 유적,여유,300,400,37.5610203,127.1306288
2026-08-05 00:00,POI012,창덕궁·종묘,여유,3500,4000,37.5823872,126.9917013
2026-08-05 00:00,POI013,가산디지털단지역,여유,6000,6500,37.480819,126.8816358
2026-08-05 00:00,POI014,강남역,여유,26000,28000,37.5002304,127.0268054
2026-08-05 00:00,POI015,건대입구역,여유,16000,18000,37.54088,127.06812
2026-08-05 00:00,POI016,고덕역,여유,1500,2000,37.5550721,127.1550065
2026-08-05 00:00,POI017,고속터미널역,여유,2500,3000,37.5050827,127.0049777
2026-08-05 00:00,POI018,교대역,여유,6500,7000,37.494178,127.015909
2026-08-05 00:00,POI019,구로디지털단지역,여유,5500,6000,37.4853417,126.9068128
2026-08-05 00:00,POI020,구로역,여유,900,1000,37.5000903,126.8829924
2026-08-05 00:00,POI021,군자역,여유,4500,5000,37.558149,127.077839
2026-08-05 00:00,POI023,대림역,보통,16000,18000,37.4908703,126.8936859
2026-08-05 00:00,POI024,동대문역,여유,2000,2500,37.5718616,127.0114887
2026-08-05 00:00,POI025,뚝섬역,여유,4000,4500,37.5475031,127.0461973
2026-08-05 00:00,POI026,미아사거리역,여유,4000,4500,37.61175,127.03044
2026-08-05 00:00,POI055,홍대입구역(2호선),여유,8000,8500,37.5574135,126.9238
2026-08-05 00:00,POI088,광화문광장,여유,900,1000,37.5759194,126.9768
2026-08-05 00:00,POI119,잠실역,여유,5000,5500,37.5127453,127.0973
2026-08-05 02:00,POI006,종로·청계 관광특구,여유,9000,9500,37.5702856,126.9903626
2026-08-05 02:00,POI007,홍대 관광특구,여유,32000,34000,37.5574135,126.9238
2026-08-05 02:00,POI008,경복궁,여유,200,300,37.579754,126.9766818
2026-08-05 02:00,POI009,광화문·덕수궁,여유,3000,3500,37.5759194,126.9768
2026-08-05 02:00,POI010,보신각,여유,2000,2500,37.5698518,126.9836102
2026-08-05 02:00,POI011,서울 암사동 유적,여유,300,400,37.5610203,127.1306288
2026-08-05 02:00,POI012,창덕궁·종묘,여유,3000,3500,37.5823872,126.9917013
2026-08-05 02:00,POI013,가산디지털단지역,여유,5000,5500,37.480819,126.8816358
2026-08-05 02:00,POI014,강남역,여유,20000,22000,37.5002304,127.0268054
2026-08-05 02:00,POI015,건대입구역,여유,14000,16000,37.54088,127.06812
2026-08-05 02:00,POI016,고덕역,여유,1000,1500,37.5550721,127.1550065
2026-08-05 02:00,POI017,고속터미널역,여유,1000,1500,37.5050827,127.0049777
2026-08-05 02:00,POI018,교대역,여유,5500,6000,37.494178,127.015909
2026-08-05 02:00,POI019,구로디지털단지역,여유,4000,4500,37.4853417,126.9068128
2026-08-05 02:00,POI020,구로역,여유,700,800,37.5000903,126.8829924
2026-08-05 02:00,POI021,군자역,여유,3500,4000,37.558149,127.077839
2026-08-05 02:00,POI023,대림역,보통,16000,18000,37.4908703,126.8936859
2026-08-05 02:00,POI024,동대문역,여유,1500,2000,37.5718616,127.0114887
2026-08-05 02:00,POI025,뚝섬역,여유,3500,4000,37.5475031,127.0461973
2026-08-05 02:00,POI026,미아사거리역,여유,3500,4000,37.61175,127.03044
2026-08-05 02:00,POI055,홍대입구역(2호선),여유,6500,7000,37.5574135,126.9238
2026-08-05 02:00,POI088,광화문광장,여유,700,800,37.5759194,126.9768
2026-08-05 02:00,POI119,잠실역,여유,3000,3500,37.5127453,127.0973
2026-08-05 04:00,POI006,종로·청계 관광특구,여유,9000,9500,37.5702856,126.9903626
2026-08-05 04:00,POI007,홍대 관광특구,여유,30000,32000,37.5574135,126.9238
2026-08-05 04:00,POI008,경복궁,여유,200,300,37.579754,126.9766818
2026-08-05 04:00,POI009,광화문·덕수궁,여유,3000,3500,37.5759194,126.9768
2026-08-05 04:00,POI010,보신각,여유,1500,2000,37.5698518,126.9836102
2026-08-05 04:00,POI011,서울 암사동 유적,여유,300,400,37.5610203,127.1306288
2026-08-05 04:00,POI012,창덕궁·종묘,여유,3000,3500,37.5823872,126.9917013
2026-08-05 04:00,POI013,가산디지털단지역,여유,5000,5500,37.480819,126.8816358
2026-08-05 04:00,POI014,강남역,여유,20000,22000,37.5002304,127.0268054
2026-08-05 04:00,POI015,건대입구역,여유,14000,16000,37.54088,127.06812
2026-08-05 04:00,POI016,고덕역,여유,1000,1500,37.5550721,127.1550065
2026-08-05 04:00,POI017,고속터미널역,여유,1000,1500,37.5050827,127.0049777
2026-08-05 04:00,POI018,교대역,여유,5500,6000,37.494178,127.015909
2026-08-05 04:00,POI019,구로디지털단지역,여유,4000,4500,37.4853417,126.9068128
2026-08-05 04:00,POI020,구로역,여유,700,800,37.5000903,126.8829924
2026-08-05 04:00,POI021,군자역,여유,3500,4000,37.558149,127.077839
2026-08-05 04:00,POI023,대림역,보통,16000,18000,37.4908703,126.8936859
2026-08-05 04:00,POI024,동대문역,여유,1000,1500,37.5718616,127.0114887
2026-08-05 04:00,POI025,뚝섬역,여유,3500,4000,37.5475031,127.0461973
2026-08-05 04:00,POI026,미아사거리역,여유,3000,3500,37.61175,127.03044
2026-08-05 04:00,POI055,홍대입구역(2호선),여유,6000,6500,37.5574135,126.9238
2026-08-05 04:00,POI088,광화문광장,여유,700,800,37.5759194,126.9768
2026-08-05 04:00,POI119,잠실역,여유,2500,3000,37.5127453,127.0973
2026-08-05 06:00,POI006,종로·청계 관광특구,여유,9500,10000,37.5702856,126.9903626
2026-08-05 06:00,POI007,홍대 관광특구,여유,30000,32000,37.5574135,126.9238
2026-08-05 06:00,POI008,경복궁,여유,300,400,37.579754,126.9766818
2026-08-05 06:00,POI009,광화문·덕수궁,여유,4500,5000,37.5759194,126.9768
2026-08-05 06:00,POI010,보신각,여유,2000,2500,37.5698518,126.9836102
2026-08-05 06:00,POI011,서울 암사동 유적,여유,300,400,37.5610203,127.1306288
2026-08-05 06:00,POI012,창덕궁·종묘,여유,3500,4000,37.5823872,126.9917013
2026-08-05 06:00,POI013,가산디지털단지역,여유,7000,7500,37.480819,126.8816358
2026-08-05 06:00,POI014,강남역,여유,20000,22000,37.5002304,127.0268054
2026-08-05 06:00,POI015,건대입구역,여유,14000,16000,37.54088,127.06812
2026-08-05 06:00,POI016,고덕역,여유,1000,1500,37.5550721,127.1550065
2026-08-05 06:00,POI017,고속터미널역,여유,2000,2500,37.5050827,127.0049777
2026-08-05 06:00,POI018,교대역,여유,5500,6000,37.494178,127.015909
2026-08-05 06:00,POI019,구로디지털단지역,여유,4500,5000,37.4853417,126.9068128
2026-08-05 06:00,POI020,구로역,여유,1000,1500,37.5000903,126.8829924
2026-08-05 06:00,POI021,군자역,여유,3500,4000,37.558149,127.077839
2026-08-05 06:00,POI023,대림역,보통,16000,18000,37.4908703,126.8936859
2026-08-05 06:00,POI024,동대문역,여유,1500,2000,37.5718616,127.0114887
2026-08-05 06:00,POI025,뚝섬역,여유,4000,4500,37.5475031,127.0461973
2026-08-05 06:00,POI026,미아사거리역,여유,4000,4500,37.61175,127.03044
2026-08-05 06:00,POI055,홍대입구역(2호선),여유,6000,6500,37.5574135,126.9238
2026-08-05 06:00,POI088,광화문광장,여유,900,1000,37.5759194,126.9768
2026-08-05 06:00,POI119,잠실역,여유,3500,4000,37.5127453,127.0973
2026-08-05 08:00,POI006,종로·청계 관광특구,여유,18000,20000,37.5702856,126.9903626
2026-08-05 08:00,POI007,홍대 관광특구,여유,34000,36000,37.5574135,126.9238
2026-08-05 08:00,POI008,경복궁,여유,700,800,37.579754,126.9766818
2026-08-05 08:00,POI009,광화문·덕수궁,여유,14000,16000,37.5759194,126.9768
2026-08-05 08:00,POI010,보신각,여유,5000,5500,37.5698518,126.9836102
2026-08-05 08:00,POI011,서울 암사동 유적,여유,300,400,37.5610203,127.1306288
2026-08-05 08:00,POI012,창덕궁·종묘,여유,6000,6500,37.5823872,126.9917013
2026-08-05 08:00,POI013,가산디지털단지역,여유,16000,18000,37.480819,126.8816358
2026-08-05 08:00,POI014,강남역,여유,34000,36000,37.5002304,127.0268054
2026-08-05 08:00,POI015,건대입구역,여유,20000,22000,37.54088,127.06812
2026-08-05 08:00,POI016,고덕역,여유,1500,2000,37.5550721,127.1550065
2026-08-05 08:00,POI017,고속터미널역,여유,8000,8500,37.5050827,127.0049777
2026-08-05 08:00,POI018,교대역,여유,10000,12000,37.494178,127.015909
2026-08-05 08:00,POI019,구로디지털단지역,여유,9500,10000,37.4853417,126.9068128
2026-08-05 08:00,POI020,구로역,보통,3000,3500,37.5000903,126.8829924
2026-08-05 08:00,POI021,군자역,여유,4000,4500,37.558149,127.077839
2026-08-05 08:00,POI023,대림역,보통,16000,18000,37.4908703,126.8936859
2026-08-05 08:00,POI024,동대문역,여유,4500,5000,37.5718616,127.0114887
2026-08-05 08:00,POI025,뚝섬역,여유,6000,6500,37.5475031,127.0461973
2026-08-05 08:00,POI026,미아사거리역,여유,6500,7000,37.61175,127.03044
2026-08-05 08:00,POI055,홍대입구역(2호선),여유,8500,9000,37.5574135,126.9238
2026-08-05 08:00,POI088,광화문광장,여유,3000,3500,37.5759194,126.9768
2026-08-05 08:00,POI119,잠실역,여유,8000,8500,37.5127453,127.0973
2026-08-05 12:00,POI006,종로·청계 관광특구,보통,38000,40000,37.5702856,126.9903626
2026-08-05 12:00,POI007,홍대 관광특구,여유,66000,68000,37.5574135,126.9238
2026-08-05 12:00,POI008,경복궁,보통,1500,2000,37.579754,126.9766818
2026-08-05 12:00,POI009,광화문·덕수궁,약간 붐빔,42000,44000,37.5759194,126.9768
2026-08-05 12:00,POI010,보신각,보통,16000,18000,37.5698518,126.9836102
2026-08-05 12:00,POI011,서울 암사동 유적,여유,300,400,37.5610203,127.1306288
2026-08-05 12:00,POI012,창덕궁·종묘,보통,10000,12000,37.5823872,126.9917013
2026-08-05 12:00,POI013,가산디지털단지역,약간 붐빔,36000,38000,37.480819,126.8816358
2026-08-05 12:00,POI014,강남역,약간 붐빔,84000,86000,37.5002304,127.0268054
2026-08-05 12:00,POI015,건대입구역,여유,24000,26000,37.54088,127.06812
2026-08-05 12:00,POI016,고덕역,여유,4000,4500,37.5550721,127.1550065
2026-08-05 12:00,POI017,고속터미널역,약간 붐빔,24000,26000,37.5050827,127.0049777
2026-08-05 12:00,POI018,교대역,약간 붐빔,22000,24000,37.494178,127.015909
2026-08-05 12:00,POI019,구로디지털단지역,약간 붐빔,36000,38000,37.4853417,126.9068128
2026-08-05 12:00,POI020,구로역,여유,2000,2500,37.5000903,126.8829924
2026-08-05 12:00,POI021,군자역,여유,6000,6500,37.558149,127.077839
2026-08-05 12:00,POI023,대림역,여유,14000,16000,37.4908703,126.8936859
2026-08-05 12:00,POI024,동대문역,보통,6000,6500,37.5718616,127.0114887
2026-08-05 12:00,POI025,뚝섬역,보통,10000,12000,37.5475031,127.0461973
2026-08-05 12:00,POI026,미아사거리역,보통,10000,12000,37.61175,127.03044
2026-08-05 12:00,POI055,홍대입구역(2호선),보통,16000,18000,37.5574135,126.9238
2026-08-05 12:00,POI088,광화문광장,보통,7500,8000,37.5759194,126.9768
2026-08-05 12:00,POI119,잠실역,약간 붐빔,36000,38000,37.5127453,127.0973
2026-08-05 15:00,POI006,종로·청계 관광특구,보통,38000,40000,37.5702856,126.9903626
2026-08-05 15:00,POI007,홍대 관광특구,보통,80000,82000,37.5574135,126.9238
2026-08-05 15:00,POI008,경복궁,보통,1500,2000,37.579754,126.9766818
2026-08-05 15:00,POI009,광화문·덕수궁,보통,42000,44000,37.5759194,126.9768
2026-08-05 15:00,POI010,보신각,보통,18000,20000,37.5698518,126.9836102
2026-08-05 15:00,POI011,서울 암사동 유적,여유,300,400,37.5610203,127.1306288
2026-08-05 15:00,POI012,창덕궁·종묘,보통,10000,12000,37.5823872,126.9917013
2026-08-05 15:00,POI013,가산디지털단지역,약간 붐빔,34000,36000,37.480819,126.8816358
2026-08-05 15:00,POI014,강남역,약간 붐빔,86000,88000,37.5002304,127.0268054
2026-08-05 15:00,POI015,건대입구역,여유,26000,28000,37.54088,127.06812
2026-08-05 15:00,POI016,고덕역,보통,4500,5000,37.5550721,127.1550065
2026-08-05 15:00,POI017,고속터미널역,약간 붐빔,28000,30000,37.5050827,127.0049777
2026-08-05 15:00,POI018,교대역,붐빔,20000,22000,37.494178,127.015909
2026-08-05 15:00,POI019,구로디지털단지역,약간 붐빔,32000,34000,37.4853417,126.9068128
2026-08-05 15:00,POI020,구로역,여유,2500,3000,37.5000903,126.8829924
2026-08-05 15:00,POI021,군자역,여유,6000,6500,37.558149,127.077839
2026-08-05 15:00,POI023,대림역,여유,14000,16000,37.4908703,126.8936859
2026-08-05 15:00,POI024,동대문역,보통,5500,6000,37.5718616,127.0114887
2026-08-05 15:00,POI025,뚝섬역,약간 붐빔,10000,12000,37.5475031,127.0461973
2026-08-05 15:00,POI026,미아사거리역,약간 붐빔,10000,12000,37.61175,127.03044
2026-08-05 15:00,POI055,홍대입구역(2호선),약간 붐빔,20000,22000,37.5574135,126.9238
2026-08-05 15:00,POI088,광화문광장,보통,8500,9000,37.5759194,126.9768
2026-08-05 15:00,POI119,잠실역,붐빔,46000,48000,37.5127453,127.0973
2026-08-05 18:00,POI006,종로·청계 관광특구,보통,34000,36000,37.5702856,126.9903626
2026-08-05 18:00,POI007,홍대 관광특구,보통,86000,88000,37.5574135,126.9238
2026-08-05 18:00,POI008,경복궁,보통,1000,1500,37.579754,126.9766818
2026-08-05 18:00,POI009,광화문·덕수궁,보통,40000,42000,37.5759194,126.9768
2026-08-05 18:00,POI010,보신각,약간 붐빔,12000,14000,37.5698518,126.9836102
2026-08-05 18:00,POI011,서울 암사동 유적,여유,300,400,37.5610203,127.1306288
2026-08-05 18:00,POI012,창덕궁·종묘,보통,10000,12000,37.5823872,126.9917013
2026-08-05 18:00,POI013,가산디지털단지역,보통,38000,40000,37.480819,126.8816358
2026-08-05 18:00,POI014,강남역,붐빔,80000,82000,37.5002304,127.0268054
2026-08-05 18:00,POI015,건대입구역,약간 붐빔,28000,30000,37.54088,127.06812
2026-08-05 18:00,POI016,고덕역,붐빔,5500,6000,37.5550721,127.1550065
2026-08-05 18:00,POI017,고속터미널역,약간 붐빔,26000,28000,37.5050827,127.0049777
2026-08-05 18:00,POI018,교대역,보통,18000,20000,37.494178,127.015909
2026-08-05 18:00,POI019,구로디지털단지역,약간 붐빔,30000,32000,37.4853417,126.9068128
2026-08-05 18:00,POI020,구로역,여유,2500,3000,37.5000903,126.8829924
2026-08-05 18:00,POI021,군자역,보통,8000,8500,37.558149,127.077839
2026-08-05 18:00,POI023,대림역,여유,14000,16000,37.4908703,126.8936859
2026-08-05 18:00,POI024,동대문역,보통,7000,7500,37.5718616,127.0114887
2026-08-05 18:00,POI025,뚝섬역,보통,10000,12000,37.5475031,127.0461973
2026-08-05 18:00,POI026,미아사거리역,약간 붐빔,12000,14000,37.61175,127.03044
2026-08-05 18:00,POI055,홍대입구역(2호선),약간 붐빔,22000,24000,37.5574135,126.9238
2026-08-05 18:00,POI088,광화문광장,붐빔,10000,12000,37.5759194,126.9768
2026-08-05 18:00,POI119,잠실역,약간 붐빔,40000,42000,37.5127453,127.0973
2026-08-05 21:00,POI006,종로·청계 관광특구,여유,24000,26000,37.5702856,126.9903626
2026-08-05 21:00,POI007,홍대 관광특구,여유,74000,76000,37.5574135,126.9238
2026-08-05 21:00,POI008,경복궁,여유,900,1000,37.579754,126.9766818
2026-08-05 21:00,POI009,광화문·덕수궁,여유,18000,20000,37.5759194,126.9768
2026-08-05 21:00,POI010,보신각,보통,9000,9500,37.5698518,126.9836102
2026-08-05 21:00,POI011,서울 암사동 유적,여유,300,400,37.5610203,127.1306288
2026-08-05 21:00,POI012,창덕궁·종묘,여유,6500,7000,37.5823872,126.9917013
2026-08-05 21:00,POI013,가산디지털단지역,여유,14000,16000,37.480819,126.8816358
2026-08-05 21:00,POI014,강남역,보통,60000,62000,37.5002304,127.0268054
2026-08-05 21:00,POI015,건대입구역,보통,26000,28000,37.54088,127.06812
2026-08-05 21:00,POI016,고덕역,보통,4500,5000,37.5550721,127.1550065
2026-08-05 21:00,POI017,고속터미널역,여유,12000,14000,37.5050827,127.0049777
2026-08-05 21:00,POI018,교대역,여유,12000,14000,37.494178,127.015909
2026-08-05 21:00,POI019,구로디지털단지역,여유,12000,14000,37.4853417,126.9068128
2026-08-05 21:00,POI020,구로역,여유,2000,2500,37.5000903,126.8829924
2026-08-05 21:00,POI021,군자역,보통,7500,8000,37.558149,127.077839
2026-08-05 21:00,POI023,대림역,여유,16000,18000,37.4908703,126.8936859
2026-08-05 21:00,POI024,동대문역,여유,3500,4000,37.5718616,127.0114887
2026-08-05 21:00,POI025,뚝섬역,여유,7500,8000,37.5475031,127.0461973
2026-08-05 21:00,POI026,미아사거리역,여유,9000,9500,37.61175,127.03044
2026-08-05 21:00,POI055,홍대입구역(2호선),보통,18000,20000,37.5574135,126.9238
2026-08-05 21:00,POI088,광화문광장,여유,4000,4500,37.5759194,126.9768
2026-08-05 21:00,POI119,잠실역,보통,26000,28000,37.5127453,127.0973
2026-08-06 00:00,POI006,종로·청계 관광특구,여유,12000,14000,37.5702856,126.9903626
2026-08-06 00:00,POI007,홍대 관광특구,여유,42000,44000,37.5574135,126.9238
2026-08-06 00:00,POI008,경복궁,여유,400,500,37.579754,126.9766818
2026-08-06 00:00,POI009,광화문·덕수궁,여유,5000,5500,37.5759194,126.9768
2026-08-06 00:00,POI010,보신각,여유,3000,3500,37.5698518,126.9836102
2026-08-06 00:00,POI011,서울 암사동 유적,여유,300,400,37.5610203,127.1306288
2026-08-06 00:00,POI012,창덕궁·종묘,여유,3500,4000,37.5823872,126.9917013
2026-08-06 00:00,POI013,가산디지털단지역,여유,6000,6500,37.480819,126.8816358
2026-08-06 00:00,POI014,강남역,여유,28000,30000,37.5002304,127.0268054
2026-08-06 00:00,POI015,건대입구역,여유,22000,24000,37.54088,127.06812
2026-08-06 00:00,POI016,고덕역,여유,1500,2000,37.5550721,127.1550065
2026-08-06 00:00,POI017,고속터미널역,여유,2500,3000,37.5050827,127.0049777
2026-08-06 00:00,POI018,교대역,여유,9000,9500,37.494178,127.015909
2026-08-06 00:00,POI019,구로디지털단지역,여유,6000,6500,37.4853417,126.9068128
2026-08-06 00:00,POI020,구로역,여유,1000,1500,37.5000903,126.8829924
2026-08-06 00:00,POI021,군자역,여유,4500,5000,37.558149,127.077839
2026-08-06 00:00,POI023,대림역,보통,16000,18000,37.4908703,126.8936859
2026-08-06 00:00,POI024,동대문역,여유,2000,2500,37.5718616,127.0114887
2026-08-06 00:00,POI025,뚝섬역,여유,5000,5500,37.5475031,127.0461973
2026-08-06 00:00,POI026,미아사거리역,여유,4500,5000,37.61175,127.03044
2026-08-06 00:00,POI055,홍대입구역(2호선),여유,9500,10000,37.5574135,126.9238
2026-08-06 00:00,POI088,광화문광장,여유,1000,1500,37.5759194,126.9768
2026-08-06 00:00,POI119,잠실역,여유,5500,6000,37.5127453,127.0973
2026-08-06 02:00,POI006,종로·청계 관광특구,여유,9500,10000,37.5702856,126.9903626
2026-08-06 02:00,POI007,홍대 관광특구,여유,34000,36000,37.5574135,126.9238
2026-08-06 02:00,POI008,경복궁,여유,200,300,37.579754,126.9766818
2026-08-06 02:00,POI009,광화문·덕수궁,여유,3000,3500,37.5759194,126.9768
2026-08-06 02:00,POI010,보신각,여유,2000,2500,37.5698518,126.9836102
2026-08-06 02:00,POI011,서울 암사동 유적,여유,300,400,37.5610203,127.1306288
2026-08-06 02:00,POI012,창덕궁·종묘,여유,3000,3500,37.5823872,126.9917013
2026-08-06 02:00,POI013,가산디지털단지역,여유,5000,5500,37.480819,126.8816358
2026-08-06 02:00,POI014,강남역,여유,20000,22000,37.5002304,127.0268054
2026-08-06 02:00,POI015,건대입구역,여유,14000,16000,37.54088,127.06812
2026-08-06 02:00,POI016,고덕역,여유,1000,1500,37.5550721,127.1550065
2026-08-06 02:00,POI017,고속터미널역,여유,1500,2000,37.5050827,127.0049777
2026-08-06 02:00,POI018,교대역,여유,5500,6000,37.494178,127.015909
2026-08-06 02:00,POI019,구로디지털단지역,여유,4500,5000,37.4853417,126.9068128
2026-08-06 02:00,POI020,구로역,여유,800,900,37.5000903,126.8829924
2026-08-06 02:00,POI021,군자역,여유,3500,4000,37.558149,127.077839
2026-08-06 02:00,POI023,대림역,보통,16000,18000,37.4908703,126.8936859
2026-08-06 02:00,POI024,동대문역,여유,1000,1500,37.5718616,127.0114887
2026-08-06 02:00,POI025,뚝섬역,여유,3500,4000,37.5475031,127.0461973
2026-08-06 02:00,POI026,미아사거리역,여유,3500,4000,37.61175,127.03044
2026-08-06 02:00,POI055,홍대입구역(2호선),여유,6500,7000,37.5574135,126.9238
2026-08-06 02:00,POI088,광화문광장,여유,700,800,37.5759194,126.9768
2026-08-06 02:00,POI119,잠실역,여유,3000,3500,37.5127453,127.0973
2026-08-06 04:00,POI006,종로·청계 관광특구,여유,8500,9000,37.5702856,126.9903626
2026-08-06 04:00,POI007,홍대 관광특구,여유,30000,32000,37.5574135,126.9238
2026-08-06 04:00,POI008,경복궁,여유,200,300,37.579754,126.9766818
2026-08-06 04:00,POI009,광화문·덕수궁,여유,3000,3500,37.5759194,126.9768
2026-08-06 04:00,POI010,보신각,여유,1500,2000,37.5698518,126.9836102
2026-08-06 04:00,POI011,서울 암사동 유적,여유,300,400,37.5610203,127.1306288
2026-08-06 04:00,POI012,창덕궁·종묘,여유,3000,3500,37.5823872,126.9917013
2026-08-06 04:00,POI013,가산디지털단지역,여유,5500,6000,37.480819,126.8816358
2026-08-06 04:00,POI014,강남역,여유,20000,22000,37.5002304,127.0268054
2026-08-06 04:00,POI015,건대입구역,여유,14000,16000,37.54088,127.06812
2026-08-06 04:00,POI016,고덕역,여유,1000,1500,37.5550721,127.1550065
2026-08-06 04:00,POI017,고속터미널역,여유,1500,2000,37.5050827,127.0049777
2026-08-06 04:00,POI018,교대역,여유,5500,6000,37.494178,127.015909
2026-08-06 04:00,POI019,구로디지털단지역,여유,4500,5000,37.4853417,126.9068128
2026-08-06 04:00,POI020,구로역,여유,800,900,37.5000903,126.8829924
2026-08-06 04:00,POI021,군자역,여유,3500,4000,37.558149,127.077839
2026-08-06 04:00,POI023,대림역,보통,16000,18000,37.4908703,126.8936859
2026-08-06 04:00,POI024,동대문역,여유,1000,1500,37.5718616,127.0114887
2026-08-06 04:00,POI025,뚝섬역,여유,4000,4500,37.5475031,127.0461973
2026-08-06 04:00,POI026,미아사거리역,여유,3000,3500,37.61175,127.03044
2026-08-06 04:00,POI055,홍대입구역(2호선),여유,6000,6500,37.5574135,126.9238
2026-08-06 04:00,POI088,광화문광장,여유,700,800,37.5759194,126.9768
2026-08-06 04:00,POI119,잠실역,여유,2500,3000,37.5127453,127.0973
2026-08-06 06:00,POI006,종로·청계 관광특구,여유,9500,10000,37.5702856,126.9903626
2026-08-06 06:00,POI007,홍대 관광특구,여유,30000,32000,37.5574135,126.9238
2026-08-06 06:00,POI008,경복궁,여유,300,400,37.579754,126.9766818
2026-08-06 06:00,POI009,광화문·덕수궁,여유,4500,5000,37.5759194,126.9768
2026-08-06 06:00,POI010,보신각,여유,2000,2500,37.5698518,126.9836102
2026-08-06 06:00,POI011,서울 암사동 유적,여유,300,400,37.5610203,127.1306288
2026-08-06 06:00,POI012,창덕궁·종묘,여유,3500,4000,37.5823872,126.9917013
2026-08-06 06:00,POI013,가산디지털단지역,여유,7500,8000,37.480819,126.8816358
2026-08-06 06:00,POI014,강남역,여유,20000,22000,37.5002304,127.0268054
2026-08-06 06:00,POI015,건대입구역,여유,14000,16000,37.54088,127.06812
2026-08-06 06:00,POI016,고덕역,여유,1000,1500,37.5550721,127.1550065
2026-08-06 06:00,POI017,고속터미널역,여유,2000,2500,37.5050827,127.0049777
2026-08-06 06:00,POI018,교대역,여유,5500,6000,37.494178,127.015909
2026-08-06 06:00,POI019,구로디지털단지역,여유,4500,5000,37.4853417,126.9068128
2026-08-06 06:00,POI020,구로역,여유,1000,1500,37.5000903,126.8829924
2026-08-06 06:00,POI021,군자역,여유,3500,4000,37.558149,127.077839
2026-08-06 06:00,POI023,대림역,보통,16000,18000,37.4908703,126.8936859
2026-08-06 06:00,POI024,동대문역,여유,1500,2000,37.5718616,127.0114887
2026-08-06 06:00,POI025,뚝섬역,여유,4000,4500,37.5475031,127.0461973
2026-08-06 06:00,POI026,미아사거리역,여유,4000,4500,37.61175,127.03044
2026-08-06 06:00,POI055,홍대입구역(2호선),여유,6000,6500,37.5574135,126.9238
2026-08-06 06:00,POI088,광화문광장,여유,900,1000,37.5759194,126.9768
2026-08-06 06:00,POI119,잠실역,여유,3000,3500,37.5127453,127.0973
2026-08-06 08:00,POI006,종로·청계 관광특구,여유,18000,20000,37.5702856,126.9903626
2026-08-06 08:00,POI007,홍대 관광특구,여유,34000,36000,37.5574135,126.9238
2026-08-06 08:00,POI008,경복궁,여유,800,900,37.579754,126.9766818
2026-08-06 08:00,POI009,광화문·덕수궁,여유,14000,16000,37.5759194,126.9768
2026-08-06 08:00,POI010,보신각,여유,5000,5500,37.5698518,126.9836102
2026-08-06 08:00,POI011,서울 암사동 유적,여유,300,400,37.5610203,127.1306288
2026-08-06 08:00,POI012,창덕궁·종묘,여유,6500,7000,37.5823872,126.9917013
2026-08-06 08:00,POI013,가산디지털단지역,보통,16000,18000,37.480819,126.8816358
2026-08-06 08:00,POI014,강남역,여유,34000,36000,37.5002304,127.0268054
2026-08-06 08:00,POI015,건대입구역,여유,20000,22000,37.54088,127.06812
2026-08-06 08:00,POI016,고덕역,여유,1500,2000,37.5550721,127.1550065
2026-08-06 08:00,POI017,고속터미널역,여유,7500,8000,37.5050827,127.0049777
2026-08-06 08:00,POI018,교대역,여유,10000,12000,37.494178,127.015909
2026-08-06 08:00,POI019,구로디지털단지역,여유,9500,10000,37.4853417,126.9068128
2026-08-06 08:00,POI020,구로역,약간 붐빔,3500,4000,37.5000903,126.8829924
2026-08-06 08:00,POI021,군자역,여유,4500,5000,37.558149,127.077839
2026-08-06 08:00,POI023,대림역,보통,16000,18000,37.4908703,126.8936859
2026-08-06 08:00,POI024,동대문역,여유,4500,5000,37.5718616,127.0114887
2026-08-06 08:00,POI025,뚝섬역,여유,6000,6500,37.5475031,127.0461973
2026-08-06 08:00,POI026,미아사거리역,여유,7500,8000,37.61175,127.03044
2026-08-06 08:00,POI055,홍대입구역(2호선),여유,8500,9000,37.5574135,126.9238
2026-08-06 08:00,POI088,광화문광장,여유,3000,3500,37.5759194,126.9768
2026-08-06 08:00,POI119,잠실역,여유,7500,8000,37.5127453,127.0973
2026-08-06 12:00,POI006,종로·청계 관광특구,보통,40000,42000,37.5702856,126.9903626
2026-08-06 12:00,POI007,홍대 관광특구,여유,66000,68000,37.5574135,126.9238
2026-08-06 12:00,POI008,경복궁,보통,1500,2000,37.579754,126.9766818
2026-08-06 12:00,POI009,광화문·덕수궁,약간 붐빔,42000,44000,37.5759194,126.9768
2026-08-06 12:00,POI010,보신각,보통,16000,18000,37.5698518,126.9836102
2026-08-06 12:00,POI011,서울 암사동 유적,여유,300,400,37.5610203,127.1306288
2026-08-06 12:00,POI012,창덕궁·종묘,보통,12000,14000,37.5823872,126.9917013
2026-08-06 12:00,POI013,가산디지털단지역,약간 붐빔,36000,38000,37.480819,126.8816358
2026-08-06 12:00,POI014,강남역,약간 붐빔,82000,84000,37.5002304,127.0268054
2026-08-06 12:00,POI015,건대입구역,여유,24000,26000,37.54088,127.06812
2026-08-06 12:00,POI016,고덕역,여유,3500,4000,37.5550721,127.1550065
2026-08-06 12:00,POI017,고속터미널역,약간 붐빔,24000,26000,37.5050827,127.0049777
2026-08-06 12:00,POI018,교대역,약간 붐빔,20000,22000,37.494178,127.015909
2026-08-06 12:00,POI019,구로디지털단지역,약간 붐빔,36000,38000,37.4853417,126.9068128
2026-08-06 12:00,POI020,구로역,여유,2000,2500,37.5000903,126.8829924
2026-08-06 12:00,POI021,군자역,여유,6500,7000,37.558149,127.077839
2026-08-06 12:00,POI023,대림역,여유,14000,16000,37.4908703,126.8936859
2026-08-06 12:00,POI024,동대문역,보통,9500,10000,37.5718616,127.0114887
2026-08-06 12:00,POI025,뚝섬역,보통,10000,12000,37.5475031,127.0461973
2026-08-06 12:00,POI026,미아사거리역,보통,10000,12000,37.61175,127.03044
2026-08-06 12:00,POI055,홍대입구역(2호선),보통,16000,18000,37.5574135,126.9238
2026-08-06 12:00,POI088,광화문광장,보통,7500,8000,37.5759194,126.9768
2026-08-06 12:00,POI119,잠실역,약간 붐빔,36000,38000,37.5127453,127.0973
2026-08-06 15:00,POI006,종로·청계 관광특구,보통,40000,42000,37.5702856,126.9903626
2026-08-06 15:00,POI007,홍대 관광특구,보통,80000,82000,37.5574135,126.9238
2026-08-06 15:00,POI008,경복궁,보통,1500,2000,37.579754,126.9766818
2026-08-06 15:00,POI009,광화문·덕수궁,보통,42000,44000,37.5759194,126.9768
2026-08-06 15:00,POI010,보신각,보통,18000,20000,37.5698518,126.9836102
2026-08-06 15:00,POI011,서울 암사동 유적,여유,300,400,37.5610203,127.1306288
2026-08-06 15:00,POI012,창덕궁·종묘,약간 붐빔,12000,14000,37.5823872,126.9917013
2026-08-06 15:00,POI013,가산디지털단지역,약간 붐빔,34000,36000,37.480819,126.8816358
2026-08-06 15:00,POI014,강남역,약간 붐빔,84000,86000,37.5002304,127.0268054
2026-08-06 15:00,POI015,건대입구역,여유,26000,28000,37.54088,127.06812
2026-08-06 15:00,POI016,고덕역,보통,4500,5000,37.5550721,127.1550065
2026-08-06 15:00,POI017,고속터미널역,약간 붐빔,28000,30000,37.5050827,127.0049777
2026-08-06 15:00,POI018,교대역,붐빔,20000,22000,37.494178,127.015909
2026-08-06 15:00,POI019,구로디지털단지역,보통,32000,34000,37.4853417,126.9068128
2026-08-06 15:00,POI020,구로역,여유,2500,3000,37.5000903,126.8829924
2026-08-06 15:00,POI021,군자역,여유,6000,6500,37.558149,127.077839
2026-08-06 15:00,POI023,대림역,여유,14000,16000,37.4908703,126.8936859
2026-08-06 15:00,POI024,동대문역,약간 붐빔,10000,12000,37.5718616,127.0114887
2026-08-06 15:00,POI025,뚝섬역,약간 붐빔,10000,12000,37.5475031,127.0461973
2026-08-06 15:00,POI026,미아사거리역,보통,10000,12000,37.61175,127.03044
2026-08-06 15:00,POI055,홍대입구역(2호선),약간 붐빔,20000,22000,37.5574135,126.9238
2026-08-06 15:00,POI088,광화문광장,보통,8500,9000,37.5759194,126.9768
2026-08-06 15:00,POI119,잠실역,약간 붐빔,44000,46000,37.5127453,127.0973
2026-08-06 18:00,POI006,종로·청계 관광특구,약간 붐빔,34000,36000,37.5702856,126.9903626
2026-08-06 18:00,POI007,홍대 관광특구,보통,84000,86000,37.5574135,126.9238
2026-08-06 18:00,POI008,경복궁,여유,1000,1500,37.579754,126.9766818
2026-08-06 18:00,POI009,광화문·덕수궁,약간 붐빔,42000,44000,37.5759194,126.9768
2026-08-06 18:00,POI010,보신각,약간 붐빔,12000,14000,37.5698518,126.9836102
2026-08-06 18:00,POI011,서울 암사동 유적,여유,300,400,37.5610203,127.1306288
2026-08-06 18:00,POI012,창덕궁·종묘,약간 붐빔,12000,14000,37.5823872,126.9917013
2026-08-06 18:00,POI013,가산디지털단지역,보통,38000,40000,37.480819,126.8816358
2026-08-06 18:00,POI014,강남역,붐빔,80000,82000,37.5002304,127.0268054
2026-08-06 18:00,POI015,건대입구역,약간 붐빔,28000,30000,37.54088,127.06812
2026-08-06 18:00,POI016,고덕역,붐빔,5500,6000,37.5550721,127.1550065
2026-08-06 18:00,POI017,고속터미널역,약간 붐빔,26000,28000,37.5050827,127.0049777
2026-08-06 18:00,POI018,교대역,약간 붐빔,18000,20000,37.494178,127.015909
2026-08-06 18:00,POI019,구로디지털단지역,보통,28000,30000,37.4853417,126.9068128
2026-08-06 18:00,POI020,구로역,여유,3000,3500,37.5000903,126.8829924
2026-08-06 18:00,POI021,군자역,보통,7500,8000,37.558149,127.077839
2026-08-06 18:00,POI023,대림역,여유,14000,16000,37.4908703,126.8936859
2026-08-06 18:00,POI024,동대문역,보통,8500,9000,37.5718616,127.0114887
2026-08-06 18:00,POI025,뚝섬역,보통,10000,12000,37.5475031,127.0461973
2026-08-06 18:00,POI026,미아사거리역,보통,12000,14000,37.61175,127.03044
2026-08-06 18:00,POI055,홍대입구역(2호선),약간 붐빔,22000,24000,37.5574135,126.9238
2026-08-06 18:00,POI088,광화문광장,붐빔,10000,12000,37.5759194,126.9768
2026-08-06 18:00,POI119,잠실역,약간 붐빔,42000,44000,37.5127453,127.0973
2026-08-06 21:00,POI006,종로·청계 관광특구,여유,22000,24000,37.5702856,126.9903626
2026-08-06 21:00,POI007,홍대 관광특구,여유,74000,76000,37.5574135,126.9238
2026-08-06 21:00,POI008,경복궁,여유,900,1000,37.579754,126.9766818
2026-08-06 21:00,POI009,광화문·덕수궁,여유,18000,20000,37.5759194,126.9768
2026-08-06 21:00,POI010,보신각,보통,9000,9500,37.5698518,126.9836102
2026-08-06 21:00,POI011,서울 암사동 유적,여유,300,400,37.5610203,127.1306288
2026-08-06 21:00,POI012,창덕궁·종묘,여유,6500,7000,37.5823872,126.9917013
2026-08-06 21:00,POI013,가산디지털단지역,여유,14000,16000,37.480819,126.8816358
2026-08-06 21:00,POI014,강남역,보통,60000,62000,37.5002304,127.0268054
2026-08-06 21:00,POI015,건대입구역,보통,28000,30000,37.54088,127.06812
2026-08-06 21:00,POI016,고덕역,보통,4500,5000,37.5550721,127.1550065
2026-08-06 21:00,POI017,고속터미널역,여유,12000,14000,37.5050827,127.0049777
2026-08-06 21:00,POI018,교대역,여유,12000,14000,37.494178,127.015909
2026-08-06 21:00,POI019,구로디지털단지역,여유,12000,14000,37.4853417,126.9068128
2026-08-06 21:00,POI020,구로역,여유,2000,2500,37.5000903,126.8829924
2026-08-06 21:00,POI021,군자역,보통,8000,8500,37.558149,127.077839
2026-08-06 21:00,POI023,대림역,여유,16000,18000,37.4908703,126.8936859
2026-08-06 21:00,POI024,동대문역,여유,4000,4500,37.5718616,127.0114887
2026-08-06 21:00,POI025,뚝섬역,여유,7500,8000,37.5475031,127.0461973
2026-08-06 21:00,POI026,미아사거리역,여유,9000,9500,37.61175,127.03044
2026-08-06 21:00,POI055,홍대입구역(2호선),보통,18000,20000,37.5574135,126.9238
2026-08-06 21:00,POI088,광화문광장,여유,4000,4500,37.5759194,126.9768
2026-08-06 21:00,POI119,잠실역,보통,28000,30000,37.5127453,127.0973
2026-08-07 00:00,POI006,종로·청계 관광특구,여유,12000,14000,37.5702856,126.9903626
2026-08-07 00:00,POI007,홍대 관광특구,여유,42000,44000,37.5574135,126.9238
2026-08-07 00:00,POI008,경복궁,여유,400,500,37.579754,126.9766818
2026-08-07 00:00,POI009,광화문·덕수궁,여유,5000,5500,37.5759194,126.9768
2026-08-07 00:00,POI010,보신각,여유,3000,3500,37.5698518,126.9836102
2026-08-07 00:00,POI011,서울 암사동 유적,여유,300,400,37.5610203,127.1306288
2026-08-07 00:00,POI012,창덕궁·종묘,여유,3500,4000,37.5823872,126.9917013
2026-08-07 00:00,POI013,가산디지털단지역,여유,6500,7000,37.480819,126.8816358
2026-08-07 00:00,POI014,강남역,여유,28000,30000,37.5002304,127.0268054
2026-08-07 00:00,POI015,건대입구역,여유,22000,24000,37.54088,127.06812
2026-08-07 00:00,POI016,고덕역,여유,1500,2000,37.5550721,127.1550065
2026-08-07 00:00,POI017,고속터미널역,여유,4000,4500,37.5050827,127.0049777
2026-08-07 00:00,POI018,교대역,여유,9000,9500,37.494178,127.015909
2026-08-07 00:00,POI019,구로디지털단지역,여유,6000,6500,37.4853417,126.9068128
2026-08-07 00:00,POI020,구로역,여유,1000,1500,37.5000903,126.8829924
2026-08-07 00:00,POI021,군자역,여유,4500,5000,37.558149,127.077839
2026-08-07 00:00,POI023,대림역,보통,16000,18000,37.4908703,126.8936859
2026-08-07 00:00,POI024,동대문역,여유,2000,2500,37.5718616,127.0114887
2026-08-07 00:00,POI025,뚝섬역,여유,5000,5500,37.5475031,127.0461973
2026-08-07 00:00,POI026,미아사거리역,여유,4500,5000,37.61175,127.03044
2026-08-07 00:00,POI055,홍대입구역(2호선),여유,9000,9500,37.5574135,126.9238
2026-08-07 00:00,POI088,광화문광장,여유,1000,1500,37.5759194,126.9768
2026-08-07 00:00,POI119,잠실역,여유,5500,6000,37.5127453,127.0973
2026-08-07 09:00,POI006,종로·청계 관광특구,보통,28000,30000,37.5702856,126.9903626
2026-08-07 09:00,POI007,홍대 관광특구,여유,40000,42000,37.5574135,126.9238
2026-08-07 09:00,POI008,경복궁,여유,1000,1500,37.579754,126.9766818
2026-08-07 09:00,POI009,광화문·덕수궁,여유,28000,30000,37.5759194,126.9768
2026-08-07 09:00,POI010,보신각,약간 붐빔,9500,10000,37.5698518,126.9836102
2026-08-07 09:00,POI011,서울 암사동 유적,여유,300,400,37.5610203,127.1306288
2026-08-07 09:00,POI012,창덕궁·종묘,보통,9000,9500,37.5823872,126.9917013
2026-08-07 09:00,POI013,가산디지털단지역,약간 붐빔,32000,34000,37.480819,126.8816358
2026-08-07 09:00,POI014,강남역,여유,50000,52000,37.5002304,127.0268054
2026-08-07 09:00,POI015,건대입구역,여유,22000,24000,37.54088,127.06812
2026-08-07 09:00,POI016,고덕역,여유,1500,2000,37.5550721,127.1550065
2026-08-07 09:00,POI017,고속터미널역,여유,12000,14000,37.5050827,127.0049777
2026-08-07 09:00,POI018,교대역,여유,14000,16000,37.494178,127.015909
2026-08-07 09:00,POI019,구로디지털단지역,약간 붐빔,20000,22000,37.4853417,126.9068128
2026-08-07 09:00,POI020,구로역,약간 붐빔,3500,4000,37.5000903,126.8829924
2026-08-07 09:00,POI021,군자역,여유,5000,5500,37.558149,127.077839
2026-08-07 09:00,POI023,대림역,여유,16000,18000,37.4908703,126.8936859
2026-08-07 09:00,POI024,동대문역,보통,7500,8000,37.5718616,127.0114887
2026-08-07 09:00,POI025,뚝섬역,여유,7500,8000,37.5475031,127.0461973
2026-08-07 09:00,POI026,미아사거리역,여유,8000,8500,37.61175,127.03044
2026-08-07 09:00,POI055,홍대입구역(2호선),여유,10000,12000,37.5574135,126.9238
2026-08-07 09:00,POI088,광화문광장,여유,6500,7000,37.5759194,126.9768
2026-08-07 09:00,POI119,잠실역,여유,10000,12000,37.5127453,127.0973
2026-08-07 12:00,POI006,종로·청계 관광특구,보통,42000,44000,37.5702856,126.9903626
2026-08-07 12:00,POI007,홍대 관광특구,여유,68000,70000,37.5574135,126.9238
2026-08-07 12:00,POI008,경복궁,보통,1500,2000,37.579754,126.9766818
2026-08-07 12:00,POI009,광화문·덕수궁,약간 붐빔,42000,44000,37.5759194,126.9768
2026-08-07 12:00,POI010,보신각,보통,14000,16000,37.5698518,126.9836102
2026-08-07 12:00,POI011,서울 암사동 유적,여유,300,400,37.5610203,127.1306288
2026-08-07 12:00,POI012,창덕궁·종묘,보통,12000,14000,37.5823872,126.9917013
2026-08-07 12:00,POI013,가산디지털단지역,약간 붐빔,36000,38000,37.480819,126.8816358
2026-08-07 12:00,POI014,강남역,약간 붐빔,84000,86000,37.5002304,127.0268054
2026-08-07 12:00,POI015,건대입구역,여유,24000,26000,37.54088,127.06812
2026-08-07 12:00,POI016,고덕역,여유,4000,4500,37.5550721,127.1550065
2026-08-07 12:00,POI017,고속터미널역,약간 붐빔,28000,30000,37.5050827,127.0049777
2026-08-07 12:00,POI018,교대역,약간 붐빔,20000,22000,37.494178,127.015909
2026-08-07 12:00,POI019,구로디지털단지역,약간 붐빔,34000,36000,37.4853417,126.9068128
2026-08-07 12:00,POI020,구로역,여유,2000,2500,37.5000903,126.8829924
2026-08-07 12:00,POI021,군자역,여유,6500,7000,37.558149,127.077839
2026-08-07 12:00,POI023,대림역,여유,14000,16000,37.4908703,126.8936859
2026-08-07 12:00,POI024,동대문역,보통,9500,10000,37.5718616,127.0114887
2026-08-07 12:00,POI025,뚝섬역,보통,10000,12000,37.5475031,127.0461973
2026-08-07 12:00,POI026,미아사거리역,보통,10000,12000,37.61175,127.03044
2026-08-07 12:00,POI055,홍대입구역(2호선),보통,18000,20000,37.5574135,126.9238
2026-08-07 12:00,POI088,광화문광장,보통,7500,8000,37.5759194,126.9768
2026-08-07 12:00,POI119,잠실역,약간 붐빔,38000,40000,37.5127453,127.0973
2026-08-07 14:00,POI006,종로·청계 관광특구,보통,42000,44000,37.5702856,126.9903626
2026-08-07 14:00,POI007,홍대 관광특구,보통,78000,80000,37.5574135,126.9238
2026-08-07 14:00,POI008,경복궁,보통,1500,2000,37.579754,126.9766818
2026-08-07 14:00,POI009,광화문·덕수궁,보통,40000,42000,37.5759194,126.9768
2026-08-07 14:00,POI010,보신각,보통,18000,20000,37.5698518,126.9836102
2026-08-07 14:00,POI011,서울 암사동 유적,여유,300,400,37.5610203,127.1306288
2026-08-07 14:00,POI012,창덕궁·종묘,보통,12000,14000,37.5823872,126.9917013
2026-08-07 14:00,POI013,가산디지털단지역,약간 붐빔,32000,34000,37.480819,126.8816358
2026-08-07 14:00,POI014,강남역,약간 붐빔,84000,86000,37.5002304,127.0268054
2026-08-07 14:00,POI015,건대입구역,여유,26000,28000,37.54088,127.06812
2026-08-07 14:00,POI016,고덕역,보통,4500,5000,37.5550721,127.1550065
2026-08-07 14:00,POI017,고속터미널역,붐빔,30000,32000,37.5050827,127.0049777
2026-08-07 14:00,POI018,교대역,붐빔,20000,22000,37.494178,127.015909
2026-08-07 14:00,POI019,구로디지털단지역,약간 붐빔,32000,34000,37.4853417,126.9068128
2026-08-07 14:00,POI020,구로역,여유,2000,2500,37.5000903,126.8829924
2026-08-07 14:00,POI021,군자역,여유,6500,7000,37.558149,127.077839
2026-08-07 14:00,POI023,대림역,여유,14000,16000,37.4908703,126.8936859
2026-08-07 14:00,POI024,동대문역,붐빔,10000,12000,37.5718616,127.0114887
2026-08-07 14:00,POI025,뚝섬역,약간 붐빔,10000,12000,37.5475031,127.0461973
2026-08-07 14:00,POI026,미아사거리역,보통,10000,12000,37.61175,127.03044
2026-08-07 14:00,POI055,홍대입구역(2호선),약간 붐빔,20000,22000,37.5574135,126.9238
2026-08-07 14:00,POI088,광화문광장,보통,8000,8500,37.5759194,126.9768
2026-08-07 14:00,POI119,잠실역,약간 붐빔,42000,44000,37.5127453,127.0973
2026-08-07 16:00,POI006,종로·청계 관광특구,보통,40000,42000,37.5702856,126.9903626
2026-08-07 16:00,POI007,홍대 관광특구,보통,84000,86000,37.5574135,126.9238
2026-08-07 16:00,POI008,경복궁,보통,1500,2000,37.579754,126.9766818
2026-08-07 16:00,POI009,광화문·덕수궁,보통,38000,40000,37.5759194,126.9768
2026-08-07 16:00,POI010,보신각,보통,16000,18000,37.5698518,126.9836102
2026-08-07 16:00,POI011,서울 암사동 유적,여유,300,400,37.5610203,127.1306288
2026-08-07 16:00,POI012,창덕궁·종묘,보통,12000,14000,37.5823872,126.9917013
2026-08-07 16:00,POI013,가산디지털단지역,보통,32000,34000,37.480819,126.8816358
2026-08-07 16:00,POI014,강남역,약간 붐빔,82000,84000,37.5002304,127.0268054
2026-08-07 16:00,POI015,건대입구역,여유,26000,28000,37.54088,127.06812
2026-08-07 16:00,POI016,고덕역,약간 붐빔,5500,6000,37.5550721,127.1550065
2026-08-07 16:00,POI017,고속터미널역,붐빔,30000,32000,37.5050827,127.0049777
2026-08-07 16:00,POI018,교대역,약간 붐빔,20000,22000,37.494178,127.015909
2026-08-07 16:00,POI019,구로디지털단지역,약간 붐빔,30000,32000,37.4853417,126.9068128
2026-08-07 16:00,POI020,구로역,여유,3000,3500,37.5000903,126.8829924
2026-08-07 16:00,POI021,군자역,여유,7000,7500,37.558149,127.077839
2026-08-07 16:00,POI023,대림역,여유,14000,16000,37.4908703,126.8936859
2026-08-07 16:00,POI024,동대문역,보통,10000,12000,37.5718616,127.0114887
2026-08-07 16:00,POI025,뚝섬역,약간 붐빔,10000,12000,37.5475031,127.0461973
2026-08-07 16:00,POI026,미아사거리역,보통,12000,14000,37.61175,127.03044
2026-08-07 16:00,POI055,홍대입구역(2호선),약간 붐빔,22000,24000,37.5574135,126.9238
2026-08-07 16:00,POI088,광화문광장,보통,8000,8500,37.5759194,126.9768
2026-08-07 16:00,POI119,잠실역,약간 붐빔,46000,48000,37.5127453,127.0973
2026-08-07 18:00,POI006,종로·청계 관광특구,보통,36000,38000,37.5702856,126.9903626
2026-08-07 18:00,POI007,홍대 관광특구,보통,84000,86000,37.5574135,126.9238
2026-08-07 18:00,POI008,경복궁,보통,1000,1500,37.579754,126.9766818
2026-08-07 18:00,POI009,광화문·덕수궁,보통,36000,38000,37.5759194,126.9768
2026-08-07 18:00,POI010,보신각,보통,12000,14000,37.5698518,126.9836102
2026-08-07 18:00,POI011,서울 암사동 유적,여유,300,400,37.5610203,127.1306288
2026-08-07 18:00,POI012,창덕궁·종묘,보통,12000,14000,37.5823872,126.9917013
2026-08-07 18:00,POI013,가산디지털단지역,보통,34000,36000,37.480819,126.8816358
2026-08-07 18:00,POI014,강남역,약간 붐빔,78000,80000,37.5002304,127.0268054
2026-08-07 18:00,POI015,건대입구역,약간 붐빔,28000,30000,37.54088,127.06812
2026-08-07 18:00,POI016,고덕역,붐빔,5000,5500,37.5550721,127.1550065
2026-08-07 18:00,POI017,고속터미널역,붐빔,30000,32000,37.5050827,127.0049777
2026-08-07 18:00,POI018,교대역,보통,18000,20000,37.494178,127.015909
2026-08-07 18:00,POI019,구로디지털단지역,보통,28000,30000,37.4853417,126.9068128
2026-08-07 18:00,POI020,구로역,여유,3000,3500,37.5000903,126.8829924
2026-08-07 18:00,POI021,군자역,보통,7500,8000,37.558149,127.077839
2026-08-07 18:00,POI023,대림역,여유,14000,16000,37.4908703,126.8936859
2026-08-07 18:00,POI024,동대문역,약간 붐빔,8500,9000,37.5718616,127.0114887
2026-08-07 18:00,POI025,뚝섬역,보통,9500,10000,37.5475031,127.0461973
2026-08-07 18:00,POI026,미아사거리역,보통,10000,12000,37.61175,127.03044
2026-08-07 18:00,POI055,홍대입구역(2호선),약간 붐빔,22000,24000,37.5574135,126.9238
2026-08-07 18:00,POI088,광화문광장,보통,8000,8500,37.5759194,126.9768
2026-08-07 18:00,POI119,잠실역,약간 붐빔,42000,44000,37.5127453,127.0973
2026-08-07 20:00,POI006,종로·청계 관광특구,보통,28000,30000,37.5702856,126.9903626
2026-08-07 20:00,POI007,홍대 관광특구,보통,86000,88000,37.5574135,126.9238
2026-08-07 20:00,POI008,경복궁,여유,1000,1500,37.579754,126.9766818
2026-08-07 20:00,POI009,광화문·덕수궁,여유,22000,24000,37.5759194,126.9768
2026-08-07 20:00,POI010,보신각,보통,10000,12000,37.5698518,126.9836102
2026-08-07 20:00,POI011,서울 암사동 유적,여유,300,400,37.5610203,127.1306288
2026-08-07 20:00,POI012,창덕궁·종묘,보통,8000,8500,37.5823872,126.9917013
2026-08-07 20:00,POI013,가산디지털단지역,보통,18000,20000,37.480819,126.8816358
2026-08-07 20:00,POI014,강남역,약간 붐빔,72000,74000,37.5002304,127.0268054
2026-08-07 20:00,POI015,건대입구역,보통,30000,32000,37.54088,127.06812
2026-08-07 20:00,POI016,고덕역,약간 붐빔,5500,6000,37.5550721,127.1550065
2026-08-07 20:00,POI017,고속터미널역,약간 붐빔,26000,28000,37.5050827,127.0049777
2026-08-07 20:00,POI018,교대역,여유,14000,16000,37.494178,127.015909
2026-08-07 20:00,POI019,구로디지털단지역,보통,16000,18000,37.4853417,126.9068128
2026-08-07 20:00,POI020,구로역,여유,3000,3500,37.5000903,126.8829924
2026-08-07 20:00,POI021,군자역,약간 붐빔,9000,9500,37.558149,127.077839
2026-08-07 20:00,POI023,대림역,여유,16000,18000,37.4908703,126.8936859
2026-08-07 20:00,POI024,동대문역,보통,5500,6000,37.5718616,127.0114887
2026-08-07 20:00,POI025,뚝섬역,여유,9000,9500,37.5475031,127.0461973
2026-08-07 20:00,POI026,미아사거리역,여유,10000,12000,37.61175,127.03044
2026-08-07 20:00,POI055,홍대입구역(2호선),약간 붐빔,22000,24000,37.5574135,126.9238
2026-08-07 20:00,POI088,광화문광장,여유,5000,5500,37.5759194,126.9768
2026-08-07 20:00,POI119,잠실역,약간 붐빔,40000,42000,37.5127453,127.0973
2026-08-07 20:00,POI006,종로·청계 관광특구,보통,24000,26000,37.5702856,126.9903626
2026-08-07 20:00,POI007,홍대 관광특구,보통,80000,82000,37.5574135,126.9238
2026-08-07 20:00,POI008,경복궁,여유,900,1000,37.579754,126.9766818
2026-08-07 20:00,POI009,광화문·덕수궁,여유,18000,20000,37.5759194,126.9768
2026-08-07 20:00,POI010,보신각,보통,10000,12000,37.5698518,126.9836102
2026-08-07 20:00,POI011,서울 암사동 유적,여유,300,400,37.5610203,127.1306288
2026-08-07 20:00,POI012,창덕궁·종묘,여유,7000,7500,37.5823872,126.9917013
2026-08-07 20:00,POI013,가산디지털단지역,여유,14000,16000,37.480819,126.8816358
2026-08-07 20:00,POI014,강남역,보통,66000,68000,37.5002304,127.0268054
2026-08-07 20:00,POI015,건대입구역,보통,28000,30000,37.54088,127.06812
2026-08-07 20:00,POI016,고덕역,보통,4500,5000,37.5550721,127.1550065
2026-08-07 20:00,POI017,고속터미널역,보통,20000,22000,37.5050827,127.0049777
2026-08-07 20:00,POI018,교대역,여유,14000,16000,37.494178,127.015909
2026-08-07 20:00,POI019,구로디지털단지역,여유,14000,16000,37.4853417,126.9068128
2026-08-07 20:00,POI020,구로역,여유,1500,2000,37.5000903,126.8829924
2026-08-07 20:00,POI021,군자역,붐빔,9000,9500,37.558149,127.077839
2026-08-07 20:00,POI023,대림역,여유,16000,18000,37.4908703,126.8936859
2026-08-07 20:00,POI024,동대문역,여유,4000,4500,37.5718616,127.0114887
2026-08-07 20:00,POI025,뚝섬역,여유,8000,8500,37.5475031,127.0461973
2026-08-07 20:00,POI026,미아사거리역,여유,9500,10000,37.61175,127.03044
2026-08-07 20:00,POI055,홍대입구역(2호선),약간 붐빔,20000,22000,37.5574135,126.9238
2026-08-07 20:00,POI088,광화문광장,여유,4000,4500,37.5759194,126.9768
2026-08-07 20:00,POI119,잠실역,보통,34000,36000,37.5127453,127.0973
2026-08-07 22:00,POI006,종로·청계 관광특구,여유,20000,22000,37.5702856,126.9903626
2026-08-07 22:00,POI007,홍대 관광특구,여유,70000,72000,37.5574135,126.9238
2026-08-07 22:00,POI008,경복궁,여유,600,700,37.579754,126.9766818
2026-08-07 22:00,POI009,광화문·덕수궁,여유,12000,14000,37.5759194,126.9768
2026-08-07 22:00,POI010,보신각,여유,7000,7500,37.5698518,126.9836102
2026-08-07 22:00,POI011,서울 암사동 유적,여유,200,300,37.5610203,127.1306288
2026-08-07 22:00,POI012,창덕궁·종묘,여유,6000,6500,37.5823872,126.9917013
2026-08-07 22:00,POI013,가산디지털단지역,여유,10000,12000,37.480819,126.8816358
2026-08-07 22:00,POI014,강남역,보통,54000,56000,37.5002304,127.0268054
2026-08-07 22:00,POI015,건대입구역,보통,28000,30000,37.54088,127.06812
2026-08-07 22:00,POI016,고덕역,여유,3500,4000,37.5550721,127.1550065
2026-08-07 22:00,POI017,고속터미널역,여유,9000,9500,37.5050827,127.0049777
2026-08-07 22:00,POI018,교대역,여유,12000,14000,37.494178,127.015909
2026-08-07 22:00,POI019,구로디지털단지역,여유,10000,12000,37.4853417,126.9068128
2026-08-07 22:00,POI020,구로역,여유,1500,2000,37.5000903,126.8829924
2026-08-07 22:00,POI021,군자역,보통,8000,8500,37.558149,127.077839
2026-08-07 22:00,POI023,대림역,보통,16000,18000,37.4908703,126.8936859
2026-08-07 22:00,POI024,동대문역,여유,3500,4000,37.5718616,127.0114887
2026-08-07 22:00,POI025,뚝섬역,여유,6500,7000,37.5475031,127.0461973
2026-08-07 22:00,POI026,미아사거리역,여유,8500,9000,37.61175,127.03044
2026-08-07 22:00,POI055,홍대입구역(2호선),보통,16000,18000,37.5574135,126.9238
2026-08-07 22:00,POI088,광화문광장,여유,3000,3500,37.5759194,126.9768
2026-08-07 22:00,POI119,잠실역,여유,20000,22000,37.5127453,127.0973
2026-08-08 00:00,POI006,종로·청계 관광특구,여유,14000,16000,37.5702856,126.9903626
2026-08-08 00:00,POI007,홍대 관광특구,여유,50000,52000,37.5574135,126.9238
2026-08-08 00:00,POI008,경복궁,여유,400,500,37.579754,126.9766818
2026-08-08 00:00,POI009,광화문·덕수궁,여유,5500,6000,37.5759194,126.9768
2026-08-08 00:00,POI010,보신각,여유,3500,4000,37.5698518,126.9836102
2026-08-08 00:00,POI011,서울 암사동 유적,여유,300,400,37.5610203,127.1306288
2026-08-08 00:00,POI012,창덕궁·종묘,여유,4000,4500,37.5823872,126.9917013
2026-08-08 00:00,POI013,가산디지털단지역,여유,7500,8000,37.480819,126.8816358
2026-08-08 00:00,POI014,강남역,여유,34000,36000,37.5002304,127.0268054
2026-08-08 00:00,POI015,건대입구역,여유,24000,26000,37.54088,127.06812
2026-08-08 00:00,POI016,고덕역,여유,1500,2000,37.5550721,127.1550065
2026-08-08 00:00,POI017,고속터미널역,여유,4000,4500,37.5050827,127.0049777
2026-08-08 00:00,POI018,교대역,여유,9500,10000,37.494178,127.015909
2026-08-08 00:00,POI019,구로디지털단지역,여유,7500,8000,37.4853417,126.9068128
2026-08-08 00:00,POI020,구로역,여유,1000,1500,37.5000903,126.8829924
2026-08-08 00:00,POI021,군자역,여유,5500,6000,37.558149,127.077839
2026-08-08 00:00,POI023,대림역,보통,16000,18000,37.4908703,126.8936859
2026-08-08 00:00,POI024,동대문역,여유,2500,3000,37.5718616,127.0114887
2026-08-08 00:00,POI025,뚝섬역,여유,5000,5500,37.5475031,127.0461973
2026-08-08 00:00,POI026,미아사거리역,여유,6000,6500,37.61175,127.03044
2026-08-08 00:00,POI055,홍대입구역(2호선),여유,10000,12000,37.5574135,126.9238
2026-08-08 00:00,POI088,광화문광장,여유,1000,1500,37.5759194,126.9768
2026-08-08 00:00,POI119,잠실역,여유,8000,8500,37.5127453,127.0973
2026-08-08 01:00,POI006,종로·청계 관광특구,여유,10000,12000,37.5702856,126.9903626
2026-08-08 01:00,POI007,홍대 관광특구,여유,44000,46000,37.5574135,126.9238
2026-08-08 01:00,POI008,경복궁,여유,300,400,37.579754,126.9766818
2026-08-08 01:00,POI009,광화문·덕수궁,여유,3500,4000,37.5759194,126.9768
2026-08-08 01:00,POI010,보신각,여유,3000,3500,37.5698518,126.9836102
2026-08-08 01:00,POI011,서울 암사동 유적,여유,300,400,37.5610203,127.1306288
2026-08-08 01:00,POI012,창덕궁·종묘,여유,3500,4000,37.5823872,126.9917013
2026-08-08 01:00,POI013,가산디지털단지역,여유,6000,6500,37.480819,126.8816358
2026-08-08 01:00,POI014,강남역,여유,28000,30000,37.5002304,127.0268054
2026-08-08 01:00,POI015,건대입구역,여유,18000,20000,37.54088,127.06812
2026-08-08 01:00,POI016,고덕역,여유,1500,2000,37.5550721,127.1550065
2026-08-08 01:00,POI017,고속터미널역,여유,2000,2500,37.5050827,127.0049777
2026-08-08 01:00,POI018,교대역,여유,7000,7500,37.494178,127.015909
2026-08-08 01:00,POI019,구로디지털단지역,여유,6500,7000,37.4853417,126.9068128
2026-08-08 01:00,POI020,구로역,여유,900,1000,37.5000903,126.8829924
2026-08-08 01:00,POI021,군자역,여유,4500,5000,37.558149,127.077839
2026-08-08 01:00,POI023,대림역,보통,16000,18000,37.4908703,126.8936859
2026-08-08 01:00,POI024,동대문역,여유,1500,2000,37.5718616,127.0114887
2026-08-08 01:00,POI025,뚝섬역,여유,4000,4500,37.5475031,127.0461973
2026-08-08 01:00,POI026,미아사거리역,여유,4500,5000,37.61175,127.03044
2026-08-08 01:00,POI055,홍대입구역(2호선),여유,8500,9000,37.5574135,126.9238
2026-08-08 01:00,POI088,광화문광장,여유,800,900,37.5759194,126.9768
2026-08-08 01:00,POI119,잠실역,여유,6500,7000,37.5127453,127.0973
2026-08-08 02:00,POI006,종로·청계 관광특구,여유,10000,12000,37.5702856,126.9903626
2026-08-08 02:00,POI007,홍대 관광특구,여유,40000,42000,37.5574135,126.9238
2026-08-08 02:00,POI008,경복궁,여유,300,400,37.579754,126.9766818
2026-08-08 02:00,POI009,광화문·덕수궁,여유,3000,3500,37.5759194,126.9768
2026-08-08 02:00,POI010,보신각,여유,2000,2500,37.5698518,126.9836102
2026-08-08 02:00,POI011,서울 암사동 유적,여유,300,400,37.5610203,127.1306288
2026-08-08 02:00,POI012,창덕궁·종묘,여유,3500,4000,37.5823872,126.9917013
2026-08-08 02:00,POI013,가산디지털단지역,여유,5500,6000,37.480819,126.8816358
2026-08-08 02:00,POI014,강남역,여유,24000,26000,37.5002304,127.0268054
2026-08-08 02:00,POI015,건대입구역,여유,18000,20000,37.54088,127.06812
2026-08-08 02:00,POI016,고덕역,여유,1000,1500,37.5550721,127.1550065
2026-08-08 02:00,POI017,고속터미널역,여유,1500,2000,37.5050827,127.0049777
2026-08-08 02:00,POI018,교대역,여유,6500,7000,37.494178,127.015909
2026-08-08 02:00,POI019,구로디지털단지역,여유,5500,6000,37.4853417,126.9068128
2026-08-08 02:00,POI020,구로역,여유,800,900,37.5000903,126.8829924
2026-08-08 02:00,POI021,군자역,여유,4000,4500,37.558149,127.077839
2026-08-08 02:00,POI023,대림역,보통,16000,18000,37.4908703,126.8936859
2026-08-08 02:00,POI024,동대문역,여유,1500,2000,37.5718616,127.0114887
2026-08-08 02:00,POI025,뚝섬역,여유,4000,4500,37.5475031,127.0461973
2026-08-08 02:00,POI026,미아사거리역,여유,4000,4500,37.61175,127.03044
2026-08-08 02:00,POI055,홍대입구역(2호선),여유,7500,8000,37.5574135,126.9238
2026-08-08 02:00,POI088,광화문광장,여유,700,800,37.5759194,126.9768
2026-08-08 02:00,POI119,잠실역,여유,4500,5000,37.5127453,127.0973
2026-08-08 02:00,POI006,종로·청계 관광특구,여유,9000,9500,37.5702856,126.9903626
2026-08-08 02:00,POI007,홍대 관광특구,여유,38000,40000,37.5574135,126.9238
2026-08-08 02:00,POI008,경복궁,여유,100,200,37.579754,126.9766818
2026-08-08 02:00,POI009,광화문·덕수궁,여유,2500,3000,37.5759194,126.9768
2026-08-08 02:00,POI010,보신각,여유,2000,2500,37.5698518,126.9836102
2026-08-08 02:00,POI011,서울 암사동 유적,여유,300,400,37.5610203,127.1306288
2026-08-08 02:00,POI012,창덕궁·종묘,여유,3000,3500,37.5823872,126.9917013
2026-08-08 02:00,POI013,가산디지털단지역,여유,5000,5500,37.480819,126.8816358
2026-08-08 02:00,POI014,강남역,여유,20000,22000,37.5002304,127.0268054
2026-08-08 02:00,POI015,건대입구역,여유,14000,16000,37.54088,127.06812
2026-08-08 02:00,POI016,고덕역,여유,1000,1500,37.5550721,127.1550065
2026-08-08 02:00,POI017,고속터미널역,여유,1500,2000,37.5050827,127.0049777
2026-08-08 02:00,POI018,교대역,여유,3500,4000,37.494178,127.015909
2026-08-08 02:00,POI019,구로디지털단지역,여유,5000,5500,37.4853417,126.9068128
2026-08-08 02:00,POI020,구로역,여유,700,800,37.5000903,126.8829924
2026-08-08 02:00,POI021,군자역,여유,3500,4000,37.558149,127.077839
2026-08-08 02:00,POI023,대림역,보통,16000,18000,37.4908703,126.8936859
2026-08-08 02:00,POI024,동대문역,여유,1000,1500,37.5718616,127.0114887
2026-08-08 02:00,POI025,뚝섬역,여유,3500,4000,37.5475031,127.0461973
2026-08-08 02:00,POI026,미아사거리역,여유,3500,4000,37.61175,127.03044
2026-08-08 02:00,POI055,홍대입구역(2호선),여유,10000,12000,37.5574135,126.9238
2026-08-08 02:00,POI088,광화문광장,여유,500,600,37.5759194,126.9768
2026-08-08 02:00,POI119,잠실역,여유,3000,3500,37.5127453,127.0973
2026-08-08 04:00,POI006,종로·청계 관광특구,여유,8000,8500,37.5702856,126.9903626
2026-08-08 04:00,POI007,홍대 관광특구,여유,36000,38000,37.5574135,126.9238
2026-08-08 04:00,POI008,경복궁,여유,100,200,37.579754,126.9766818
2026-08-08 04:00,POI009,광화문·덕수궁,여유,2500,3000,37.5759194,126.9768
2026-08-08 04:00,POI010,보신각,여유,1500,2000,37.5698518,126.9836102
2026-08-08 04:00,POI011,서울 암사동 유적,여유,300,400,37.5610203,127.1306288
2026-08-08 04:00,POI012,창덕궁·종묘,여유,3000,3500,37.5823872,126.9917013
2026-08-08 04:00,POI013,가산디지털단지역,여유,5000,5500,37.480819,126.8816358
2026-08-08 04:00,POI014,강남역,여유,20000,22000,37.5002304,127.0268054
2026-08-08 04:00,POI015,건대입구역,여유,14000,16000,37.54088,127.06812
2026-08-08 04:00,POI016,고덕역,여유,1000,1500,37.5550721,127.1550065
2026-08-08 04:00,POI017,고속터미널역,여유,1000,1500,37.5050827,127.0049777
2026-08-08 04:00,POI018,교대역,여유,3500,4000,37.494178,127.015909
2026-08-08 04:00,POI019,구로디지털단지역,여유,4500,5000,37.4853417,126.9068128
2026-08-08 04:00,POI020,구로역,여유,700,800,37.5000903,126.8829924
2026-08-08 04:00,POI021,군자역,여유,3500,4000,37.558149,127.077839
2026-08-08 04:00,POI023,대림역,보통,16000,18000,37.4908703,126.8936859
2026-08-08 04:00,POI024,동대문역,여유,1000,1500,37.5718616,127.0114887
2026-08-08 04:00,POI025,뚝섬역,여유,3500,4000,37.5475031,127.0461973
2026-08-08 04:00,POI026,미아사거리역,여유,3000,3500,37.61175,127.03044
2026-08-08 04:00,POI055,홍대입구역(2호선),여유,10000,12000,37.5574135,126.9238
2026-08-08 04:00,POI088,광화문광장,여유,500,600,37.5759194,126.9768
2026-08-08 04:00,POI119,잠실역,여유,2500,3000,37.5127453,127.0973
2026-08-08 05:00,POI006,종로·청계 관광특구,여유,8000,8500,37.5702856,126.9903626
2026-08-08 05:00,POI007,홍대 관광특구,여유,34000,36000,37.5574135,126.9238
2026-08-08 05:00,POI008,경복궁,여유,100,200,37.579754,126.9766818
2026-08-08 05:00,POI009,광화문·덕수궁,여유,3000,3500,37.5759194,126.9768
2026-08-08 05:00,POI010,보신각,여유,1000,1500,37.5698518,126.9836102
2026-08-08 05:00,POI011,서울 암사동 유적,여유,300,400,37.5610203,127.1306288
2026-08-08 05:00,POI012,창덕궁·종묘,여유,3000,3500,37.5823872,126.9917013
2026-08-08 05:00,POI013,가산디지털단지역,여유,5500,6000,37.480819,126.8816358
2026-08-08 05:00,POI014,강남역,여유,18000,20000,37.5002304,127.0268054
2026-08-08 05:00,POI015,건대입구역,여유,12000,14000,37.54088,127.06812
2026-08-08 05:00,POI016,고덕역,여유,1000,1500,37.5550721,127.1550065
2026-08-08 05:00,POI017,고속터미널역,여유,1500,2000,37.5050827,127.0049777
2026-08-08 05:00,POI018,교대역,여유,3500,4000,37.494178,127.015909
2026-08-08 05:00,POI019,구로디지털단지역,여유,4500,5000,37.4853417,126.9068128
2026-08-08 05:00,POI020,구로역,여유,800,900,37.5000903,126.8829924
2026-08-08 05:00,POI021,군자역,여유,3500,4000,37.558149,127.077839
2026-08-08 05:00,POI023,대림역,보통,16000,18000,37.4908703,126.8936859
2026-08-08 05:00,POI024,동대문역,여유,1000,1500,37.5718616,127.0114887
2026-08-08 05:00,POI025,뚝섬역,여유,3500,4000,37.5475031,127.0461973
2026-08-08 05:00,POI026,미아사거리역,여유,3000,3500,37.61175,127.03044
2026-08-08 05:00,POI055,홍대입구역(2호선),여유,9500,10000,37.5574135,126.9238
2026-08-08 05:00,POI088,광화문광장,여유,500,600,37.5759194,126.9768
2026-08-08 05:00,POI119,잠실역,여유,2500,3000,37.5127453,127.0973
2026-08-08 06:00,POI006,종로·청계 관광특구,여유,9000,9500,37.5702856,126.9903626
2026-08-08 06:00,POI007,홍대 관광특구,여유,32000,34000,37.5574135,126.9238
2026-08-08 06:00,POI008,경복궁,여유,200,300,37.579754,126.9766818
2026-08-08 06:00,POI009,광화문·덕수궁,여유,4500,5000,37.5759194,126.9768
2026-08-08 06:00,POI010,보신각,여유,1500,2000,37.5698518,126.9836102
2026-08-08 06:00,POI011,서울 암사동 유적,여유,300,400,37.5610203,127.1306288
2026-08-08 06:00,POI012,창덕궁·종묘,여유,3500,4000,37.5823872,126.9917013
2026-08-08 06:00,POI013,가산디지털단지역,여유,6000,6500,37.480819,126.8816358
2026-08-08 06:00,POI014,강남역,여유,18000,20000,37.5002304,127.0268054
2026-08-08 06:00,POI015,건대입구역,여유,14000,16000,37.54088,127.06812
2026-08-08 06:00,POI016,고덕역,여유,1000,1500,37.5550721,127.1550065
2026-08-08 06:00,POI017,고속터미널역,여유,3000,3500,37.5050827,127.0049777
2026-08-08 06:00,POI018,교대역,여유,4000,4500,37.494178,127.015909
2026-08-08 06:00,POI019,구로디지털단지역,여유,4500,5000,37.4853417,126.9068128
2026-08-08 06:00,POI020,구로역,여유,1000,1500,37.5000903,126.8829924
2026-08-08 06:00,POI021,군자역,여유,3500,4000,37.558149,127.077839
2026-08-08 06:00,POI023,대림역,여유,16000,18000,37.4908703,126.8936859
2026-08-08 06:00,POI024,동대문역,여유,1500,2000,37.5718616,127.0114887
2026-08-08 06:00,POI025,뚝섬역,여유,4000,4500,37.5475031,127.0461973
2026-08-08 06:00,POI026,미아사거리역,여유,3500,4000,37.61175,127.03044
2026-08-08 06:00,POI055,홍대입구역(2호선),여유,9500,10000,37.5574135,126.9238
2026-08-08 06:00,POI088,광화문광장,여유,900,1000,37.5759194,126.9768
2026-08-08 06:00,POI119,잠실역,여유,3000,3500,37.5127453,127.0973
2026-08-08 07:00,POI006,종로·청계 관광특구,여유,12000,14000,37.5702856,126.9903626
2026-08-08 07:00,POI007,홍대 관광특구,여유,32000,34000,37.5574135,126.9238
2026-08-08 07:00,POI008,경복궁,여유,500,600,37.579754,126.9766818
2026-08-08 07:00,POI009,광화문·덕수궁,여유,8000,8500,37.5759194,126.9768
2026-08-08 07:00,POI010,보신각,여유,3000,3500,37.5698518,126.9836102
2026-08-08 07:00,POI011,서울 암사동 유적,여유,300,400,37.5610203,127.1306288
2026-08-08 07:00,POI012,창덕궁·종묘,여유,4000,4500,37.5823872,126.9917013
2026-08-08 07:00,POI013,가산디지털단지역,여유,6500,7000,37.480819,126.8816358
2026-08-08 07:00,POI014,강남역,여유,24000,26000,37.5002304,127.0268054
2026-08-08 07:00,POI015,건대입구역,여유,16000,18000,37.54088,127.06812
2026-08-08 07:00,POI016,고덕역,여유,1500,2000,37.5550721,127.1550065
2026-08-08 07:00,POI017,고속터미널역,여유,4000,4500,37.5050827,127.0049777
2026-08-08 07:00,POI018,교대역,여유,9500,10000,37.494178,127.015909
2026-08-08 07:00,POI019,구로디지털단지역,여유,4500,5000,37.4853417,126.9068128
2026-08-08 07:00,POI020,구로역,여유,1000,1500,37.5000903,126.8829924
2026-08-08 07:00,POI021,군자역,여유,3500,4000,37.558149,127.077839
2026-08-08 07:00,POI023,대림역,보통,16000,18000,37.4908703,126.8936859
2026-08-08 07:00,POI024,동대문역,여유,2000,2500,37.5718616,127.0114887
2026-08-08 07:00,POI025,뚝섬역,여유,5000,5500,37.5475031,127.0461973
2026-08-08 07:00,POI026,미아사거리역,여유,4000,4500,37.61175,127.03044
2026-08-08 07:00,POI055,홍대입구역(2호선),여유,7500,8000,37.5574135,126.9238
2026-08-08 07:00,POI088,광화문광장,여유,1500,2000,37.5759194,126.9768
2026-08-08 07:00,POI119,잠실역,여유,4500,5000,37.5127453,127.0973
2026-08-08 08:00,POI006,종로·청계 관광특구,여유,16000,18000,37.5702856,126.9903626
2026-08-08 08:00,POI007,홍대 관광특구,여유,34000,36000,37.5574135,126.9238
2026-08-08 08:00,POI008,경복궁,여유,700,800,37.579754,126.9766818
2026-08-08 08:00,POI009,광화문·덕수궁,여유,12000,14000,37.5759194,126.9768
2026-08-08 08:00,POI010,보신각,여유,5500,6000,37.5698518,126.9836102
2026-08-08 08:00,POI011,서울 암사동 유적,여유,300,400,37.5610203,127.1306288
2026-08-08 08:00,POI012,창덕궁·종묘,여유,5000,5500,37.5823872,126.9917013
2026-08-08 08:00,POI013,가산디지털단지역,여유,8000,8500,37.480819,126.8816358
2026-08-08 08:00,POI014,강남역,여유,32000,34000,37.5002304,127.0268054
2026-08-08 08:00,POI015,건대입구역,여유,18000,20000,37.54088,127.06812
2026-08-08 08:00,POI016,고덕역,여유,1500,2000,37.5550721,127.1550065
2026-08-08 08:00,POI017,고속터미널역,여유,6500,7000,37.5050827,127.0049777
2026-08-08 08:00,POI018,교대역,여유,10000,12000,37.494178,127.015909
2026-08-08 08:00,POI019,구로디지털단지역,여유,5500,6000,37.4853417,126.9068128
2026-08-08 08:00,POI020,구로역,여유,1000,1500,37.5000903,126.8829924
2026-08-08 08:00,POI021,군자역,여유,4000,4500,37.558149,127.077839
2026-08-08 08:00,POI023,대림역,보통,16000,18000,37.4908703,126.8936859
2026-08-08 08:00,POI024,동대문역,여유,2500,3000,37.5718616,127.0114887
2026-08-08 08:00,POI025,뚝섬역,여유,5500,6000,37.5475031,127.0461973
2026-08-08 08:00,POI026,미아사거리역,여유,5000,5500,37.61175,127.03044
2026-08-08 08:00,POI055,홍대입구역(2호선),여유,8000,8500,37.5574135,126.9238
2026-08-08 08:00,POI088,광화문광장,여유,2500,3000,37.5759194,126.9768
2026-08-08 08:00,POI119,잠실역,여유,7000,7500,37.5127453,127.0973
2026-08-08 11:00,POI006,종로·청계 관광특구,보통,28000,30000,37.5702856,126.9903626
2026-08-08 11:00,POI007,홍대 관광특구,여유,50000,52000,37.5574135,126.9238
2026-08-08 11:00,POI008,경복궁,여유,1000,1500,37.579754,126.9766818
2026-08-08 11:00,POI009,광화문·덕수궁,여유,26000,28000,37.5759194,126.9768
2026-08-08 11:00,POI010,보신각,보통,12000,14000,37.5698518,126.9836102
2026-08-08 11:00,POI011,서울 암사동 유적,여유,300,400,37.5610203,127.1306288
2026-08-08 11:00,POI012,창덕궁·종묘,여유,8000,8500,37.5823872,126.9917013
2026-08-08 11:00,POI013,가산디지털단지역,여유,12000,14000,37.480819,126.8816358
2026-08-08 11:00,POI014,강남역,약간 붐빔,60000,62000,37.5002304,127.0268054
2026-08-08 11:00,POI015,건대입구역,여유,20000,22000,37.54088,127.06812
2026-08-08 11:00,POI016,고덕역,여유,4000,4500,37.5550721,127.1550065
2026-08-08 11:00,POI017,고속터미널역,보통,18000,20000,37.5050827,127.0049777
2026-08-08 11:00,POI018,교대역,여유,14000,16000,37.494178,127.015909
2026-08-08 11:00,POI019,구로디지털단지역,여유,8500,9000,37.4853417,126.9068128
2026-08-08 11:00,POI020,구로역,여유,2000,2500,37.5000903,126.8829924
2026-08-08 11:00,POI021,군자역,여유,5500,6000,37.558149,127.077839
2026-08-08 11:00,POI023,대림역,여유,14000,16000,37.4908703,126.8936859
2026-08-08 11:00,POI024,동대문역,여유,5500,6000,37.5718616,127.0114887
2026-08-08 11:00,POI025,뚝섬역,여유,8000,8500,37.5475031,127.0461973
2026-08-08 11:00,POI026,미아사거리역,보통,10000,12000,37.61175,127.03044
2026-08-08 11:00,POI055,홍대입구역(2호선),여유,12000,14000,37.5574135,126.9238
2026-08-08 11:00,POI088,광화문광장,보통,5500,6000,37.5759194,126.9768
2026-08-08 11:00,POI119,잠실역,여유,24000,26000,37.5127453,127.0973
2026-08-08 13:00,POI006,종로·청계 관광특구,약간 붐빔,34000,36000,37.5702856,126.9903626
2026-08-08 13:00,POI007,홍대 관광특구,여유,72000,74000,37.5574135,126.9238
2026-08-08 13:00,POI008,경복궁,보통,1500,2000,37.579754,126.9766818
2026-08-08 13:00,POI009,광화문·덕수궁,보통,34000,36000,37.5759194,126.9768
2026-08-08 13:00,POI010,보신각,약간 붐빔,14000,16000,37.5698518,126.9836102
2026-08-08 13:00,POI011,서울 암사동 유적,여유,300,400,37.5610203,127.1306288
2026-08-08 13:00,POI012,창덕궁·종묘,여유,9500,10000,37.5823872,126.9917013
2026-08-08 13:00,POI013,가산디지털단지역,약간 붐빔,14000,16000,37.480819,126.8816358
2026-08-08 13:00,POI014,강남역,붐빔,72000,74000,37.5002304,127.0268054
2026-08-08 13:00,POI015,건대입구역,여유,26000,28000,37.54088,127.06812
2026-08-08 13:00,POI016,고덕역,보통,5000,5500,37.5550721,127.1550065
2026-08-08 13:00,POI017,고속터미널역,붐빔,32000,34000,37.5050827,127.0049777
2026-08-08 13:00,POI018,교대역,보통,18000,20000,37.494178,127.015909
2026-08-08 13:00,POI019,구로디지털단지역,보통,10000,12000,37.4853417,126.9068128
2026-08-08 13:00,POI020,구로역,여유,2500,3000,37.5000903,126.8829924
2026-08-08 13:00,POI021,군자역,여유,6000,6500,37.558149,127.077839
2026-08-08 13:00,POI023,대림역,여유,14000,16000,37.4908703,126.8936859
2026-08-08 13:00,POI024,동대문역,보통,7500,8000,37.5718616,127.0114887
2026-08-08 13:00,POI025,뚝섬역,보통,10000,12000,37.5475031,127.0461973
2026-08-08 13:00,POI026,미아사거리역,약간 붐빔,12000,14000,37.61175,127.03044
2026-08-08 13:00,POI055,홍대입구역(2호선),보통,18000,20000,37.5574135,126.9238
2026-08-08 13:00,POI088,광화문광장,보통,6500,7000,37.5759194,126.9768
2026-08-08 13:00,POI119,잠실역,약간 붐빔,44000,46000,37.5127453,127.0973
2026-08-08 14:00,POI006,종로·청계 관광특구,약간 붐빔,36000,38000,37.5702856,126.9903626
2026-08-08 14:00,POI007,홍대 관광특구,보통,82000,84000,37.5574135,126.9238
2026-08-08 14:00,POI008,경복궁,보통,1500,2000,37.579754,126.9766818
2026-08-08 14:00,POI009,광화문·덕수궁,보통,34000,36000,37.5759194,126.9768
2026-08-08 14:00,POI010,보신각,약간 붐빔,16000,18000,37.5698518,126.9836102
2026-08-08 14:00,POI011,서울 암사동 유적,여유,200,300,37.5610203,127.1306288
2026-08-08 14:00,POI012,창덕궁·종묘,여유,10000,12000,37.5823872,126.9917013
2026-08-08 14:00,POI013,가산디지털단지역,약간 붐빔,14000,16000,37.480819,126.8816358
2026-08-08 14:00,POI014,강남역,붐빔,76000,78000,37.5002304,127.0268054
2026-08-08 14:00,POI015,건대입구역,약간 붐빔,28000,30000,37.54088,127.06812
2026-08-08 14:00,POI016,고덕역,보통,5000,5500,37.5550721,127.1550065
2026-08-08 14:00,POI017,고속터미널역,붐빔,36000,38000,37.5050827,127.0049777
2026-08-08 14:00,POI018,교대역,보통,18000,20000,37.494178,127.015909
2026-08-08 14:00,POI019,구로디지털단지역,약간 붐빔,10000,12000,37.4853417,126.9068128
2026-08-08 14:00,POI020,구로역,여유,2000,2500,37.5000903,126.8829924
2026-08-08 14:00,POI021,군자역,여유,6500,7000,37.558149,127.077839
2026-08-08 14:00,POI023,대림역,여유,14000,16000,37.4908703,126.8936859
2026-08-08 14:00,POI024,동대문역,약간 붐빔,9000,9500,37.5718616,127.0114887
2026-08-08 14:00,POI025,뚝섬역,보통,10000,12000,37.5475031,127.0461973
2026-08-08 14:00,POI026,미아사거리역,약간 붐빔,12000,14000,37.61175,127.03044
2026-08-08 14:00,POI055,홍대입구역(2호선),약간 붐빔,22000,24000,37.5574135,126.9238
2026-08-08 14:00,POI088,광화문광장,약간 붐빔,7500,8000,37.5759194,126.9768
2026-08-08 14:00,POI119,잠실역,붐빔,56000,58000,37.5127453,127.0973
2026-08-08 16:00,POI006,종로·청계 관광특구,약간 붐빔,36000,38000,37.5702856,126.9903626
2026-08-08 16:00,POI007,홍대 관광특구,보통,88000,90000,37.5574135,126.9238
2026-08-08 16:00,POI008,경복궁,보통,1500,2000,37.579754,126.9766818
2026-08-08 16:00,POI009,광화문·덕수궁,보통,34000,36000,37.5759194,126.9768
2026-08-08 16:00,POI010,보신각,약간 붐빔,16000,18000,37.5698518,126.9836102
2026-08-08 16:00,POI011,서울 암사동 유적,여유,300,400,37.5610203,127.1306288
2026-08-08 16:00,POI012,창덕궁·종묘,보통,10000,12000,37.5823872,126.9917013
2026-08-08 16:00,POI013,가산디지털단지역,약간 붐빔,14000,16000,37.480819,126.8816358
2026-08-08 16:00,POI014,강남역,붐빔,74000,76000,37.5002304,127.0268054
2026-08-08 16:00,POI015,건대입구역,약간 붐빔,28000,30000,37.54088,127.06812
2026-08-08 16:00,POI016,고덕역,보통,5000,5500,37.5550721,127.1550065
2026-08-08 16:00,POI017,고속터미널역,붐빔,36000,38000,37.5050827,127.0049777
2026-08-08 16:00,POI018,교대역,보통,16000,18000,37.494178,127.015909
2026-08-08 16:00,POI019,구로디지털단지역,보통,10000,12000,37.4853417,126.9068128
2026-08-08 16:00,POI020,구로역,보통,3000,3500,37.5000903,126.8829924
2026-08-08 16:00,POI021,군자역,여유,6500,7000,37.558149,127.077839
2026-08-08 16:00,POI023,대림역,여유,14000,16000,37.4908703,126.8936859
2026-08-08 16:00,POI024,동대문역,보통,8500,9000,37.5718616,127.0114887
2026-08-08 16:00,POI025,뚝섬역,보통,10000,12000,37.5475031,127.0461973
2026-08-08 16:00,POI026,미아사거리역,보통,12000,14000,37.61175,127.03044
2026-08-08 16:00,POI055,홍대입구역(2호선),약간 붐빔,22000,24000,37.5574135,126.9238
2026-08-08 16:00,POI088,광화문광장,약간 붐빔,7000,7500,37.5759194,126.9768
2026-08-08 16:00,POI119,잠실역,붐빔,62000,64000,37.5127453,127.0973
2026-08-08 17:00,POI006,종로·청계 관광특구,보통,34000,36000,37.5702856,126.9903626
2026-08-08 17:00,POI007,홍대 관광특구,보통,90000,92000,37.5574135,126.9238
2026-08-08 17:00,POI008,경복궁,보통,1500,2000,37.579754,126.9766818
2026-08-08 17:00,POI009,광화문·덕수궁,여유,30000,32000,37.5759194,126.9768
2026-08-08 17:00,POI010,보신각,약간 붐빔,14000,16000,37.5698518,126.9836102
2026-08-08 17:00,POI011,서울 암사동 유적,여유,300,400,37.5610203,127.1306288
2026-08-08 17:00,POI012,창덕궁·종묘,여유,9500,10000,37.5823872,126.9917013
2026-08-08 17:00,POI013,가산디지털단지역,약간 붐빔,14000,16000,37.480819,126.8816358
2026-08-08 17:00,POI014,강남역,붐빔,72000,74000,37.5002304,127.0268054
2026-08-08 17:00,POI015,건대입구역,약간 붐빔,30000,32000,37.54088,127.06812
2026-08-08 17:00,POI016,고덕역,보통,4500,5000,37.5550721,127.1550065
2026-08-08 17:00,POI017,고속터미널역,붐빔,34000,36000,37.5050827,127.0049777
2026-08-08 17:00,POI018,교대역,여유,16000,18000,37.494178,127.015909
2026-08-08 17:00,POI019,구로디지털단지역,약간 붐빔,10000,12000,37.4853417,126.9068128
2026-08-08 17:00,POI020,구로역,여유,2000,2500,37.5000903,126.8829924
2026-08-08 17:00,POI021,군자역,여유,7000,7500,37.558149,127.077839
2026-08-08 17:00,POI023,대림역,여유,14000,16000,37.4908703,126.8936859
2026-08-08 17:00,POI024,동대문역,보통,7500,8000,37.5718616,127.0114887
2026-08-08 17:00,POI025,뚝섬역,보통,10000,12000,37.5475031,127.0461973
2026-08-08 17:00,POI026,미아사거리역,보통,12000,14000,37.61175,127.03044
2026-08-08 17:00,POI055,홍대입구역(2호선),붐빔,24000,26000,37.5574135,126.9238
2026-08-08 17:00,POI088,광화문광장,약간 붐빔,7000,7500,37.5759194,126.9768
2026-08-08 17:00,POI119,잠실역,붐빔,58000,60000,37.5127453,127.0973
2026-08-08 19:00,POI006,종로·청계 관광특구,보통,28000,30000,37.5702856,126.9903626
2026-08-08 19:00,POI007,홍대 관광특구,약간 붐빔,92000,94000,37.5574135,126.9238
2026-08-08 19:00,POI008,경복궁,여유,1000,1500,37.579754,126.9766818
2026-08-08 19:00,POI009,광화문·덕수궁,여유,22000,24000,37.5759194,126.9768
2026-08-08 19:00,POI010,보신각,보통,10000,12000,37.5698518,126.9836102
2026-08-08 19:00,POI011,서울 암사동 유적,여유,300,400,37.5610203,127.1306288
2026-08-08 19:00,POI012,창덕궁·종묘,여유,8000,8500,37.5823872,126.9917013
2026-08-08 19:00,POI013,가산디지털단지역,보통,12000,14000,37.480819,126.8816358
2026-08-08 19:00,POI014,강남역,붐빔,66000,68000,37.5002304,127.0268054
2026-08-08 19:00,POI015,건대입구역,붐빔,32000,34000,37.54088,127.06812
2026-08-08 19:00,POI016,고덕역,여유,4000,4500,37.5550721,127.1550065
2026-08-08 19:00,POI017,고속터미널역,약간 붐빔,28000,30000,37.5050827,127.0049777
2026-08-08 19:00,POI018,교대역,여유,14000,16000,37.494178,127.015909
2026-08-08 19:00,POI019,구로디지털단지역,약간 붐빔,10000,12000,37.4853417,126.9068128
2026-08-08 19:00,POI020,구로역,여유,2000,2500,37.5000903,126.8829924
2026-08-08 19:00,POI021,군자역,약간 붐빔,8500,9000,37.558149,127.077839
2026-08-08 19:00,POI023,대림역,여유,16000,18000,37.4908703,126.8936859
2026-08-08 19:00,POI024,동대문역,여유,5000,5500,37.5718616,127.0114887
2026-08-08 19:00,POI025,뚝섬역,여유,9000,9500,37.5475031,127.0461973
2026-08-08 19:00,POI026,미아사거리역,보통,12000,14000,37.61175,127.03044
2026-08-08 19:00,POI055,홍대입구역(2호선),약간 붐빔,22000,24000,37.5574135,126.9238
2026-08-08 19:00,POI088,광화문광장,보통,5500,6000,37.5759194,126.9768
2026-08-08 19:00,POI119,잠실역,붐빔,50000,52000,37.5127453,127.0973
2026-08-08 20:00,POI006,종로·청계 관광특구,여유,24000,26000,37.5702856,126.9903626
2026-08-08 20:00,POI007,홍대 관광특구,보통,90000,92000,37.5574135,126.9238
2026-08-08 20:00,POI008,경복궁,여유,900,1000,37.579754,126.9766818
2026-08-08 20:00,POI009,광화문·덕수궁,여유,18000,20000,37.5759194,126.9768
2026-08-08 20:00,POI010,보신각,보통,10000,12000,37.5698518,126.9836102
2026-08-08 20:00,POI011,서울 암사동 유적,여유,300,400,37.5610203,127.1306288
2026-08-08 20:00,POI012,창덕궁·종묘,여유,7000,7500,37.5823872,126.9917013
2026-08-08 20:00,POI013,가산디지털단지역,여유,12000,14000,37.480819,126.8816358
2026-08-08 20:00,POI014,강남역,보통,60000,62000,37.5002304,127.0268054
2026-08-08 20:00,POI015,건대입구역,붐빔,32000,34000,37.54088,127.06812
2026-08-08 20:00,POI016,고덕역,여유,4000,4500,37.5550721,127.1550065
2026-08-08 20:00,POI017,고속터미널역,보통,22000,24000,37.5050827,127.0049777
2026-08-08 20:00,POI018,교대역,여유,12000,14000,37.494178,127.015909
2026-08-08 20:00,POI019,구로디지털단지역,보통,10000,12000,37.4853417,126.9068128
2026-08-08 20:00,POI020,구로역,여유,2000,2500,37.5000903,126.8829924
2026-08-08 20:00,POI021,군자역,약간 붐빔,8500,9000,37.558149,127.077839
2026-08-08 20:00,POI023,대림역,여유,16000,18000,37.4908703,126.8936859
2026-08-08 20:00,POI024,동대문역,여유,4500,5000,37.5718616,127.0114887
2026-08-08 20:00,POI025,뚝섬역,여유,8000,8500,37.5475031,127.0461973
2026-08-08 20:00,POI026,미아사거리역,보통,10000,12000,37.61175,127.03044
2026-08-08 20:00,POI055,홍대입구역(2호선),약간 붐빔,22000,24000,37.5574135,126.9238
2026-08-08 20:00,POI088,광화문광장,여유,4500,5000,37.5759194,126.9768
2026-08-08 20:00,POI119,잠실역,약간 붐빔,42000,44000,37.5127453,127.0973
2026-08-08 22:00,POI006,종로·청계 관광특구,여유,20000,22000,37.5702856,126.9903626
2026-08-08 22:00,POI007,홍대 관광특구,보통,76000,78000,37.5574135,126.9238
2026-08-08 22:00,POI008,경복궁,여유,600,700,37.579754,126.9766818
2026-08-08 22:00,POI009,광화문·덕수궁,여유,12000,14000,37.5759194,126.9768
2026-08-08 22:00,POI010,보신각,여유,7000,7500,37.5698518,126.9836102
2026-08-08 22:00,POI011,서울 암사동 유적,여유,300,400,37.5610203,127.1306288
2026-08-08 22:00,POI012,창덕궁·종묘,여유,6000,6500,37.5823872,126.9917013
2026-08-08 22:00,POI013,가산디지털단지역,여유,9500,10000,37.480819,126.8816358
2026-08-08 22:00,POI014,강남역,여유,50000,52000,37.5002304,127.0268054
2026-08-08 22:00,POI015,건대입구역,보통,30000,32000,37.54088,127.06812
2026-08-08 22:00,POI016,고덕역,여유,3500,4000,37.5550721,127.1550065
2026-08-08 22:00,POI017,고속터미널역,여유,10000,12000,37.5050827,127.0049777
2026-08-08 22:00,POI018,교대역,여유,10000,12000,37.494178,127.015909
2026-08-08 22:00,POI019,구로디지털단지역,보통,9000,9500,37.4853417,126.9068128
2026-08-08 22:00,POI020,구로역,여유,2000,2500,37.5000903,126.8829924
2026-08-08 22:00,POI021,군자역,약간 붐빔,7500,8000,37.558149,127.077839
2026-08-08 22:00,POI023,대림역,여유,16000,18000,37.4908703,126.8936859
2026-08-08 22:00,POI024,동대문역,여유,3500,4000,37.5718616,127.0114887
2026-08-08 22:00,POI025,뚝섬역,여유,6000,6500,37.5475031,127.0461973
2026-08-08 22:00,POI026,미아사거리역,여유,8500,9000,37.61175,127.03044
2026-08-08 22:00,POI055,홍대입구역(2호선),보통,18000,20000,37.5574135,126.9238
2026-08-08 22:00,POI088,광화문광장,여유,3000,3500,37.5759194,126.9768
2026-08-08 22:00,POI119,잠실역,보통,26000,28000,37.5127453,127.0973
2026-08-08 23:00,POI006,종로·청계 관광특구,여유,14000,16000,37.5702856,126.9903626
2026-08-08 23:00,POI007,홍대 관광특구,여유,58000,60000,37.5574135,126.9238
2026-08-08 23:00,POI008,경복궁,여유,400,500,37.579754,126.9766818
2026-08-08 23:00,POI009,광화문·덕수궁,여유,6500,7000,37.5759194,126.9768
2026-08-08 23:00,POI010,보신각,여유,4000,4500,37.5698518,126.9836102
2026-08-08 23:00,POI011,서울 암사동 유적,여유,200,300,37.5610203,127.1306288
2026-08-08 23:00,POI012,창덕궁·종묘,여유,4500,5000,37.5823872,126.9917013
2026-08-08 23:00,POI013,가산디지털단지역,여유,6500,7000,37.480819,126.8816358
2026-08-08 23:00,POI014,강남역,여유,36000,38000,37.5002304,127.0268054
2026-08-08 23:00,POI015,건대입구역,여유,26000,28000,37.54088,127.06812
2026-08-08 23:00,POI016,고덕역,여유,1500,2000,37.5550721,127.1550065
2026-08-08 23:00,POI017,고속터미널역,여유,4000,4500,37.5050827,127.0049777
2026-08-08 23:00,POI018,교대역,여유,8000,8500,37.494178,127.015909
2026-08-08 23:00,POI019,구로디지털단지역,여유,7000,7500,37.4853417,126.9068128
2026-08-08 23:00,POI020,구로역,여유,1500,2000,37.5000903,126.8829924
2026-08-08 23:00,POI021,군자역,여유,6500,7000,37.558149,127.077839
2026-08-08 23:00,POI023,대림역,보통,16000,18000,37.4908703,126.8936859
2026-08-08 23:00,POI024,동대문역,여유,3000,3500,37.5718616,127.0114887
2026-08-08 23:00,POI025,뚝섬역,여유,5500,6000,37.5475031,127.0461973
2026-08-08 23:00,POI026,미아사거리역,여유,6500,7000,37.61175,127.03044
2026-08-08 23:00,POI055,홍대입구역(2호선),여유,12000,14000,37.5574135,126.9238
2026-08-08 23:00,POI088,광화문광장,여유,1500,2000,37.5759194,126.9768
2026-08-08 23:00,POI119,잠실역,여유,10000,12000,37.5127453,127.0973
2026-08-09 00:00,POI006,종로·청계 관광특구,여유,12000,14000,37.5702856,126.9903626
2026-08-09 00:00,POI007,홍대 관광특구,여유,50000,52000,37.5574135,126.9238
2026-08-09 00:00,POI008,경복궁,여유,300,400,37.579754,126.9766818
2026-08-09 00:00,POI009,광화문·덕수궁,여유,4000,4500,37.5759194,126.9768
2026-08-09 00:00,POI010,보신각,여유,3000,3500,37.5698518,126.9836102
2026-08-09 00:00,POI011,서울 암사동 유적,여유,300,400,37.5610203,127.1306288
2026-08-09 00:00,POI012,창덕궁·종묘,여유,4000,4500,37.5823872,126.9917013
2026-08-09 00:00,POI013,가산디지털단지역,여유,6000,6500,37.480819,126.8816358
2026-08-09 00:00,POI014,강남역,여유,28000,30000,37.5002304,127.0268054
2026-08-09 00:00,POI015,건대입구역,여유,20000,22000,37.54088,127.06812
2026-08-09 00:00,POI016,고덕역,여유,1500,2000,37.5550721,127.1550065
2026-08-09 00:00,POI017,고속터미널역,여유,2500,3000,37.5050827,127.0049777
2026-08-09 00:00,POI018,교대역,여유,6500,7000,37.494178,127.015909
2026-08-09 00:00,POI020,구로역,여유,1000,1500,37.5000903,126.8829924
2026-08-09 00:00,POI021,군자역,여유,5500,6000,37.558149,127.077839
2026-08-09 00:00,POI023,대림역,보통,16000,18000,37.4908703,126.8936859
2026-08-09 00:00,POI024,동대문역,여유,1500,2000,37.5718616,127.0114887
2026-08-09 00:00,POI025,뚝섬역,여유,4000,4500,37.5475031,127.0461973
2026-08-09 00:00,POI026,미아사거리역,여유,5000,5500,37.61175,127.03044
2026-08-09 00:00,POI055,홍대입구역(2호선),여유,10000,12000,37.5574135,126.9238
2026-08-09 00:00,POI088,광화문광장,여유,900,1000,37.5759194,126.9768
2026-08-09 00:00,POI119,잠실역,여유,7500,8000,37.5127453,127.0973
2026-08-09 01:00,POI006,종로·청계 관광특구,여유,10000,12000,37.5702856,126.9903626
2026-08-09 01:00,POI007,홍대 관광특구,여유,46000,48000,37.5574135,126.9238
2026-08-09 01:00,POI008,경복궁,여유,300,400,37.579754,126.9766818
2026-08-09 01:00,POI009,광화문·덕수궁,여유,3500,4000,37.5759194,126.9768
2026-08-09 01:00,POI010,보신각,여유,2500,3000,37.5698518,126.9836102
2026-08-09 01:00,POI011,서울 암사동 유적,여유,300,400,37.5610203,127.1306288
2026-08-09 01:00,POI012,창덕궁·종묘,여유,3500,4000,37.5823872,126.9917013
2026-08-09 01:00,POI013,가산디지털단지역,여유,5000,5500,37.480819,126.8816358
2026-08-09 01:00,POI014,강남역,여유,24000,26000,37.5002304,127.0268054
2026-08-09 01:00,POI015,건대입구역,여유,18000,20000,37.54088,127.06812
2026-08-09 01:00,POI016,고덕역,여유,1000,1500,37.5550721,127.1550065
2026-08-09 01:00,POI017,고속터미널역,여유,1500,2000,37.5050827,127.0049777
2026-08-09 01:00,POI018,교대역,여유,6000,6500,37.494178,127.015909
2026-08-09 01:00,POI019,구로디지털단지역,여유,5500,6000,37.4853417,126.9068128
2026-08-09 01:00,POI020,구로역,여유,800,900,37.5000903,126.8829924
2026-08-09 01:00,POI021,군자역,여유,4500,5000,37.558149,127.077839
2026-08-09 01:00,POI023,대림역,보통,16000,18000,37.4908703,126.8936859
2026-08-09 01:00,POI024,동대문역,여유,1500,2000,37.5718616,127.0114887
2026-08-09 01:00,POI025,뚝섬역,여유,4000,4500,37.5475031,127.0461973
2026-08-09 01:00,POI026,미아사거리역,여유,4500,5000,37.61175,127.03044
2026-08-09 01:00,POI055,홍대입구역(2호선),여유,8000,8500,37.5574135,126.9238
2026-08-09 01:00,POI088,광화문광장,여유,700,800,37.5759194,126.9768
2026-08-09 01:00,POI119,잠실역,여유,6500,7000,37.5127453,127.0973
2026-08-09 02:00,POI006,종로·청계 관광특구,여유,9000,9500,37.5702856,126.9903626
2026-08-09 02:00,POI007,홍대 관광특구,여유,42000,44000,37.5574135,126.9238
2026-08-09 02:00,POI008,경복궁,여유,100,200,37.579754,126.9766818
2026-08-09 02:00,POI009,광화문·덕수궁,여유,2500,3000,37.5759194,126.9768
2026-08-09 02:00,POI010,보신각,여유,2000,2500,37.5698518,126.9836102
2026-08-09 02:00,POI011,서울 암사동 유적,여유,300,400,37.5610203,127.1306288
2026-08-09 02:00,POI012,창덕궁·종묘,여유,3500,4000,37.5823872,126.9917013
2026-08-09 02:00,POI013,가산디지털단지역,여유,4500,5000,37.480819,126.8816358
2026-08-09 02:00,POI014,강남역,여유,22000,24000,37.5002304,127.0268054
2026-08-09 02:00,POI015,건대입구역,여유,14000,16000,37.54088,127.06812
2026-08-09 02:00,POI016,고덕역,여유,1000,1500,37.5550721,127.1550065
2026-08-09 02:00,POI017,고속터미널역,여유,1500,2000,37.5050827,127.0049777
2026-08-09 02:00,POI018,교대역,여유,3500,4000,37.494178,127.015909
2026-08-09 02:00,POI019,구로디지털단지역,여유,5500,6000,37.4853417,126.9068128
2026-08-09 02:00,POI020,구로역,여유,800,900,37.5000903,126.8829924
2026-08-09 02:00,POI021,군자역,여유,3500,4000,37.558149,127.077839
2026-08-09 02:00,POI023,대림역,보통,16000,18000,37.4908703,126.8936859
2026-08-09 02:00,POI024,동대문역,여유,1000,1500,37.5718616,127.0114887
2026-08-09 02:00,POI025,뚝섬역,여유,3500,4000,37.5475031,127.0461973
2026-08-09 02:00,POI026,미아사거리역,여유,3500,4000,37.61175,127.03044
2026-08-09 02:00,POI055,홍대입구역(2호선),여유,10000,12000,37.5574135,126.9238
2026-08-09 02:00,POI088,광화문광장,여유,500,600,37.5759194,126.9768
2026-08-09 02:00,POI119,잠실역,여유,4000,4500,37.5127453,127.0973
2026-08-09 03:00,POI006,종로·청계 관광특구,여유,8500,9000,37.5702856,126.9903626
2026-08-09 03:00,POI007,홍대 관광특구,여유,38000,40000,37.5574135,126.9238
2026-08-09 03:00,POI008,경복궁,여유,100,200,37.579754,126.9766818
2026-08-09 03:00,POI009,광화문·덕수궁,여유,2500,3000,37.5759194,126.9768
2026-08-09 03:00,POI010,보신각,여유,1500,2000,37.5698518,126.9836102
2026-08-09 03:00,POI011,서울 암사동 유적,여유,300,400,37.5610203,127.1306288
2026-08-09 03:00,POI012,창덕궁·종묘,여유,3000,3500,37.5823872,126.9917013
2026-08-09 03:00,POI013,가산디지털단지역,여유,4500,5000,37.480819,126.8816358
2026-08-09 03:00,POI014,강남역,여유,20000,22000,37.5002304,127.0268054
2026-08-09 03:00,POI015,건대입구역,여유,14000,16000,37.54088,127.06812
2026-08-09 03:00,POI016,고덕역,여유,1000,1500,37.5550721,127.1550065
2026-08-09 03:00,POI017,고속터미널역,여유,1000,1500,37.5050827,127.0049777
2026-08-09 03:00,POI018,교대역,여유,3500,4000,37.494178,127.015909
2026-08-09 03:00,POI019,구로디지털단지역,여유,5000,5500,37.4853417,126.9068128
2026-08-09 03:00,POI020,구로역,여유,600,700,37.5000903,126.8829924
2026-08-09 03:00,POI021,군자역,여유,3000,3500,37.558149,127.077839
2026-08-09 03:00,POI023,대림역,보통,16000,18000,37.4908703,126.8936859
2026-08-09 03:00,POI024,동대문역,여유,900,1000,37.5718616,127.0114887
2026-08-09 03:00,POI025,뚝섬역,여유,3500,4000,37.5475031,127.0461973
2026-08-09 03:00,POI026,미아사거리역,여유,3000,3500,37.61175,127.03044
2026-08-09 03:00,POI055,홍대입구역(2호선),여유,10000,12000,37.5574135,126.9238
2026-08-09 03:00,POI088,광화문광장,여유,500,600,37.5759194,126.9768
2026-08-09 03:00,POI119,잠실역,여유,3000,3500,37.5127453,127.0973
2026-08-09 04:00,POI006,종로·청계 관광특구,여유,8000,8500,37.5702856,126.9903626
2026-08-09 04:00,POI007,홍대 관광특구,여유,36000,38000,37.5574135,126.9238
2026-08-09 04:00,POI008,경복궁,여유,100,200,37.579754,126.9766818
2026-08-09 04:00,POI009,광화문·덕수궁,여유,2500,3000,37.5759194,126.9768
2026-08-09 04:00,POI010,보신각,여유,1500,2000,37.5698518,126.9836102
2026-08-09 04:00,POI011,서울 암사동 유적,여유,300,400,37.5610203,127.1306288
2026-08-09 04:00,POI012,창덕궁·종묘,여유,3000,3500,37.5823872,126.9917013
2026-08-09 04:00,POI013,가산디지털단지역,여유,5000,5500,37.480819,126.8816358
2026-08-09 04:00,POI014,강남역,여유,18000,20000,37.5002304,127.0268054
2026-08-09 04:00,POI015,건대입구역,여유,14000,16000,37.54088,127.06812
2026-08-09 04:00,POI016,고덕역,여유,1000,1500,37.5550721,127.1550065
2026-08-09 04:00,POI017,고속터미널역,여유,1000,1500,37.5050827,127.0049777
2026-08-09 04:00,POI018,교대역,여유,3500,4000,37.494178,127.015909
2026-08-09 04:00,POI019,구로디지털단지역,여유,4500,5000,37.4853417,126.9068128
2026-08-09 04:00,POI020,구로역,여유,700,800,37.5000903,126.8829924
2026-08-09 04:00,POI021,군자역,여유,3500,4000,37.558149,127.077839
2026-08-09 04:00,POI023,대림역,보통,16000,18000,37.4908703,126.8936859
2026-08-09 04:00,POI024,동대문역,여유,900,1000,37.5718616,127.0114887
2026-08-09 04:00,POI025,뚝섬역,여유,3500,4000,37.5475031,127.0461973
2026-08-09 04:00,POI026,미아사거리역,여유,3000,3500,37.61175,127.03044
2026-08-09 04:00,POI055,홍대입구역(2호선),여유,9500,10000,37.5574135,126.9238
2026-08-09 04:00,POI088,광화문광장,여유,500,600,37.5759194,126.9768
2026-08-09 04:00,POI119,잠실역,여유,2500,3000,37.5127453,127.0973
2026-08-09 05:00,POI006,종로·청계 관광특구,여유,8000,8500,37.5702856,126.9903626
2026-08-09 05:00,POI007,홍대 관광특구,여유,34000,36000,37.5574135,126.9238
2026-08-09 05:00,POI008,경복궁,여유,100,200,37.579754,126.9766818
2026-08-09 05:00,POI009,광화문·덕수궁,여유,2500,3000,37.5759194,126.9768
2026-08-09 05:00,POI010,보신각,여유,1500,2000,37.5698518,126.9836102
2026-08-09 05:00,POI011,서울 암사동 유적,여유,300,400,37.5610203,127.1306288
2026-08-09 05:00,POI012,창덕궁·종묘,여유,3000,3500,37.5823872,126.9917013
2026-08-09 05:00,POI013,가산디지털단지역,여유,5000,5500,37.480819,126.8816358
2026-08-09 05:00,POI014,강남역,여유,18000,20000,37.5002304,127.0268054
2026-08-09 05:00,POI015,건대입구역,여유,14000,16000,37.54088,127.06812
2026-08-09 05:00,POI016,고덕역,여유,1000,1500,37.5550721,127.1550065
2026-08-09 05:00,POI017,고속터미널역,여유,1500,2000,37.5050827,127.0049777
2026-08-09 05:00,POI018,교대역,여유,3000,3500,37.494178,127.015909
2026-08-09 05:00,POI019,구로디지털단지역,여유,4500,5000,37.4853417,126.9068128
2026-08-09 05:00,POI020,구로역,여유,700,800,37.5000903,126.8829924
2026-08-09 05:00,POI021,군자역,여유,3000,3500,37.558149,127.077839
2026-08-09 05:00,POI023,대림역,보통,16000,18000,37.4908703,126.8936859
2026-08-09 05:00,POI024,동대문역,여유,900,1000,37.5718616,127.0114887
2026-08-09 05:00,POI025,뚝섬역,여유,3500,4000,37.5475031,127.0461973
2026-08-09 05:00,POI026,미아사거리역,여유,3000,3500,37.61175,127.03044
2026-08-09 05:00,POI055,홍대입구역(2호선),여유,9500,10000,37.5574135,126.9238
2026-08-09 05:00,POI088,광화문광장,여유,500,600,37.5759194,126.9768
2026-08-09 05:00,POI119,잠실역,여유,2500,3000,37.5127453,127.0973
2026-08-09 06:00,POI006,종로·청계 관광특구,여유,8500,9000,37.5702856,126.9903626
2026-08-09 06:00,POI007,홍대 관광특구,여유,32000,34000,37.5574135,126.9238
2026-08-09 06:00,POI008,경복궁,여유,100,200,37.579754,126.9766818
2026-08-09 06:00,POI009,광화문·덕수궁,여유,3500,4000,37.5759194,126.9768
2026-08-09 06:00,POI010,보신각,여유,1500,2000,37.5698518,126.9836102
2026-08-09 06:00,POI011,서울 암사동 유적,여유,300,400,37.5610203,127.1306288
2026-08-09 06:00,POI012,창덕궁·종묘,여유,3000,3500,37.5823872,126.9917013
2026-08-09 06:00,POI013,가산디지털단지역,여유,5500,6000,37.480819,126.8816358
2026-08-09 06:00,POI014,강남역,여유,18000,20000,37.5002304,127.0268054
2026-08-09 06:00,POI015,건대입구역,여유,12000,14000,37.54088,127.06812
2026-08-09 06:00,POI016,고덕역,여유,1000,1500,37.5550721,127.1550065
2026-08-09 06:00,POI017,고속터미널역,여유,2000,2500,37.5050827,127.0049777
2026-08-09 06:00,POI018,교대역,여유,3500,4000,37.494178,127.015909
2026-08-09 06:00,POI019,구로디지털단지역,여유,4500,5000,37.4853417,126.9068128
2026-08-09 06:00,POI020,구로역,여유,900,1000,37.5000903,126.8829924
2026-08-09 06:00,POI021,군자역,여유,3000,3500,37.558149,127.077839
2026-08-09 06:00,POI023,대림역,보통,16000,18000,37.4908703,126.8936859
2026-08-09 06:00,POI024,동대문역,여유,1500,2000,37.5718616,127.0114887
2026-08-09 06:00,POI025,뚝섬역,여유,3500,4000,37.5475031,127.0461973
2026-08-09 06:00,POI026,미아사거리역,여유,3500,4000,37.61175,127.03044
2026-08-09 06:00,POI055,홍대입구역(2호선),여유,9500,10000,37.5574135,126.9238
2026-08-09 06:00,POI088,광화문광장,여유,700,800,37.5759194,126.9768
2026-08-09 06:00,POI119,잠실역,여유,3000,3500,37.5127453,127.0973
2026-08-09 07:00,POI006,종로·청계 관광특구,여유,12000,14000,37.5702856,126.9903626
2026-08-09 07:00,POI007,홍대 관광특구,여유,32000,34000,37.5574135,126.9238
2026-08-09 07:00,POI008,경복궁,여유,500,600,37.579754,126.9766818
2026-08-09 07:00,POI009,광화문·덕수궁,여유,7000,7500,37.5759194,126.9768
2026-08-09 07:00,POI010,보신각,여유,3000,3500,37.5698518,126.9836102
2026-08-09 07:00,POI011,서울 암사동 유적,여유,300,400,37.5610203,127.1306288
2026-08-09 07:00,POI012,창덕궁·종묘,여유,3500,4000,37.5823872,126.9917013
2026-08-09 07:00,POI013,가산디지털단지역,여유,6000,6500,37.480819,126.8816358
2026-08-09 07:00,POI014,강남역,여유,24000,26000,37.5002304,127.0268054
2026-08-09 07:00,POI015,건대입구역,여유,16000,18000,37.54088,127.06812
2026-08-09 07:00,POI016,고덕역,여유,1000,1500,37.5550721,127.1550065
2026-08-09 07:00,POI017,고속터미널역,여유,3000,3500,37.5050827,127.0049777
2026-08-09 07:00,POI018,교대역,여유,9000,9500,37.494178,127.015909
2026-08-09 07:00,POI019,구로디지털단지역,여유,4500,5000,37.4853417,126.9068128
2026-08-09 07:00,POI020,구로역,여유,1000,1500,37.5000903,126.8829924
2026-08-09 07:00,POI021,군자역,여유,3500,4000,37.558149,127.077839
2026-08-09 07:00,POI023,대림역,여유,16000,18000,37.4908703,126.8936859
2026-08-09 07:00,POI024,동대문역,여유,1500,2000,37.5718616,127.0114887
2026-08-09 07:00,POI025,뚝섬역,여유,5000,5500,37.5475031,127.0461973
2026-08-09 07:00,POI026,미아사거리역,여유,3500,4000,37.61175,127.03044
2026-08-09 07:00,POI055,홍대입구역(2호선),여유,7000,7500,37.5574135,126.9238
2026-08-09 07:00,POI088,광화문광장,여유,1000,1500,37.5759194,126.9768
2026-08-09 07:00,POI119,잠실역,여유,3500,4000,37.5127453,127.0973
2026-08-09 08:00,POI006,종로·청계 관광특구,여유,14000,16000,37.5702856,126.9903626
2026-08-09 08:00,POI007,홍대 관광특구,여유,34000,36000,37.5574135,126.9238
2026-08-09 08:00,POI008,경복궁,여유,700,800,37.579754,126.9766818
2026-08-09 08:00,POI009,광화문·덕수궁,여유,10000,12000,37.5759194,126.9768
2026-08-09 08:00,POI010,보신각,여유,5000,5500,37.5698518,126.9836102
2026-08-09 08:00,POI011,서울 암사동 유적,여유,300,400,37.5610203,127.1306288
2026-08-09 08:00,POI012,창덕궁·종묘,여유,4500,5000,37.5823872,126.9917013
2026-08-09 08:00,POI013,가산디지털단지역,여유,6500,7000,37.480819,126.8816358
2026-08-09 08:00,POI014,강남역,여유,30000,32000,37.5002304,127.0268054
2026-08-09 08:00,POI015,건대입구역,여유,16000,18000,37.54088,127.06812
2026-08-09 08:00,POI016,고덕역,여유,1000,1500,37.5550721,127.1550065
2026-08-09 08:00,POI017,고속터미널역,여유,4000,4500,37.5050827,127.0049777
2026-08-09 08:00,POI018,교대역,여유,10000,12000,37.494178,127.015909
2026-08-09 08:00,POI019,구로디지털단지역,여유,4500,5000,37.4853417,126.9068128
2026-08-09 08:00,POI020,구로역,여유,1000,1500,37.5000903,126.8829924
2026-08-09 08:00,POI021,군자역,여유,3500,4000,37.558149,127.077839
2026-08-09 08:00,POI023,대림역,보통,16000,18000,37.4908703,126.8936859
2026-08-09 08:00,POI024,동대문역,여유,2000,2500,37.5718616,127.0114887
2026-08-09 08:00,POI025,뚝섬역,여유,5500,6000,37.5475031,127.0461973
2026-08-09 08:00,POI026,미아사거리역,여유,4000,4500,37.61175,127.03044
2026-08-09 08:00,POI055,홍대입구역(2호선),여유,8000,8500,37.5574135,126.9238
2026-08-09 08:00,POI088,광화문광장,여유,2000,2500,37.5759194,126.9768
2026-08-09 08:00,POI119,잠실역,여유,6000,6500,37.5127453,127.0973
2026-08-09 11:00,POI006,종로·청계 관광특구,여유,26000,28000,37.5702856,126.9903626
2026-08-09 11:00,POI007,홍대 관광특구,여유,50000,52000,37.5574135,126.9238
2026-08-09 11:00,POI008,경복궁,여유,1000,1500,37.579754,126.9766818
2026-08-09 11:00,POI009,광화문·덕수궁,여유,26000,28000,37.5759194,126.9768
2026-08-09 11:00,POI010,보신각,보통,12000,14000,37.5698518,126.9836102
2026-08-09 11:00,POI011,서울 암사동 유적,여유,300,400,37.5610203,127.1306288
2026-08-09 11:00,POI012,창덕궁·종묘,여유,8000,8500,37.5823872,126.9917013
2026-08-09 11:00,POI013,가산디지털단지역,여유,10000,12000,37.480819,126.8816358
2026-08-09 11:00,POI014,강남역,보통,54000,56000,37.5002304,127.0268054
2026-08-09 11:00,POI015,건대입구역,여유,18000,20000,37.54088,127.06812
2026-08-09 11:00,POI016,고덕역,여유,2500,3000,37.5550721,127.1550065
2026-08-09 11:00,POI017,고속터미널역,보통,16000,18000,37.5050827,127.0049777
2026-08-09 11:00,POI018,교대역,여유,14000,16000,37.494178,127.015909
2026-08-09 11:00,POI019,구로디지털단지역,여유,6500,7000,37.4853417,126.9068128
2026-08-09 11:00,POI020,구로역,여유,2000,2500,37.5000903,126.8829924
2026-08-09 11:00,POI021,군자역,여유,5000,5500,37.558149,127.077839
2026-08-09 11:00,POI023,대림역,여유,14000,16000,37.4908703,126.8936859
2026-08-09 11:00,POI024,동대문역,여유,4500,5000,37.5718616,127.0114887
2026-08-09 11:00,POI025,뚝섬역,여유,8000,8500,37.5475031,127.0461973
2026-08-09 11:00,POI026,미아사거리역,여유,8000,8500,37.61175,127.03044
2026-08-09 11:00,POI055,홍대입구역(2호선),여유,12000,14000,37.5574135,126.9238
2026-08-09 11:00,POI088,광화문광장,보통,5500,6000,37.5759194,126.9768
2026-08-09 11:00,POI119,잠실역,여유,24000,26000,37.5127453,127.0973
2026-08-09 13:00,POI006,종로·청계 관광특구,보통,32000,34000,37.5702856,126.9903626
2026-08-09 13:00,POI007,홍대 관광특구,여유,72000,74000,37.5574135,126.9238
2026-08-09 13:00,POI008,경복궁,보통,1500,2000,37.579754,126.9766818
2026-08-09 13:00,POI009,광화문·덕수궁,보통,32000,34000,37.5759194,126.9768
2026-08-09 13:00,POI010,보신각,약간 붐빔,14000,16000,37.5698518,126.9836102
2026-08-09 13:00,POI011,서울 암사동 유적,여유,300,400,37.5610203,127.1306288
2026-08-09 13:00,POI012,창덕궁·종묘,여유,9000,9500,37.5823872,126.9917013
2026-08-09 13:00,POI013,가산디지털단지역,보통,12000,14000,37.480819,126.8816358
2026-08-09 13:00,POI014,강남역,약간 붐빔,64000,66000,37.5002304,127.0268054
2026-08-09 13:00,POI015,건대입구역,여유,24000,26000,37.54088,127.06812
2026-08-09 13:00,POI016,고덕역,여유,3500,4000,37.5550721,127.1550065
2026-08-09 13:00,POI017,고속터미널역,약간 붐빔,28000,30000,37.5050827,127.0049777
2026-08-09 13:00,POI018,교대역,보통,18000,20000,37.494178,127.015909
2026-08-09 13:00,POI019,구로디지털단지역,여유,8000,8500,37.4853417,126.9068128
2026-08-09 13:00,POI020,구로역,여유,2500,3000,37.5000903,126.8829924
2026-08-09 13:00,POI021,군자역,여유,5500,6000,37.558149,127.077839
2026-08-09 13:00,POI023,대림역,여유,14000,16000,37.4908703,126.8936859
2026-08-09 13:00,POI024,동대문역,여유,5500,6000,37.5718616,127.0114887
2026-08-09 13:00,POI025,뚝섬역,보통,10000,12000,37.5475031,127.0461973
2026-08-09 13:00,POI026,미아사거리역,보통,10000,12000,37.61175,127.03044
2026-08-09 13:00,POI055,홍대입구역(2호선),보통,18000,20000,37.5574135,126.9238
2026-08-09 13:00,POI088,광화문광장,보통,6500,7000,37.5759194,126.9768
2026-08-09 13:00,POI119,잠실역,약간 붐빔,44000,46000,37.5127453,127.0973
2026-08-09 14:00,POI006,종로·청계 관광특구,보통,34000,36000,37.5702856,126.9903626
2026-08-09 14:00,POI007,홍대 관광특구,보통,80000,82000,37.5574135,126.9238
2026-08-09 14:00,POI008,경복궁,보통,1500,2000,37.579754,126.9766818
2026-08-09 14:00,POI009,광화문·덕수궁,보통,34000,36000,37.5759194,126.9768
2026-08-09 14:00,POI010,보신각,약간 붐빔,16000,18000,37.5698518,126.9836102
2026-08-09 14:00,POI011,서울 암사동 유적,여유,200,300,37.5610203,127.1306288
2026-08-09 14:00,POI012,창덕궁·종묘,보통,9500,10000,37.5823872,126.9917013
2026-08-09 14:00,POI013,가산디지털단지역,보통,12000,14000,37.480819,126.8816358
2026-08-09 14:00,POI014,강남역,붐빔,66000,68000,37.5002304,127.0268054
2026-08-09 14:00,POI015,건대입구역,보통,26000,28000,37.54088,127.06812
2026-08-09 14:00,POI016,고덕역,여유,3000,3500,37.5550721,127.1550065
2026-08-09 14:00,POI017,고속터미널역,붐빔,30000,32000,37.5050827,127.0049777
2026-08-09 14:00,POI018,교대역,보통,18000,20000,37.494178,127.015909
2026-08-09 14:00,POI019,구로디지털단지역,여유,8000,8500,37.4853417,126.9068128
2026-08-09 14:00,POI020,구로역,여유,1500,2000,37.5000903,126.8829924
2026-08-09 14:00,POI021,군자역,여유,6000,6500,37.558149,127.077839
2026-08-09 14:00,POI023,대림역,여유,14000,16000,37.4908703,126.8936859
2026-08-09 14:00,POI024,동대문역,여유,5500,6000,37.5718616,127.0114887
2026-08-09 14:00,POI025,뚝섬역,보통,10000,12000,37.5475031,127.0461973
2026-08-09 14:00,POI026,미아사거리역,보통,10000,12000,37.61175,127.03044
2026-08-09 14:00,POI055,홍대입구역(2호선),약간 붐빔,20000,22000,37.5574135,126.9238
2026-08-09 14:00,POI088,광화문광장,약간 붐빔,7500,8000,37.5759194,126.9768
2026-08-09 14:00,POI119,잠실역,붐빔,52000,54000,37.5127453,127.0973
2026-08-09 16:00,POI006,종로·청계 관광특구,보통,34000,36000,37.5702856,126.9903626
2026-08-09 16:00,POI007,홍대 관광특구,보통,84000,86000,37.5574135,126.9238
2026-08-09 16:00,POI008,경복궁,보통,1500,2000,37.579754,126.9766818
2026-08-09 16:00,POI009,광화문·덕수궁,보통,32000,34000,37.5759194,126.9768
2026-08-09 16:00,POI010,보신각,약간 붐빔,16000,18000,37.5698518,126.9836102
2026-08-09 16:00,POI011,서울 암사동 유적,여유,300,400,37.5610203,127.1306288
2026-08-09 16:00,POI012,창덕궁·종묘,여유,9500,10000,37.5823872,126.9917013
2026-08-09 16:00,POI013,가산디지털단지역,보통,12000,14000,37.480819,126.8816358
2026-08-09 16:00,POI014,강남역,붐빔,66000,68000,37.5002304,127.0268054
2026-08-09 16:00,POI015,건대입구역,약간 붐빔,28000,30000,37.54088,127.06812
2026-08-09 16:00,POI016,고덕역,여유,3000,3500,37.5550721,127.1550065
2026-08-09 16:00,POI017,고속터미널역,붐빔,32000,34000,37.5050827,127.0049777
2026-08-09 16:00,POI018,교대역,보통,18000,20000,37.494178,127.015909
2026-08-09 16:00,POI019,구로디지털단지역,여유,8500,9000,37.4853417,126.9068128
2026-08-09 16:00,POI020,구로역,여유,2000,2500,37.5000903,126.8829924
2026-08-09 16:00,POI021,군자역,여유,6500,7000,37.558149,127.077839
2026-08-09 16:00,POI023,대림역,여유,14000,16000,37.4908703,126.8936859
2026-08-09 16:00,POI024,동대문역,여유,6000,6500,37.5718616,127.0114887
2026-08-09 16:00,POI025,뚝섬역,보통,10000,12000,37.5475031,127.0461973
2026-08-09 16:00,POI026,미아사거리역,보통,10000,12000,37.61175,127.03044
2026-08-09 16:00,POI055,홍대입구역(2호선),약간 붐빔,22000,24000,37.5574135,126.9238
2026-08-09 16:00,POI088,광화문광장,보통,7000,7500,37.5759194,126.9768
2026-08-09 16:00,POI119,잠실역,붐빔,54000,56000,37.5127453,127.0973
2026-08-09 17:00,POI006,종로·청계 관광특구,보통,30000,32000,37.5702856,126.9903626
2026-08-09 17:00,POI007,홍대 관광특구,보통,88000,90000,37.5574135,126.9238
2026-08-09 17:00,POI008,경복궁,보통,1500,2000,37.579754,126.9766818
2026-08-09 17:00,POI009,광화문·덕수궁,여유,28000,30000,37.5759194,126.9768
2026-08-09 17:00,POI010,보신각,약간 붐빔,14000,16000,37.5698518,126.9836102
2026-08-09 17:00,POI011,서울 암사동 유적,여유,300,400,37.5610203,127.1306288
2026-08-09 17:00,POI012,창덕궁·종묘,여유,8500,9000,37.5823872,126.9917013
2026-08-09 17:00,POI013,가산디지털단지역,보통,12000,14000,37.480819,126.8816358
2026-08-09 17:00,POI014,강남역,약간 붐빔,64000,66000,37.5002304,127.0268054
2026-08-09 17:00,POI015,건대입구역,약간 붐빔,28000,30000,37.54088,127.06812
2026-08-09 17:00,POI016,고덕역,여유,3500,4000,37.5550721,127.1550065
2026-08-09 17:00,POI017,고속터미널역,붐빔,30000,32000,37.5050827,127.0049777
2026-08-09 17:00,POI018,교대역,여유,16000,18000,37.494178,127.015909
2026-08-09 17:00,POI019,구로디지털단지역,여유,8500,9000,37.4853417,126.9068128
2026-08-09 17:00,POI020,구로역,여유,2000,2500,37.5000903,126.8829924
2026-08-09 17:00,POI021,군자역,여유,6500,7000,37.558149,127.077839
2026-08-09 17:00,POI023,대림역,여유,14000,16000,37.4908703,126.8936859
2026-08-09 17:00,POI024,동대문역,여유,5000,5500,37.5718616,127.0114887
2026-08-09 17:00,POI025,뚝섬역,보통,9500,10000,37.5475031,127.0461973
2026-08-09 17:00,POI026,미아사거리역,보통,10000,12000,37.61175,127.03044
2026-08-09 17:00,POI055,홍대입구역(2호선),약간 붐빔,22000,24000,37.5574135,126.9238
2026-08-09 17:00,POI088,광화문광장,보통,6500,7000,37.5759194,126.9768
2026-08-09 17:00,POI119,잠실역,붐빔,52000,54000,37.5127453,127.0973
2026-08-09 18:00,POI006,종로·청계 관광특구,보통,28000,30000,37.5702856,126.9903626
2026-08-09 18:00,POI007,홍대 관광특구,보통,88000,90000,37.5574135,126.9238
2026-08-09 18:00,POI008,경복궁,여유,1000,1500,37.579754,126.9766818
2026-08-09 18:00,POI009,광화문·덕수궁,여유,26000,28000,37.5759194,126.9768
2026-08-09 18:00,POI010,보신각,보통,12000,14000,37.5698518,126.9836102
2026-08-09 18:00,POI011,서울 암사동 유적,여유,300,400,37.5610203,127.1306288
2026-08-09 18:00,POI012,창덕궁·종묘,여유,8000,8500,37.5823872,126.9917013
2026-08-09 18:00,POI013,가산디지털단지역,여유,10000,12000,37.480819,126.8816358
2026-08-09 18:00,POI014,강남역,보통,62000,64000,37.5002304,127.0268054
2026-08-09 18:00,POI015,건대입구역,약간 붐빔,30000,32000,37.54088,127.06812
2026-08-09 18:00,POI016,고덕역,여유,3500,4000,37.5550721,127.1550065
2026-08-09 18:00,POI017,고속터미널역,약간 붐빔,28000,30000,37.5050827,127.0049777
2026-08-09 18:00,POI018,교대역,여유,16000,18000,37.494178,127.015909
2026-08-09 18:00,POI019,구로디지털단지역,여유,8500,9000,37.4853417,126.9068128
2026-08-09 18:00,POI020,구로역,여유,2000,2500,37.5000903,126.8829924
2026-08-09 18:00,POI021,군자역,여유,7000,7500,37.558149,127.077839
2026-08-09 18:00,POI023,대림역,여유,16000,18000,37.4908703,126.8936859
2026-08-09 18:00,POI024,동대문역,여유,4500,5000,37.5718616,127.0114887
2026-08-09 18:00,POI025,뚝섬역,보통,9500,10000,37.5475031,127.0461973
2026-08-09 18:00,POI026,미아사거리역,보통,10000,12000,37.61175,127.03044
2026-08-09 18:00,POI055,홍대입구역(2호선),약간 붐빔,22000,24000,37.5574135,126.9238
2026-08-09 18:00,POI088,광화문광장,보통,6000,6500,37.5759194,126.9768
2026-08-09 18:00,POI119,잠실역,약간 붐빔,44000,46000,37.5127453,127.0973
2026-08-09 19:00,POI006,종로·청계 관광특구,여유,24000,26000,37.5702856,126.9903626
2026-08-09 19:00,POI007,홍대 관광특구,보통,84000,86000,37.5574135,126.9238
2026-08-09 19:00,POI008,경복궁,여유,1000,1500,37.579754,126.9766818
2026-08-09 19:00,POI009,광화문·덕수궁,여유,20000,22000,37.5759194,126.9768
2026-08-09 19:00,POI010,보신각,여유,10000,12000,37.5698518,126.9836102
2026-08-09 19:00,POI011,서울 암사동 유적,여유,300,400,37.5610203,127.1306288
2026-08-09 19:00,POI012,창덕궁·종묘,여유,7000,7500,37.5823872,126.9917013
2026-08-09 19:00,POI013,가산디지털단지역,여유,10000,12000,37.480819,126.8816358
2026-08-09 19:00,POI014,강남역,보통,58000,60000,37.5002304,127.0268054
2026-08-09 19:00,POI015,건대입구역,약간 붐빔,30000,32000,37.54088,127.06812
2026-08-09 19:00,POI016,고덕역,여유,3000,3500,37.5550721,127.1550065
2026-08-09 19:00,POI017,고속터미널역,약간 붐빔,24000,26000,37.5050827,127.0049777
2026-08-09 19:00,POI018,교대역,여유,14000,16000,37.494178,127.015909
2026-08-09 19:00,POI019,구로디지털단지역,여유,8500,9000,37.4853417,126.9068128
2026-08-09 19:00,POI020,구로역,여유,1500,2000,37.5000903,126.8829924
2026-08-09 19:00,POI021,군자역,여유,7000,7500,37.558149,127.077839
2026-08-09 19:00,POI023,대림역,여유,16000,18000,37.4908703,126.8936859
2026-08-09 19:00,POI024,동대문역,여유,4000,4500,37.5718616,127.0114887
2026-08-09 19:00,POI025,뚝섬역,여유,8500,9000,37.5475031,127.0461973
2026-08-09 19:00,POI026,미아사거리역,보통,10000,12000,37.61175,127.03044
2026-08-09 19:00,POI055,홍대입구역(2호선),약간 붐빔,20000,22000,37.5574135,126.9238
2026-08-09 19:00,POI088,광화문광장,여유,5000,5500,37.5759194,126.9768
2026-08-09 19:00,POI119,잠실역,약간 붐빔,38000,40000,37.5127453,127.0973
2026-08-09 20:00,POI006,종로·청계 관광특구,여유,22000,24000,37.5702856,126.9903626
2026-08-09 20:00,POI007,홍대 관광특구,보통,80000,82000,37.5574135,126.9238
2026-08-09 20:00,POI008,경복궁,여유,900,1000,37.579754,126.9766818
2026-08-09 20:00,POI009,광화문·덕수궁,여유,16000,18000,37.5759194,126.9768
2026-08-09 20:00,POI010,보신각,여유,8500,9000,37.5698518,126.9836102
2026-08-09 20:00,POI011,서울 암사동 유적,여유,300,400,37.5610203,127.1306288
2026-08-09 20:00,POI012,창덕궁·종묘,여유,6000,6500,37.5823872,126.9917013
2026-08-09 20:00,POI013,가산디지털단지역,여유,9500,10000,37.480819,126.8816358
2026-08-09 20:00,POI014,강남역,여유,52000,54000,37.5002304,127.0268054
2026-08-09 20:00,POI015,건대입구역,약간 붐빔,30000,32000,37.54088,127.06812
2026-08-09 20:00,POI016,고덕역,여유,3000,3500,37.5550721,127.1550065
2026-08-09 20:00,POI017,고속터미널역,보통,18000,20000,37.5050827,127.0049777
2026-08-09 20:00,POI018,교대역,여유,12000,14000,37.494178,127.015909
2026-08-09 20:00,POI019,구로디지털단지역,여유,8000,8500,37.4853417,126.9068128
2026-08-09 20:00,POI020,구로역,여유,1500,2000,37.5000903,126.8829924
2026-08-09 20:00,POI021,군자역,여유,7000,7500,37.558149,127.077839
2026-08-09 20:00,POI023,대림역,여유,16000,18000,37.4908703,126.8936859
2026-08-09 20:00,POI024,동대문역,여유,4000,4500,37.5718616,127.0114887
2026-08-09 20:00,POI025,뚝섬역,여유,7500,8000,37.5475031,127.0461973
2026-08-09 20:00,POI026,미아사거리역,여유,9500,10000,37.61175,127.03044
2026-08-09 20:00,POI055,홍대입구역(2호선),약간 붐빔,20000,22000,37.5574135,126.9238
2026-08-09 20:00,POI088,광화문광장,여유,4000,4500,37.5759194,126.9768
2026-08-09 20:00,POI119,잠실역,보통,34000,36000,37.5127453,127.0973
2026-08-09 22:00,POI006,종로·청계 관광특구,여유,16000,18000,37.5702856,126.9903626
2026-08-09 22:00,POI007,홍대 관광특구,여유,64000,66000,37.5574135,126.9238
2026-08-09 22:00,POI008,경복궁,여유,600,700,37.579754,126.9766818
2026-08-09 22:00,POI009,광화문·덕수궁,여유,10000,12000,37.5759194,126.9768
2026-08-09 22:00,POI010,보신각,여유,5500,6000,37.5698518,126.9836102
2026-08-09 22:00,POI011,서울 암사동 유적,여유,300,400,37.5610203,127.1306288
2026-08-09 22:00,POI012,창덕궁·종묘,여유,5000,5500,37.5823872,126.9917013
2026-08-09 22:00,POI013,가산디지털단지역,여유,7500,8000,37.480819,126.8816358
2026-08-09 22:00,POI014,강남역,여유,42000,44000,37.5002304,127.0268054
2026-08-09 22:00,POI015,건대입구역,보통,26000,28000,37.54088,127.06812
2026-08-09 22:00,POI016,고덕역,여유,2500,3000,37.5550721,127.1550065
2026-08-09 22:00,POI017,고속터미널역,여유,9000,9500,37.5050827,127.0049777
2026-08-09 22:00,POI018,교대역,여유,9500,10000,37.494178,127.015909
2026-08-09 22:00,POI019,구로디지털단지역,여유,7000,7500,37.4853417,126.9068128
2026-08-09 22:00,POI020,구로역,여유,1500,2000,37.5000903,126.8829924
2026-08-09 22:00,POI021,군자역,여유,6000,6500,37.558149,127.077839
2026-08-09 22:00,POI023,대림역,여유,16000,18000,37.4908703,126.8936859
2026-08-09 22:00,POI024,동대문역,여유,3000,3500,37.5718616,127.0114887
2026-08-09 22:00,POI025,뚝섬역,여유,6000,6500,37.5475031,127.0461973
2026-08-09 22:00,POI026,미아사거리역,여유,7000,7500,37.61175,127.03044
2026-08-09 22:00,POI055,홍대입구역(2호선),보통,16000,18000,37.5574135,126.9238
2026-08-09 22:00,POI088,광화문광장,여유,2500,3000,37.5759194,126.9768
2026-08-09 22:00,POI119,잠실역,여유,20000,22000,37.5127453,127.0973
2026-08-09 23:00,POI006,종로·청계 관광특구,여유,12000,14000,37.5702856,126.9903626
2026-08-09 23:00,POI007,홍대 관광특구,여유,48000,50000,37.5574135,126.9238
2026-08-09 23:00,POI008,경복궁,여유,400,500,37.579754,126.9766818
2026-08-09 23:00,POI009,광화문·덕수궁,여유,5500,6000,37.5759194,126.9768
2026-08-09 23:00,POI010,보신각,여유,3000,3500,37.5698518,126.9836102
2026-08-09 23:00,POI011,서울 암사동 유적,여유,300,400,37.5610203,127.1306288
2026-08-09 23:00,POI012,창덕궁·종묘,여유,3500,4000,37.5823872,126.9917013
2026-08-09 23:00,POI013,가산디지털단지역,여유,6500,7000,37.480819,126.8816358
2026-08-09 23:00,POI014,강남역,여유,30000,32000,37.5002304,127.0268054
2026-08-09 23:00,POI015,건대입구역,여유,22000,24000,37.54088,127.06812
2026-08-09 23:00,POI016,고덕역,여유,1500,2000,37.5550721,127.1550065
2026-08-09 23:00,POI017,고속터미널역,여유,4000,4500,37.5050827,127.0049777
2026-08-09 23:00,POI018,교대역,여유,7500,8000,37.494178,127.015909
2026-08-09 23:00,POI019,구로디지털단지역,여유,5500,6000,37.4853417,126.9068128
2026-08-09 23:00,POI020,구로역,여유,1000,1500,37.5000903,126.8829924
2026-08-09 23:00,POI021,군자역,여유,4500,5000,37.558149,127.077839
2026-08-09 23:00,POI023,대림역,보통,16000,18000,37.4908703,126.8936859
2026-08-09 23:00,POI024,동대문역,여유,2000,2500,37.5718616,127.0114887
2026-08-09 23:00,POI025,뚝섬역,여유,5000,5500,37.5475031,127.0461973
2026-08-09 23:00,POI026,미아사거리역,여유,5000,5500,37.61175,127.03044
2026-08-09 23:00,POI055,홍대입구역(2호선),여유,10000,12000,37.5574135,126.9238
2026-08-09 23:00,POI088,광화문광장,여유,1000,1500,37.5759194,126.9768
2026-08-09 23:00,POI119,잠실역,여유,7500,8000,37.5127453,127.0973
2026-08-10 00:00,POI006,종로·청계 관광특구,여유,9500,10000,37.5702856,126.9903626
2026-08-10 00:00,POI007,홍대 관광특구,여유,40000,42000,37.5574135,126.9238
2026-08-10 00:00,POI008,경복궁,여유,200,300,37.579754,126.9766818
2026-08-10 00:00,POI009,광화문·덕수궁,여유,4000,4500,37.5759194,126.9768
2026-08-10 00:00,POI010,보신각,여유,2500,3000,37.5698518,126.9836102
2026-08-10 00:00,POI011,서울 암사동 유적,여유,300,400,37.5610203,127.1306288
2026-08-10 00:00,POI012,창덕궁·종묘,여유,3000,3500,37.5823872,126.9917013
2026-08-10 00:00,POI013,가산디지털단지역,여유,5000,5500,37.480819,126.8816358
2026-08-10 00:00,POI014,강남역,여유,24000,26000,37.5002304,127.0268054
2026-08-10 00:00,POI015,건대입구역,여유,16000,18000,37.54088,127.06812
2026-08-10 00:00,POI016,고덕역,여유,1000,1500,37.5550721,127.1550065
2026-08-10 00:00,POI017,고속터미널역,여유,3000,3500,37.5050827,127.0049777
2026-08-10 00:00,POI018,교대역,여유,5500,6000,37.494178,127.015909
2026-08-10 00:00,POI019,구로디지털단지역,여유,5000,5500,37.4853417,126.9068128
2026-08-10 00:00,POI020,구로역,여유,900,1000,37.5000903,126.8829924
2026-08-10 00:00,POI021,군자역,여유,4000,4500,37.558149,127.077839
2026-08-10 00:00,POI023,대림역,보통,16000,18000,37.4908703,126.8936859
2026-08-10 00:00,POI024,동대문역,여유,1000,1500,37.5718616,127.0114887
2026-08-10 00:00,POI025,뚝섬역,여유,4000,4500,37.5475031,127.0461973
2026-08-10 00:00,POI026,미아사거리역,여유,4000,4500,37.61175,127.03044
2026-08-10 00:00,POI055,홍대입구역(2호선),여유,8000,8500,37.5574135,126.9238
2026-08-10 00:00,POI088,광화문광장,여유,800,900,37.5759194,126.9768
2026-08-10 00:00,POI119,잠실역,여유,5500,6000,37.5127453,127.0973
2026-08-10 01:00,POI006,종로·청계 관광특구,여유,9000,9500,37.5702856,126.9903626
2026-08-10 01:00,POI007,홍대 관광특구,여유,36000,38000,37.5574135,126.9238
2026-08-10 01:00,POI008,경복궁,여유,200,300,37.579754,126.9766818
2026-08-10 01:00,POI009,광화문·덕수궁,여유,3000,3500,37.5759194,126.9768
2026-08-10 01:00,POI010,보신각,여유,2000,2500,37.5698518,126.9836102
2026-08-10 01:00,POI011,서울 암사동 유적,여유,300,400,37.5610203,127.1306288
2026-08-10 01:00,POI012,창덕궁·종묘,여유,3000,3500,37.5823872,126.9917013
2026-08-10 01:00,POI013,가산디지털단지역,여유,5000,5500,37.480819,126.8816358
2026-08-10 01:00,POI014,강남역,여유,20000,22000,37.5002304,127.0268054
2026-08-10 01:00,POI015,건대입구역,여유,16000,18000,37.54088,127.06812
2026-08-10 01:00,POI016,고덕역,여유,1000,1500,37.5550721,127.1550065
2026-08-10 01:00,POI017,고속터미널역,여유,2000,2500,37.5050827,127.0049777
2026-08-10 01:00,POI018,교대역,여유,5500,6000,37.494178,127.015909
2026-08-10 01:00,POI019,구로디지털단지역,여유,4500,5000,37.4853417,126.9068128
2026-08-10 01:00,POI020,구로역,여유,800,900,37.5000903,126.8829924
2026-08-10 01:00,POI021,군자역,여유,4000,4500,37.558149,127.077839
2026-08-10 01:00,POI023,대림역,보통,16000,18000,37.4908703,126.8936859
2026-08-10 01:00,POI024,동대문역,여유,1000,1500,37.5718616,127.0114887
2026-08-10 01:00,POI025,뚝섬역,여유,4000,4500,37.5475031,127.0461973
2026-08-10 01:00,POI026,미아사거리역,여유,3000,3500,37.61175,127.03044
2026-08-10 01:00,POI055,홍대입구역(2호선),여유,7000,7500,37.5574135,126.9238
2026-08-10 01:00,POI088,광화문광장,여유,700,800,37.5759194,126.9768
2026-08-10 01:00,POI119,잠실역,여유,4500,5000,37.5127453,127.0973
2026-08-10 02:00,POI006,종로·청계 관광특구,여유,8500,9000,37.5702856,126.9903626
2026-08-10 02:00,POI007,홍대 관광특구,여유,34000,36000,37.5574135,126.9238
2026-08-10 02:00,POI008,경복궁,여유,200,300,37.579754,126.9766818
2026-08-10 02:00,POI009,광화문·덕수궁,여유,3000,3500,37.5759194,126.9768
2026-08-10 02:00,POI010,보신각,여유,1500,2000,37.5698518,126.9836102
2026-08-10 02:00,POI011,서울 암사동 유적,여유,300,400,37.5610203,127.1306288
2026-08-10 02:00,POI012,창덕궁·종묘,여유,3000,3500,37.5823872,126.9917013
2026-08-10 02:00,POI013,가산디지털단지역,여유,4500,5000,37.480819,126.8816358
2026-08-10 02:00,POI014,강남역,여유,20000,22000,37.5002304,127.0268054
2026-08-10 02:00,POI015,건대입구역,여유,16000,18000,37.54088,127.06812
2026-08-10 02:00,POI016,고덕역,여유,1000,1500,37.5550721,127.1550065
2026-08-10 02:00,POI017,고속터미널역,여유,1500,2000,37.5050827,127.0049777
2026-08-10 02:00,POI018,교대역,여유,5500,6000,37.494178,127.015909
2026-08-10 02:00,POI019,구로디지털단지역,여유,4500,5000,37.4853417,126.9068128
2026-08-10 02:00,POI020,구로역,여유,700,800,37.5000903,126.8829924
2026-08-10 02:00,POI021,군자역,여유,3500,4000,37.558149,127.077839
2026-08-10 02:00,POI023,대림역,보통,16000,18000,37.4908703,126.8936859
2026-08-10 02:00,POI024,동대문역,여유,1000,1500,37.5718616,127.0114887
2026-08-10 02:00,POI025,뚝섬역,여유,3500,4000,37.5475031,127.0461973
2026-08-10 02:00,POI026,미아사거리역,여유,3000,3500,37.61175,127.03044
2026-08-10 02:00,POI055,홍대입구역(2호선),여유,6500,7000,37.5574135,126.9238
2026-08-10 02:00,POI088,광화문광장,여유,700,800,37.5759194,126.9768
2026-08-10 02:00,POI119,잠실역,여유,3000,3500,37.5127453,127.0973
2026-08-10 03:00,POI006,종로·청계 관광특구,여유,8000,8500,37.5702856,126.9903626
2026-08-10 03:00,POI007,홍대 관광특구,여유,32000,34000,37.5574135,126.9238
2026-08-10 03:00,POI008,경복궁,여유,200,300,37.579754,126.9766818
2026-08-10 03:00,POI009,광화문·덕수궁,여유,3000,3500,37.5759194,126.9768
2026-08-10 03:00,POI010,보신각,여유,1500,2000,37.5698518,126.9836102
2026-08-10 03:00,POI011,서울 암사동 유적,여유,300,400,37.5610203,127.1306288
2026-08-10 03:00,POI012,창덕궁·종묘,여유,3000,3500,37.5823872,126.9917013
2026-08-10 03:00,POI013,가산디지털단지역,여유,4500,5000,37.480819,126.8816358
2026-08-10 03:00,POI014,강남역,여유,18000,20000,37.5002304,127.0268054
2026-08-10 03:00,POI015,건대입구역,여유,14000,16000,37.54088,127.06812
2026-08-10 03:00,POI016,고덕역,여유,1000,1500,37.5550721,127.1550065
2026-08-10 03:00,POI017,고속터미널역,여유,1500,2000,37.5050827,127.0049777
2026-08-10 03:00,POI018,교대역,여유,5000,5500,37.494178,127.015909
2026-08-10 03:00,POI019,구로디지털단지역,여유,4000,4500,37.4853417,126.9068128
2026-08-10 03:00,POI020,구로역,여유,700,800,37.5000903,126.8829924
2026-08-10 03:00,POI021,군자역,여유,3500,4000,37.558149,127.077839
2026-08-10 03:00,POI023,대림역,보통,16000,18000,37.4908703,126.8936859
2026-08-10 03:00,POI024,동대문역,여유,1000,1500,37.5718616,127.0114887
2026-08-10 03:00,POI025,뚝섬역,여유,3500,4000,37.5475031,127.0461973
2026-08-10 03:00,POI026,미아사거리역,여유,3000,3500,37.61175,127.03044
2026-08-10 03:00,POI055,홍대입구역(2호선),여유,6000,6500,37.5574135,126.9238
2026-08-10 03:00,POI088,광화문광장,여유,600,700,37.5759194,126.9768
2026-08-10 03:00,POI119,잠실역,여유,2500,3000,37.5127453,127.0973
2026-08-10 04:00,POI006,종로·청계 관광특구,여유,8000,8500,37.5702856,126.9903626
2026-08-10 04:00,POI007,홍대 관광특구,여유,32000,34000,37.5574135,126.9238
2026-08-10 04:00,POI008,경복궁,여유,200,300,37.579754,126.9766818
2026-08-10 04:00,POI009,광화문·덕수궁,여유,3000,3500,37.5759194,126.9768
2026-08-10 04:00,POI010,보신각,여유,1500,2000,37.5698518,126.9836102
2026-08-10 04:00,POI011,서울 암사동 유적,여유,300,400,37.5610203,127.1306288
2026-08-10 04:00,POI012,창덕궁·종묘,여유,3000,3500,37.5823872,126.9917013
2026-08-10 04:00,POI013,가산디지털단지역,여유,5000,5500,37.480819,126.8816358
2026-08-10 04:00,POI014,강남역,여유,18000,20000,37.5002304,127.0268054
2026-08-10 04:00,POI015,건대입구역,여유,14000,16000,37.54088,127.06812
2026-08-10 04:00,POI016,고덕역,여유,1000,1500,37.5550721,127.1550065
2026-08-10 04:00,POI017,고속터미널역,여유,1500,2000,37.5050827,127.0049777
2026-08-10 04:00,POI018,교대역,여유,5000,5500,37.494178,127.015909
2026-08-10 04:00,POI019,구로디지털단지역,여유,4000,4500,37.4853417,126.9068128
2026-08-10 04:00,POI020,구로역,여유,700,800,37.5000903,126.8829924
2026-08-10 04:00,POI021,군자역,여유,3500,4000,37.558149,127.077839
2026-08-10 04:00,POI023,대림역,보통,16000,18000,37.4908703,126.8936859
2026-08-10 04:00,POI024,동대문역,여유,700,800,37.5718616,127.0114887
2026-08-10 04:00,POI025,뚝섬역,여유,3500,4000,37.5475031,127.0461973
2026-08-10 04:00,POI026,미아사거리역,여유,3000,3500,37.61175,127.03044
2026-08-10 04:00,POI055,홍대입구역(2호선),여유,6000,6500,37.5574135,126.9238
2026-08-10 04:00,POI088,광화문광장,여유,600,700,37.5759194,126.9768
2026-08-10 04:00,POI119,잠실역,여유,2500,3000,37.5127453,127.0973
2026-08-10 05:00,POI006,종로·청계 관광특구,여유,8500,9000,37.5702856,126.9903626
2026-08-10 05:00,POI007,홍대 관광특구,여유,30000,32000,37.5574135,126.9238
2026-08-10 05:00,POI008,경복궁,여유,200,300,37.579754,126.9766818
2026-08-10 05:00,POI009,광화문·덕수궁,여유,3500,4000,37.5759194,126.9768
2026-08-10 05:00,POI010,보신각,여유,1500,2000,37.5698518,126.9836102
2026-08-10 05:00,POI011,서울 암사동 유적,여유,300,400,37.5610203,127.1306288
2026-08-10 05:00,POI012,창덕궁·종묘,여유,3000,3500,37.5823872,126.9917013
2026-08-10 05:00,POI013,가산디지털단지역,여유,5500,6000,37.480819,126.8816358
2026-08-10 05:00,POI014,강남역,여유,18000,20000,37.5002304,127.0268054
2026-08-10 05:00,POI015,건대입구역,여유,14000,16000,37.54088,127.06812
2026-08-10 05:00,POI016,고덕역,여유,1000,1500,37.5550721,127.1550065
2026-08-10 05:00,POI017,고속터미널역,여유,2000,2500,37.5050827,127.0049777
2026-08-10 05:00,POI018,교대역,여유,5000,5500,37.494178,127.015909
2026-08-10 05:00,POI019,구로디지털단지역,여유,4500,5000,37.4853417,126.9068128
2026-08-10 05:00,POI020,구로역,여유,800,900,37.5000903,126.8829924
2026-08-10 05:00,POI021,군자역,여유,3500,4000,37.558149,127.077839
2026-08-10 05:00,POI023,대림역,보통,16000,18000,37.4908703,126.8936859
2026-08-10 05:00,POI024,동대문역,여유,1000,1500,37.5718616,127.0114887
2026-08-10 05:00,POI025,뚝섬역,여유,3500,4000,37.5475031,127.0461973
2026-08-10 05:00,POI026,미아사거리역,여유,3000,3500,37.61175,127.03044
2026-08-10 05:00,POI055,홍대입구역(2호선),여유,6000,6500,37.5574135,126.9238
2026-08-10 05:00,POI088,광화문광장,여유,700,800,37.5759194,126.9768
2026-08-10 05:00,POI119,잠실역,여유,2500,3000,37.5127453,127.0973
2026-08-10 06:00,POI006,종로·청계 관광특구,여유,10000,12000,37.5702856,126.9903626
2026-08-10 06:00,POI007,홍대 관광특구,여유,30000,32000,37.5574135,126.9238
2026-08-10 06:00,POI008,경복궁,여유,300,400,37.579754,126.9766818
2026-08-10 06:00,POI009,광화문·덕수궁,여유,5000,5500,37.5759194,126.9768
2026-08-10 06:00,POI010,보신각,여유,2000,2500,37.5698518,126.9836102
2026-08-10 06:00,POI011,서울 암사동 유적,여유,300,400,37.5610203,127.1306288
2026-08-10 06:00,POI012,창덕궁·종묘,여유,3500,4000,37.5823872,126.9917013
2026-08-10 06:00,POI013,가산디지털단지역,여유,7000,7500,37.480819,126.8816358
2026-08-10 06:00,POI014,강남역,여유,20000,22000,37.5002304,127.0268054
2026-08-10 06:00,POI015,건대입구역,여유,14000,16000,37.54088,127.06812
2026-08-10 06:00,POI016,고덕역,여유,1000,1500,37.5550721,127.1550065
2026-08-10 06:00,POI017,고속터미널역,여유,4000,4500,37.5050827,127.0049777
2026-08-10 06:00,POI018,교대역,여유,5500,6000,37.494178,127.015909
2026-08-10 06:00,POI019,구로디지털단지역,여유,5000,5500,37.4853417,126.9068128
2026-08-10 06:00,POI020,구로역,여유,1000,1500,37.5000903,126.8829924
2026-08-10 06:00,POI021,군자역,여유,3500,4000,37.558149,127.077839
2026-08-10 06:00,POI023,대림역,보통,16000,18000,37.4908703,126.8936859
2026-08-10 06:00,POI024,동대문역,여유,2000,2500,37.5718616,127.0114887
2026-08-10 06:00,POI025,뚝섬역,여유,4000,4500,37.5475031,127.0461973
2026-08-10 06:00,POI026,미아사거리역,여유,4500,5000,37.61175,127.03044
2026-08-10 06:00,POI055,홍대입구역(2호선),여유,6000,6500,37.5574135,126.9238
2026-08-10 06:00,POI088,광화문광장,여유,1000,1500,37.5759194,126.9768
2026-08-10 06:00,POI119,잠실역,여유,3500,4000,37.5127453,127.0973
2026-08-10 07:00,POI006,종로·청계 관광특구,여유,14000,16000,37.5702856,126.9903626
2026-08-10 07:00,POI007,홍대 관광특구,여유,32000,34000,37.5574135,126.9238
2026-08-10 07:00,POI008,경복궁,여유,600,700,37.579754,126.9766818
2026-08-10 07:00,POI009,광화문·덕수궁,여유,9500,10000,37.5759194,126.9768
2026-08-10 07:00,POI010,보신각,여유,3000,3500,37.5698518,126.9836102
2026-08-10 07:00,POI011,서울 암사동 유적,여유,300,400,37.5610203,127.1306288
2026-08-10 07:00,POI012,창덕궁·종묘,여유,4500,5000,37.5823872,126.9917013
2026-08-10 07:00,POI013,가산디지털단지역,여유,12000,14000,37.480819,126.8816358
2026-08-10 07:00,POI014,강남역,여유,28000,30000,37.5002304,127.0268054
2026-08-10 07:00,POI015,건대입구역,여유,18000,20000,37.54088,127.06812
2026-08-10 07:00,POI016,고덕역,여유,1500,2000,37.5550721,127.1550065
2026-08-10 07:00,POI017,고속터미널역,여유,6000,6500,37.5050827,127.0049777
2026-08-10 07:00,POI018,교대역,여유,9500,10000,37.494178,127.015909
2026-08-10 07:00,POI019,구로디지털단지역,여유,7000,7500,37.4853417,126.9068128
2026-08-10 07:00,POI020,구로역,여유,2000,2500,37.5000903,126.8829924
2026-08-10 07:00,POI021,군자역,여유,4000,4500,37.558149,127.077839
2026-08-10 07:00,POI023,대림역,여유,16000,18000,37.4908703,126.8936859
2026-08-10 07:00,POI024,동대문역,여유,3000,3500,37.5718616,127.0114887
2026-08-10 07:00,POI025,뚝섬역,여유,5500,6000,37.5475031,127.0461973
2026-08-10 07:00,POI026,미아사거리역,여유,6000,6500,37.61175,127.03044
2026-08-10 07:00,POI055,홍대입구역(2호선),여유,7500,8000,37.5574135,126.9238
2026-08-10 07:00,POI088,광화문광장,여유,2000,2500,37.5759194,126.9768
2026-08-10 07:00,POI119,잠실역,여유,6000,6500,37.5127453,127.0973
2026-08-10 08:00,POI006,종로·청계 관광특구,여유,22000,24000,37.5702856,126.9903626
2026-08-10 08:00,POI007,홍대 관광특구,여유,38000,40000,37.5574135,126.9238
2026-08-10 08:00,POI008,경복궁,여유,900,1000,37.579754,126.9766818
2026-08-10 08:00,POI009,광화문·덕수궁,여유,20000,22000,37.5759194,126.9768
2026-08-10 08:00,POI010,보신각,여유,7000,7500,37.5698518,126.9836102
2026-08-10 08:00,POI011,서울 암사동 유적,여유,300,400,37.5610203,127.1306288
2026-08-10 08:00,POI012,창덕궁·종묘,보통,7500,8000,37.5823872,126.9917013
2026-08-10 08:00,POI013,가산디지털단지역,보통,24000,26000,37.480819,126.8816358
2026-08-10 08:00,POI014,강남역,여유,42000,44000,37.5002304,127.0268054
2026-08-10 08:00,POI015,건대입구역,여유,22000,24000,37.54088,127.06812
2026-08-10 08:00,POI016,고덕역,여유,1500,2000,37.5550721,127.1550065
2026-08-10 08:00,POI017,고속터미널역,여유,10000,12000,37.5050827,127.0049777
2026-08-10 08:00,POI018,교대역,여유,12000,14000,37.494178,127.015909
2026-08-10 08:00,POI019,구로디지털단지역,약간 붐빔,16000,18000,37.4853417,126.9068128
2026-08-10 08:00,POI020,구로역,약간 붐빔,4000,4500,37.5000903,126.8829924
2026-08-10 08:00,POI021,군자역,여유,5000,5500,37.558149,127.077839
2026-08-10 08:00,POI023,대림역,보통,16000,18000,37.4908703,126.8936859
2026-08-10 08:00,POI024,동대문역,보통,6500,7000,37.5718616,127.0114887
2026-08-10 08:00,POI025,뚝섬역,여유,6500,7000,37.5475031,127.0461973
2026-08-10 08:00,POI026,미아사거리역,여유,7500,8000,37.61175,127.03044
2026-08-10 08:00,POI055,홍대입구역(2호선),여유,9500,10000,37.5574135,126.9238
2026-08-10 08:00,POI088,광화문광장,여유,4500,5000,37.5759194,126.9768
2026-08-10 08:00,POI119,잠실역,여유,9500,10000,37.5127453,127.0973
2026-08-10 11:00,POI006,종로·청계 관광특구,보통,36000,38000,37.5702856,126.9903626
2026-08-10 11:00,POI007,홍대 관광특구,여유,58000,60000,37.5574135,126.9238
2026-08-10 11:00,POI008,경복궁,보통,1500,2000,37.579754,126.9766818
2026-08-10 11:00,POI009,광화문·덕수궁,보통,36000,38000,37.5759194,126.9768
2026-08-10 11:00,POI010,보신각,보통,14000,16000,37.5698518,126.9836102
2026-08-10 11:00,POI011,서울 암사동 유적,여유,300,400,37.5610203,127.1306288
2026-08-10 11:00,POI012,창덕궁·종묘,보통,12000,14000,37.5823872,126.9917013
2026-08-10 11:00,POI013,가산디지털단지역,약간 붐빔,34000,36000,37.480819,126.8816358
2026-08-10 11:00,POI014,강남역,약간 붐빔,74000,76000,37.5002304,127.0268054
2026-08-10 11:00,POI015,건대입구역,여유,22000,24000,37.54088,127.06812
2026-08-10 11:00,POI016,고덕역,여유,3000,3500,37.5550721,127.1550065
2026-08-10 11:00,POI017,고속터미널역,보통,18000,20000,37.5050827,127.0049777
2026-08-10 11:00,POI018,교대역,약간 붐빔,20000,22000,37.494178,127.015909
2026-08-10 11:00,POI019,구로디지털단지역,약간 붐빔,34000,36000,37.4853417,126.9068128
2026-08-10 11:00,POI020,구로역,여유,2000,2500,37.5000903,126.8829924
2026-08-10 11:00,POI021,군자역,여유,6000,6500,37.558149,127.077839
2026-08-10 11:00,POI023,대림역,여유,14000,16000,37.4908703,126.8936859
2026-08-10 11:00,POI024,동대문역,보통,7500,8000,37.5718616,127.0114887
2026-08-10 11:00,POI025,뚝섬역,여유,8500,9000,37.5475031,127.0461973
2026-08-10 11:00,POI026,미아사거리역,여유,9500,10000,37.61175,127.03044
2026-08-10 11:00,POI055,홍대입구역(2호선),여유,14000,16000,37.5574135,126.9238
2026-08-10 11:00,POI088,광화문광장,여유,7000,7500,37.5759194,126.9768
2026-08-10 11:00,POI119,잠실역,여유,24000,26000,37.5127453,127.0973
2026-08-10 13:00,POI006,종로·청계 관광특구,보통,42000,44000,37.5702856,126.9903626
2026-08-10 13:00,POI007,홍대 관광특구,여유,74000,76000,37.5574135,126.9238
2026-08-10 13:00,POI008,경복궁,보통,1500,2000,37.579754,126.9766818
2026-08-10 13:00,POI009,광화문·덕수궁,약간 붐빔,42000,44000,37.5759194,126.9768
2026-08-10 13:00,POI010,보신각,보통,18000,20000,37.5698518,126.9836102
2026-08-10 13:00,POI011,서울 암사동 유적,여유,300,400,37.5610203,127.1306288
2026-08-10 13:00,POI012,창덕궁·종묘,보통,12000,14000,37.5823872,126.9917013
2026-08-10 13:00,POI013,가산디지털단지역,약간 붐빔,38000,40000,37.480819,126.8816358
2026-08-10 13:00,POI014,강남역,약간 붐빔,86000,88000,37.5002304,127.0268054
2026-08-10 13:00,POI015,건대입구역,여유,26000,28000,37.54088,127.06812
2026-08-10 13:00,POI016,고덕역,여유,4000,4500,37.5550721,127.1550065
2026-08-10 13:00,POI017,고속터미널역,약간 붐빔,26000,28000,37.5050827,127.0049777
2026-08-10 13:00,POI018,교대역,붐빔,22000,24000,37.494178,127.015909
2026-08-10 13:00,POI019,구로디지털단지역,붐빔,38000,40000,37.4853417,126.9068128
2026-08-10 13:00,POI020,구로역,여유,2000,2500,37.5000903,126.8829924
2026-08-10 13:00,POI021,군자역,여유,6500,7000,37.558149,127.077839
2026-08-10 13:00,POI023,대림역,여유,14000,16000,37.4908703,126.8936859
2026-08-10 13:00,POI024,동대문역,보통,9500,10000,37.5718616,127.0114887
2026-08-10 13:00,POI025,뚝섬역,약간 붐빔,10000,12000,37.5475031,127.0461973
2026-08-10 13:00,POI026,미아사거리역,보통,10000,12000,37.61175,127.03044
2026-08-10 13:00,POI055,홍대입구역(2호선),보통,18000,20000,37.5574135,126.9238
2026-08-10 13:00,POI088,광화문광장,보통,8000,8500,37.5759194,126.9768
2026-08-10 13:00,POI119,잠실역,약간 붐빔,36000,38000,37.5127453,127.0973
2026-08-10 15:00,POI006,종로·청계 관광특구,보통,40000,42000,37.5702856,126.9903626
2026-08-10 15:00,POI007,홍대 관광특구,보통,78000,80000,37.5574135,126.9238
2026-08-10 15:00,POI008,경복궁,보통,1500,2000,37.579754,126.9766818
2026-08-10 15:00,POI009,광화문·덕수궁,보통,40000,42000,37.5759194,126.9768
2026-08-10 15:00,POI010,보신각,보통,16000,18000,37.5698518,126.9836102
2026-08-10 15:00,POI011,서울 암사동 유적,여유,200,300,37.5610203,127.1306288
2026-08-10 15:00,POI012,창덕궁·종묘,보통,12000,14000,37.5823872,126.9917013
2026-08-10 15:00,POI013,가산디지털단지역,약간 붐빔,34000,36000,37.480819,126.8816358
2026-08-10 15:00,POI014,강남역,약간 붐빔,84000,86000,37.5002304,127.0268054
2026-08-10 15:00,POI015,건대입구역,여유,26000,28000,37.54088,127.06812
2026-08-10 15:00,POI016,고덕역,여유,4000,4500,37.5550721,127.1550065
2026-08-10 15:00,POI017,고속터미널역,약간 붐빔,26000,28000,37.5050827,127.0049777
2026-08-10 15:00,POI018,교대역,붐빔,22000,24000,37.494178,127.015909
2026-08-10 15:00,POI019,구로디지털단지역,약간 붐빔,34000,36000,37.4853417,126.9068128
2026-08-10 15:00,POI020,구로역,여유,2000,2500,37.5000903,126.8829924
2026-08-10 15:00,POI021,군자역,여유,6500,7000,37.558149,127.077839
2026-08-10 15:00,POI023,대림역,여유,14000,16000,37.4908703,126.8936859
2026-08-10 15:00,POI024,동대문역,보통,9500,10000,37.5718616,127.0114887
2026-08-10 15:00,POI025,뚝섬역,약간 붐빔,10000,12000,37.5475031,127.0461973
2026-08-10 15:00,POI026,미아사거리역,보통,10000,12000,37.61175,127.03044
2026-08-10 15:00,POI055,홍대입구역(2호선),약간 붐빔,20000,22000,37.5574135,126.9238
2026-08-10 15:00,POI088,광화문광장,보통,8000,8500,37.5759194,126.9768
2026-08-10 15:00,POI119,잠실역,약간 붐빔,42000,44000,37.5127453,127.0973
2026-08-10 17:00,POI006,종로·청계 관광특구,보통,38000,40000,37.5702856,126.9903626
2026-08-10 17:00,POI007,홍대 관광특구,보통,84000,86000,37.5574135,126.9238
2026-08-10 17:00,POI008,경복궁,보통,1500,2000,37.579754,126.9766818
2026-08-10 17:00,POI009,광화문·덕수궁,보통,38000,40000,37.5759194,126.9768
2026-08-10 17:00,POI010,보신각,보통,12000,14000,37.5698518,126.9836102
2026-08-10 17:00,POI011,서울 암사동 유적,여유,300,400,37.5610203,127.1306288
2026-08-10 17:00,POI012,창덕궁·종묘,보통,12000,14000,37.5823872,126.9917013
2026-08-10 17:00,POI013,가산디지털단지역,약간 붐빔,36000,38000,37.480819,126.8816358
2026-08-10 17:00,POI014,강남역,약간 붐빔,80000,82000,37.5002304,127.0268054
2026-08-10 17:00,POI015,건대입구역,보통,26000,28000,37.54088,127.06812
2026-08-10 17:00,POI016,고덕역,보통,5000,5500,37.5550721,127.1550065
2026-08-10 17:00,POI017,고속터미널역,약간 붐빔,24000,26000,37.5050827,127.0049777
2026-08-10 17:00,POI018,교대역,보통,20000,22000,37.494178,127.015909
2026-08-10 17:00,POI019,구로디지털단지역,약간 붐빔,32000,34000,37.4853417,126.9068128
2026-08-10 17:00,POI020,구로역,여유,2500,3000,37.5000903,126.8829924
2026-08-10 17:00,POI021,군자역,여유,7000,7500,37.558149,127.077839
2026-08-10 17:00,POI023,대림역,여유,14000,16000,37.4908703,126.8936859
2026-08-10 17:00,POI024,동대문역,약간 붐빔,8500,9000,37.5718616,127.0114887
2026-08-10 17:00,POI025,뚝섬역,보통,9500,10000,37.5475031,127.0461973
2026-08-10 17:00,POI026,미아사거리역,보통,10000,12000,37.61175,127.03044
2026-08-10 17:00,POI055,홍대입구역(2호선),약간 붐빔,22000,24000,37.5574135,126.9238
2026-08-10 17:00,POI088,광화문광장,보통,8000,8500,37.5759194,126.9768
2026-08-10 17:00,POI119,잠실역,약간 붐빔,38000,40000,37.5127453,127.0973
2026-08-10 19:00,POI006,종로·청계 관광특구,보통,30000,32000,37.5702856,126.9903626
2026-08-10 19:00,POI007,홍대 관광특구,약간 붐빔,84000,86000,37.5574135,126.9238
2026-08-10 19:00,POI008,경복궁,여유,1000,1500,37.579754,126.9766818
2026-08-10 19:00,POI009,광화문·덕수궁,여유,26000,28000,37.5759194,126.9768
2026-08-10 19:00,POI010,보신각,보통,10000,12000,37.5698518,126.9836102
2026-08-10 19:00,POI011,서울 암사동 유적,여유,300,400,37.5610203,127.1306288
2026-08-10 19:00,POI012,창덕궁·종묘,보통,9500,10000,37.5823872,126.9917013
2026-08-10 19:00,POI013,가산디지털단지역,보통,26000,28000,37.480819,126.8816358
2026-08-10 19:00,POI014,강남역,붐빔,74000,76000,37.5002304,127.0268054
2026-08-10 19:00,POI015,건대입구역,약간 붐빔,30000,32000,37.54088,127.06812
2026-08-10 19:00,POI016,고덕역,약간 붐빔,4500,5000,37.5550721,127.1550065
2026-08-10 19:00,POI017,고속터미널역,보통,22000,24000,37.5050827,127.0049777
2026-08-10 19:00,POI018,교대역,여유,16000,18000,37.494178,127.015909
2026-08-10 19:00,POI019,구로디지털단지역,약간 붐빔,20000,22000,37.4853417,126.9068128
2026-08-10 19:00,POI020,구로역,여유,3000,3500,37.5000903,126.8829924
2026-08-10 19:00,POI021,군자역,보통,8500,9000,37.558149,127.077839
2026-08-10 19:00,POI023,대림역,여유,16000,18000,37.4908703,126.8936859
2026-08-10 19:00,POI024,동대문역,보통,6500,7000,37.5718616,127.0114887
2026-08-10 19:00,POI025,뚝섬역,여유,9000,9500,37.5475031,127.0461973
2026-08-10 19:00,POI026,미아사거리역,붐빔,12000,14000,37.61175,127.03044
2026-08-10 19:00,POI055,홍대입구역(2호선),붐빔,22000,24000,37.5574135,126.9238
2026-08-10 19:00,POI088,광화문광장,여유,6000,6500,37.5759194,126.9768
2026-08-10 19:00,POI119,잠실역,붐빔,36000,38000,37.5127453,127.0973
2026-08-10 20:00,POI006,종로·청계 관광특구,여유,24000,26000,37.5702856,126.9903626
2026-08-10 20:00,POI007,홍대 관광특구,여유,74000,76000,37.5574135,126.9238
2026-08-10 20:00,POI008,경복궁,여유,900,1000,37.579754,126.9766818
2026-08-10 20:00,POI009,광화문·덕수궁,여유,18000,20000,37.5759194,126.9768
2026-08-10 20:00,POI010,보신각,보통,9000,9500,37.5698518,126.9836102
2026-08-10 20:00,POI011,서울 암사동 유적,여유,300,400,37.5610203,127.1306288
2026-08-10 20:00,POI012,창덕궁·종묘,여유,6500,7000,37.5823872,126.9917013
2026-08-10 20:00,POI013,가산디지털단지역,여유,14000,16000,37.480819,126.8816358
2026-08-10 20:00,POI014,강남역,보통,58000,60000,37.5002304,127.0268054
2026-08-10 20:00,POI015,건대입구역,보통,28000,30000,37.54088,127.06812
2026-08-10 20:00,POI016,고덕역,여유,4000,4500,37.5550721,127.1550065
2026-08-10 20:00,POI017,고속터미널역,여유,12000,14000,37.5050827,127.0049777
2026-08-10 20:00,POI018,교대역,여유,14000,16000,37.494178,127.015909
2026-08-10 20:00,POI019,구로디지털단지역,여유,14000,16000,37.4853417,126.9068128
2026-08-10 20:00,POI020,구로역,여유,2000,2500,37.5000903,126.8829924
2026-08-10 20:00,POI021,군자역,보통,7500,8000,37.558149,127.077839
2026-08-10 20:00,POI023,대림역,여유,16000,18000,37.4908703,126.8936859
2026-08-10 20:00,POI024,동대문역,여유,4000,4500,37.5718616,127.0114887
2026-08-10 20:00,POI025,뚝섬역,여유,7500,8000,37.5475031,127.0461973
2026-08-10 20:00,POI026,미아사거리역,여유,8500,9000,37.61175,127.03044
2026-08-10 20:00,POI055,홍대입구역(2호선),보통,18000,20000,37.5574135,126.9238
2026-08-10 20:00,POI088,광화문광장,여유,4000,4500,37.5759194,126.9768
2026-08-10 20:00,POI119,잠실역,보통,28000,30000,37.5127453,127.0973
2026-08-10 22:00,POI006,종로·청계 관광특구,여유,16000,18000,37.5702856,126.9903626
2026-08-10 22:00,POI007,홍대 관광특구,여유,60000,62000,37.5574135,126.9238
2026-08-10 22:00,POI008,경복궁,여유,500,600,37.579754,126.9766818
2026-08-10 22:00,POI009,광화문·덕수궁,여유,10000,12000,37.5759194,126.9768
2026-08-10 22:00,POI010,보신각,여유,5500,6000,37.5698518,126.9836102
2026-08-10 22:00,POI011,서울 암사동 유적,여유,300,400,37.5610203,127.1306288
2026-08-10 22:00,POI012,창덕궁·종묘,여유,5000,5500,37.5823872,126.9917013
2026-08-10 22:00,POI013,가산디지털단지역,여유,10000,12000,37.480819,126.8816358
2026-08-10 22:00,POI014,강남역,여유,44000,46000,37.5002304,127.0268054
2026-08-10 22:00,POI015,건대입구역,여유,26000,28000,37.54088,127.06812
2026-08-10 22:00,POI016,고덕역,여유,3500,4000,37.5550721,127.1550065
2026-08-10 22:00,POI017,고속터미널역,여유,6500,7000,37.5050827,127.0049777
2026-08-10 22:00,POI018,교대역,여유,10000,12000,37.494178,127.015909
2026-08-10 22:00,POI019,구로디지털단지역,여유,9500,10000,37.4853417,126.9068128
2026-08-10 22:00,POI020,구로역,여유,2000,2500,37.5000903,126.8829924
2026-08-10 22:00,POI021,군자역,여유,6500,7000,37.558149,127.077839
2026-08-10 22:00,POI023,대림역,보통,16000,18000,37.4908703,126.8936859
2026-08-10 22:00,POI024,동대문역,여유,3000,3500,37.5718616,127.0114887
2026-08-10 22:00,POI025,뚝섬역,여유,6000,6500,37.5475031,127.0461973
2026-08-10 22:00,POI026,미아사거리역,여유,6500,7000,37.61175,127.03044
2026-08-10 22:00,POI055,홍대입구역(2호선),여유,14000,16000,37.5574135,126.9238
2026-08-10 22:00,POI088,광화문광장,여유,2000,2500,37.5759194,126.9768
2026-08-10 22:00,POI119,잠실역,여유,14000,16000,37.5127453,127.0973
2026-08-11 00:00,POI006,종로·청계 관광특구,여유,12000,14000,37.5702856,126.9903626
2026-08-11 00:00,POI007,홍대 관광특구,여유,42000,44000,37.5574135,126.9238
2026-08-11 00:00,POI008,경복궁,여유,400,500,37.579754,126.9766818
2026-08-11 00:00,POI009,광화문·덕수궁,여유,5000,5500,37.5759194,126.9768
2026-08-11 00:00,POI010,보신각,여유,3000,3500,37.5698518,126.9836102
2026-08-11 00:00,POI011,서울 암사동 유적,여유,300,400,37.5610203,127.1306288
2026-08-11 00:00,POI012,창덕궁·종묘,여유,3500,4000,37.5823872,126.9917013
2026-08-11 00:00,POI013,가산디지털단지역,여유,6500,7000,37.480819,126.8816358
2026-08-11 00:00,POI014,강남역,여유,28000,30000,37.5002304,127.0268054
2026-08-11 00:00,POI015,건대입구역,여유,22000,24000,37.54088,127.06812
2026-08-11 00:00,POI016,고덕역,여유,1500,2000,37.5550721,127.1550065
2026-08-11 00:00,POI017,고속터미널역,여유,3000,3500,37.5050827,127.0049777
2026-08-11 00:00,POI018,교대역,여유,9000,9500,37.494178,127.015909
2026-08-11 00:00,POI019,구로디지털단지역,여유,6000,6500,37.4853417,126.9068128
2026-08-11 00:00,POI020,구로역,여유,1000,1500,37.5000903,126.8829924
2026-08-11 00:00,POI021,군자역,여유,4500,5000,37.558149,127.077839
2026-08-11 00:00,POI023,대림역,보통,16000,18000,37.4908703,126.8936859
2026-08-11 00:00,POI024,동대문역,여유,2000,2500,37.5718616,127.0114887
2026-08-11 00:00,POI025,뚝섬역,여유,5000,5500,37.5475031,127.0461973
2026-08-11 00:00,POI026,미아사거리역,여유,4500,5000,37.61175,127.03044
2026-08-11 00:00,POI055,홍대입구역(2호선),여유,9500,10000,37.5574135,126.9238
2026-08-11 00:00,POI088,광화문광장,여유,1000,1500,37.5759194,126.9768
2026-08-11 00:00,POI119,잠실역,여유,5500,6000,37.5127453,127.0973
2026-08-11 02:00,POI006,종로·청계 관광특구,여유,8500,9000,37.5702856,126.9903626
2026-08-11 02:00,POI007,홍대 관광특구,여유,32000,34000,37.5574135,126.9238
2026-08-11 02:00,POI008,경복궁,여유,200,300,37.579754,126.9766818
2026-08-11 02:00,POI009,광화문·덕수궁,여유,3000,3500,37.5759194,126.9768
2026-08-11 02:00,POI010,보신각,여유,2000,2500,37.5698518,126.9836102
2026-08-11 02:00,POI011,서울 암사동 유적,여유,300,400,37.5610203,127.1306288
2026-08-11 02:00,POI012,창덕궁·종묘,여유,3000,3500,37.5823872,126.9917013
2026-08-11 02:00,POI013,가산디지털단지역,여유,4000,4500,37.480819,126.8816358
2026-08-11 02:00,POI014,강남역,여유,20000,22000,37.5002304,127.0268054
2026-08-11 02:00,POI015,건대입구역,여유,14000,16000,37.54088,127.06812
2026-08-11 02:00,POI016,고덕역,여유,1000,1500,37.5550721,127.1550065
2026-08-11 02:00,POI017,고속터미널역,여유,1000,1500,37.5050827,127.0049777
2026-08-11 02:00,POI018,교대역,여유,5500,6000,37.494178,127.015909
2026-08-11 02:00,POI019,구로디지털단지역,여유,4000,4500,37.4853417,126.9068128
2026-08-11 02:00,POI020,구로역,여유,600,700,37.5000903,126.8829924
2026-08-11 02:00,POI021,군자역,여유,3000,3500,37.558149,127.077839
2026-08-11 02:00,POI023,대림역,보통,16000,18000,37.4908703,126.8936859
2026-08-11 02:00,POI024,동대문역,여유,1000,1500,37.5718616,127.0114887
2026-08-11 02:00,POI025,뚝섬역,여유,3500,4000,37.5475031,127.0461973
2026-08-11 02:00,POI026,미아사거리역,여유,2500,3000,37.61175,127.03044
2026-08-11 02:00,POI055,홍대입구역(2호선),여유,6000,6500,37.5574135,126.9238
2026-08-11 02:00,POI088,광화문광장,여유,700,800,37.5759194,126.9768
2026-08-11 02:00,POI119,잠실역,여유,2500,3000,37.5127453,127.0973
2026-08-11 02:00,POI006,종로·청계 관광특구,여유,8500,9000,37.5702856,126.9903626
2026-08-11 02:00,POI007,홍대 관광특구,여유,32000,34000,37.5574135,126.9238
2026-08-11 02:00,POI008,경복궁,여유,200,300,37.579754,126.9766818
2026-08-11 02:00,POI009,광화문·덕수궁,여유,3000,3500,37.5759194,126.9768
2026-08-11 02:00,POI010,보신각,여유,1500,2000,37.5698518,126.9836102
2026-08-11 02:00,POI011,서울 암사동 유적,여유,300,400,37.5610203,127.1306288
2026-08-11 02:00,POI012,창덕궁·종묘,여유,3000,3500,37.5823872,126.9917013
2026-08-11 02:00,POI013,가산디지털단지역,여유,5000,5500,37.480819,126.8816358
2026-08-11 02:00,POI014,강남역,여유,20000,22000,37.5002304,127.0268054
2026-08-11 02:00,POI015,건대입구역,여유,14000,16000,37.54088,127.06812
2026-08-11 02:00,POI016,고덕역,여유,1000,1500,37.5550721,127.1550065
2026-08-11 02:00,POI017,고속터미널역,여유,1500,2000,37.5050827,127.0049777
2026-08-11 02:00,POI018,교대역,여유,5500,6000,37.494178,127.015909
2026-08-11 02:00,POI019,구로디지털단지역,여유,5000,5500,37.4853417,126.9068128
2026-08-11 02:00,POI020,구로역,여유,700,800,37.5000903,126.8829924
2026-08-11 02:00,POI021,군자역,여유,3500,4000,37.558149,127.077839
2026-08-11 02:00,POI023,대림역,보통,16000,18000,37.4908703,126.8936859
2026-08-11 02:00,POI024,동대문역,여유,1000,1500,37.5718616,127.0114887
2026-08-11 02:00,POI025,뚝섬역,여유,4000,4500,37.5475031,127.0461973
2026-08-11 02:00,POI026,미아사거리역,여유,3000,3500,37.61175,127.03044
2026-08-11 02:00,POI055,홍대입구역(2호선),여유,6000,6500,37.5574135,126.9238
2026-08-11 02:00,POI088,광화문광장,여유,700,800,37.5759194,126.9768
2026-08-11 02:00,POI119,잠실역,여유,2500,3000,37.5127453,127.0973
2026-08-11 04:00,POI006,종로·청계 관광특구,여유,8000,8500,37.5702856,126.9903626
2026-08-11 04:00,POI007,홍대 관광특구,여유,30000,32000,37.5574135,126.9238
2026-08-11 04:00,POI008,경복궁,여유,200,300,37.579754,126.9766818
2026-08-11 04:00,POI009,광화문·덕수궁,여유,3000,3500,37.5759194,126.9768
2026-08-11 04:00,POI010,보신각,여유,1500,2000,37.5698518,126.9836102
2026-08-11 04:00,POI011,서울 암사동 유적,여유,300,400,37.5610203,127.1306288
2026-08-11 04:00,POI012,창덕궁·종묘,여유,3000,3500,37.5823872,126.9917013
2026-08-11 04:00,POI013,가산디지털단지역,여유,5000,5500,37.480819,126.8816358
2026-08-11 04:00,POI014,강남역,여유,20000,22000,37.5002304,127.0268054
2026-08-11 04:00,POI015,건대입구역,여유,14000,16000,37.54088,127.06812
2026-08-11 04:00,POI016,고덕역,여유,1000,1500,37.5550721,127.1550065
2026-08-11 04:00,POI017,고속터미널역,여유,1000,1500,37.5050827,127.0049777
2026-08-11 04:00,POI018,교대역,여유,5500,6000,37.494178,127.015909
2026-08-11 04:00,POI019,구로디지털단지역,여유,4500,5000,37.4853417,126.9068128
2026-08-11 04:00,POI020,구로역,여유,700,800,37.5000903,126.8829924
2026-08-11 04:00,POI021,군자역,여유,3500,4000,37.558149,127.077839
2026-08-11 04:00,POI023,대림역,보통,16000,18000,37.4908703,126.8936859
2026-08-11 04:00,POI024,동대문역,여유,800,900,37.5718616,127.0114887
2026-08-11 04:00,POI025,뚝섬역,여유,3500,4000,37.5475031,127.0461973
2026-08-11 04:00,POI026,미아사거리역,여유,3000,3500,37.61175,127.03044
2026-08-11 04:00,POI055,홍대입구역(2호선),여유,6000,6500,37.5574135,126.9238
2026-08-11 04:00,POI088,광화문광장,여유,600,700,37.5759194,126.9768
2026-08-11 04:00,POI119,잠실역,여유,2500,3000,37.5127453,127.0973
2026-08-11 05:00,POI006,종로·청계 관광특구,여유,8500,9000,37.5702856,126.9903626
2026-08-11 05:00,POI007,홍대 관광특구,여유,30000,32000,37.5574135,126.9238
2026-08-11 05:00,POI008,경복궁,여유,200,300,37.579754,126.9766818
2026-08-11 05:00,POI009,광화문·덕수궁,여유,3500,4000,37.5759194,126.9768
2026-08-11 05:00,POI010,보신각,여유,1500,2000,37.5698518,126.9836102
2026-08-11 05:00,POI011,서울 암사동 유적,여유,300,400,37.5610203,127.1306288
2026-08-11 05:00,POI012,창덕궁·종묘,여유,3000,3500,37.5823872,126.9917013
2026-08-11 05:00,POI013,가산디지털단지역,여유,6000,6500,37.480819,126.8816358
2026-08-11 05:00,POI014,강남역,여유,20000,22000,37.5002304,127.0268054
2026-08-11 05:00,POI015,건대입구역,여유,14000,16000,37.54088,127.06812
2026-08-11 05:00,POI016,고덕역,여유,1000,1500,37.5550721,127.1550065
2026-08-11 05:00,POI017,고속터미널역,여유,1500,2000,37.5050827,127.0049777
2026-08-11 05:00,POI018,교대역,여유,5500,6000,37.494178,127.015909
2026-08-11 05:00,POI019,구로디지털단지역,여유,4500,5000,37.4853417,126.9068128
2026-08-11 05:00,POI020,구로역,여유,800,900,37.5000903,126.8829924
2026-08-11 05:00,POI021,군자역,여유,3500,4000,37.558149,127.077839
2026-08-11 05:00,POI023,대림역,보통,16000,18000,37.4908703,126.8936859
2026-08-11 05:00,POI024,동대문역,여유,1000,1500,37.5718616,127.0114887
2026-08-11 05:00,POI025,뚝섬역,여유,4000,4500,37.5475031,127.0461973
2026-08-11 05:00,POI026,미아사거리역,여유,3000,3500,37.61175,127.03044
2026-08-11 05:00,POI055,홍대입구역(2호선),여유,6000,6500,37.5574135,126.9238
2026-08-11 05:00,POI088,광화문광장,여유,800,900,37.5759194,126.9768
2026-08-11 05:00,POI119,잠실역,여유,2500,3000,37.5127453,127.0973
2026-08-11 06:00,POI006,종로·청계 관광특구,여유,10000,12000,37.5702856,126.9903626
2026-08-11 06:00,POI007,홍대 관광특구,여유,30000,32000,37.5574135,126.9238
2026-08-11 06:00,POI008,경복궁,여유,400,500,37.579754,126.9766818
2026-08-11 06:00,POI009,광화문·덕수궁,여유,5500,6000,37.5759194,126.9768
2026-08-11 06:00,POI010,보신각,여유,2000,2500,37.5698518,126.9836102
2026-08-11 06:00,POI011,서울 암사동 유적,여유,300,400,37.5610203,127.1306288
2026-08-11 06:00,POI012,창덕궁·종묘,여유,3500,4000,37.5823872,126.9917013
2026-08-11 06:00,POI013,가산디지털단지역,여유,7500,8000,37.480819,126.8816358
2026-08-11 06:00,POI014,강남역,여유,22000,24000,37.5002304,127.0268054
2026-08-11 06:00,POI015,건대입구역,여유,14000,16000,37.54088,127.06812
2026-08-11 06:00,POI016,고덕역,여유,1000,1500,37.5550721,127.1550065
2026-08-11 06:00,POI017,고속터미널역,여유,3500,4000,37.5050827,127.0049777
2026-08-11 06:00,POI018,교대역,여유,6000,6500,37.494178,127.015909
2026-08-11 06:00,POI019,구로디지털단지역,여유,5000,5500,37.4853417,126.9068128
2026-08-11 06:00,POI020,구로역,여유,1000,1500,37.5000903,126.8829924
2026-08-11 06:00,POI021,군자역,여유,3500,4000,37.558149,127.077839
2026-08-11 06:00,POI023,대림역,여유,16000,18000,37.4908703,126.8936859
2026-08-11 06:00,POI024,동대문역,여유,2000,2500,37.5718616,127.0114887
2026-08-11 06:00,POI025,뚝섬역,여유,4000,4500,37.5475031,127.0461973
2026-08-11 06:00,POI026,미아사거리역,여유,5000,5500,37.61175,127.03044
2026-08-11 06:00,POI055,홍대입구역(2호선),여유,6500,7000,37.5574135,126.9238
2026-08-11 06:00,POI088,광화문광장,여유,1000,1500,37.5759194,126.9768
2026-08-11 06:00,POI119,잠실역,여유,3500,4000,37.5127453,127.0973
2026-08-11 07:00,POI006,종로·청계 관광특구,여유,14000,16000,37.5702856,126.9903626
2026-08-11 07:00,POI007,홍대 관광특구,여유,32000,34000,37.5574135,126.9238
2026-08-11 07:00,POI008,경복궁,여유,700,800,37.579754,126.9766818
2026-08-11 07:00,POI009,광화문·덕수궁,여유,10000,12000,37.5759194,126.9768
2026-08-11 07:00,POI010,보신각,여유,4000,4500,37.5698518,126.9836102
2026-08-11 07:00,POI011,서울 암사동 유적,여유,300,400,37.5610203,127.1306288
2026-08-11 07:00,POI012,창덕궁·종묘,여유,5500,6000,37.5823872,126.9917013
2026-08-11 07:00,POI013,가산디지털단지역,여유,14000,16000,37.480819,126.8816358
2026-08-11 07:00,POI014,강남역,여유,30000,32000,37.5002304,127.0268054
2026-08-11 07:00,POI015,건대입구역,여유,18000,20000,37.54088,127.06812
2026-08-11 07:00,POI016,고덕역,여유,1500,2000,37.5550721,127.1550065
2026-08-11 07:00,POI017,고속터미널역,여유,6500,7000,37.5050827,127.0049777
2026-08-11 07:00,POI018,교대역,여유,10000,12000,37.494178,127.015909
2026-08-11 07:00,POI019,구로디지털단지역,여유,7500,8000,37.4853417,126.9068128
2026-08-11 07:00,POI020,구로역,여유,2000,2500,37.5000903,126.8829924
2026-08-11 07:00,POI021,군자역,여유,4500,5000,37.558149,127.077839
2026-08-11 07:00,POI023,대림역,보통,16000,18000,37.4908703,126.8936859
2026-08-11 07:00,POI024,동대문역,여유,4000,4500,37.5718616,127.0114887
2026-08-11 07:00,POI025,뚝섬역,여유,5500,6000,37.5475031,127.0461973
2026-08-11 07:00,POI026,미아사거리역,여유,6000,6500,37.61175,127.03044
2026-08-11 07:00,POI055,홍대입구역(2호선),여유,8000,8500,37.5574135,126.9238
2026-08-11 07:00,POI088,광화문광장,여유,2500,3000,37.5759194,126.9768
2026-08-11 07:00,POI119,잠실역,여유,5500,6000,37.5127453,127.0973
2026-08-11 08:00,POI006,종로·청계 관광특구,여유,22000,24000,37.5702856,126.9903626
2026-08-11 08:00,POI007,홍대 관광특구,여유,38000,40000,37.5574135,126.9238
2026-08-11 08:00,POI008,경복궁,여유,900,1000,37.579754,126.9766818
2026-08-11 08:00,POI009,광화문·덕수궁,여유,22000,24000,37.5759194,126.9768
2026-08-11 08:00,POI010,보신각,여유,7000,7500,37.5698518,126.9836102
2026-08-11 08:00,POI011,서울 암사동 유적,여유,300,400,37.5610203,127.1306288
2026-08-11 08:00,POI012,창덕궁·종묘,보통,8000,8500,37.5823872,126.9917013
2026-08-11 08:00,POI013,가산디지털단지역,보통,24000,26000,37.480819,126.8816358
2026-08-11 08:00,POI014,강남역,여유,44000,46000,37.5002304,127.0268054
2026-08-11 08:00,POI015,건대입구역,여유,22000,24000,37.54088,127.06812
2026-08-11 08:00,POI016,고덕역,여유,1500,2000,37.5550721,127.1550065
2026-08-11 08:00,POI017,고속터미널역,여유,12000,14000,37.5050827,127.0049777
2026-08-11 08:00,POI018,교대역,여유,12000,14000,37.494178,127.015909
2026-08-11 08:00,POI019,구로디지털단지역,약간 붐빔,16000,18000,37.4853417,126.9068128
2026-08-11 08:00,POI020,구로역,보통,3000,3500,37.5000903,126.8829924
2026-08-11 08:00,POI021,군자역,여유,5000,5500,37.558149,127.077839
2026-08-11 08:00,POI023,대림역,보통,16000,18000,37.4908703,126.8936859
2026-08-11 08:00,POI024,동대문역,보통,6500,7000,37.5718616,127.0114887
2026-08-11 08:00,POI025,뚝섬역,여유,7000,7500,37.5475031,127.0461973
2026-08-11 08:00,POI026,미아사거리역,여유,8000,8500,37.61175,127.03044
2026-08-11 08:00,POI055,홍대입구역(2호선),여유,9500,10000,37.5574135,126.9238
2026-08-11 08:00,POI088,광화문광장,여유,4500,5000,37.5759194,126.9768
2026-08-11 08:00,POI119,잠실역,여유,10000,12000,37.5127453,127.0973
2026-08-11 11:00,POI006,종로·청계 관광특구,보통,36000,38000,37.5702856,126.9903626
2026-08-11 11:00,POI007,홍대 관광특구,여유,56000,58000,37.5574135,126.9238
2026-08-11 11:00,POI008,경복궁,여유,1000,1500,37.579754,126.9766818
2026-08-11 11:00,POI009,광화문·덕수궁,보통,36000,38000,37.5759194,126.9768
2026-08-11 11:00,POI010,보신각,보통,14000,16000,37.5698518,126.9836102
2026-08-11 11:00,POI011,서울 암사동 유적,여유,300,400,37.5610203,127.1306288
2026-08-11 11:00,POI012,창덕궁·종묘,보통,12000,14000,37.5823872,126.9917013
2026-08-11 11:00,POI013,가산디지털단지역,약간 붐빔,34000,36000,37.480819,126.8816358
2026-08-11 11:00,POI014,강남역,약간 붐빔,76000,78000,37.5002304,127.0268054
2026-08-11 11:00,POI015,건대입구역,여유,22000,24000,37.54088,127.06812
2026-08-11 11:00,POI016,고덕역,여유,3000,3500,37.5550721,127.1550065
2026-08-11 11:00,POI017,고속터미널역,보통,18000,20000,37.5050827,127.0049777
2026-08-11 11:00,POI018,교대역,약간 붐빔,20000,22000,37.494178,127.015909
2026-08-11 11:00,POI019,구로디지털단지역,약간 붐빔,34000,36000,37.4853417,126.9068128
2026-08-11 11:00,POI020,구로역,여유,2000,2500,37.5000903,126.8829924
2026-08-11 11:00,POI021,군자역,여유,6000,6500,37.558149,127.077839
2026-08-11 11:00,POI023,대림역,여유,14000,16000,37.4908703,126.8936859
2026-08-11 11:00,POI024,동대문역,보통,7500,8000,37.5718616,127.0114887
2026-08-11 11:00,POI025,뚝섬역,여유,9000,9500,37.5475031,127.0461973
2026-08-11 11:00,POI026,미아사거리역,보통,9500,10000,37.61175,127.03044
2026-08-11 11:00,POI055,홍대입구역(2호선),여유,14000,16000,37.5574135,126.9238
2026-08-11 11:00,POI088,광화문광장,여유,7000,7500,37.5759194,126.9768
2026-08-11 11:00,POI119,잠실역,여유,24000,26000,37.5127453,127.0973
2026-08-11 13:00,POI006,종로·청계 관광특구,보통,44000,46000,37.5702856,126.9903626
2026-08-11 13:00,POI007,홍대 관광특구,여유,74000,76000,37.5574135,126.9238
2026-08-11 13:00,POI008,경복궁,보통,1500,2000,37.579754,126.9766818
2026-08-11 13:00,POI009,광화문·덕수궁,약간 붐빔,46000,48000,37.5759194,126.9768
2026-08-11 13:00,POI010,보신각,보통,18000,20000,37.5698518,126.9836102
2026-08-11 13:00,POI011,서울 암사동 유적,여유,300,400,37.5610203,127.1306288
2026-08-11 13:00,POI012,창덕궁·종묘,약간 붐빔,14000,16000,37.5823872,126.9917013
2026-08-11 13:00,POI013,가산디지털단지역,약간 붐빔,40000,42000,37.480819,126.8816358
2026-08-11 13:00,POI014,강남역,붐빔,88000,90000,37.5002304,127.0268054
2026-08-11 13:00,POI015,건대입구역,여유,26000,28000,37.54088,127.06812
2026-08-11 13:00,POI016,고덕역,여유,4000,4500,37.5550721,127.1550065
2026-08-11 13:00,POI017,고속터미널역,약간 붐빔,28000,30000,37.5050827,127.0049777
2026-08-11 13:00,POI018,교대역,붐빔,22000,24000,37.494178,127.015909
2026-08-11 13:00,POI019,구로디지털단지역,붐빔,40000,42000,37.4853417,126.9068128
2026-08-11 13:00,POI020,구로역,여유,2000,2500,37.5000903,126.8829924
2026-08-11 13:00,POI021,군자역,여유,6500,7000,37.558149,127.077839
2026-08-11 13:00,POI023,대림역,여유,14000,16000,37.4908703,126.8936859
2026-08-11 13:00,POI024,동대문역,약간 붐빔,10000,12000,37.5718616,127.0114887
2026-08-11 13:00,POI025,뚝섬역,약간 붐빔,10000,12000,37.5475031,127.0461973
2026-08-11 13:00,POI026,미아사거리역,보통,10000,12000,37.61175,127.03044
2026-08-11 13:00,POI055,홍대입구역(2호선),보통,18000,20000,37.5574135,126.9238
2026-08-11 13:00,POI088,광화문광장,보통,9000,9500,37.5759194,126.9768
2026-08-11 13:00,POI119,잠실역,약간 붐빔,38000,40000,37.5127453,127.0973
2026-08-11 14:00,POI006,종로·청계 관광특구,보통,42000,44000,37.5702856,126.9903626
2026-08-11 14:00,POI007,홍대 관광특구,보통,78000,80000,37.5574135,126.9238
2026-08-11 14:00,POI008,경복궁,보통,1500,2000,37.579754,126.9766818
2026-08-11 14:00,POI009,광화문·덕수궁,약간 붐빔,42000,44000,37.5759194,126.9768
2026-08-11 14:00,POI010,보신각,보통,18000,20000,37.5698518,126.9836102
2026-08-11 14:00,POI011,서울 암사동 유적,여유,200,300,37.5610203,127.1306288
2026-08-11 14:00,POI012,창덕궁·종묘,보통,14000,16000,37.5823872,126.9917013
2026-08-11 14:00,POI013,가산디지털단지역,약간 붐빔,34000,36000,37.480819,126.8816358
2026-08-11 14:00,POI014,강남역,약간 붐빔,86000,88000,37.5002304,127.0268054
2026-08-11 14:00,POI015,건대입구역,여유,26000,28000,37.54088,127.06812
2026-08-11 14:00,POI016,고덕역,여유,4000,4500,37.5550721,127.1550065
2026-08-11 14:00,POI017,고속터미널역,약간 붐빔,26000,28000,37.5050827,127.0049777
2026-08-11 14:00,POI018,교대역,붐빔,22000,24000,37.494178,127.015909
2026-08-11 14:00,POI019,구로디지털단지역,약간 붐빔,34000,36000,37.4853417,126.9068128
2026-08-11 14:00,POI020,구로역,여유,2000,2500,37.5000903,126.8829924
2026-08-11 14:00,POI021,군자역,여유,6500,7000,37.558149,127.077839
2026-08-11 14:00,POI023,대림역,여유,14000,16000,37.4908703,126.8936859
2026-08-11 14:00,POI024,동대문역,보통,9500,10000,37.5718616,127.0114887
2026-08-11 14:00,POI025,뚝섬역,약간 붐빔,10000,12000,37.5475031,127.0461973
2026-08-11 14:00,POI026,미아사거리역,보통,10000,12000,37.61175,127.03044
2026-08-11 14:00,POI055,홍대입구역(2호선),약간 붐빔,20000,22000,37.5574135,126.9238
2026-08-11 14:00,POI088,광화문광장,보통,8000,8500,37.5759194,126.9768
2026-08-11 14:00,POI119,잠실역,약간 붐빔,40000,42000,37.5127453,127.0973
2026-08-11 16:00,POI006,종로·청계 관광특구,보통,40000,42000,37.5702856,126.9903626
2026-08-11 16:00,POI007,홍대 관광특구,보통,80000,82000,37.5574135,126.9238
2026-08-11 16:00,POI008,경복궁,보통,1500,2000,37.579754,126.9766818
2026-08-11 16:00,POI009,광화문·덕수궁,보통,40000,42000,37.5759194,126.9768
2026-08-11 16:00,POI010,보신각,보통,16000,18000,37.5698518,126.9836102
2026-08-11 16:00,POI011,서울 암사동 유적,여유,300,400,37.5610203,127.1306288
2026-08-11 16:00,POI012,창덕궁·종묘,보통,14000,16000,37.5823872,126.9917013
2026-08-11 16:00,POI013,가산디지털단지역,약간 붐빔,34000,36000,37.480819,126.8816358
2026-08-11 16:00,POI014,강남역,약간 붐빔,84000,86000,37.5002304,127.0268054
2026-08-11 16:00,POI015,건대입구역,보통,26000,28000,37.54088,127.06812
2026-08-11 16:00,POI016,고덕역,보통,4000,4500,37.5550721,127.1550065
2026-08-11 16:00,POI017,고속터미널역,약간 붐빔,24000,26000,37.5050827,127.0049777
2026-08-11 16:00,POI018,교대역,붐빔,22000,24000,37.494178,127.015909
2026-08-11 16:00,POI019,구로디지털단지역,약간 붐빔,34000,36000,37.4853417,126.9068128
2026-08-11 16:00,POI020,구로역,여유,2500,3000,37.5000903,126.8829924
2026-08-11 16:00,POI021,군자역,여유,6500,7000,37.558149,127.077839
2026-08-11 16:00,POI023,대림역,여유,14000,16000,37.4908703,126.8936859
2026-08-11 16:00,POI024,동대문역,보통,10000,12000,37.5718616,127.0114887
2026-08-11 16:00,POI025,뚝섬역,약간 붐빔,10000,12000,37.5475031,127.0461973
2026-08-11 16:00,POI026,미아사거리역,보통,12000,14000,37.61175,127.03044
2026-08-11 16:00,POI055,홍대입구역(2호선),약간 붐빔,20000,22000,37.5574135,126.9238
2026-08-11 16:00,POI088,광화문광장,보통,8000,8500,37.5759194,126.9768
2026-08-11 16:00,POI119,잠실역,약간 붐빔,40000,42000,37.5127453,127.0973
2026-08-11 18:00,POI006,종로·청계 관광특구,보통,36000,38000,37.5702856,126.9903626
2026-08-11 18:00,POI007,홍대 관광특구,보통,84000,86000,37.5574135,126.9238
2026-08-11 18:00,POI008,경복궁,여유,1000,1500,37.579754,126.9766818
2026-08-11 18:00,POI009,광화문·덕수궁,보통,40000,42000,37.5759194,126.9768
2026-08-11 18:00,POI010,보신각,보통,12000,14000,37.5698518,126.9836102
2026-08-11 18:00,POI011,서울 암사동 유적,여유,300,400,37.5610203,127.1306288
2026-08-11 18:00,POI012,창덕궁·종묘,보통,12000,14000,37.5823872,126.9917013
2026-08-11 18:00,POI013,가산디지털단지역,보통,36000,38000,37.480819,126.8816358
2026-08-11 18:00,POI014,강남역,약간 붐빔,80000,82000,37.5002304,127.0268054
2026-08-11 18:00,POI015,건대입구역,약간 붐빔,28000,30000,37.54088,127.06812
2026-08-11 18:00,POI016,고덕역,약간 붐빔,5000,5500,37.5550721,127.1550065
2026-08-11 18:00,POI017,고속터미널역,붐빔,24000,26000,37.5050827,127.0049777
2026-08-11 18:00,POI018,교대역,보통,20000,22000,37.494178,127.015909
2026-08-11 18:00,POI019,구로디지털단지역,약간 붐빔,32000,34000,37.4853417,126.9068128
2026-08-11 18:00,POI020,구로역,여유,3000,3500,37.5000903,126.8829924
2026-08-11 18:00,POI021,군자역,보통,7500,8000,37.558149,127.077839
2026-08-11 18:00,POI023,대림역,여유,14000,16000,37.4908703,126.8936859
2026-08-11 18:00,POI024,동대문역,약간 붐빔,8500,9000,37.5718616,127.0114887
2026-08-11 18:00,POI025,뚝섬역,보통,9500,10000,37.5475031,127.0461973
2026-08-11 18:00,POI026,미아사거리역,보통,12000,14000,37.61175,127.03044
2026-08-11 18:00,POI055,홍대입구역(2호선),약간 붐빔,22000,24000,37.5574135,126.9238
2026-08-11 18:00,POI088,광화문광장,보통,8500,9000,37.5759194,126.9768
2026-08-11 18:00,POI119,잠실역,약간 붐빔,36000,38000,37.5127453,127.0973
2026-08-11 19:00,POI006,종로·청계 관광특구,보통,28000,30000,37.5702856,126.9903626
2026-08-11 19:00,POI007,홍대 관광특구,보통,82000,84000,37.5574135,126.9238
2026-08-11 19:00,POI008,경복궁,여유,1000,1500,37.579754,126.9766818
2026-08-11 19:00,POI009,광화문·덕수궁,여유,24000,26000,37.5759194,126.9768
2026-08-11 19:00,POI010,보신각,보통,10000,12000,37.5698518,126.9836102
2026-08-11 19:00,POI011,서울 암사동 유적,여유,300,400,37.5610203,127.1306288
2026-08-11 19:00,POI012,창덕궁·종묘,보통,8000,8500,37.5823872,126.9917013
2026-08-11 19:00,POI013,가산디지털단지역,보통,20000,22000,37.480819,126.8816358
2026-08-11 19:00,POI014,강남역,약간 붐빔,70000,72000,37.5002304,127.0268054
2026-08-11 19:00,POI015,건대입구역,보통,28000,30000,37.54088,127.06812
2026-08-11 19:00,POI016,고덕역,보통,5000,5500,37.5550721,127.1550065
2026-08-11 19:00,POI017,고속터미널역,보통,20000,22000,37.5050827,127.0049777
2026-08-11 19:00,POI018,교대역,여유,16000,18000,37.494178,127.015909
2026-08-11 19:00,POI019,구로디지털단지역,보통,18000,20000,37.4853417,126.9068128
2026-08-11 19:00,POI020,구로역,여유,2000,2500,37.5000903,126.8829924
2026-08-11 19:00,POI021,군자역,보통,8500,9000,37.558149,127.077839
2026-08-11 19:00,POI023,대림역,여유,16000,18000,37.4908703,126.8936859
2026-08-11 19:00,POI024,동대문역,보통,5500,6000,37.5718616,127.0114887
2026-08-11 19:00,POI025,뚝섬역,보통,9000,9500,37.5475031,127.0461973
2026-08-11 19:00,POI026,미아사거리역,보통,10000,12000,37.61175,127.03044
2026-08-11 19:00,POI055,홍대입구역(2호선),약간 붐빔,20000,22000,37.5574135,126.9238
2026-08-11 19:00,POI088,광화문광장,여유,5000,5500,37.5759194,126.9768
2026-08-11 19:00,POI119,잠실역,보통,30000,32000,37.5127453,127.0973
2026-08-12 00:00,POI006,종로·청계 관광특구,여유,12000,14000,37.5702856,126.9903626
2026-08-12 00:00,POI007,홍대 관광특구,여유,44000,46000,37.5574135,126.9238
2026-08-12 00:00,POI008,경복궁,여유,400,500,37.579754,126.9766818
2026-08-12 00:00,POI009,광화문·덕수궁,여유,5500,6000,37.5759194,126.9768
2026-08-12 00:00,POI010,보신각,여유,3000,3500,37.5698518,126.9836102
2026-08-12 00:00,POI011,서울 암사동 유적,여유,300,400,37.5610203,127.1306288
2026-08-12 00:00,POI012,창덕궁·종묘,여유,3500,4000,37.5823872,126.9917013
2026-08-12 00:00,POI013,가산디지털단지역,여유,7000,7500,37.480819,126.8816358
2026-08-12 00:00,POI014,강남역,여유,30000,32000,37.5002304,127.0268054
2026-08-12 00:00,POI015,건대입구역,여유,22000,24000,37.54088,127.06812
2026-08-12 00:00,POI016,고덕역,여유,1500,2000,37.5550721,127.1550065
2026-08-12 00:00,POI017,고속터미널역,여유,3500,4000,37.5050827,127.0049777
2026-08-12 00:00,POI018,교대역,여유,9000,9500,37.494178,127.015909
2026-08-12 00:00,POI019,구로디지털단지역,여유,6500,7000,37.4853417,126.9068128
2026-08-12 00:00,POI020,구로역,여유,1000,1500,37.5000903,126.8829924
2026-08-12 00:00,POI021,군자역,여유,5000,5500,37.558149,127.077839
2026-08-12 00:00,POI023,대림역,보통,16000,18000,37.4908703,126.8936859
2026-08-12 00:00,POI024,동대문역,여유,2000,2500,37.5718616,127.0114887
2026-08-12 00:00,POI025,뚝섬역,여유,5000,5500,37.5475031,127.0461973
2026-08-12 00:00,POI026,미아사거리역,여유,4500,5000,37.61175,127.03044
2026-08-12 00:00,POI055,홍대입구역(2호선),여유,9500,10000,37.5574135,126.9238
2026-08-12 00:00,POI088,광화문광장,여유,1000,1500,37.5759194,126.9768
2026-08-12 00:00,POI119,잠실역,여유,5500,6000,37.5127453,127.0973
2026-08-12 02:00,POI006,종로·청계 관광특구,여유,9000,9500,37.5702856,126.9903626
2026-08-12 02:00,POI007,홍대 관광특구,여유,34000,36000,37.5574135,126.9238
2026-08-12 02:00,POI008,경복궁,여유,200,300,37.579754,126.9766818
2026-08-12 02:00,POI009,광화문·덕수궁,여유,3500,4000,37.5759194,126.9768
2026-08-12 02:00,POI010,보신각,여유,2000,2500,37.5698518,126.9836102
2026-08-12 02:00,POI011,서울 암사동 유적,여유,300,400,37.5610203,127.1306288
2026-08-12 02:00,POI012,창덕궁·종묘,여유,3000,3500,37.5823872,126.9917013
2026-08-12 02:00,POI013,가산디지털단지역,여유,5500,6000,37.480819,126.8816358
2026-08-12 02:00,POI014,강남역,여유,22000,24000,37.5002304,127.0268054
2026-08-12 02:00,POI015,건대입구역,여유,16000,18000,37.54088,127.06812
2026-08-12 02:00,POI016,고덕역,여유,1000,1500,37.5550721,127.1550065
2026-08-12 02:00,POI017,고속터미널역,여유,1500,2000,37.5050827,127.0049777
2026-08-12 02:00,POI018,교대역,여유,5500,6000,37.494178,127.015909
2026-08-12 02:00,POI019,구로디지털단지역,여유,5000,5500,37.4853417,126.9068128
2026-08-12 02:00,POI020,구로역,여유,800,900,37.5000903,126.8829924
2026-08-12 02:00,POI021,군자역,여유,3500,4000,37.558149,127.077839
2026-08-12 02:00,POI023,대림역,보통,16000,18000,37.4908703,126.8936859
2026-08-12 02:00,POI024,동대문역,여유,1000,1500,37.5718616,127.0114887
2026-08-12 02:00,POI025,뚝섬역,여유,4000,4500,37.5475031,127.0461973
2026-08-12 02:00,POI026,미아사거리역,여유,3500,4000,37.61175,127.03044
2026-08-12 02:00,POI055,홍대입구역(2호선),여유,6500,7000,37.5574135,126.9238
2026-08-12 02:00,POI088,광화문광장,여유,700,800,37.5759194,126.9768
2026-08-12 02:00,POI119,잠실역,여유,3000,3500,37.5127453,127.0973
2026-08-12 04:00,POI006,종로·청계 관광특구,여유,8000,8500,37.5702856,126.9903626
2026-08-12 04:00,POI007,홍대 관광특구,여유,30000,32000,37.5574135,126.9238
2026-08-12 04:00,POI008,경복궁,여유,200,300,37.579754,126.9766818
2026-08-12 04:00,POI009,광화문·덕수궁,여유,3000,3500,37.5759194,126.9768
2026-08-12 04:00,POI010,보신각,여유,1500,2000,37.5698518,126.9836102
2026-08-12 04:00,POI011,서울 암사동 유적,여유,300,400,37.5610203,127.1306288
2026-08-12 04:00,POI012,창덕궁·종묘,여유,3000,3500,37.5823872,126.9917013
2026-08-12 04:00,POI013,가산디지털단지역,여유,5000,5500,37.480819,126.8816358
2026-08-12 04:00,POI014,강남역,여유,20000,22000,37.5002304,127.0268054
2026-08-12 04:00,POI015,건대입구역,여유,14000,16000,37.54088,127.06812
2026-08-12 04:00,POI016,고덕역,여유,1000,1500,37.5550721,127.1550065
2026-08-12 04:00,POI017,고속터미널역,여유,1500,2000,37.5050827,127.0049777
2026-08-12 04:00,POI018,교대역,여유,5500,6000,37.494178,127.015909
2026-08-12 04:00,POI019,구로디지털단지역,여유,4500,5000,37.4853417,126.9068128
2026-08-12 04:00,POI020,구로역,여유,800,900,37.5000903,126.8829924
2026-08-12 04:00,POI021,군자역,여유,3500,4000,37.558149,127.077839
2026-08-12 04:00,POI023,대림역,보통,16000,18000,37.4908703,126.8936859
2026-08-12 04:00,POI024,동대문역,여유,800,900,37.5718616,127.0114887
2026-08-12 04:00,POI025,뚝섬역,여유,3500,4000,37.5475031,127.0461973
2026-08-12 04:00,POI026,미아사거리역,여유,3000,3500,37.61175,127.03044
2026-08-12 04:00,POI055,홍대입구역(2호선),여유,6000,6500,37.5574135,126.9238
2026-08-12 04:00,POI088,광화문광장,여유,700,800,37.5759194,126.9768
2026-08-12 04:00,POI119,잠실역,여유,2500,3000,37.5127453,127.0973
2026-08-12 05:00,POI006,종로·청계 관광특구,여유,8500,9000,37.5702856,126.9903626
2026-08-12 05:00,POI007,홍대 관광특구,여유,30000,32000,37.5574135,126.9238
2026-08-12 05:00,POI008,경복궁,여유,200,300,37.579754,126.9766818
2026-08-12 05:00,POI009,광화문·덕수궁,여유,3500,4000,37.5759194,126.9768
2026-08-12 05:00,POI010,보신각,여유,1500,2000,37.5698518,126.9836102
2026-08-12 05:00,POI011,서울 암사동 유적,여유,300,400,37.5610203,127.1306288
2026-08-12 05:00,POI012,창덕궁·종묘,여유,3000,3500,37.5823872,126.9917013
2026-08-12 05:00,POI013,가산디지털단지역,여유,6000,6500,37.480819,126.8816358
2026-08-12 05:00,POI014,강남역,여유,20000,22000,37.5002304,127.0268054
2026-08-12 05:00,POI015,건대입구역,여유,14000,16000,37.54088,127.06812
2026-08-12 05:00,POI016,고덕역,여유,1000,1500,37.5550721,127.1550065
2026-08-12 05:00,POI017,고속터미널역,여유,2000,2500,37.5050827,127.0049777
2026-08-12 05:00,POI018,교대역,여유,5500,6000,37.494178,127.015909
2026-08-12 05:00,POI019,구로디지털단지역,여유,5000,5500,37.4853417,126.9068128
2026-08-12 05:00,POI020,구로역,여유,800,900,37.5000903,126.8829924
2026-08-12 05:00,POI021,군자역,여유,3500,4000,37.558149,127.077839
2026-08-12 05:00,POI023,대림역,보통,16000,18000,37.4908703,126.8936859
2026-08-12 05:00,POI024,동대문역,여유,1000,1500,37.5718616,127.0114887
2026-08-12 05:00,POI025,뚝섬역,여유,3500,4000,37.5475031,127.0461973
2026-08-12 05:00,POI026,미아사거리역,여유,3500,4000,37.61175,127.03044
2026-08-12 05:00,POI055,홍대입구역(2호선),여유,6000,6500,37.5574135,126.9238
2026-08-12 05:00,POI088,광화문광장,여유,800,900,37.5759194,126.9768
2026-08-12 05:00,POI119,잠실역,여유,2500,3000,37.5127453,127.0973
2026-08-12 06:00,POI006,종로·청계 관광특구,여유,10000,12000,37.5702856,126.9903626
2026-08-12 06:00,POI007,홍대 관광특구,여유,30000,32000,37.5574135,126.9238
2026-08-12 06:00,POI008,경복궁,여유,400,500,37.579754,126.9766818
2026-08-12 06:00,POI009,광화문·덕수궁,여유,6000,6500,37.5759194,126.9768
2026-08-12 06:00,POI010,보신각,여유,2000,2500,37.5698518,126.9836102
2026-08-12 06:00,POI011,서울 암사동 유적,여유,300,400,37.5610203,127.1306288
2026-08-12 06:00,POI012,창덕궁·종묘,여유,4000,4500,37.5823872,126.9917013
2026-08-12 06:00,POI013,가산디지털단지역,여유,8000,8500,37.480819,126.8816358
2026-08-12 06:00,POI014,강남역,여유,22000,24000,37.5002304,127.0268054
2026-08-12 06:00,POI015,건대입구역,여유,14000,16000,37.54088,127.06812
2026-08-12 06:00,POI016,고덕역,여유,1000,1500,37.5550721,127.1550065
2026-08-12 06:00,POI017,고속터미널역,여유,3500,4000,37.5050827,127.0049777
2026-08-12 06:00,POI018,교대역,여유,6000,6500,37.494178,127.015909
2026-08-12 06:00,POI019,구로디지털단지역,여유,5000,5500,37.4853417,126.9068128
2026-08-12 06:00,POI020,구로역,여유,1500,2000,37.5000903,126.8829924
2026-08-12 06:00,POI021,군자역,여유,3500,4000,37.558149,127.077839
2026-08-12 06:00,POI023,대림역,보통,16000,18000,37.4908703,126.8936859
2026-08-12 06:00,POI024,동대문역,여유,2000,2500,37.5718616,127.0114887
2026-08-12 06:00,POI025,뚝섬역,여유,4000,4500,37.5475031,127.0461973
2026-08-12 06:00,POI026,미아사거리역,여유,5000,5500,37.61175,127.03044
2026-08-12 06:00,POI055,홍대입구역(2호선),여유,6000,6500,37.5574135,126.9238
2026-08-12 06:00,POI088,광화문광장,여유,1000,1500,37.5759194,126.9768
2026-08-12 06:00,POI119,잠실역,여유,4000,4500,37.5127453,127.0973
2026-08-12 07:00,POI006,종로·청계 관광특구,여유,16000,18000,37.5702856,126.9903626
2026-08-12 07:00,POI007,홍대 관광특구,여유,34000,36000,37.5574135,126.9238
2026-08-12 07:00,POI008,경복궁,여유,700,800,37.579754,126.9766818
2026-08-12 07:00,POI009,광화문·덕수궁,여유,12000,14000,37.5759194,126.9768
2026-08-12 07:00,POI010,보신각,여유,4000,4500,37.5698518,126.9836102
2026-08-12 07:00,POI011,서울 암사동 유적,여유,300,400,37.5610203,127.1306288
2026-08-12 07:00,POI012,창덕궁·종묘,여유,5500,6000,37.5823872,126.9917013
2026-08-12 07:00,POI013,가산디지털단지역,여유,12000,14000,37.480819,126.8816358
2026-08-12 07:00,POI014,강남역,여유,32000,34000,37.5002304,127.0268054
2026-08-12 07:00,POI015,건대입구역,여유,18000,20000,37.54088,127.06812
2026-08-12 07:00,POI016,고덕역,여유,1500,2000,37.5550721,127.1550065
2026-08-12 07:00,POI017,고속터미널역,여유,8000,8500,37.5050827,127.0049777
2026-08-12 07:00,POI018,교대역,여유,10000,12000,37.494178,127.015909
2026-08-12 07:00,POI019,구로디지털단지역,여유,8000,8500,37.4853417,126.9068128
2026-08-12 07:00,POI020,구로역,여유,2500,3000,37.5000903,126.8829924
2026-08-12 07:00,POI021,군자역,여유,4000,4500,37.558149,127.077839
2026-08-12 07:00,POI023,대림역,보통,16000,18000,37.4908703,126.8936859
2026-08-12 07:00,POI024,동대문역,여유,4000,4500,37.5718616,127.0114887
2026-08-12 07:00,POI025,뚝섬역,여유,5500,6000,37.5475031,127.0461973
2026-08-12 07:00,POI026,미아사거리역,여유,7000,7500,37.61175,127.03044
2026-08-12 07:00,POI055,홍대입구역(2호선),여유,8000,8500,37.5574135,126.9238
2026-08-12 07:00,POI088,광화문광장,여유,2500,3000,37.5759194,126.9768
2026-08-12 07:00,POI119,잠실역,여유,6000,6500,37.5127453,127.0973
2026-08-12 08:00,POI006,종로·청계 관광특구,여유,24000,26000,37.5702856,126.9903626
2026-08-12 08:00,POI007,홍대 관광특구,여유,40000,42000,37.5574135,126.9238
2026-08-12 08:00,POI008,경복궁,여유,1000,1500,37.579754,126.9766818
2026-08-12 08:00,POI009,광화문·덕수궁,여유,24000,26000,37.5759194,126.9768
2026-08-12 08:00,POI010,보신각,여유,7500,8000,37.5698518,126.9836102
2026-08-12 08:00,POI011,서울 암사동 유적,여유,300,400,37.5610203,127.1306288
2026-08-12 08:00,POI012,창덕궁·종묘,보통,8000,8500,37.5823872,126.9917013
2026-08-12 08:00,POI013,가산디지털단지역,약간 붐빔,24000,26000,37.480819,126.8816358
2026-08-12 08:00,POI014,강남역,여유,44000,46000,37.5002304,127.0268054
2026-08-12 08:00,POI015,건대입구역,여유,22000,24000,37.54088,127.06812
2026-08-12 08:00,POI016,고덕역,여유,1500,2000,37.5550721,127.1550065
2026-08-12 08:00,POI017,고속터미널역,여유,12000,14000,37.5050827,127.0049777
2026-08-12 08:00,POI018,교대역,여유,12000,14000,37.494178,127.015909
2026-08-12 08:00,POI019,구로디지털단지역,약간 붐빔,16000,18000,37.4853417,126.9068128
2026-08-12 08:00,POI020,구로역,약간 붐빔,4000,4500,37.5000903,126.8829924
2026-08-12 08:00,POI021,군자역,여유,5000,5500,37.558149,127.077839
2026-08-12 08:00,POI023,대림역,보통,16000,18000,37.4908703,126.8936859
2026-08-12 08:00,POI024,동대문역,보통,6000,6500,37.5718616,127.0114887
2026-08-12 08:00,POI025,뚝섬역,여유,7000,7500,37.5475031,127.0461973
2026-08-12 08:00,POI026,미아사거리역,여유,8500,9000,37.61175,127.03044
2026-08-12 08:00,POI055,홍대입구역(2호선),여유,10000,12000,37.5574135,126.9238
2026-08-12 08:00,POI088,광화문광장,여유,5500,6000,37.5759194,126.9768
2026-08-12 08:00,POI119,잠실역,여유,10000,12000,37.5127453,127.0973
2026-08-12 11:00,POI006,종로·청계 관광특구,보통,38000,40000,37.5702856,126.9903626
2026-08-12 11:00,POI007,홍대 관광특구,여유,60000,62000,37.5574135,126.9238
2026-08-12 11:00,POI008,경복궁,보통,1500,2000,37.579754,126.9766818
2026-08-12 11:00,POI009,광화문·덕수궁,보통,38000,40000,37.5759194,126.9768
2026-08-12 11:00,POI010,보신각,보통,14000,16000,37.5698518,126.9836102
2026-08-12 11:00,POI011,서울 암사동 유적,여유,300,400,37.5610203,127.1306288
2026-08-12 11:00,POI012,창덕궁·종묘,보통,12000,14000,37.5823872,126.9917013
2026-08-12 11:00,POI013,가산디지털단지역,약간 붐빔,34000,36000,37.480819,126.8816358
2026-08-12 11:00,POI014,강남역,약간 붐빔,78000,80000,37.5002304,127.0268054
2026-08-12 11:00,POI015,건대입구역,여유,22000,24000,37.54088,127.06812
2026-08-12 11:00,POI016,고덕역,여유,3000,3500,37.5550721,127.1550065
2026-08-12 11:00,POI017,고속터미널역,보통,20000,22000,37.5050827,127.0049777
2026-08-12 11:00,POI018,교대역,붐빔,20000,22000,37.494178,127.015909
2026-08-12 11:00,POI019,구로디지털단지역,약간 붐빔,34000,36000,37.4853417,126.9068128
2026-08-12 11:00,POI020,구로역,여유,2500,3000,37.5000903,126.8829924
2026-08-12 11:00,POI021,군자역,여유,6000,6500,37.558149,127.077839
2026-08-12 11:00,POI023,대림역,여유,14000,16000,37.4908703,126.8936859
2026-08-12 11:00,POI024,동대문역,보통,8000,8500,37.5718616,127.0114887
2026-08-12 11:00,POI025,뚝섬역,보통,9500,10000,37.5475031,127.0461973
2026-08-12 11:00,POI026,미아사거리역,여유,10000,12000,37.61175,127.03044
2026-08-12 11:00,POI055,홍대입구역(2호선),보통,14000,16000,37.5574135,126.9238
2026-08-12 11:00,POI088,광화문광장,보통,7500,8000,37.5759194,126.9768
2026-08-12 11:00,POI119,잠실역,보통,26000,28000,37.5127453,127.0973
2026-08-12 13:00,POI006,종로·청계 관광특구,보통,44000,46000,37.5702856,126.9903626
2026-08-12 13:00,POI007,홍대 관광특구,여유,76000,78000,37.5574135,126.9238
2026-08-12 13:00,POI008,경복궁,약간 붐빔,1500,2000,37.579754,126.9766818
2026-08-12 13:00,POI009,광화문·덕수궁,약간 붐빔,44000,46000,37.5759194,126.9768
2026-08-12 13:00,POI010,보신각,보통,18000,20000,37.5698518,126.9836102
2026-08-12 13:00,POI011,서울 암사동 유적,여유,300,400,37.5610203,127.1306288
2026-08-12 13:00,POI012,창덕궁·종묘,약간 붐빔,14000,16000,37.5823872,126.9917013
2026-08-12 13:00,POI013,가산디지털단지역,약간 붐빔,38000,40000,37.480819,126.8816358
2026-08-12 13:00,POI014,강남역,붐빔,88000,90000,37.5002304,127.0268054
2026-08-12 13:00,POI015,건대입구역,여유,26000,28000,37.54088,127.06812
2026-08-12 13:00,POI016,고덕역,여유,3500,4000,37.5550721,127.1550065
2026-08-12 13:00,POI017,고속터미널역,약간 붐빔,26000,28000,37.5050827,127.0049777
2026-08-12 13:00,POI018,교대역,붐빔,22000,24000,37.494178,127.015909
2026-08-12 13:00,POI019,구로디지털단지역,약간 붐빔,36000,38000,37.4853417,126.9068128
2026-08-12 13:00,POI020,구로역,여유,2000,2500,37.5000903,126.8829924
2026-08-12 13:00,POI021,군자역,여유,6000,6500,37.558149,127.077839
2026-08-12 13:00,POI023,대림역,여유,14000,16000,37.4908703,126.8936859
2026-08-12 13:00,POI024,동대문역,보통,9500,10000,37.5718616,127.0114887
2026-08-12 13:00,POI025,뚝섬역,약간 붐빔,10000,12000,37.5475031,127.0461973
2026-08-12 13:00,POI026,미아사거리역,보통,10000,12000,37.61175,127.03044
2026-08-12 13:00,POI055,홍대입구역(2호선),보통,18000,20000,37.5574135,126.9238
2026-08-12 13:00,POI088,광화문광장,보통,8500,9000,37.5759194,126.9768
2026-08-12 13:00,POI119,잠실역,약간 붐빔,36000,38000,37.5127453,127.0973
2026-08-12 15:00,POI006,종로·청계 관광특구,보통,42000,44000,37.5702856,126.9903626
2026-08-12 15:00,POI007,홍대 관광특구,보통,80000,82000,37.5574135,126.9238
2026-08-12 15:00,POI008,경복궁,약간 붐빔,1500,2000,37.579754,126.9766818
2026-08-12 15:00,POI009,광화문·덕수궁,약간 붐빔,42000,44000,37.5759194,126.9768
2026-08-12 15:00,POI010,보신각,보통,18000,20000,37.5698518,126.9836102
2026-08-12 15:00,POI011,서울 암사동 유적,여유,200,300,37.5610203,127.1306288
2026-08-12 15:00,POI012,창덕궁·종묘,약간 붐빔,14000,16000,37.5823872,126.9917013
2026-08-12 15:00,POI013,가산디지털단지역,약간 붐빔,34000,36000,37.480819,126.8816358
2026-08-12 15:00,POI014,강남역,약간 붐빔,86000,88000,37.5002304,127.0268054
2026-08-12 15:00,POI015,건대입구역,여유,26000,28000,37.54088,127.06812
2026-08-12 15:00,POI016,고덕역,여유,4000,4500,37.5550721,127.1550065
2026-08-12 15:00,POI017,고속터미널역,약간 붐빔,26000,28000,37.5050827,127.0049777
2026-08-12 15:00,POI018,교대역,붐빔,22000,24000,37.494178,127.015909
2026-08-12 15:00,POI019,구로디지털단지역,약간 붐빔,34000,36000,37.4853417,126.9068128
2026-08-12 15:00,POI020,구로역,여유,2500,3000,37.5000903,126.8829924
2026-08-12 15:00,POI021,군자역,여유,6000,6500,37.558149,127.077839
2026-08-12 15:00,POI023,대림역,여유,14000,16000,37.4908703,126.8936859
2026-08-12 15:00,POI024,동대문역,보통,10000,12000,37.5718616,127.0114887
2026-08-12 15:00,POI025,뚝섬역,약간 붐빔,10000,12000,37.5475031,127.0461973
2026-08-12 15:00,POI026,미아사거리역,보통,10000,12000,37.61175,127.03044
2026-08-12 15:00,POI055,홍대입구역(2호선),약간 붐빔,20000,22000,37.5574135,126.9238
2026-08-12 15:00,POI088,광화문광장,보통,8500,9000,37.5759194,126.9768
2026-08-12 15:00,POI119,잠실역,약간 붐빔,38000,40000,37.5127453,127.0973
2026-08-12 17:00,POI006,종로·청계 관광특구,보통,40000,42000,37.5702856,126.9903626
2026-08-12 17:00,POI007,홍대 관광특구,보통,84000,86000,37.5574135,126.9238
2026-08-12 17:00,POI008,경복궁,보통,1500,2000,37.579754,126.9766818
2026-08-12 17:00,POI009,광화문·덕수궁,보통,40000,42000,37.5759194,126.9768
2026-08-12 17:00,POI010,보신각,보통,16000,18000,37.5698518,126.9836102
2026-08-12 17:00,POI011,서울 암사동 유적,여유,300,400,37.5610203,127.1306288
2026-08-12 17:00,POI012,창덕궁·종묘,보통,12000,14000,37.5823872,126.9917013
2026-08-12 17:00,POI013,가산디지털단지역,약간 붐빔,32000,34000,37.480819,126.8816358
2026-08-12 17:00,POI014,강남역,약간 붐빔,84000,86000,37.5002304,127.0268054
2026-08-12 17:00,POI015,건대입구역,보통,28000,30000,37.54088,127.06812
2026-08-12 17:00,POI016,고덕역,약간 붐빔,5500,6000,37.5550721,127.1550065
2026-08-12 17:00,POI017,고속터미널역,약간 붐빔,26000,28000,37.5050827,127.0049777
2026-08-12 17:00,POI018,교대역,붐빔,20000,22000,37.494178,127.015909
2026-08-12 17:00,POI019,구로디지털단지역,약간 붐빔,32000,34000,37.4853417,126.9068128
2026-08-12 17:00,POI020,구로역,여유,2500,3000,37.5000903,126.8829924
2026-08-12 17:00,POI021,군자역,여유,6500,7000,37.558149,127.077839
2026-08-12 17:00,POI023,대림역,여유,14000,16000,37.4908703,126.8936859
2026-08-12 17:00,POI024,동대문역,보통,8000,8500,37.5718616,127.0114887
2026-08-12 17:00,POI025,뚝섬역,약간 붐빔,10000,12000,37.5475031,127.0461973
2026-08-12 17:00,POI026,미아사거리역,보통,12000,14000,37.61175,127.03044
2026-08-12 17:00,POI055,홍대입구역(2호선),약간 붐빔,22000,24000,37.5574135,126.9238
2026-08-12 17:00,POI088,광화문광장,보통,8500,9000,37.5759194,126.9768
2026-08-12 17:00,POI119,잠실역,약간 붐빔,40000,42000,37.5127453,127.0973
2026-08-12 19:00,POI006,종로·청계 관광특구,약간 붐빔,34000,36000,37.5702856,126.9903626
2026-08-12 19:00,POI007,홍대 관광특구,보통,86000,88000,37.5574135,126.9238
2026-08-12 19:00,POI008,경복궁,여유,1000,1500,37.579754,126.9766818
2026-08-12 19:00,POI009,광화문·덕수궁,약간 붐빔,32000,34000,37.5759194,126.9768
2026-08-12 19:00,POI010,보신각,약간 붐빔,12000,14000,37.5698518,126.9836102
2026-08-12 19:00,POI011,서울 암사동 유적,여유,300,400,37.5610203,127.1306288
2026-08-12 19:00,POI012,창덕궁·종묘,약간 붐빔,10000,12000,37.5823872,126.9917013
2026-08-12 19:00,POI013,가산디지털단지역,약간 붐빔,28000,30000,37.480819,126.8816358
2026-08-12 19:00,POI014,강남역,붐빔,78000,80000,37.5002304,127.0268054
2026-08-12 19:00,POI015,건대입구역,붐빔,30000,32000,37.54088,127.06812
2026-08-12 19:00,POI016,고덕역,약간 붐빔,5000,5500,37.5550721,127.1550065
2026-08-12 19:00,POI017,고속터미널역,붐빔,24000,26000,37.5050827,127.0049777
2026-08-12 19:00,POI018,교대역,약간 붐빔,16000,18000,37.494178,127.015909
2026-08-12 19:00,POI019,구로디지털단지역,약간 붐빔,22000,24000,37.4853417,126.9068128
2026-08-12 19:00,POI020,구로역,붐빔,4500,5000,37.5000903,126.8829924
2026-08-12 19:00,POI021,군자역,보통,8500,9000,37.558149,127.077839
2026-08-12 19:00,POI023,대림역,여유,16000,18000,37.4908703,126.8936859
2026-08-12 19:00,POI024,동대문역,보통,7500,8000,37.5718616,127.0114887
2026-08-12 19:00,POI025,뚝섬역,여유,9500,10000,37.5475031,127.0461973
2026-08-12 19:00,POI026,미아사거리역,붐빔,12000,14000,37.61175,127.03044
2026-08-12 19:00,POI055,홍대입구역(2호선),약간 붐빔,22000,24000,37.5574135,126.9238
2026-08-12 19:00,POI088,광화문광장,여유,7000,7500,37.5759194,126.9768
2026-08-12 19:00,POI119,잠실역,약간 붐빔,36000,38000,37.5127453,127.0973
2026-08-12 20:00,POI006,종로·청계 관광특구,보통,24000,26000,37.5702856,126.9903626
2026-08-12 20:00,POI007,홍대 관광특구,보통,78000,80000,37.5574135,126.9238
2026-08-12 20:00,POI008,경복궁,여유,900,1000,37.579754,126.9766818
2026-08-12 20:00,POI009,광화문·덕수궁,여유,20000,22000,37.5759194,126.9768
2026-08-12 20:00,POI010,보신각,보통,9500,10000,37.5698518,126.9836102
2026-08-12 20:00,POI011,서울 암사동 유적,여유,300,400,37.5610203,127.1306288
2026-08-12 20:00,POI012,창덕궁·종묘,여유,7500,8000,37.5823872,126.9917013
2026-08-12 20:00,POI013,가산디지털단지역,여유,16000,18000,37.480819,126.8816358
2026-08-12 20:00,POI014,강남역,보통,62000,64000,37.5002304,127.0268054
2026-08-12 20:00,POI015,건대입구역,보통,28000,30000,37.54088,127.06812
2026-08-12 20:00,POI016,고덕역,보통,4500,5000,37.5550721,127.1550065
2026-08-12 20:00,POI017,고속터미널역,여유,12000,14000,37.5050827,127.0049777
2026-08-12 20:00,POI018,교대역,여유,14000,16000,37.494178,127.015909
2026-08-12 20:00,POI019,구로디지털단지역,여유,14000,16000,37.4853417,126.9068128
2026-08-12 20:00,POI020,구로역,여유,2000,2500,37.5000903,126.8829924
2026-08-12 20:00,POI021,군자역,보통,8000,8500,37.558149,127.077839
2026-08-12 20:00,POI023,대림역,여유,16000,18000,37.4908703,126.8936859
2026-08-12 20:00,POI024,동대문역,여유,4000,4500,37.5718616,127.0114887
2026-08-12 20:00,POI025,뚝섬역,여유,8000,8500,37.5475031,127.0461973
2026-08-12 20:00,POI026,미아사거리역,여유,10000,12000,37.61175,127.03044
2026-08-12 20:00,POI055,홍대입구역(2호선),보통,18000,20000,37.5574135,126.9238
2026-08-12 20:00,POI088,광화문광장,여유,4000,4500,37.5759194,126.9768
2026-08-12 20:00,POI119,잠실역,보통,26000,28000,37.5127453,127.0973
2026-08-12 22:00,POI006,종로·청계 관광특구,여유,18000,20000,37.5702856,126.9903626
2026-08-12 22:00,POI007,홍대 관광특구,여유,64000,66000,37.5574135,126.9238
2026-08-12 22:00,POI008,경복궁,여유,600,700,37.579754,126.9766818
2026-08-12 22:00,POI009,광화문·덕수궁,여유,10000,12000,37.5759194,126.9768
2026-08-12 22:00,POI010,보신각,여유,6000,6500,37.5698518,126.9836102
2026-08-12 22:00,POI011,서울 암사동 유적,여유,300,400,37.5610203,127.1306288
2026-08-12 22:00,POI012,창덕궁·종묘,여유,5500,6000,37.5823872,126.9917013
2026-08-12 22:00,POI013,가산디지털단지역,여유,10000,12000,37.480819,126.8816358
2026-08-12 22:00,POI014,강남역,여유,48000,50000,37.5002304,127.0268054
2026-08-12 22:00,POI015,건대입구역,여유,26000,28000,37.54088,127.06812
2026-08-12 22:00,POI016,고덕역,여유,4000,4500,37.5550721,127.1550065
2026-08-12 22:00,POI017,고속터미널역,여유,7000,7500,37.5050827,127.0049777
2026-08-12 22:00,POI018,교대역,여유,12000,14000,37.494178,127.015909
2026-08-12 22:00,POI019,구로디지털단지역,여유,9500,10000,37.4853417,126.9068128
2026-08-12 22:00,POI020,구로역,여유,2000,2500,37.5000903,126.8829924
2026-08-12 22:00,POI021,군자역,여유,6500,7000,37.558149,127.077839
2026-08-12 22:00,POI023,대림역,보통,16000,18000,37.4908703,126.8936859
2026-08-12 22:00,POI024,동대문역,여유,3500,4000,37.5718616,127.0114887
2026-08-12 22:00,POI025,뚝섬역,여유,6000,6500,37.5475031,127.0461973
2026-08-12 22:00,POI026,미아사거리역,여유,8000,8500,37.61175,127.03044
2026-08-12 22:00,POI055,홍대입구역(2호선),여유,14000,16000,37.5574135,126.9238
2026-08-12 22:00,POI088,광화문광장,여유,2500,3000,37.5759194,126.9768
2026-08-12 22:00,POI119,잠실역,여유,14000,16000,37.5127453,127.0973
2026-08-13 00:00,POI006,종로·청계 관광특구,여유,12000,14000,37.5702856,126.9903626
2026-08-13 00:00,POI007,홍대 관광특구,여유,44000,46000,37.5574135,126.9238
2026-08-13 00:00,POI008,경복궁,여유,400,500,37.579754,126.9766818
2026-08-13 00:00,POI009,광화문·덕수궁,여유,5500,6000,37.5759194,126.9768
2026-08-13 00:00,POI010,보신각,여유,3000,3500,37.5698518,126.9836102
2026-08-13 00:00,POI011,서울 암사동 유적,여유,300,400,37.5610203,127.1306288
2026-08-13 00:00,POI012,창덕궁·종묘,여유,4000,4500,37.5823872,126.9917013
2026-08-13 00:00,POI013,가산디지털단지역,여유,7500,8000,37.480819,126.8816358
2026-08-13 00:00,POI014,강남역,여유,30000,32000,37.5002304,127.0268054
2026-08-13 00:00,POI015,건대입구역,여유,22000,24000,37.54088,127.06812
2026-08-13 00:00,POI016,고덕역,여유,1500,2000,37.5550721,127.1550065
2026-08-13 00:00,POI017,고속터미널역,여유,3000,3500,37.5050827,127.0049777
2026-08-13 00:00,POI018,교대역,여유,9500,10000,37.494178,127.015909
2026-08-13 00:00,POI019,구로디지털단지역,여유,6500,7000,37.4853417,126.9068128
2026-08-13 00:00,POI020,구로역,여유,1000,1500,37.5000903,126.8829924
2026-08-13 00:00,POI021,군자역,여유,4500,5000,37.558149,127.077839
2026-08-13 00:00,POI023,대림역,보통,16000,18000,37.4908703,126.8936859
2026-08-13 00:00,POI024,동대문역,여유,2000,2500,37.5718616,127.0114887
2026-08-13 00:00,POI025,뚝섬역,여유,5000,5500,37.5475031,127.0461973
2026-08-13 00:00,POI026,미아사거리역,여유,5000,5500,37.61175,127.03044
2026-08-13 00:00,POI055,홍대입구역(2호선),여유,10000,12000,37.5574135,126.9238
2026-08-13 00:00,POI088,광화문광장,여유,1000,1500,37.5759194,126.9768
2026-08-13 00:00,POI119,잠실역,여유,5500,6000,37.5127453,127.0973
2026-08-13 02:00,POI006,종로·청계 관광특구,여유,9000,9500,37.5702856,126.9903626
2026-08-13 02:00,POI007,홍대 관광특구,여유,36000,38000,37.5574135,126.9238
2026-08-13 02:00,POI008,경복궁,여유,200,300,37.579754,126.9766818
2026-08-13 02:00,POI009,광화문·덕수궁,여유,3500,4000,37.5759194,126.9768
2026-08-13 02:00,POI010,보신각,여유,2000,2500,37.5698518,126.9836102
2026-08-13 02:00,POI011,서울 암사동 유적,여유,300,400,37.5610203,127.1306288
2026-08-13 02:00,POI012,창덕궁·종묘,여유,3500,4000,37.5823872,126.9917013
2026-08-13 02:00,POI013,가산디지털단지역,여유,5500,6000,37.480819,126.8816358
2026-08-13 02:00,POI014,강남역,여유,22000,24000,37.5002304,127.0268054
2026-08-13 02:00,POI015,건대입구역,여유,16000,18000,37.54088,127.06812
2026-08-13 02:00,POI016,고덕역,여유,1000,1500,37.5550721,127.1550065
2026-08-13 02:00,POI017,고속터미널역,여유,1500,2000,37.5050827,127.0049777
2026-08-13 02:00,POI018,교대역,여유,5500,6000,37.494178,127.015909
2026-08-13 02:00,POI019,구로디지털단지역,여유,5000,5500,37.4853417,126.9068128
2026-08-13 02:00,POI020,구로역,여유,900,1000,37.5000903,126.8829924
2026-08-13 02:00,POI021,군자역,여유,4000,4500,37.558149,127.077839
2026-08-13 02:00,POI023,대림역,보통,16000,18000,37.4908703,126.8936859
2026-08-13 02:00,POI024,동대문역,여유,1000,1500,37.5718616,127.0114887
2026-08-13 02:00,POI025,뚝섬역,여유,4000,4500,37.5475031,127.0461973
2026-08-13 02:00,POI026,미아사거리역,여유,3500,4000,37.61175,127.03044
2026-08-13 02:00,POI055,홍대입구역(2호선),여유,6500,7000,37.5574135,126.9238
2026-08-13 02:00,POI088,광화문광장,여유,700,800,37.5759194,126.9768
2026-08-13 02:00,POI119,잠실역,여유,3000,3500,37.5127453,127.0973
2026-08-13 03:00,POI006,종로·청계 관광특구,여유,8500,9000,37.5702856,126.9903626
2026-08-13 03:00,POI007,홍대 관광특구,여유,34000,36000,37.5574135,126.9238
2026-08-13 03:00,POI008,경복궁,여유,200,300,37.579754,126.9766818
2026-08-13 03:00,POI009,광화문·덕수궁,여유,3000,3500,37.5759194,126.9768
2026-08-13 03:00,POI010,보신각,여유,1500,2000,37.5698518,126.9836102
2026-08-13 03:00,POI011,서울 암사동 유적,여유,300,400,37.5610203,127.1306288
2026-08-13 03:00,POI012,창덕궁·종묘,여유,3000,3500,37.5823872,126.9917013
2026-08-13 03:00,POI013,가산디지털단지역,여유,5000,5500,37.480819,126.8816358
2026-08-13 03:00,POI014,강남역,여유,20000,22000,37.5002304,127.0268054
2026-08-13 03:00,POI015,건대입구역,여유,14000,16000,37.54088,127.06812
2026-08-13 03:00,POI016,고덕역,여유,1000,1500,37.5550721,127.1550065
2026-08-13 03:00,POI017,고속터미널역,여유,1500,2000,37.5050827,127.0049777
2026-08-13 03:00,POI018,교대역,여유,5500,6000,37.494178,127.015909
2026-08-13 03:00,POI019,구로디지털단지역,여유,4500,5000,37.4853417,126.9068128
2026-08-13 03:00,POI020,구로역,여유,800,900,37.5000903,126.8829924
2026-08-13 03:00,POI021,군자역,여유,3500,4000,37.558149,127.077839
2026-08-13 03:00,POI023,대림역,보통,16000,18000,37.4908703,126.8936859
2026-08-13 03:00,POI024,동대문역,여유,1000,1500,37.5718616,127.0114887
2026-08-13 03:00,POI025,뚝섬역,여유,3500,4000,37.5475031,127.0461973
2026-08-13 03:00,POI026,미아사거리역,여유,3500,4000,37.61175,127.03044
2026-08-13 03:00,POI055,홍대입구역(2호선),여유,6000,6500,37.5574135,126.9238
2026-08-13 03:00,POI088,광화문광장,여유,700,800,37.5759194,126.9768
2026-08-13 03:00,POI119,잠실역,여유,3000,3500,37.5127453,127.0973
2026-08-13 04:00,POI006,종로·청계 관광특구,여유,8000,8500,37.5702856,126.9903626
2026-08-13 04:00,POI007,홍대 관광특구,여유,32000,34000,37.5574135,126.9238
2026-08-13 04:00,POI008,경복궁,여유,200,300,37.579754,126.9766818
2026-08-13 04:00,POI009,광화문·덕수궁,여유,3000,3500,37.5759194,126.9768
2026-08-13 04:00,POI010,보신각,여유,1500,2000,37.5698518,126.9836102
2026-08-13 04:00,POI011,서울 암사동 유적,여유,300,400,37.5610203,127.1306288
2026-08-13 04:00,POI012,창덕궁·종묘,여유,3000,3500,37.5823872,126.9917013
2026-08-13 04:00,POI013,가산디지털단지역,여유,5000,5500,37.480819,126.8816358
2026-08-13 04:00,POI014,강남역,여유,20000,22000,37.5002304,127.0268054
2026-08-13 04:00,POI015,건대입구역,여유,14000,16000,37.54088,127.06812
2026-08-13 04:00,POI016,고덕역,여유,1000,1500,37.5550721,127.1550065
2026-08-13 04:00,POI017,고속터미널역,여유,1500,2000,37.5050827,127.0049777
2026-08-13 04:00,POI018,교대역,여유,5500,6000,37.494178,127.015909
2026-08-13 04:00,POI019,구로디지털단지역,여유,4500,5000,37.4853417,126.9068128
2026-08-13 04:00,POI020,구로역,여유,800,900,37.5000903,126.8829924
2026-08-13 04:00,POI021,군자역,여유,3500,4000,37.558149,127.077839
2026-08-13 04:00,POI023,대림역,보통,16000,18000,37.4908703,126.8936859
2026-08-13 04:00,POI024,동대문역,여유,900,1000,37.5718616,127.0114887
2026-08-13 04:00,POI025,뚝섬역,여유,3500,4000,37.5475031,127.0461973
2026-08-13 04:00,POI026,미아사거리역,여유,3000,3500,37.61175,127.03044
2026-08-13 04:00,POI055,홍대입구역(2호선),여유,6000,6500,37.5574135,126.9238
2026-08-13 04:00,POI088,광화문광장,여유,600,700,37.5759194,126.9768
2026-08-13 04:00,POI119,잠실역,여유,2500,3000,37.5127453,127.0973
2026-08-13 05:00,POI006,종로·청계 관광특구,여유,8500,9000,37.5702856,126.9903626
2026-08-13 05:00,POI007,홍대 관광특구,여유,30000,32000,37.5574135,126.9238
2026-08-13 05:00,POI008,경복궁,여유,200,300,37.579754,126.9766818
2026-08-13 05:00,POI009,광화문·덕수궁,여유,4000,4500,37.5759194,126.9768
2026-08-13 05:00,POI010,보신각,여유,1500,2000,37.5698518,126.9836102
2026-08-13 05:00,POI011,서울 암사동 유적,여유,300,400,37.5610203,127.1306288
2026-08-13 05:00,POI012,창덕궁·종묘,여유,3000,3500,37.5823872,126.9917013
2026-08-13 05:00,POI013,가산디지털단지역,여유,6000,6500,37.480819,126.8816358
2026-08-13 05:00,POI014,강남역,여유,20000,22000,37.5002304,127.0268054
2026-08-13 05:00,POI015,건대입구역,여유,14000,16000,37.54088,127.06812
2026-08-13 05:00,POI016,고덕역,여유,1000,1500,37.5550721,127.1550065
2026-08-13 05:00,POI017,고속터미널역,여유,2000,2500,37.5050827,127.0049777
2026-08-13 05:00,POI018,교대역,여유,5500,6000,37.494178,127.015909
2026-08-13 05:00,POI019,구로디지털단지역,여유,5000,5500,37.4853417,126.9068128
2026-08-13 05:00,POI020,구로역,여유,1000,1500,37.5000903,126.8829924
2026-08-13 05:00,POI021,군자역,여유,3500,4000,37.558149,127.077839
2026-08-13 05:00,POI023,대림역,보통,16000,18000,37.4908703,126.8936859
2026-08-13 05:00,POI024,동대문역,여유,1000,1500,37.5718616,127.0114887
2026-08-13 05:00,POI025,뚝섬역,여유,4000,4500,37.5475031,127.0461973
2026-08-13 05:00,POI026,미아사거리역,여유,3500,4000,37.61175,127.03044
2026-08-13 05:00,POI055,홍대입구역(2호선),여유,6000,6500,37.5574135,126.9238
2026-08-13 05:00,POI088,광화문광장,여유,800,900,37.5759194,126.9768
2026-08-13 05:00,POI119,잠실역,여유,3000,3500,37.5127453,127.0973
2026-08-13 06:00,POI006,종로·청계 관광특구,여유,10000,12000,37.5702856,126.9903626
2026-08-13 06:00,POI007,홍대 관광특구,여유,30000,32000,37.5574135,126.9238
2026-08-13 06:00,POI008,경복궁,여유,300,400,37.579754,126.9766818
2026-08-13 06:00,POI009,광화문·덕수궁,여유,6000,6500,37.5759194,126.9768
2026-08-13 06:00,POI010,보신각,여유,2000,2500,37.5698518,126.9836102
2026-08-13 06:00,POI011,서울 암사동 유적,여유,300,400,37.5610203,127.1306288
2026-08-13 06:00,POI012,창덕궁·종묘,여유,4000,4500,37.5823872,126.9917013
2026-08-13 06:00,POI013,가산디지털단지역,여유,7500,8000,37.480819,126.8816358
2026-08-13 06:00,POI014,강남역,여유,22000,24000,37.5002304,127.0268054
2026-08-13 06:00,POI015,건대입구역,여유,14000,16000,37.54088,127.06812
2026-08-13 06:00,POI016,고덕역,여유,1500,2000,37.5550721,127.1550065
2026-08-13 06:00,POI017,고속터미널역,여유,3500,4000,37.5050827,127.0049777
2026-08-13 06:00,POI018,교대역,여유,6000,6500,37.494178,127.015909
2026-08-13 06:00,POI019,구로디지털단지역,여유,5000,5500,37.4853417,126.9068128
2026-08-13 06:00,POI020,구로역,여유,1500,2000,37.5000903,126.8829924
2026-08-13 06:00,POI021,군자역,여유,3500,4000,37.558149,127.077839
2026-08-13 06:00,POI023,대림역,보통,16000,18000,37.4908703,126.8936859
2026-08-13 06:00,POI024,동대문역,여유,2000,2500,37.5718616,127.0114887
2026-08-13 06:00,POI025,뚝섬역,여유,4000,4500,37.5475031,127.0461973
2026-08-13 06:00,POI026,미아사거리역,여유,5000,5500,37.61175,127.03044
2026-08-13 06:00,POI055,홍대입구역(2호선),여유,6000,6500,37.5574135,126.9238
2026-08-13 06:00,POI088,광화문광장,여유,1000,1500,37.5759194,126.9768
2026-08-13 06:00,POI119,잠실역,여유,4000,4500,37.5127453,127.0973
2026-08-13 07:00,POI006,종로·청계 관광특구,여유,14000,16000,37.5702856,126.9903626
2026-08-13 07:00,POI007,홍대 관광특구,여유,34000,36000,37.5574135,126.9238
2026-08-13 07:00,POI008,경복궁,여유,700,800,37.579754,126.9766818
2026-08-13 07:00,POI009,광화문·덕수궁,여유,12000,14000,37.5759194,126.9768
2026-08-13 07:00,POI010,보신각,여유,3500,4000,37.5698518,126.9836102
2026-08-13 07:00,POI011,서울 암사동 유적,여유,300,400,37.5610203,127.1306288
2026-08-13 07:00,POI012,창덕궁·종묘,여유,5500,6000,37.5823872,126.9917013
2026-08-13 07:00,POI013,가산디지털단지역,여유,12000,14000,37.480819,126.8816358
2026-08-13 07:00,POI014,강남역,여유,30000,32000,37.5002304,127.0268054
2026-08-13 07:00,POI015,건대입구역,여유,18000,20000,37.54088,127.06812
2026-08-13 07:00,POI016,고덕역,여유,1500,2000,37.5550721,127.1550065
2026-08-13 07:00,POI017,고속터미널역,여유,7000,7500,37.5050827,127.0049777
2026-08-13 07:00,POI018,교대역,여유,10000,12000,37.494178,127.015909
2026-08-13 07:00,POI019,구로디지털단지역,여유,7500,8000,37.4853417,126.9068128
2026-08-13 07:00,POI020,구로역,여유,3000,3500,37.5000903,126.8829924
2026-08-13 07:00,POI021,군자역,여유,4000,4500,37.558149,127.077839
2026-08-13 07:00,POI023,대림역,보통,16000,18000,37.4908703,126.8936859
2026-08-13 07:00,POI024,동대문역,여유,3500,4000,37.5718616,127.0114887
2026-08-13 07:00,POI025,뚝섬역,여유,5500,6000,37.5475031,127.0461973
2026-08-13 07:00,POI026,미아사거리역,여유,7000,7500,37.61175,127.03044
2026-08-13 07:00,POI055,홍대입구역(2호선),여유,8000,8500,37.5574135,126.9238
2026-08-13 07:00,POI088,광화문광장,여유,2500,3000,37.5759194,126.9768
2026-08-13 07:00,POI119,잠실역,여유,6000,6500,37.5127453,127.0973
2026-08-13 08:00,POI006,종로·청계 관광특구,여유,24000,26000,37.5702856,126.9903626
2026-08-13 08:00,POI007,홍대 관광특구,여유,40000,42000,37.5574135,126.9238
2026-08-13 08:00,POI008,경복궁,여유,1000,1500,37.579754,126.9766818
2026-08-13 08:00,POI009,광화문·덕수궁,여유,24000,26000,37.5759194,126.9768
2026-08-13 08:00,POI010,보신각,여유,7500,8000,37.5698518,126.9836102
2026-08-13 08:00,POI011,서울 암사동 유적,여유,300,400,37.5610203,127.1306288
2026-08-13 08:00,POI012,창덕궁·종묘,보통,8000,8500,37.5823872,126.9917013
2026-08-13 08:00,POI013,가산디지털단지역,보통,24000,26000,37.480819,126.8816358
2026-08-13 08:00,POI014,강남역,여유,44000,46000,37.5002304,127.0268054
2026-08-13 08:00,POI015,건대입구역,여유,22000,24000,37.54088,127.06812
2026-08-13 08:00,POI016,고덕역,여유,1500,2000,37.5550721,127.1550065
2026-08-13 08:00,POI017,고속터미널역,여유,12000,14000,37.5050827,127.0049777
2026-08-13 08:00,POI018,교대역,여유,12000,14000,37.494178,127.015909
2026-08-13 08:00,POI019,구로디지털단지역,약간 붐빔,16000,18000,37.4853417,126.9068128
2026-08-13 08:00,POI020,구로역,보통,3000,3500,37.5000903,126.8829924
2026-08-13 08:00,POI021,군자역,여유,5000,5500,37.558149,127.077839
2026-08-13 08:00,POI023,대림역,보통,16000,18000,37.4908703,126.8936859
2026-08-13 08:00,POI024,동대문역,보통,6000,6500,37.5718616,127.0114887
2026-08-13 08:00,POI025,뚝섬역,여유,7000,7500,37.5475031,127.0461973
2026-08-13 08:00,POI026,미아사거리역,여유,8000,8500,37.61175,127.03044
2026-08-13 08:00,POI055,홍대입구역(2호선),여유,10000,12000,37.5574135,126.9238
2026-08-13 08:00,POI088,광화문광장,여유,5500,6000,37.5759194,126.9768
2026-08-13 08:00,POI119,잠실역,여유,10000,12000,37.5127453,127.0973
2026-08-13 11:00,POI006,종로·청계 관광특구,보통,38000,40000,37.5702856,126.9903626
2026-08-13 11:00,POI007,홍대 관광특구,여유,60000,62000,37.5574135,126.9238
2026-08-13 11:00,POI008,경복궁,보통,1500,2000,37.579754,126.9766818
2026-08-13 11:00,POI009,광화문·덕수궁,보통,38000,40000,37.5759194,126.9768
2026-08-13 11:00,POI010,보신각,보통,14000,16000,37.5698518,126.9836102
2026-08-13 11:00,POI011,서울 암사동 유적,여유,300,400,37.5610203,127.1306288
2026-08-13 11:00,POI012,창덕궁·종묘,보통,12000,14000,37.5823872,126.9917013
2026-08-13 11:00,POI013,가산디지털단지역,약간 붐빔,34000,36000,37.480819,126.8816358
2026-08-13 11:00,POI014,강남역,약간 붐빔,78000,80000,37.5002304,127.0268054
2026-08-13 11:00,POI015,건대입구역,여유,22000,24000,37.54088,127.06812
2026-08-13 11:00,POI016,고덕역,여유,3000,3500,37.5550721,127.1550065
2026-08-13 11:00,POI017,고속터미널역,보통,20000,22000,37.5050827,127.0049777
2026-08-13 11:00,POI018,교대역,붐빔,22000,24000,37.494178,127.015909
2026-08-13 11:00,POI019,구로디지털단지역,약간 붐빔,34000,36000,37.4853417,126.9068128
2026-08-13 11:00,POI020,구로역,여유,2500,3000,37.5000903,126.8829924
2026-08-13 11:00,POI021,군자역,여유,6000,6500,37.558149,127.077839
2026-08-13 11:00,POI023,대림역,여유,14000,16000,37.4908703,126.8936859
2026-08-13 11:00,POI024,동대문역,보통,8000,8500,37.5718616,127.0114887
2026-08-13 11:00,POI025,뚝섬역,보통,9500,10000,37.5475031,127.0461973
2026-08-13 11:00,POI026,미아사거리역,약간 붐빔,10000,12000,37.61175,127.03044
2026-08-13 11:00,POI055,홍대입구역(2호선),보통,14000,16000,37.5574135,126.9238
2026-08-13 11:00,POI088,광화문광장,보통,7500,8000,37.5759194,126.9768
2026-08-13 11:00,POI119,잠실역,보통,26000,28000,37.5127453,127.0973
2026-08-13 13:00,POI006,종로·청계 관광특구,약간 붐빔,44000,46000,37.5702856,126.9903626
2026-08-13 13:00,POI007,홍대 관광특구,여유,76000,78000,37.5574135,126.9238
2026-08-13 13:00,POI008,경복궁,보통,1500,2000,37.579754,126.9766818
2026-08-13 13:00,POI009,광화문·덕수궁,약간 붐빔,44000,46000,37.5759194,126.9768
2026-08-13 13:00,POI010,보신각,약간 붐빔,18000,20000,37.5698518,126.9836102
2026-08-13 13:00,POI011,서울 암사동 유적,여유,200,300,37.5610203,127.1306288
2026-08-13 13:00,POI012,창덕궁·종묘,약간 붐빔,14000,16000,37.5823872,126.9917013
2026-08-13 13:00,POI013,가산디지털단지역,약간 붐빔,36000,38000,37.480819,126.8816358
2026-08-13 13:00,POI014,강남역,붐빔,86000,88000,37.5002304,127.0268054
2026-08-13 13:00,POI015,건대입구역,여유,26000,28000,37.54088,127.06812
2026-08-13 13:00,POI016,고덕역,여유,3500,4000,37.5550721,127.1550065
2026-08-13 13:00,POI017,고속터미널역,약간 붐빔,28000,30000,37.5050827,127.0049777
2026-08-13 13:00,POI018,교대역,붐빔,22000,24000,37.494178,127.015909
2026-08-13 13:00,POI019,구로디지털단지역,약간 붐빔,36000,38000,37.4853417,126.9068128
2026-08-13 13:00,POI020,구로역,여유,2500,3000,37.5000903,126.8829924
2026-08-13 13:00,POI021,군자역,여유,6000,6500,37.558149,127.077839
2026-08-13 13:00,POI023,대림역,여유,14000,16000,37.4908703,126.8936859
2026-08-13 13:00,POI024,동대문역,보통,10000,12000,37.5718616,127.0114887
2026-08-13 13:00,POI025,뚝섬역,약간 붐빔,10000,12000,37.5475031,127.0461973
2026-08-13 13:00,POI026,미아사거리역,보통,10000,12000,37.61175,127.03044
2026-08-13 13:00,POI055,홍대입구역(2호선),보통,18000,20000,37.5574135,126.9238
2026-08-13 13:00,POI088,광화문광장,보통,8500,9000,37.5759194,126.9768
2026-08-13 13:00,POI119,잠실역,약간 붐빔,38000,40000,37.5127453,127.0973
2026-08-13 15:00,POI006,종로·청계 관광특구,보통,44000,46000,37.5702856,126.9903626
2026-08-13 15:00,POI007,홍대 관광특구,보통,80000,82000,37.5574135,126.9238
2026-08-13 15:00,POI008,경복궁,약간 붐빔,1500,2000,37.579754,126.9766818
2026-08-13 15:00,POI009,광화문·덕수궁,약간 붐빔,42000,44000,37.5759194,126.9768
2026-08-13 15:00,POI010,보신각,약간 붐빔,18000,20000,37.5698518,126.9836102
2026-08-13 15:00,POI011,서울 암사동 유적,여유,200,300,37.5610203,127.1306288
2026-08-13 15:00,POI012,창덕궁·종묘,약간 붐빔,14000,16000,37.5823872,126.9917013
2026-08-13 15:00,POI013,가산디지털단지역,약간 붐빔,32000,34000,37.480819,126.8816358
2026-08-13 15:00,POI014,강남역,약간 붐빔,86000,88000,37.5002304,127.0268054
2026-08-13 15:00,POI015,건대입구역,여유,26000,28000,37.54088,127.06812
2026-08-13 15:00,POI016,고덕역,여유,3500,4000,37.5550721,127.1550065
2026-08-13 15:00,POI017,고속터미널역,약간 붐빔,26000,28000,37.5050827,127.0049777
2026-08-13 15:00,POI018,교대역,붐빔,22000,24000,37.494178,127.015909
2026-08-13 15:00,POI019,구로디지털단지역,약간 붐빔,34000,36000,37.4853417,126.9068128
2026-08-13 15:00,POI020,구로역,여유,3000,3500,37.5000903,126.8829924
2026-08-13 15:00,POI021,군자역,여유,6000,6500,37.558149,127.077839
2026-08-13 15:00,POI023,대림역,여유,14000,16000,37.4908703,126.8936859
2026-08-13 15:00,POI024,동대문역,보통,10000,12000,37.5718616,127.0114887
2026-08-13 15:00,POI025,뚝섬역,약간 붐빔,10000,12000,37.5475031,127.0461973
2026-08-13 15:00,POI026,미아사거리역,보통,10000,12000,37.61175,127.03044
2026-08-13 15:00,POI055,홍대입구역(2호선),약간 붐빔,20000,22000,37.5574135,126.9238
2026-08-13 15:00,POI088,광화문광장,보통,8500,9000,37.5759194,126.9768
2026-08-13 15:00,POI119,잠실역,약간 붐빔,40000,42000,37.5127453,127.0973
2026-08-13 17:00,POI006,종로·청계 관광특구,보통,40000,42000,37.5702856,126.9903626
2026-08-13 17:00,POI007,홍대 관광특구,보통,86000,88000,37.5574135,126.9238
2026-08-13 17:00,POI008,경복궁,보통,1500,2000,37.579754,126.9766818
2026-08-13 17:00,POI009,광화문·덕수궁,보통,40000,42000,37.5759194,126.9768
2026-08-13 17:00,POI010,보신각,보통,14000,16000,37.5698518,126.9836102
2026-08-13 17:00,POI011,서울 암사동 유적,여유,300,400,37.5610203,127.1306288
2026-08-13 17:00,POI012,창덕궁·종묘,약간 붐빔,14000,16000,37.5823872,126.9917013
2026-08-13 17:00,POI013,가산디지털단지역,보통,34000,36000,37.480819,126.8816358
2026-08-13 17:00,POI014,강남역,약간 붐빔,84000,86000,37.5002304,127.0268054
2026-08-13 17:00,POI015,건대입구역,보통,26000,28000,37.54088,127.06812
2026-08-13 17:00,POI016,고덕역,약간 붐빔,5000,5500,37.5550721,127.1550065
2026-08-13 17:00,POI017,고속터미널역,약간 붐빔,26000,28000,37.5050827,127.0049777
2026-08-13 17:00,POI018,교대역,약간 붐빔,20000,22000,37.494178,127.015909
2026-08-13 17:00,POI019,구로디지털단지역,약간 붐빔,32000,34000,37.4853417,126.9068128
2026-08-13 17:00,POI020,구로역,보통,3000,3500,37.5000903,126.8829924
2026-08-13 17:00,POI021,군자역,여유,6500,7000,37.558149,127.077839
2026-08-13 17:00,POI023,대림역,여유,14000,16000,37.4908703,126.8936859
2026-08-13 17:00,POI024,동대문역,보통,8500,9000,37.5718616,127.0114887
2026-08-13 17:00,POI025,뚝섬역,보통,9500,10000,37.5475031,127.0461973
2026-08-13 17:00,POI026,미아사거리역,보통,10000,12000,37.61175,127.03044
2026-08-13 17:00,POI055,홍대입구역(2호선),약간 붐빔,22000,24000,37.5574135,126.9238
2026-08-13 17:00,POI088,광화문광장,보통,8500,9000,37.5759194,126.9768
2026-08-13 17:00,POI119,잠실역,약간 붐빔,40000,42000,37.5127453,127.0973
2026-08-13 19:00,POI006,종로·청계 관광특구,약간 붐빔,34000,36000,37.5702856,126.9903626
2026-08-13 19:00,POI007,홍대 관광특구,보통,88000,90000,37.5574135,126.9238
2026-08-13 19:00,POI008,경복궁,여유,1000,1500,37.579754,126.9766818
2026-08-13 19:00,POI009,광화문·덕수궁,약간 붐빔,32000,34000,37.5759194,126.9768
2026-08-13 19:00,POI010,보신각,약간 붐빔,12000,14000,37.5698518,126.9836102
2026-08-13 19:00,POI011,서울 암사동 유적,여유,300,400,37.5610203,127.1306288
2026-08-13 19:00,POI012,창덕궁·종묘,약간 붐빔,10000,12000,37.5823872,126.9917013
2026-08-13 19:00,POI013,가산디지털단지역,약간 붐빔,28000,30000,37.480819,126.8816358
2026-08-13 19:00,POI014,강남역,붐빔,80000,82000,37.5002304,127.0268054
2026-08-13 19:00,POI015,건대입구역,붐빔,30000,32000,37.54088,127.06812
2026-08-13 19:00,POI016,고덕역,약간 붐빔,5000,5500,37.5550721,127.1550065
2026-08-13 19:00,POI017,고속터미널역,붐빔,26000,28000,37.5050827,127.0049777
2026-08-13 19:00,POI018,교대역,약간 붐빔,18000,20000,37.494178,127.015909
2026-08-13 19:00,POI019,구로디지털단지역,약간 붐빔,22000,24000,37.4853417,126.9068128
2026-08-13 19:00,POI020,구로역,보통,3500,4000,37.5000903,126.8829924
2026-08-13 19:00,POI021,군자역,보통,8000,8500,37.558149,127.077839
2026-08-13 19:00,POI023,대림역,여유,16000,18000,37.4908703,126.8936859
2026-08-13 19:00,POI024,동대문역,보통,8000,8500,37.5718616,127.0114887
2026-08-13 19:00,POI025,뚝섬역,보통,9500,10000,37.5475031,127.0461973
2026-08-13 19:00,POI026,미아사거리역,붐빔,12000,14000,37.61175,127.03044
2026-08-13 19:00,POI055,홍대입구역(2호선),약간 붐빔,22000,24000,37.5574135,126.9238
2026-08-13 19:00,POI088,광화문광장,여유,7000,7500,37.5759194,126.9768
2026-08-13 19:00,POI119,잠실역,붐빔,38000,40000,37.5127453,127.0973
2026-08-13 20:00,POI006,종로·청계 관광특구,보통,26000,28000,37.5702856,126.9903626
2026-08-13 20:00,POI007,홍대 관광특구,보통,78000,80000,37.5574135,126.9238
2026-08-13 20:00,POI008,경복궁,여유,1000,1500,37.579754,126.9766818
2026-08-13 20:00,POI009,광화문·덕수궁,여유,20000,22000,37.5759194,126.9768
2026-08-13 20:00,POI010,보신각,보통,10000,12000,37.5698518,126.9836102
2026-08-13 20:00,POI011,서울 암사동 유적,여유,300,400,37.5610203,127.1306288
2026-08-13 20:00,POI012,창덕궁·종묘,여유,7500,8000,37.5823872,126.9917013
2026-08-13 20:00,POI013,가산디지털단지역,여유,14000,16000,37.480819,126.8816358
2026-08-13 20:00,POI014,강남역,보통,64000,66000,37.5002304,127.0268054
2026-08-13 20:00,POI015,건대입구역,보통,28000,30000,37.54088,127.06812
2026-08-13 20:00,POI016,고덕역,보통,4500,5000,37.5550721,127.1550065
2026-08-13 20:00,POI017,고속터미널역,여유,14000,16000,37.5050827,127.0049777
2026-08-13 20:00,POI018,교대역,여유,14000,16000,37.494178,127.015909
2026-08-13 20:00,POI019,구로디지털단지역,여유,14000,16000,37.4853417,126.9068128
2026-08-13 20:00,POI020,구로역,여유,1500,2000,37.5000903,126.8829924
2026-08-13 20:00,POI021,군자역,보통,7500,8000,37.558149,127.077839
2026-08-13 20:00,POI023,대림역,여유,16000,18000,37.4908703,126.8936859
2026-08-13 20:00,POI024,동대문역,여유,4000,4500,37.5718616,127.0114887
2026-08-13 20:00,POI025,뚝섬역,여유,8000,8500,37.5475031,127.0461973
2026-08-13 20:00,POI026,미아사거리역,여유,9500,10000,37.61175,127.03044
2026-08-13 20:00,POI055,홍대입구역(2호선),보통,18000,20000,37.5574135,126.9238
2026-08-13 20:00,POI088,광화문광장,여유,4000,4500,37.5759194,126.9768
2026-08-13 20:00,POI119,잠실역,보통,28000,30000,37.5127453,127.0973
2026-08-13 22:00,POI006,종로·청계 관광특구,여유,18000,20000,37.5702856,126.9903626
2026-08-13 22:00,POI007,홍대 관광특구,여유,64000,66000,37.5574135,126.9238
2026-08-13 22:00,POI008,경복궁,여유,600,700,37.579754,126.9766818
2026-08-13 22:00,POI009,광화문·덕수궁,여유,12000,14000,37.5759194,126.9768
2026-08-13 22:00,POI010,보신각,여유,6500,7000,37.5698518,126.9836102
2026-08-13 22:00,POI011,서울 암사동 유적,여유,300,400,37.5610203,127.1306288
2026-08-13 22:00,POI012,창덕궁·종묘,여유,5500,6000,37.5823872,126.9917013
2026-08-13 22:00,POI013,가산디지털단지역,여유,10000,12000,37.480819,126.8816358
2026-08-13 22:00,POI014,강남역,여유,50000,52000,37.5002304,127.0268054
2026-08-13 22:00,POI015,건대입구역,여유,26000,28000,37.54088,127.06812
2026-08-13 22:00,POI016,고덕역,여유,4000,4500,37.5550721,127.1550065
2026-08-13 22:00,POI017,고속터미널역,여유,7500,8000,37.5050827,127.0049777
2026-08-13 22:00,POI018,교대역,여유,12000,14000,37.494178,127.015909
2026-08-13 22:00,POI019,구로디지털단지역,여유,10000,12000,37.4853417,126.9068128
2026-08-13 22:00,POI020,구로역,여유,2000,2500,37.5000903,126.8829924
2026-08-13 22:00,POI021,군자역,여유,6500,7000,37.558149,127.077839
2026-08-13 22:00,POI023,대림역,보통,16000,18000,37.4908703,126.8936859
2026-08-13 22:00,POI024,동대문역,여유,3500,4000,37.5718616,127.0114887
2026-08-13 22:00,POI025,뚝섬역,여유,6500,7000,37.5475031,127.0461973
2026-08-13 22:00,POI026,미아사거리역,여유,7500,8000,37.61175,127.03044
2026-08-13 22:00,POI055,홍대입구역(2호선),여유,14000,16000,37.5574135,126.9238
2026-08-13 22:00,POI088,광화문광장,여유,2500,3000,37.5759194,126.9768
2026-08-13 22:00,POI119,잠실역,여유,14000,16000,37.5127453,127.0973
2026-08-14 00:00,POI006,종로·청계 관광특구,여유,12000,14000,37.5702856,126.9903626
2026-08-14 00:00,POI007,홍대 관광특구,여유,46000,48000,37.5574135,126.9238
2026-08-14 00:00,POI008,경복궁,여유,400,500,37.579754,126.9766818
2026-08-14 00:00,POI009,광화문·덕수궁,여유,5500,6000,37.5759194,126.9768
2026-08-14 00:00,POI010,보신각,여유,3000,3500,37.5698518,126.9836102
2026-08-14 00:00,POI011,서울 암사동 유적,여유,300,400,37.5610203,127.1306288
2026-08-14 00:00,POI012,창덕궁·종묘,여유,4000,4500,37.5823872,126.9917013
2026-08-14 00:00,POI013,가산디지털단지역,여유,7000,7500,37.480819,126.8816358
2026-08-14 00:00,POI014,강남역,여유,30000,32000,37.5002304,127.0268054
2026-08-14 00:00,POI015,건대입구역,여유,22000,24000,37.54088,127.06812
2026-08-14 00:00,POI016,고덕역,여유,1500,2000,37.5550721,127.1550065
2026-08-14 00:00,POI017,고속터미널역,여유,4500,5000,37.5050827,127.0049777
2026-08-14 00:00,POI018,교대역,여유,9500,10000,37.494178,127.015909
2026-08-14 00:00,POI019,구로디지털단지역,여유,6500,7000,37.4853417,126.9068128
2026-08-14 00:00,POI020,구로역,여유,1000,1500,37.5000903,126.8829924
2026-08-14 00:00,POI021,군자역,여유,5000,5500,37.558149,127.077839
2026-08-14 00:00,POI023,대림역,보통,16000,18000,37.4908703,126.8936859
2026-08-14 00:00,POI024,동대문역,여유,2000,2500,37.5718616,127.0114887
2026-08-14 00:00,POI025,뚝섬역,여유,5000,5500,37.5475031,127.0461973
2026-08-14 00:00,POI026,미아사거리역,여유,5000,5500,37.61175,127.03044
2026-08-14 00:00,POI055,홍대입구역(2호선),여유,10000,12000,37.5574135,126.9238
2026-08-14 00:00,POI088,광화문광장,여유,1000,1500,37.5759194,126.9768
2026-08-14 00:00,POI119,잠실역,여유,6000,6500,37.5127453,127.0973
2026-08-14 02:00,POI006,종로·청계 관광특구,여유,7500,8000,37.5702856,126.9903626
2026-08-14 02:00,POI007,홍대 관광특구,여유,32000,34000,37.5574135,126.9238
2026-08-14 02:00,POI008,경복궁,여유,200,300,37.579754,126.9766818
2026-08-14 02:00,POI009,광화문·덕수궁,여유,3000,3500,37.5759194,126.9768
2026-08-14 02:00,POI010,보신각,여유,2000,2500,37.5698518,126.9836102
2026-08-14 02:00,POI011,서울 암사동 유적,여유,300,400,37.5610203,127.1306288
2026-08-14 02:00,POI012,창덕궁·종묘,여유,3000,3500,37.5823872,126.9917013
2026-08-14 02:00,POI013,가산디지털단지역,여유,3500,4000,37.480819,126.8816358
2026-08-14 02:00,POI014,강남역,여유,20000,22000,37.5002304,127.0268054
2026-08-14 02:00,POI015,건대입구역,여유,14000,16000,37.54088,127.06812
2026-08-14 02:00,POI016,고덕역,여유,1000,1500,37.5550721,127.1550065
2026-08-14 02:00,POI017,고속터미널역,여유,1000,1500,37.5050827,127.0049777
2026-08-14 02:00,POI018,교대역,여유,5000,5500,37.494178,127.015909
2026-08-14 02:00,POI019,구로디지털단지역,여유,3500,4000,37.4853417,126.9068128
2026-08-14 02:00,POI020,구로역,여유,500,600,37.5000903,126.8829924
2026-08-14 02:00,POI021,군자역,여유,2500,3000,37.558149,127.077839
2026-08-14 02:00,POI023,대림역,보통,16000,18000,37.4908703,126.8936859
2026-08-14 02:00,POI024,동대문역,여유,900,1000,37.5718616,127.0114887
2026-08-14 02:00,POI025,뚝섬역,여유,3500,4000,37.5475031,127.0461973
2026-08-14 02:00,POI026,미아사거리역,여유,2500,3000,37.61175,127.03044
2026-08-14 02:00,POI055,홍대입구역(2호선),여유,6000,6500,37.5574135,126.9238
2026-08-14 02:00,POI088,광화문광장,여유,700,800,37.5759194,126.9768
2026-08-14 02:00,POI119,잠실역,여유,2500,3000,37.5127453,127.0973
2026-08-14 03:00,POI006,종로·청계 관광특구,여유,7500,8000,37.5702856,126.9903626
2026-08-14 03:00,POI007,홍대 관광특구,여유,30000,32000,37.5574135,126.9238
2026-08-14 03:00,POI008,경복궁,여유,200,300,37.579754,126.9766818
2026-08-14 03:00,POI009,광화문·덕수궁,여유,3000,3500,37.5759194,126.9768
2026-08-14 03:00,POI010,보신각,여유,1500,2000,37.5698518,126.9836102
2026-08-14 03:00,POI011,서울 암사동 유적,여유,300,400,37.5610203,127.1306288
2026-08-14 03:00,POI012,창덕궁·종묘,여유,2500,3000,37.5823872,126.9917013
2026-08-14 03:00,POI013,가산디지털단지역,여유,3500,4000,37.480819,126.8816358
2026-08-14 03:00,POI014,강남역,여유,18000,20000,37.5002304,127.0268054
2026-08-14 03:00,POI015,건대입구역,여유,14000,16000,37.54088,127.06812
2026-08-14 03:00,POI016,고덕역,여유,900,1000,37.5550721,127.1550065
2026-08-14 03:00,POI017,고속터미널역,여유,1000,1500,37.5050827,127.0049777
2026-08-14 03:00,POI018,교대역,여유,5000,5500,37.494178,127.015909
2026-08-14 03:00,POI019,구로디지털단지역,여유,3500,4000,37.4853417,126.9068128
2026-08-14 03:00,POI020,구로역,여유,500,600,37.5000903,126.8829924
2026-08-14 03:00,POI021,군자역,여유,2500,3000,37.558149,127.077839
2026-08-14 03:00,POI023,대림역,보통,16000,18000,37.4908703,126.8936859
2026-08-14 03:00,POI024,동대문역,여유,700,800,37.5718616,127.0114887
2026-08-14 03:00,POI025,뚝섬역,여유,3000,3500,37.5475031,127.0461973
2026-08-14 03:00,POI026,미아사거리역,여유,2000,2500,37.61175,127.03044
2026-08-14 03:00,POI055,홍대입구역(2호선),여유,5500,6000,37.5574135,126.9238
2026-08-14 03:00,POI088,광화문광장,여유,600,700,37.5759194,126.9768
2026-08-14 03:00,POI119,잠실역,여유,2000,2500,37.5127453,127.0973
2026-08-14 04:00,POI006,종로·청계 관광특구,여유,7500,8000,37.5702856,126.9903626
2026-08-14 04:00,POI007,홍대 관광특구,여유,32000,34000,37.5574135,126.9238
2026-08-14 04:00,POI008,경복궁,여유,200,300,37.579754,126.9766818
2026-08-14 04:00,POI009,광화문·덕수궁,여유,3000,3500,37.5759194,126.9768
2026-08-14 04:00,POI010,보신각,여유,1500,2000,37.5698518,126.9836102
2026-08-14 04:00,POI011,서울 암사동 유적,여유,300,400,37.5610203,127.1306288
2026-08-14 04:00,POI012,창덕궁·종묘,여유,3000,3500,37.5823872,126.9917013
2026-08-14 04:00,POI013,가산디지털단지역,여유,4500,5000,37.480819,126.8816358
2026-08-14 04:00,POI014,강남역,여유,20000,22000,37.5002304,127.0268054
2026-08-14 04:00,POI015,건대입구역,여유,14000,16000,37.54088,127.06812
2026-08-14 04:00,POI016,고덕역,여유,1000,1500,37.5550721,127.1550065
2026-08-14 04:00,POI017,고속터미널역,여유,1500,2000,37.5050827,127.0049777
2026-08-14 04:00,POI018,교대역,여유,5500,6000,37.494178,127.015909
2026-08-14 04:00,POI019,구로디지털단지역,여유,4000,4500,37.4853417,126.9068128
2026-08-14 04:00,POI020,구로역,여유,600,700,37.5000903,126.8829924
2026-08-14 04:00,POI021,군자역,여유,3000,3500,37.558149,127.077839
2026-08-14 04:00,POI023,대림역,보통,16000,18000,37.4908703,126.8936859
2026-08-14 04:00,POI024,동대문역,여유,700,800,37.5718616,127.0114887
2026-08-14 04:00,POI025,뚝섬역,여유,3500,4000,37.5475031,127.0461973
2026-08-14 04:00,POI026,미아사거리역,여유,3000,3500,37.61175,127.03044
2026-08-14 04:00,POI055,홍대입구역(2호선),여유,6000,6500,37.5574135,126.9238
2026-08-14 04:00,POI088,광화문광장,여유,700,800,37.5759194,126.9768
2026-08-14 04:00,POI119,잠실역,여유,2500,3000,37.5127453,127.0973
2026-08-14 05:00,POI006,종로·청계 관광특구,여유,8500,9000,37.5702856,126.9903626
2026-08-14 05:00,POI007,홍대 관광특구,여유,30000,32000,37.5574135,126.9238
2026-08-14 05:00,POI008,경복궁,여유,300,400,37.579754,126.9766818
2026-08-14 05:00,POI009,광화문·덕수궁,여유,3500,4000,37.5759194,126.9768
2026-08-14 05:00,POI010,보신각,여유,1500,2000,37.5698518,126.9836102
2026-08-14 05:00,POI011,서울 암사동 유적,여유,300,400,37.5610203,127.1306288
2026-08-14 05:00,POI012,창덕궁·종묘,여유,3000,3500,37.5823872,126.9917013
2026-08-14 05:00,POI013,가산디지털단지역,여유,5500,6000,37.480819,126.8816358
2026-08-14 05:00,POI014,강남역,여유,20000,22000,37.5002304,127.0268054
2026-08-14 05:00,POI015,건대입구역,여유,14000,16000,37.54088,127.06812
2026-08-14 05:00,POI016,고덕역,여유,1000,1500,37.5550721,127.1550065
2026-08-14 05:00,POI017,고속터미널역,여유,2000,2500,37.5050827,127.0049777
2026-08-14 05:00,POI018,교대역,여유,5500,6000,37.494178,127.015909
2026-08-14 05:00,POI019,구로디지털단지역,여유,4500,5000,37.4853417,126.9068128
2026-08-14 05:00,POI020,구로역,여유,900,1000,37.5000903,126.8829924
2026-08-14 05:00,POI021,군자역,여유,3500,4000,37.558149,127.077839
2026-08-14 05:00,POI023,대림역,보통,16000,18000,37.4908703,126.8936859
2026-08-14 05:00,POI024,동대문역,여유,1000,1500,37.5718616,127.0114887
2026-08-14 05:00,POI025,뚝섬역,여유,4000,4500,37.5475031,127.0461973
2026-08-14 05:00,POI026,미아사거리역,여유,3500,4000,37.61175,127.03044
2026-08-14 05:00,POI055,홍대입구역(2호선),여유,6000,6500,37.5574135,126.9238
2026-08-14 05:00,POI088,광화문광장,여유,800,900,37.5759194,126.9768
2026-08-14 05:00,POI119,잠실역,여유,3000,3500,37.5127453,127.0973
2026-08-14 06:00,POI006,종로·청계 관광특구,여유,10000,12000,37.5702856,126.9903626
2026-08-14 06:00,POI007,홍대 관광특구,여유,30000,32000,37.5574135,126.9238
2026-08-14 06:00,POI008,경복궁,여유,400,500,37.579754,126.9766818
2026-08-14 06:00,POI009,광화문·덕수궁,여유,6000,6500,37.5759194,126.9768
2026-08-14 06:00,POI010,보신각,여유,2000,2500,37.5698518,126.9836102
2026-08-14 06:00,POI011,서울 암사동 유적,여유,300,400,37.5610203,127.1306288
2026-08-14 06:00,POI012,창덕궁·종묘,여유,4000,4500,37.5823872,126.9917013
2026-08-14 06:00,POI013,가산디지털단지역,여유,7000,7500,37.480819,126.8816358
2026-08-14 06:00,POI014,강남역,여유,22000,24000,37.5002304,127.0268054
2026-08-14 06:00,POI015,건대입구역,여유,14000,16000,37.54088,127.06812
2026-08-14 06:00,POI016,고덕역,여유,1500,2000,37.5550721,127.1550065
2026-08-14 06:00,POI017,고속터미널역,여유,4000,4500,37.5050827,127.0049777
2026-08-14 06:00,POI018,교대역,여유,6000,6500,37.494178,127.015909
2026-08-14 06:00,POI019,구로디지털단지역,여유,5000,5500,37.4853417,126.9068128
2026-08-14 06:00,POI020,구로역,여유,1500,2000,37.5000903,126.8829924
2026-08-14 06:00,POI021,군자역,여유,3500,4000,37.558149,127.077839
2026-08-14 06:00,POI023,대림역,보통,16000,18000,37.4908703,126.8936859
2026-08-14 06:00,POI024,동대문역,여유,2000,2500,37.5718616,127.0114887
2026-08-14 06:00,POI025,뚝섬역,여유,4000,4500,37.5475031,127.0461973
2026-08-14 06:00,POI026,미아사거리역,여유,4500,5000,37.61175,127.03044
2026-08-14 06:00,POI055,홍대입구역(2호선),여유,6000,6500,37.5574135,126.9238
2026-08-14 06:00,POI088,광화문광장,여유,1000,1500,37.5759194,126.9768
2026-08-14 06:00,POI119,잠실역,여유,4000,4500,37.5127453,127.0973
2026-08-14 07:00,POI006,종로·청계 관광특구,여유,14000,16000,37.5702856,126.9903626
2026-08-14 07:00,POI007,홍대 관광특구,여유,34000,36000,37.5574135,126.9238
2026-08-14 07:00,POI008,경복궁,여유,700,800,37.579754,126.9766818
2026-08-14 07:00,POI009,광화문·덕수궁,여유,12000,14000,37.5759194,126.9768
2026-08-14 07:00,POI010,보신각,여유,4000,4500,37.5698518,126.9836102
2026-08-14 07:00,POI011,서울 암사동 유적,여유,300,400,37.5610203,127.1306288
2026-08-14 07:00,POI012,창덕궁·종묘,여유,5500,6000,37.5823872,126.9917013
2026-08-14 07:00,POI013,가산디지털단지역,여유,12000,14000,37.480819,126.8816358
2026-08-14 07:00,POI014,강남역,여유,30000,32000,37.5002304,127.0268054
2026-08-14 07:00,POI015,건대입구역,여유,18000,20000,37.54088,127.06812
2026-08-14 07:00,POI016,고덕역,여유,1500,2000,37.5550721,127.1550065
2026-08-14 07:00,POI017,고속터미널역,여유,8000,8500,37.5050827,127.0049777
2026-08-14 07:00,POI018,교대역,여유,10000,12000,37.494178,127.015909
2026-08-14 07:00,POI019,구로디지털단지역,여유,7500,8000,37.4853417,126.9068128
2026-08-14 07:00,POI020,구로역,여유,2500,3000,37.5000903,126.8829924
2026-08-14 07:00,POI021,군자역,여유,4000,4500,37.558149,127.077839
2026-08-14 07:00,POI023,대림역,보통,16000,18000,37.4908703,126.8936859
2026-08-14 07:00,POI024,동대문역,여유,3500,4000,37.5718616,127.0114887
2026-08-14 07:00,POI025,뚝섬역,여유,5500,6000,37.5475031,127.0461973
2026-08-14 07:00,POI026,미아사거리역,여유,6500,7000,37.61175,127.03044
2026-08-14 07:00,POI055,홍대입구역(2호선),여유,8000,8500,37.5574135,126.9238
2026-08-14 07:00,POI088,광화문광장,여유,2500,3000,37.5759194,126.9768
2026-08-14 07:00,POI119,잠실역,여유,6500,7000,37.5127453,127.0973
2026-08-14 08:00,POI006,종로·청계 관광특구,여유,22000,24000,37.5702856,126.9903626
2026-08-14 08:00,POI007,홍대 관광특구,여유,38000,40000,37.5574135,126.9238
2026-08-14 08:00,POI008,경복궁,여유,900,1000,37.579754,126.9766818
2026-08-14 08:00,POI009,광화문·덕수궁,여유,22000,24000,37.5759194,126.9768
2026-08-14 08:00,POI010,보신각,여유,7500,8000,37.5698518,126.9836102
2026-08-14 08:00,POI011,서울 암사동 유적,여유,300,400,37.5610203,127.1306288
2026-08-14 08:00,POI012,창덕궁·종묘,보통,8000,8500,37.5823872,126.9917013
2026-08-14 08:00,POI013,가산디지털단지역,보통,24000,26000,37.480819,126.8816358
2026-08-14 08:00,POI014,강남역,여유,44000,46000,37.5002304,127.0268054
2026-08-14 08:00,POI015,건대입구역,여유,22000,24000,37.54088,127.06812
2026-08-14 08:00,POI016,고덕역,여유,2000,2500,37.5550721,127.1550065
2026-08-14 08:00,POI017,고속터미널역,여유,10000,12000,37.5050827,127.0049777
2026-08-14 08:00,POI018,교대역,여유,12000,14000,37.494178,127.015909
2026-08-14 08:00,POI019,구로디지털단지역,약간 붐빔,14000,16000,37.4853417,126.9068128
2026-08-14 08:00,POI020,구로역,약간 붐빔,4000,4500,37.5000903,126.8829924
2026-08-14 08:00,POI021,군자역,여유,4500,5000,37.558149,127.077839
2026-08-14 08:00,POI023,대림역,보통,16000,18000,37.4908703,126.8936859
2026-08-14 08:00,POI024,동대문역,보통,6500,7000,37.5718616,127.0114887
2026-08-14 08:00,POI025,뚝섬역,여유,7000,7500,37.5475031,127.0461973
2026-08-14 08:00,POI026,미아사거리역,보통,8500,9000,37.61175,127.03044
2026-08-14 08:00,POI055,홍대입구역(2호선),여유,9500,10000,37.5574135,126.9238
2026-08-14 08:00,POI088,광화문광장,여유,5500,6000,37.5759194,126.9768
2026-08-14 08:00,POI119,잠실역,여유,10000,12000,37.5127453,127.0973
2026-08-14 11:00,POI006,종로·청계 관광특구,보통,36000,38000,37.5702856,126.9903626
2026-08-14 11:00,POI007,홍대 관광특구,여유,60000,62000,37.5574135,126.9238
2026-08-14 11:00,POI008,경복궁,보통,1500,2000,37.579754,126.9766818
2026-08-14 11:00,POI009,광화문·덕수궁,보통,38000,40000,37.5759194,126.9768
2026-08-14 11:00,POI010,보신각,보통,12000,14000,37.5698518,126.9836102
2026-08-14 11:00,POI011,서울 암사동 유적,여유,300,400,37.5610203,127.1306288
2026-08-14 11:00,POI012,창덕궁·종묘,보통,12000,14000,37.5823872,126.9917013
2026-08-14 11:00,POI013,가산디지털단지역,보통,30000,32000,37.480819,126.8816358
2026-08-14 11:00,POI014,강남역,약간 붐빔,76000,78000,37.5002304,127.0268054
2026-08-14 11:00,POI015,건대입구역,여유,22000,24000,37.54088,127.06812
2026-08-14 11:00,POI016,고덕역,여유,3000,3500,37.5550721,127.1550065
2026-08-14 11:00,POI017,고속터미널역,보통,22000,24000,37.5050827,127.0049777
2026-08-14 11:00,POI018,교대역,붐빔,20000,22000,37.494178,127.015909
2026-08-14 11:00,POI019,구로디지털단지역,보통,32000,34000,37.4853417,126.9068128
2026-08-14 11:00,POI020,구로역,여유,2500,3000,37.5000903,126.8829924
2026-08-14 11:00,POI021,군자역,여유,6000,6500,37.558149,127.077839
2026-08-14 11:00,POI023,대림역,여유,14000,16000,37.4908703,126.8936859
2026-08-14 11:00,POI024,동대문역,보통,8000,8500,37.5718616,127.0114887
2026-08-14 11:00,POI025,뚝섬역,보통,9500,10000,37.5475031,127.0461973
2026-08-14 11:00,POI026,미아사거리역,보통,10000,12000,37.61175,127.03044
2026-08-14 11:00,POI055,홍대입구역(2호선),여유,14000,16000,37.5574135,126.9238
2026-08-14 11:00,POI088,광화문광장,보통,8000,8500,37.5759194,126.9768
2026-08-14 11:00,POI119,잠실역,보통,26000,28000,37.5127453,127.0973
2026-08-14 13:00,POI006,종로·청계 관광특구,보통,42000,44000,37.5702856,126.9903626
2026-08-14 13:00,POI007,홍대 관광특구,여유,74000,76000,37.5574135,126.9238
2026-08-14 13:00,POI008,경복궁,보통,1500,2000,37.579754,126.9766818
2026-08-14 13:00,POI009,광화문·덕수궁,약간 붐빔,42000,44000,37.5759194,126.9768
2026-08-14 13:00,POI010,보신각,약간 붐빔,18000,20000,37.5698518,126.9836102
2026-08-14 13:00,POI011,서울 암사동 유적,여유,300,400,37.5610203,127.1306288
2026-08-14 13:00,POI012,창덕궁·종묘,보통,14000,16000,37.5823872,126.9917013
2026-08-14 13:00,POI013,가산디지털단지역,약간 붐빔,34000,36000,37.480819,126.8816358
2026-08-14 13:00,POI014,강남역,약간 붐빔,84000,86000,37.5002304,127.0268054
2026-08-14 13:00,POI015,건대입구역,여유,26000,28000,37.54088,127.06812
2026-08-14 13:00,POI016,고덕역,여유,3000,3500,37.5550721,127.1550065
2026-08-14 13:00,POI017,고속터미널역,붐빔,30000,32000,37.5050827,127.0049777
2026-08-14 13:00,POI018,교대역,붐빔,22000,24000,37.494178,127.015909
2026-08-14 13:00,POI019,구로디지털단지역,약간 붐빔,32000,34000,37.4853417,126.9068128
2026-08-14 13:00,POI020,구로역,여유,2500,3000,37.5000903,126.8829924
2026-08-14 13:00,POI021,군자역,여유,6000,6500,37.558149,127.077839
2026-08-14 13:00,POI023,대림역,여유,14000,16000,37.4908703,126.8936859
2026-08-14 13:00,POI024,동대문역,보통,9500,10000,37.5718616,127.0114887
2026-08-14 13:00,POI025,뚝섬역,약간 붐빔,10000,12000,37.5475031,127.0461973
2026-08-14 13:00,POI026,미아사거리역,보통,10000,12000,37.61175,127.03044
2026-08-14 13:00,POI055,홍대입구역(2호선),보통,18000,20000,37.5574135,126.9238
2026-08-14 13:00,POI088,광화문광장,보통,8500,9000,37.5759194,126.9768
2026-08-14 13:00,POI119,잠실역,약간 붐빔,40000,42000,37.5127453,127.0973
2026-08-14 15:00,POI006,종로·청계 관광특구,보통,42000,44000,37.5702856,126.9903626
2026-08-14 15:00,POI007,홍대 관광특구,보통,80000,82000,37.5574135,126.9238
2026-08-14 15:00,POI008,경복궁,약간 붐빔,1500,2000,37.579754,126.9766818
2026-08-14 15:00,POI009,광화문·덕수궁,약간 붐빔,42000,44000,37.5759194,126.9768
2026-08-14 15:00,POI010,보신각,보통,18000,20000,37.5698518,126.9836102
2026-08-14 15:00,POI011,서울 암사동 유적,여유,200,300,37.5610203,127.1306288
2026-08-14 15:00,POI012,창덕궁·종묘,약간 붐빔,14000,16000,37.5823872,126.9917013
2026-08-14 15:00,POI013,가산디지털단지역,보통,30000,32000,37.480819,126.8816358
2026-08-14 15:00,POI014,강남역,약간 붐빔,84000,86000,37.5002304,127.0268054
2026-08-14 15:00,POI015,건대입구역,여유,26000,28000,37.54088,127.06812
2026-08-14 15:00,POI016,고덕역,여유,3500,4000,37.5550721,127.1550065
2026-08-14 15:00,POI017,고속터미널역,붐빔,30000,32000,37.5050827,127.0049777
2026-08-14 15:00,POI018,교대역,붐빔,22000,24000,37.494178,127.015909
2026-08-14 15:00,POI019,구로디지털단지역,보통,30000,32000,37.4853417,126.9068128
2026-08-14 15:00,POI020,구로역,보통,3000,3500,37.5000903,126.8829924
2026-08-14 15:00,POI021,군자역,여유,6000,6500,37.558149,127.077839
2026-08-14 15:00,POI023,대림역,여유,14000,16000,37.4908703,126.8936859
2026-08-14 15:00,POI024,동대문역,붐빔,10000,12000,37.5718616,127.0114887
2026-08-14 15:00,POI025,뚝섬역,약간 붐빔,10000,12000,37.5475031,127.0461973
2026-08-14 15:00,POI026,미아사거리역,보통,10000,12000,37.61175,127.03044
2026-08-14 15:00,POI055,홍대입구역(2호선),약간 붐빔,20000,22000,37.5574135,126.9238
2026-08-14 15:00,POI088,광화문광장,보통,8500,9000,37.5759194,126.9768
2026-08-14 15:00,POI119,잠실역,약간 붐빔,42000,44000,37.5127453,127.0973
2026-08-14 17:00,POI006,종로·청계 관광특구,보통,40000,42000,37.5702856,126.9903626
2026-08-14 17:00,POI007,홍대 관광특구,보통,84000,86000,37.5574135,126.9238
2026-08-14 17:00,POI008,경복궁,보통,1500,2000,37.579754,126.9766818
2026-08-14 17:00,POI009,광화문·덕수궁,보통,38000,40000,37.5759194,126.9768
2026-08-14 17:00,POI010,보신각,보통,16000,18000,37.5698518,126.9836102
2026-08-14 17:00,POI011,서울 암사동 유적,여유,300,400,37.5610203,127.1306288
2026-08-14 17:00,POI012,창덕궁·종묘,보통,12000,14000,37.5823872,126.9917013
2026-08-14 17:00,POI013,가산디지털단지역,보통,30000,32000,37.480819,126.8816358
2026-08-14 17:00,POI014,강남역,약간 붐빔,82000,84000,37.5002304,127.0268054
2026-08-14 17:00,POI015,건대입구역,보통,28000,30000,37.54088,127.06812
2026-08-14 17:00,POI016,고덕역,보통,5000,5500,37.5550721,127.1550065
2026-08-14 17:00,POI017,고속터미널역,붐빔,30000,32000,37.5050827,127.0049777
2026-08-14 17:00,POI018,교대역,보통,20000,22000,37.494178,127.015909
2026-08-14 17:00,POI019,구로디지털단지역,보통,26000,28000,37.4853417,126.9068128
2026-08-14 17:00,POI020,구로역,여유,2500,3000,37.5000903,126.8829924
2026-08-14 17:00,POI021,군자역,여유,7000,7500,37.558149,127.077839
2026-08-14 17:00,POI023,대림역,여유,14000,16000,37.4908703,126.8936859
2026-08-14 17:00,POI024,동대문역,보통,9500,10000,37.5718616,127.0114887
2026-08-14 17:00,POI025,뚝섬역,약간 붐빔,10000,12000,37.5475031,127.0461973
2026-08-14 17:00,POI026,미아사거리역,보통,12000,14000,37.61175,127.03044
2026-08-14 17:00,POI055,홍대입구역(2호선),약간 붐빔,22000,24000,37.5574135,126.9238
2026-08-14 17:00,POI088,광화문광장,보통,8000,8500,37.5759194,126.9768
2026-08-14 17:00,POI119,잠실역,약간 붐빔,42000,44000,37.5127453,127.0973
2026-08-14 19:00,POI006,종로·청계 관광특구,약간 붐빔,32000,34000,37.5702856,126.9903626
2026-08-14 19:00,POI007,홍대 관광특구,약간 붐빔,88000,90000,37.5574135,126.9238
2026-08-14 19:00,POI008,경복궁,여유,1000,1500,37.579754,126.9766818
2026-08-14 19:00,POI009,광화문·덕수궁,약간 붐빔,32000,34000,37.5759194,126.9768
2026-08-14 19:00,POI010,보신각,약간 붐빔,12000,14000,37.5698518,126.9836102
2026-08-14 19:00,POI011,서울 암사동 유적,여유,300,400,37.5610203,127.1306288
2026-08-14 19:00,POI012,창덕궁·종묘,약간 붐빔,10000,12000,37.5823872,126.9917013
2026-08-14 19:00,POI013,가산디지털단지역,보통,24000,26000,37.480819,126.8816358
2026-08-14 19:00,POI014,강남역,붐빔,78000,80000,37.5002304,127.0268054
2026-08-14 19:00,POI015,건대입구역,붐빔,32000,34000,37.54088,127.06812
2026-08-14 19:00,POI016,고덕역,약간 붐빔,5000,5500,37.5550721,127.1550065
2026-08-14 19:00,POI017,고속터미널역,붐빔,32000,34000,37.5050827,127.0049777
2026-08-14 19:00,POI018,교대역,약간 붐빔,16000,18000,37.494178,127.015909
2026-08-14 19:00,POI019,구로디지털단지역,약간 붐빔,20000,22000,37.4853417,126.9068128
2026-08-14 19:00,POI020,구로역,여유,3000,3500,37.5000903,126.8829924
2026-08-14 19:00,POI021,군자역,보통,8500,9000,37.558149,127.077839
2026-08-14 19:00,POI023,대림역,여유,16000,18000,37.4908703,126.8936859
2026-08-14 19:00,POI024,동대문역,보통,7500,8000,37.5718616,127.0114887
2026-08-14 19:00,POI025,뚝섬역,여유,9500,10000,37.5475031,127.0461973
2026-08-14 19:00,POI026,미아사거리역,붐빔,12000,14000,37.61175,127.03044
2026-08-14 19:00,POI055,홍대입구역(2호선),붐빔,22000,24000,37.5574135,126.9238
2026-08-14 19:00,POI088,광화문광장,여유,7000,7500,37.5759194,126.9768
2026-08-14 19:00,POI119,잠실역,붐빔,38000,40000,37.5127453,127.0973
2026-08-14 20:00,POI006,종로·청계 관광특구,보통,24000,26000,37.5702856,126.9903626
2026-08-14 20:00,POI007,홍대 관광특구,보통,84000,86000,37.5574135,126.9238
2026-08-14 20:00,POI008,경복궁,여유,900,1000,37.579754,126.9766818
2026-08-14 20:00,POI009,광화문·덕수궁,여유,20000,22000,37.5759194,126.9768
2026-08-14 20:00,POI010,보신각,보통,10000,12000,37.5698518,126.9836102
2026-08-14 20:00,POI011,서울 암사동 유적,여유,300,400,37.5610203,127.1306288
2026-08-14 20:00,POI012,창덕궁·종묘,보통,7500,8000,37.5823872,126.9917013
2026-08-14 20:00,POI013,가산디지털단지역,여유,14000,16000,37.480819,126.8816358
2026-08-14 20:00,POI014,강남역,보통,64000,66000,37.5002304,127.0268054
2026-08-14 20:00,POI015,건대입구역,보통,28000,30000,37.54088,127.06812
2026-08-14 20:00,POI016,고덕역,보통,4500,5000,37.5550721,127.1550065
2026-08-14 20:00,POI017,고속터미널역,보통,22000,24000,37.5050827,127.0049777
2026-08-14 20:00,POI018,교대역,여유,14000,16000,37.494178,127.015909
2026-08-14 20:00,POI019,구로디지털단지역,여유,12000,14000,37.4853417,126.9068128
2026-08-14 20:00,POI020,구로역,여유,2000,2500,37.5000903,126.8829924
2026-08-14 20:00,POI021,군자역,붐빔,9000,9500,37.558149,127.077839
2026-08-14 20:00,POI023,대림역,여유,16000,18000,37.4908703,126.8936859
2026-08-14 20:00,POI024,동대문역,여유,4500,5000,37.5718616,127.0114887
2026-08-14 20:00,POI025,뚝섬역,여유,8000,8500,37.5475031,127.0461973
2026-08-14 20:00,POI026,미아사거리역,보통,10000,12000,37.61175,127.03044
2026-08-14 20:00,POI055,홍대입구역(2호선),약간 붐빔,20000,22000,37.5574135,126.9238
2026-08-14 20:00,POI088,광화문광장,여유,4000,4500,37.5759194,126.9768
2026-08-14 20:00,POI119,잠실역,보통,30000,32000,37.5127453,127.0973
2026-08-14 22:00,POI006,종로·청계 관광특구,여유,20000,22000,37.5702856,126.9903626
2026-08-14 22:00,POI007,홍대 관광특구,여유,70000,72000,37.5574135,126.9238
2026-08-14 22:00,POI008,경복궁,여유,600,700,37.579754,126.9766818
2026-08-14 22:00,POI009,광화문·덕수궁,여유,12000,14000,37.5759194,126.9768
2026-08-14 22:00,POI010,보신각,여유,7000,7500,37.5698518,126.9836102
2026-08-14 22:00,POI011,서울 암사동 유적,여유,300,400,37.5610203,127.1306288
2026-08-14 22:00,POI012,창덕궁·종묘,여유,6000,6500,37.5823872,126.9917013
2026-08-14 22:00,POI013,가산디지털단지역,여유,10000,12000,37.480819,126.8816358
2026-08-14 22:00,POI014,강남역,보통,52000,54000,37.5002304,127.0268054
2026-08-14 22:00,POI015,건대입구역,보통,28000,30000,37.54088,127.06812
2026-08-14 22:00,POI016,고덕역,여유,4000,4500,37.5550721,127.1550065
2026-08-14 22:00,POI017,고속터미널역,여유,10000,12000,37.5050827,127.0049777
2026-08-14 22:00,POI018,교대역,여유,12000,14000,37.494178,127.015909
2026-08-14 22:00,POI019,구로디지털단지역,여유,10000,12000,37.4853417,126.9068128
2026-08-14 22:00,POI020,구로역,여유,2000,2500,37.5000903,126.8829924
2026-08-14 22:00,POI021,군자역,약간 붐빔,8000,8500,37.558149,127.077839
2026-08-14 22:00,POI023,대림역,보통,16000,18000,37.4908703,126.8936859
2026-08-14 22:00,POI024,동대문역,여유,3500,4000,37.5718616,127.0114887
2026-08-14 22:00,POI025,뚝섬역,여유,6000,6500,37.5475031,127.0461973
2026-08-14 22:00,POI026,미아사거리역,여유,9000,9500,37.61175,127.03044
2026-08-14 22:00,POI055,홍대입구역(2호선),보통,16000,18000,37.5574135,126.9238
2026-08-14 22:00,POI088,광화문광장,여유,2500,3000,37.5759194,126.9768
2026-08-14 22:00,POI119,잠실역,여유,18000,20000,37.5127453,127.0973
2026-08-15 00:00,POI006,종로·청계 관광특구,여유,12000,14000,37.5702856,126.9903626
2026-08-15 00:00,POI007,홍대 관광특구,여유,52000,54000,37.5574135,126.9238
2026-08-15 00:00,POI008,경복궁,여유,400,500,37.579754,126.9766818
2026-08-15 00:00,POI009,광화문·덕수궁,여유,6000,6500,37.5759194,126.9768
2026-08-15 00:00,POI010,보신각,여유,4000,4500,37.5698518,126.9836102
2026-08-15 00:00,POI011,서울 암사동 유적,여유,300,400,37.5610203,127.1306288
2026-08-15 00:00,POI012,창덕궁·종묘,여유,4500,5000,37.5823872,126.9917013
2026-08-15 00:00,POI013,가산디지털단지역,여유,7500,8000,37.480819,126.8816358
2026-08-15 00:00,POI014,강남역,여유,34000,36000,37.5002304,127.0268054
2026-08-15 00:00,POI015,건대입구역,여유,24000,26000,37.54088,127.06812
2026-08-15 00:00,POI016,고덕역,여유,1500,2000,37.5550721,127.1550065
2026-08-15 00:00,POI017,고속터미널역,여유,4500,5000,37.5050827,127.0049777
2026-08-15 00:00,POI018,교대역,여유,9500,10000,37.494178,127.015909
2026-08-15 00:00,POI019,구로디지털단지역,여유,7500,8000,37.4853417,126.9068128
2026-08-15 00:00,POI020,구로역,여유,1000,1500,37.5000903,126.8829924
2026-08-15 00:00,POI021,군자역,여유,6000,6500,37.558149,127.077839
2026-08-15 00:00,POI023,대림역,보통,16000,18000,37.4908703,126.8936859
2026-08-15 00:00,POI024,동대문역,여유,2500,3000,37.5718616,127.0114887
2026-08-15 00:00,POI025,뚝섬역,여유,5000,5500,37.5475031,127.0461973
2026-08-15 00:00,POI026,미아사거리역,여유,6500,7000,37.61175,127.03044
2026-08-15 00:00,POI055,홍대입구역(2호선),여유,10000,12000,37.5574135,126.9238
2026-08-15 00:00,POI088,광화문광장,여유,1000,1500,37.5759194,126.9768
2026-08-15 00:00,POI119,잠실역,여유,7500,8000,37.5127453,127.0973
2026-08-15 00:00,POI006,종로·청계 관광특구,여유,10000,12000,37.5702856,126.9903626
2026-08-15 00:00,POI007,홍대 관광특구,여유,46000,48000,37.5574135,126.9238
2026-08-15 00:00,POI008,경복궁,여유,300,400,37.579754,126.9766818
2026-08-15 00:00,POI009,광화문·덕수궁,여유,4000,4500,37.5759194,126.9768
2026-08-15 00:00,POI010,보신각,여유,3000,3500,37.5698518,126.9836102
2026-08-15 00:00,POI011,서울 암사동 유적,여유,300,400,37.5610203,127.1306288
2026-08-15 00:00,POI012,창덕궁·종묘,여유,3500,4000,37.5823872,126.9917013
2026-08-15 00:00,POI013,가산디지털단지역,여유,5500,6000,37.480819,126.8816358
2026-08-15 00:00,POI014,강남역,여유,28000,30000,37.5002304,127.0268054
2026-08-15 00:00,POI015,건대입구역,여유,20000,22000,37.54088,127.06812
2026-08-15 00:00,POI016,고덕역,여유,1500,2000,37.5550721,127.1550065
2026-08-15 00:00,POI017,고속터미널역,여유,2500,3000,37.5050827,127.0049777
2026-08-15 00:00,POI018,교대역,여유,6500,7000,37.494178,127.015909
2026-08-15 00:00,POI019,구로디지털단지역,여유,6500,7000,37.4853417,126.9068128
2026-08-15 00:00,POI020,구로역,여유,900,1000,37.5000903,126.8829924
2026-08-15 00:00,POI021,군자역,여유,4500,5000,37.558149,127.077839
2026-08-15 00:00,POI023,대림역,보통,16000,18000,37.4908703,126.8936859
2026-08-15 00:00,POI024,동대문역,여유,1500,2000,37.5718616,127.0114887
2026-08-15 00:00,POI025,뚝섬역,여유,4000,4500,37.5475031,127.0461973
2026-08-15 00:00,POI026,미아사거리역,여유,5000,5500,37.61175,127.03044
2026-08-15 00:00,POI055,홍대입구역(2호선),여유,8500,9000,37.5574135,126.9238
2026-08-15 00:00,POI088,광화문광장,여유,800,900,37.5759194,126.9768
2026-08-15 00:00,POI119,잠실역,여유,6000,6500,37.5127453,127.0973
2026-08-15 02:00,POI006,종로·청계 관광특구,여유,10000,12000,37.5702856,126.9903626
2026-08-15 02:00,POI007,홍대 관광특구,여유,42000,44000,37.5574135,126.9238
2026-08-15 02:00,POI008,경복궁,여유,300,400,37.579754,126.9766818
2026-08-15 02:00,POI009,광화문·덕수궁,여유,3500,4000,37.5759194,126.9768
2026-08-15 02:00,POI010,보신각,여유,2500,3000,37.5698518,126.9836102
2026-08-15 02:00,POI011,서울 암사동 유적,여유,300,400,37.5610203,127.1306288
2026-08-15 02:00,POI012,창덕궁·종묘,여유,3500,4000,37.5823872,126.9917013
2026-08-15 02:00,POI013,가산디지털단지역,여유,5000,5500,37.480819,126.8816358
2026-08-15 02:00,POI014,강남역,여유,24000,26000,37.5002304,127.0268054
2026-08-15 02:00,POI015,건대입구역,여유,18000,20000,37.54088,127.06812
2026-08-15 02:00,POI016,고덕역,여유,1500,2000,37.5550721,127.1550065
2026-08-15 02:00,POI017,고속터미널역,여유,1500,2000,37.5050827,127.0049777
2026-08-15 02:00,POI018,교대역,여유,6500,7000,37.494178,127.015909
2026-08-15 02:00,POI019,구로디지털단지역,여유,5500,6000,37.4853417,126.9068128
2026-08-15 02:00,POI020,구로역,여유,900,1000,37.5000903,126.8829924
2026-08-15 02:00,POI021,군자역,여유,4000,4500,37.558149,127.077839
2026-08-15 02:00,POI023,대림역,보통,16000,18000,37.4908703,126.8936859
2026-08-15 02:00,POI024,동대문역,여유,1000,1500,37.5718616,127.0114887
2026-08-15 02:00,POI025,뚝섬역,여유,4000,4500,37.5475031,127.0461973
2026-08-15 02:00,POI026,미아사거리역,여유,3500,4000,37.61175,127.03044
2026-08-15 02:00,POI055,홍대입구역(2호선),여유,7500,8000,37.5574135,126.9238
2026-08-15 02:00,POI088,광화문광장,여유,800,900,37.5759194,126.9768
2026-08-15 02:00,POI119,잠실역,여유,4000,4500,37.5127453,127.0973
2026-08-15 02:00,POI006,종로·청계 관광특구,여유,8500,9000,37.5702856,126.9903626
2026-08-15 02:00,POI007,홍대 관광특구,여유,38000,40000,37.5574135,126.9238
2026-08-15 02:00,POI008,경복궁,여유,100,200,37.579754,126.9766818
2026-08-15 02:00,POI009,광화문·덕수궁,여유,2500,3000,37.5759194,126.9768
2026-08-15 02:00,POI010,보신각,여유,2000,2500,37.5698518,126.9836102
2026-08-15 02:00,POI011,서울 암사동 유적,여유,300,400,37.5610203,127.1306288
2026-08-15 02:00,POI012,창덕궁·종묘,여유,3000,3500,37.5823872,126.9917013
2026-08-15 02:00,POI013,가산디지털단지역,여유,5000,5500,37.480819,126.8816358
2026-08-15 02:00,POI014,강남역,여유,22000,24000,37.5002304,127.0268054
2026-08-15 02:00,POI015,건대입구역,여유,14000,16000,37.54088,127.06812
2026-08-15 02:00,POI016,고덕역,여유,1500,2000,37.5550721,127.1550065
2026-08-15 02:00,POI017,고속터미널역,여유,1500,2000,37.5050827,127.0049777
2026-08-15 02:00,POI018,교대역,여유,3500,4000,37.494178,127.015909
2026-08-15 02:00,POI019,구로디지털단지역,여유,5000,5500,37.4853417,126.9068128
2026-08-15 02:00,POI020,구로역,여유,700,800,37.5000903,126.8829924
2026-08-15 02:00,POI021,군자역,여유,3500,4000,37.558149,127.077839
2026-08-15 02:00,POI023,대림역,보통,16000,18000,37.4908703,126.8936859
2026-08-15 02:00,POI024,동대문역,여유,1000,1500,37.5718616,127.0114887
2026-08-15 02:00,POI025,뚝섬역,여유,3500,4000,37.5475031,127.0461973
2026-08-15 02:00,POI026,미아사거리역,여유,3000,3500,37.61175,127.03044
2026-08-15 02:00,POI055,홍대입구역(2호선),여유,10000,12000,37.5574135,126.9238
2026-08-15 02:00,POI088,광화문광장,여유,500,600,37.5759194,126.9768
2026-08-15 02:00,POI119,잠실역,여유,3500,4000,37.5127453,127.0973
2026-08-15 04:00,POI006,종로·청계 관광특구,여유,7500,8000,37.5702856,126.9903626
2026-08-15 04:00,POI007,홍대 관광특구,여유,36000,38000,37.5574135,126.9238
2026-08-15 04:00,POI008,경복궁,여유,100,200,37.579754,126.9766818
2026-08-15 04:00,POI009,광화문·덕수궁,여유,2500,3000,37.5759194,126.9768
2026-08-15 04:00,POI010,보신각,여유,1500,2000,37.5698518,126.9836102
2026-08-15 04:00,POI011,서울 암사동 유적,여유,300,400,37.5610203,127.1306288
2026-08-15 04:00,POI012,창덕궁·종묘,여유,3000,3500,37.5823872,126.9917013
2026-08-15 04:00,POI013,가산디지털단지역,여유,4500,5000,37.480819,126.8816358
2026-08-15 04:00,POI014,강남역,여유,20000,22000,37.5002304,127.0268054
2026-08-15 04:00,POI015,건대입구역,여유,14000,16000,37.54088,127.06812
2026-08-15 04:00,POI016,고덕역,여유,1000,1500,37.5550721,127.1550065
2026-08-15 04:00,POI017,고속터미널역,여유,1000,1500,37.5050827,127.0049777
2026-08-15 04:00,POI018,교대역,여유,3500,4000,37.494178,127.015909
2026-08-15 04:00,POI019,구로디지털단지역,여유,5000,5500,37.4853417,126.9068128
2026-08-15 04:00,POI020,구로역,여유,700,800,37.5000903,126.8829924
2026-08-15 04:00,POI021,군자역,여유,3000,3500,37.558149,127.077839
2026-08-15 04:00,POI023,대림역,보통,16000,18000,37.4908703,126.8936859
2026-08-15 04:00,POI024,동대문역,여유,900,1000,37.5718616,127.0114887
2026-08-15 04:00,POI025,뚝섬역,여유,3500,4000,37.5475031,127.0461973
2026-08-15 04:00,POI026,미아사거리역,여유,3000,3500,37.61175,127.03044
2026-08-15 04:00,POI055,홍대입구역(2호선),여유,9500,10000,37.5574135,126.9238
2026-08-15 04:00,POI088,광화문광장,여유,500,600,37.5759194,126.9768
2026-08-15 04:00,POI119,잠실역,여유,3000,3500,37.5127453,127.0973
2026-08-15 05:00,POI006,종로·청계 관광특구,여유,7500,8000,37.5702856,126.9903626
2026-08-15 05:00,POI007,홍대 관광특구,여유,34000,36000,37.5574135,126.9238
2026-08-15 05:00,POI008,경복궁,여유,100,200,37.579754,126.9766818
2026-08-15 05:00,POI009,광화문·덕수궁,여유,3000,3500,37.5759194,126.9768
2026-08-15 05:00,POI010,보신각,여유,1000,1500,37.5698518,126.9836102
2026-08-15 05:00,POI011,서울 암사동 유적,여유,300,400,37.5610203,127.1306288
2026-08-15 05:00,POI012,창덕궁·종묘,여유,3000,3500,37.5823872,126.9917013
2026-08-15 05:00,POI013,가산디지털단지역,여유,5000,5500,37.480819,126.8816358
2026-08-15 05:00,POI014,강남역,여유,18000,20000,37.5002304,127.0268054
2026-08-15 05:00,POI015,건대입구역,여유,12000,14000,37.54088,127.06812
2026-08-15 05:00,POI016,고덕역,여유,1000,1500,37.5550721,127.1550065
2026-08-15 05:00,POI017,고속터미널역,여유,1500,2000,37.5050827,127.0049777
2026-08-15 05:00,POI018,교대역,여유,3500,4000,37.494178,127.015909
2026-08-15 05:00,POI019,구로디지털단지역,여유,4500,5000,37.4853417,126.9068128
2026-08-15 05:00,POI020,구로역,여유,800,900,37.5000903,126.8829924
2026-08-15 05:00,POI021,군자역,여유,3000,3500,37.558149,127.077839
2026-08-15 05:00,POI023,대림역,보통,16000,18000,37.4908703,126.8936859
2026-08-15 05:00,POI024,동대문역,여유,1000,1500,37.5718616,127.0114887
2026-08-15 05:00,POI025,뚝섬역,여유,3500,4000,37.5475031,127.0461973
2026-08-15 05:00,POI026,미아사거리역,여유,3000,3500,37.61175,127.03044
2026-08-15 05:00,POI055,홍대입구역(2호선),여유,9500,10000,37.5574135,126.9238
2026-08-15 05:00,POI088,광화문광장,여유,600,700,37.5759194,126.9768
2026-08-15 05:00,POI119,잠실역,여유,3000,3500,37.5127453,127.0973
2026-08-15 06:00,POI006,종로·청계 관광특구,여유,8500,9000,37.5702856,126.9903626
2026-08-15 06:00,POI007,홍대 관광특구,여유,32000,34000,37.5574135,126.9238
2026-08-15 06:00,POI008,경복궁,여유,100,200,37.579754,126.9766818
2026-08-15 06:00,POI009,광화문·덕수궁,여유,4500,5000,37.5759194,126.9768
2026-08-15 06:00,POI010,보신각,여유,1500,2000,37.5698518,126.9836102
2026-08-15 06:00,POI011,서울 암사동 유적,여유,300,400,37.5610203,127.1306288
2026-08-15 06:00,POI012,창덕궁·종묘,여유,3000,3500,37.5823872,126.9917013
2026-08-15 06:00,POI013,가산디지털단지역,여유,6000,6500,37.480819,126.8816358
2026-08-15 06:00,POI014,강남역,여유,18000,20000,37.5002304,127.0268054
2026-08-15 06:00,POI015,건대입구역,여유,14000,16000,37.54088,127.06812
2026-08-15 06:00,POI016,고덕역,여유,1000,1500,37.5550721,127.1550065
2026-08-15 06:00,POI017,고속터미널역,여유,3000,3500,37.5050827,127.0049777
2026-08-15 06:00,POI018,교대역,여유,3500,4000,37.494178,127.015909
2026-08-15 06:00,POI019,구로디지털단지역,여유,4500,5000,37.4853417,126.9068128
2026-08-15 06:00,POI020,구로역,여유,1000,1500,37.5000903,126.8829924
2026-08-15 06:00,POI021,군자역,여유,3000,3500,37.558149,127.077839
2026-08-15 06:00,POI023,대림역,보통,16000,18000,37.4908703,126.8936859
2026-08-15 06:00,POI024,동대문역,여유,1500,2000,37.5718616,127.0114887
2026-08-15 06:00,POI025,뚝섬역,여유,3500,4000,37.5475031,127.0461973
2026-08-15 06:00,POI026,미아사거리역,여유,3500,4000,37.61175,127.03044
2026-08-15 06:00,POI055,홍대입구역(2호선),여유,9500,10000,37.5574135,126.9238
2026-08-15 06:00,POI088,광화문광장,여유,1000,1500,37.5759194,126.9768
2026-08-15 06:00,POI119,잠실역,여유,3000,3500,37.5127453,127.0973
2026-08-15 07:00,POI006,종로·청계 관광특구,여유,10000,12000,37.5702856,126.9903626
2026-08-15 07:00,POI007,홍대 관광특구,여유,32000,34000,37.5574135,126.9238
2026-08-15 07:00,POI008,경복궁,여유,500,600,37.579754,126.9766818
2026-08-15 07:00,POI009,광화문·덕수궁,여유,7000,7500,37.5759194,126.9768
2026-08-15 07:00,POI010,보신각,여유,2500,3000,37.5698518,126.9836102
2026-08-15 07:00,POI011,서울 암사동 유적,여유,400,500,37.5610203,127.1306288
2026-08-15 07:00,POI012,창덕궁·종묘,여유,3500,4000,37.5823872,126.9917013
2026-08-15 07:00,POI013,가산디지털단지역,여유,6500,7000,37.480819,126.8816358
2026-08-15 07:00,POI014,강남역,여유,24000,26000,37.5002304,127.0268054
2026-08-15 07:00,POI015,건대입구역,여유,16000,18000,37.54088,127.06812
2026-08-15 07:00,POI016,고덕역,여유,1000,1500,37.5550721,127.1550065
2026-08-15 07:00,POI017,고속터미널역,여유,5000,5500,37.5050827,127.0049777
2026-08-15 07:00,POI018,교대역,여유,9000,9500,37.494178,127.015909
2026-08-15 07:00,POI019,구로디지털단지역,여유,4500,5000,37.4853417,126.9068128
2026-08-15 07:00,POI020,구로역,여유,1000,1500,37.5000903,126.8829924
2026-08-15 07:00,POI021,군자역,여유,3500,4000,37.558149,127.077839
2026-08-15 07:00,POI023,대림역,보통,16000,18000,37.4908703,126.8936859
2026-08-15 07:00,POI024,동대문역,여유,1500,2000,37.5718616,127.0114887
2026-08-15 07:00,POI025,뚝섬역,여유,5000,5500,37.5475031,127.0461973
2026-08-15 07:00,POI026,미아사거리역,여유,3500,4000,37.61175,127.03044
2026-08-15 07:00,POI055,홍대입구역(2호선),여유,7000,7500,37.5574135,126.9238
2026-08-15 07:00,POI088,광화문광장,여유,1500,2000,37.5759194,126.9768
2026-08-15 07:00,POI119,잠실역,여유,4500,5000,37.5127453,127.0973
2026-08-15 08:00,POI006,종로·청계 관광특구,여유,14000,16000,37.5702856,126.9903626
2026-08-15 08:00,POI007,홍대 관광특구,여유,32000,34000,37.5574135,126.9238
2026-08-15 08:00,POI008,경복궁,여유,700,800,37.579754,126.9766818
2026-08-15 08:00,POI009,광화문·덕수궁,여유,12000,14000,37.5759194,126.9768
2026-08-15 08:00,POI010,보신각,여유,5000,5500,37.5698518,126.9836102
2026-08-15 08:00,POI011,서울 암사동 유적,여유,300,400,37.5610203,127.1306288
2026-08-15 08:00,POI012,창덕궁·종묘,여유,5000,5500,37.5823872,126.9917013
2026-08-15 08:00,POI013,가산디지털단지역,여유,7000,7500,37.480819,126.8816358
2026-08-15 08:00,POI014,강남역,여유,30000,32000,37.5002304,127.0268054
2026-08-15 08:00,POI015,건대입구역,여유,16000,18000,37.54088,127.06812
2026-08-15 08:00,POI016,고덕역,여유,1500,2000,37.5550721,127.1550065
2026-08-15 08:00,POI017,고속터미널역,여유,7500,8000,37.5050827,127.0049777
2026-08-15 08:00,POI018,교대역,여유,10000,12000,37.494178,127.015909
2026-08-15 08:00,POI019,구로디지털단지역,여유,4500,5000,37.4853417,126.9068128
2026-08-15 08:00,POI020,구로역,여유,1500,2000,37.5000903,126.8829924
2026-08-15 08:00,POI021,군자역,여유,3500,4000,37.558149,127.077839
2026-08-15 08:00,POI023,대림역,보통,16000,18000,37.4908703,126.8936859
2026-08-15 08:00,POI024,동대문역,여유,2000,2500,37.5718616,127.0114887
2026-08-15 08:00,POI025,뚝섬역,여유,5500,6000,37.5475031,127.0461973
2026-08-15 08:00,POI026,미아사거리역,여유,4500,5000,37.61175,127.03044
2026-08-15 08:00,POI055,홍대입구역(2호선),여유,7500,8000,37.5574135,126.9238
2026-08-15 08:00,POI088,광화문광장,여유,2500,3000,37.5759194,126.9768
2026-08-15 08:00,POI119,잠실역,여유,6000,6500,37.5127453,127.0973
2026-08-15 10:00,POI006,종로·청계 관광특구,여유,26000,28000,37.5702856,126.9903626
2026-08-15 10:00,POI007,홍대 관광특구,여유,46000,48000,37.5574135,126.9238
2026-08-15 10:00,POI008,경복궁,보통,1500,2000,37.579754,126.9766818
2026-08-15 10:00,POI009,광화문·덕수궁,여유,28000,30000,37.5759194,126.9768
2026-08-15 10:00,POI010,보신각,보통,10000,12000,37.5698518,126.9836102
2026-08-15 10:00,POI011,서울 암사동 유적,여유,300,400,37.5610203,127.1306288
2026-08-15 10:00,POI012,창덕궁·종묘,여유,8000,8500,37.5823872,126.9917013
2026-08-15 10:00,POI013,가산디지털단지역,여유,10000,12000,37.480819,126.8816358
2026-08-15 10:00,POI014,강남역,여유,52000,54000,37.5002304,127.0268054
2026-08-15 10:00,POI015,건대입구역,여유,18000,20000,37.54088,127.06812
2026-08-15 10:00,POI016,고덕역,여유,3000,3500,37.5550721,127.1550065
2026-08-15 10:00,POI017,고속터미널역,보통,16000,18000,37.5050827,127.0049777
2026-08-15 10:00,POI018,교대역,여유,14000,16000,37.494178,127.015909
2026-08-15 10:00,POI019,구로디지털단지역,여유,7000,7500,37.4853417,126.9068128
2026-08-15 10:00,POI020,구로역,여유,2500,3000,37.5000903,126.8829924
2026-08-15 10:00,POI021,군자역,여유,4500,5000,37.558149,127.077839
2026-08-15 10:00,POI023,대림역,여유,14000,16000,37.4908703,126.8936859
2026-08-15 10:00,POI024,동대문역,여유,5000,5500,37.5718616,127.0114887
2026-08-15 10:00,POI025,뚝섬역,여유,7500,8000,37.5475031,127.0461973
2026-08-15 10:00,POI026,미아사거리역,여유,7500,8000,37.61175,127.03044
2026-08-15 10:00,POI055,홍대입구역(2호선),여유,10000,12000,37.5574135,126.9238
2026-08-15 10:00,POI088,광화문광장,보통,6000,6500,37.5759194,126.9768
2026-08-15 10:00,POI119,잠실역,여유,18000,20000,37.5127453,127.0973
2026-08-15 12:00,POI006,종로·청계 관광특구,붐빔,38000,40000,37.5702856,126.9903626
2026-08-15 12:00,POI007,홍대 관광특구,여유,66000,68000,37.5574135,126.9238
2026-08-15 12:00,POI008,경복궁,약간 붐빔,1500,2000,37.579754,126.9766818
2026-08-15 12:00,POI009,광화문·덕수궁,붐빔,44000,46000,37.5759194,126.9768
2026-08-15 12:00,POI010,보신각,약간 붐빔,14000,16000,37.5698518,126.9836102
2026-08-15 12:00,POI011,서울 암사동 유적,여유,300,400,37.5610203,127.1306288
2026-08-15 12:00,POI012,창덕궁·종묘,약간 붐빔,10000,12000,37.5823872,126.9917013
2026-08-15 12:00,POI013,가산디지털단지역,보통,12000,14000,37.480819,126.8816358
2026-08-15 12:00,POI014,강남역,약간 붐빔,64000,66000,37.5002304,127.0268054
2026-08-15 12:00,POI015,건대입구역,여유,24000,26000,37.54088,127.06812
2026-08-15 12:00,POI016,고덕역,여유,3500,4000,37.5550721,127.1550065
2026-08-15 12:00,POI017,고속터미널역,붐빔,28000,30000,37.5050827,127.0049777
2026-08-15 12:00,POI018,교대역,보통,18000,20000,37.494178,127.015909
2026-08-15 12:00,POI019,구로디지털단지역,여유,8500,9000,37.4853417,126.9068128
2026-08-15 12:00,POI020,구로역,여유,2500,3000,37.5000903,126.8829924
2026-08-15 12:00,POI021,군자역,여유,5500,6000,37.558149,127.077839
2026-08-15 12:00,POI023,대림역,여유,14000,16000,37.4908703,126.8936859
2026-08-15 12:00,POI024,동대문역,약간 붐빔,8500,9000,37.5718616,127.0114887
2026-08-15 12:00,POI025,뚝섬역,보통,10000,12000,37.5475031,127.0461973
2026-08-15 12:00,POI026,미아사거리역,여유,10000,12000,37.61175,127.03044
2026-08-15 12:00,POI055,홍대입구역(2호선),보통,16000,18000,37.5574135,126.9238
2026-08-15 12:00,POI088,광화문광장,약간 붐빔,8000,8500,37.5759194,126.9768
2026-08-15 12:00,POI119,잠실역,약간 붐빔,40000,42000,37.5127453,127.0973
2026-08-15 13:00,POI006,종로·청계 관광특구,붐빔,42000,44000,37.5702856,126.9903626
2026-08-15 13:00,POI007,홍대 관광특구,여유,74000,76000,37.5574135,126.9238
2026-08-15 13:00,POI008,경복궁,약간 붐빔,2000,2500,37.579754,126.9766818
2026-08-15 13:00,POI009,광화문·덕수궁,붐빔,52000,54000,37.5759194,126.9768
2026-08-15 13:00,POI010,보신각,약간 붐빔,16000,18000,37.5698518,126.9836102
2026-08-15 13:00,POI011,서울 암사동 유적,여유,300,400,37.5610203,127.1306288
2026-08-15 13:00,POI012,창덕궁·종묘,약간 붐빔,10000,12000,37.5823872,126.9917013
2026-08-15 13:00,POI013,가산디지털단지역,보통,12000,14000,37.480819,126.8816358
2026-08-15 13:00,POI014,강남역,붐빔,68000,70000,37.5002304,127.0268054
2026-08-15 13:00,POI015,건대입구역,여유,26000,28000,37.54088,127.06812
2026-08-15 13:00,POI016,고덕역,여유,4000,4500,37.5550721,127.1550065
2026-08-15 13:00,POI017,고속터미널역,붐빔,32000,34000,37.5050827,127.0049777
2026-08-15 13:00,POI018,교대역,보통,18000,20000,37.494178,127.015909
2026-08-15 13:00,POI019,구로디지털단지역,보통,9000,9500,37.4853417,126.9068128
2026-08-15 13:00,POI020,구로역,여유,2000,2500,37.5000903,126.8829924
2026-08-15 13:00,POI021,군자역,여유,6000,6500,37.558149,127.077839
2026-08-15 13:00,POI023,대림역,여유,14000,16000,37.4908703,126.8936859
2026-08-15 13:00,POI024,동대문역,붐빔,9500,10000,37.5718616,127.0114887
2026-08-15 13:00,POI025,뚝섬역,보통,10000,12000,37.5475031,127.0461973
2026-08-15 13:00,POI026,미아사거리역,보통,10000,12000,37.61175,127.03044
2026-08-15 13:00,POI055,홍대입구역(2호선),보통,18000,20000,37.5574135,126.9238
2026-08-15 13:00,POI088,광화문광장,붐빔,10000,12000,37.5759194,126.9768
2026-08-15 13:00,POI119,잠실역,붐빔,48000,50000,37.5127453,127.0973
2026-08-15 14:00,POI006,종로·청계 관광특구,붐빔,42000,44000,37.5702856,126.9903626
2026-08-15 14:00,POI007,홍대 관광특구,보통,82000,84000,37.5574135,126.9238
2026-08-15 14:00,POI008,경복궁,약간 붐빔,2000,2500,37.579754,126.9766818
2026-08-15 14:00,POI009,광화문·덕수궁,붐빔,56000,58000,37.5759194,126.9768
2026-08-15 14:00,POI010,보신각,약간 붐빔,18000,20000,37.5698518,126.9836102
2026-08-15 14:00,POI011,서울 암사동 유적,여유,300,400,37.5610203,127.1306288
2026-08-15 14:00,POI012,창덕궁·종묘,약간 붐빔,10000,12000,37.5823872,126.9917013
2026-08-15 14:00,POI013,가산디지털단지역,보통,12000,14000,37.480819,126.8816358
2026-08-15 14:00,POI014,강남역,붐빔,70000,72000,37.5002304,127.0268054
2026-08-15 14:00,POI015,건대입구역,약간 붐빔,28000,30000,37.54088,127.06812
2026-08-15 14:00,POI016,고덕역,보통,4000,4500,37.5550721,127.1550065
2026-08-15 14:00,POI017,고속터미널역,붐빔,34000,36000,37.5050827,127.0049777
2026-08-15 14:00,POI018,교대역,보통,18000,20000,37.494178,127.015909
2026-08-15 14:00,POI019,구로디지털단지역,보통,10000,12000,37.4853417,126.9068128
2026-08-15 14:00,POI020,구로역,여유,2000,2500,37.5000903,126.8829924
2026-08-15 14:00,POI021,군자역,여유,6000,6500,37.558149,127.077839
2026-08-15 14:00,POI023,대림역,여유,14000,16000,37.4908703,126.8936859
2026-08-15 14:00,POI024,동대문역,약간 붐빔,10000,12000,37.5718616,127.0114887
2026-08-15 14:00,POI025,뚝섬역,보통,10000,12000,37.5475031,127.0461973
2026-08-15 14:00,POI026,미아사거리역,보통,10000,12000,37.61175,127.03044
2026-08-15 14:00,POI055,홍대입구역(2호선),약간 붐빔,22000,24000,37.5574135,126.9238
2026-08-15 14:00,POI088,광화문광장,붐빔,10000,12000,37.5759194,126.9768
2026-08-15 14:00,POI119,잠실역,붐빔,54000,56000,37.5127453,127.0973
2026-08-15 15:00,POI006,종로·청계 관광특구,붐빔,42000,44000,37.5702856,126.9903626
2026-08-15 15:00,POI007,홍대 관광특구,보통,86000,88000,37.5574135,126.9238
2026-08-15 15:00,POI008,경복궁,약간 붐빔,2000,2500,37.579754,126.9766818
2026-08-15 15:00,POI009,광화문·덕수궁,붐빔,52000,54000,37.5759194,126.9768
2026-08-15 15:00,POI010,보신각,약간 붐빔,16000,18000,37.5698518,126.9836102
2026-08-15 15:00,POI011,서울 암사동 유적,여유,300,400,37.5610203,127.1306288
2026-08-15 15:00,POI012,창덕궁·종묘,약간 붐빔,12000,14000,37.5823872,126.9917013
2026-08-15 15:00,POI013,가산디지털단지역,보통,14000,16000,37.480819,126.8816358
2026-08-15 15:00,POI014,강남역,붐빔,68000,70000,37.5002304,127.0268054
2026-08-15 15:00,POI015,건대입구역,약간 붐빔,28000,30000,37.54088,127.06812
2026-08-15 15:00,POI016,고덕역,여유,4000,4500,37.5550721,127.1550065
2026-08-15 15:00,POI017,고속터미널역,붐빔,34000,36000,37.5050827,127.0049777
2026-08-15 15:00,POI018,교대역,보통,16000,18000,37.494178,127.015909
2026-08-15 15:00,POI019,구로디지털단지역,보통,9500,10000,37.4853417,126.9068128
2026-08-15 15:00,POI020,구로역,여유,2500,3000,37.5000903,126.8829924
2026-08-15 15:00,POI021,군자역,여유,6500,7000,37.558149,127.077839
2026-08-15 15:00,POI023,대림역,여유,14000,16000,37.4908703,126.8936859
2026-08-15 15:00,POI024,동대문역,붐빔,10000,12000,37.5718616,127.0114887
2026-08-15 15:00,POI025,뚝섬역,보통,10000,12000,37.5475031,127.0461973
2026-08-15 15:00,POI026,미아사거리역,보통,10000,12000,37.61175,127.03044
2026-08-15 15:00,POI055,홍대입구역(2호선),약간 붐빔,22000,24000,37.5574135,126.9238
2026-08-15 15:00,POI088,광화문광장,붐빔,10000,12000,37.5759194,126.9768
2026-08-15 15:00,POI119,잠실역,붐빔,60000,62000,37.5127453,127.0973
2026-08-15 16:00,POI006,종로·청계 관광특구,붐빔,40000,42000,37.5702856,126.9903626
2026-08-15 16:00,POI007,홍대 관광특구,보통,90000,92000,37.5574135,126.9238
2026-08-15 16:00,POI008,경복궁,약간 붐빔,2000,2500,37.579754,126.9766818
2026-08-15 16:00,POI009,광화문·덕수궁,붐빔,44000,46000,37.5759194,126.9768
2026-08-15 16:00,POI010,보신각,약간 붐빔,16000,18000,37.5698518,126.9836102
2026-08-15 16:00,POI011,서울 암사동 유적,여유,300,400,37.5610203,127.1306288
2026-08-15 16:00,POI012,창덕궁·종묘,약간 붐빔,12000,14000,37.5823872,126.9917013
2026-08-15 16:00,POI013,가산디지털단지역,보통,12000,14000,37.480819,126.8816358
2026-08-15 16:00,POI014,강남역,붐빔,70000,72000,37.5002304,127.0268054
2026-08-15 16:00,POI015,건대입구역,약간 붐빔,28000,30000,37.54088,127.06812
2026-08-15 16:00,POI016,고덕역,여유,4000,4500,37.5550721,127.1550065
2026-08-15 16:00,POI017,고속터미널역,붐빔,34000,36000,37.5050827,127.0049777
2026-08-15 16:00,POI018,교대역,보통,16000,18000,37.494178,127.015909
2026-08-15 16:00,POI019,구로디지털단지역,보통,9500,10000,37.4853417,126.9068128
2026-08-15 16:00,POI020,구로역,여유,2000,2500,37.5000903,126.8829924
2026-08-15 16:00,POI021,군자역,여유,6500,7000,37.558149,127.077839
2026-08-15 16:00,POI023,대림역,여유,14000,16000,37.4908703,126.8936859
2026-08-15 16:00,POI024,동대문역,붐빔,9500,10000,37.5718616,127.0114887
2026-08-15 16:00,POI025,뚝섬역,보통,10000,12000,37.5475031,127.0461973
2026-08-15 16:00,POI026,미아사거리역,보통,12000,14000,37.61175,127.03044
2026-08-15 16:00,POI055,홍대입구역(2호선),붐빔,24000,26000,37.5574135,126.9238
2026-08-15 16:00,POI088,광화문광장,약간 붐빔,8500,9000,37.5759194,126.9768
2026-08-15 16:00,POI119,잠실역,붐빔,62000,64000,37.5127453,127.0973
2026-08-15 17:00,POI006,종로·청계 관광특구,약간 붐빔,38000,40000,37.5702856,126.9903626
2026-08-15 17:00,POI007,홍대 관광특구,약간 붐빔,92000,94000,37.5574135,126.9238
2026-08-15 17:00,POI008,경복궁,약간 붐빔,2000,2500,37.579754,126.9766818
2026-08-15 17:00,POI009,광화문·덕수궁,보통,38000,40000,37.5759194,126.9768
2026-08-15 17:00,POI010,보신각,약간 붐빔,14000,16000,37.5698518,126.9836102
2026-08-15 17:00,POI011,서울 암사동 유적,여유,300,400,37.5610203,127.1306288
2026-08-15 17:00,POI012,창덕궁·종묘,약간 붐빔,10000,12000,37.5823872,126.9917013
2026-08-15 17:00,POI013,가산디지털단지역,보통,12000,14000,37.480819,126.8816358
2026-08-15 17:00,POI014,강남역,붐빔,68000,70000,37.5002304,127.0268054
2026-08-15 17:00,POI015,건대입구역,약간 붐빔,30000,32000,37.54088,127.06812
2026-08-15 17:00,POI016,고덕역,여유,4000,4500,37.5550721,127.1550065
2026-08-15 17:00,POI017,고속터미널역,붐빔,32000,34000,37.5050827,127.0049777
2026-08-15 17:00,POI018,교대역,여유,16000,18000,37.494178,127.015909
2026-08-15 17:00,POI019,구로디지털단지역,보통,9500,10000,37.4853417,126.9068128
2026-08-15 17:00,POI020,구로역,여유,2500,3000,37.5000903,126.8829924
2026-08-15 17:00,POI021,군자역,여유,7000,7500,37.558149,127.077839
2026-08-15 17:00,POI023,대림역,여유,14000,16000,37.4908703,126.8936859
2026-08-15 17:00,POI024,동대문역,붐빔,8500,9000,37.5718616,127.0114887
2026-08-15 17:00,POI025,뚝섬역,보통,10000,12000,37.5475031,127.0461973
2026-08-15 17:00,POI026,미아사거리역,보통,10000,12000,37.61175,127.03044
2026-08-15 17:00,POI055,홍대입구역(2호선),붐빔,24000,26000,37.5574135,126.9238
2026-08-15 17:00,POI088,광화문광장,약간 붐빔,8000,8500,37.5759194,126.9768
2026-08-15 17:00,POI119,잠실역,붐빔,58000,60000,37.5127453,127.0973
2026-08-15 18:00,POI006,종로·청계 관광특구,약간 붐빔,36000,38000,37.5702856,126.9903626
2026-08-15 18:00,POI007,홍대 관광특구,약간 붐빔,96000,98000,37.5574135,126.9238
2026-08-15 18:00,POI008,경복궁,보통,1500,2000,37.579754,126.9766818
2026-08-15 18:00,POI009,광화문·덕수궁,여유,30000,32000,37.5759194,126.9768
2026-08-15 18:00,POI010,보신각,보통,14000,16000,37.5698518,126.9836102
2026-08-15 18:00,POI011,서울 암사동 유적,여유,300,400,37.5610203,127.1306288
2026-08-15 18:00,POI012,창덕궁·종묘,약간 붐빔,10000,12000,37.5823872,126.9917013
2026-08-15 18:00,POI013,가산디지털단지역,보통,12000,14000,37.480819,126.8816358
2026-08-15 18:00,POI014,강남역,붐빔,68000,70000,37.5002304,127.0268054
2026-08-15 18:00,POI015,건대입구역,약간 붐빔,30000,32000,37.54088,127.06812
2026-08-15 18:00,POI016,고덕역,여유,4000,4500,37.5550721,127.1550065
2026-08-15 18:00,POI017,고속터미널역,붐빔,32000,34000,37.5050827,127.0049777
2026-08-15 18:00,POI018,교대역,여유,16000,18000,37.494178,127.015909
2026-08-15 18:00,POI019,구로디지털단지역,보통,10000,12000,37.4853417,126.9068128
2026-08-15 18:00,POI020,구로역,여유,2500,3000,37.5000903,126.8829924
2026-08-15 18:00,POI021,군자역,보통,8000,8500,37.558149,127.077839
2026-08-15 18:00,POI023,대림역,여유,14000,16000,37.4908703,126.8936859
2026-08-15 18:00,POI024,동대문역,약간 붐빔,8000,8500,37.5718616,127.0114887
2026-08-15 18:00,POI025,뚝섬역,보통,10000,12000,37.5475031,127.0461973
2026-08-15 18:00,POI026,미아사거리역,보통,10000,12000,37.61175,127.03044
2026-08-15 18:00,POI055,홍대입구역(2호선),붐빔,24000,26000,37.5574135,126.9238
2026-08-15 18:00,POI088,광화문광장,보통,6500,7000,37.5759194,126.9768
2026-08-15 18:00,POI119,잠실역,붐빔,54000,56000,37.5127453,127.0973
2026-08-15 19:00,POI006,종로·청계 관광특구,보통,30000,32000,37.5702856,126.9903626
2026-08-15 19:00,POI007,홍대 관광특구,약간 붐빔,94000,96000,37.5574135,126.9238
2026-08-15 19:00,POI008,경복궁,여유,1000,1500,37.579754,126.9766818
2026-08-15 19:00,POI009,광화문·덕수궁,여유,24000,26000,37.5759194,126.9768
2026-08-15 19:00,POI010,보신각,보통,12000,14000,37.5698518,126.9836102
2026-08-15 19:00,POI011,서울 암사동 유적,여유,300,400,37.5610203,127.1306288
2026-08-15 19:00,POI012,창덕궁·종묘,보통,9000,9500,37.5823872,126.9917013
2026-08-15 19:00,POI013,가산디지털단지역,여유,10000,12000,37.480819,126.8816358
2026-08-15 19:00,POI014,강남역,약간 붐빔,64000,66000,37.5002304,127.0268054
2026-08-15 19:00,POI015,건대입구역,붐빔,32000,34000,37.54088,127.06812
2026-08-15 19:00,POI016,고덕역,여유,4000,4500,37.5550721,127.1550065
2026-08-15 19:00,POI017,고속터미널역,약간 붐빔,26000,28000,37.5050827,127.0049777
2026-08-15 19:00,POI018,교대역,여유,14000,16000,37.494178,127.015909
2026-08-15 19:00,POI019,구로디지털단지역,보통,9000,9500,37.4853417,126.9068128
2026-08-15 19:00,POI020,구로역,여유,2000,2500,37.5000903,126.8829924
2026-08-15 19:00,POI021,군자역,약간 붐빔,7500,8000,37.558149,127.077839
2026-08-15 19:00,POI023,대림역,여유,16000,18000,37.4908703,126.8936859
2026-08-15 19:00,POI024,동대문역,여유,6000,6500,37.5718616,127.0114887
2026-08-15 19:00,POI025,뚝섬역,보통,9000,9500,37.5475031,127.0461973
2026-08-15 19:00,POI026,미아사거리역,보통,10000,12000,37.61175,127.03044
2026-08-15 19:00,POI055,홍대입구역(2호선),약간 붐빔,22000,24000,37.5574135,126.9238
2026-08-15 19:00,POI088,광화문광장,여유,5500,6000,37.5759194,126.9768
2026-08-15 19:00,POI119,잠실역,붐빔,48000,50000,37.5127453,127.0973
2026-08-15 20:00,POI006,종로·청계 관광특구,여유,26000,28000,37.5702856,126.9903626
2026-08-15 20:00,POI007,홍대 관광특구,보통,88000,90000,37.5574135,126.9238
2026-08-15 20:00,POI008,경복궁,여유,1000,1500,37.579754,126.9766818
2026-08-15 20:00,POI009,광화문·덕수궁,여유,20000,22000,37.5759194,126.9768
2026-08-15 20:00,POI010,보신각,여유,10000,12000,37.5698518,126.9836102
2026-08-15 20:00,POI011,서울 암사동 유적,여유,300,400,37.5610203,127.1306288
2026-08-15 20:00,POI012,창덕궁·종묘,여유,8000,8500,37.5823872,126.9917013
2026-08-15 20:00,POI013,가산디지털단지역,여유,10000,12000,37.480819,126.8816358
2026-08-15 20:00,POI014,강남역,보통,56000,58000,37.5002304,127.0268054
2026-08-15 20:00,POI015,건대입구역,붐빔,32000,34000,37.54088,127.06812
2026-08-15 20:00,POI016,고덕역,여유,3500,4000,37.5550721,127.1550065
2026-08-15 20:00,POI017,고속터미널역,보통,20000,22000,37.5050827,127.0049777
2026-08-15 20:00,POI018,교대역,여유,12000,14000,37.494178,127.015909
2026-08-15 20:00,POI019,구로디지털단지역,보통,9000,9500,37.4853417,126.9068128
2026-08-15 20:00,POI020,구로역,여유,2000,2500,37.5000903,126.8829924
2026-08-15 20:00,POI021,군자역,약간 붐빔,8000,8500,37.558149,127.077839
2026-08-15 20:00,POI023,대림역,여유,16000,18000,37.4908703,126.8936859
2026-08-15 20:00,POI024,동대문역,여유,4500,5000,37.5718616,127.0114887
2026-08-15 20:00,POI025,뚝섬역,여유,8000,8500,37.5475031,127.0461973
2026-08-15 20:00,POI026,미아사거리역,여유,10000,12000,37.61175,127.03044
2026-08-15 20:00,POI055,홍대입구역(2호선),약간 붐빔,20000,22000,37.5574135,126.9238
2026-08-15 20:00,POI088,광화문광장,여유,4500,5000,37.5759194,126.9768
2026-08-15 20:00,POI119,잠실역,약간 붐빔,40000,42000,37.5127453,127.0973
2026-08-15 21:00,POI006,종로·청계 관광특구,여유,20000,22000,37.5702856,126.9903626
2026-08-15 21:00,POI007,홍대 관광특구,보통,78000,80000,37.5574135,126.9238
2026-08-15 21:00,POI008,경복궁,여유,700,800,37.579754,126.9766818
2026-08-15 21:00,POI009,광화문·덕수궁,여유,12000,14000,37.5759194,126.9768
2026-08-15 21:00,POI010,보신각,여유,7500,8000,37.5698518,126.9836102
2026-08-15 21:00,POI011,서울 암사동 유적,여유,300,400,37.5610203,127.1306288
2026-08-15 21:00,POI012,창덕궁·종묘,여유,6000,6500,37.5823872,126.9917013
2026-08-15 21:00,POI013,가산디지털단지역,여유,7500,8000,37.480819,126.8816358
2026-08-15 21:00,POI014,강남역,여유,48000,50000,37.5002304,127.0268054
2026-08-15 21:00,POI015,건대입구역,보통,28000,30000,37.54088,127.06812
2026-08-15 21:00,POI016,고덕역,여유,3000,3500,37.5550721,127.1550065
2026-08-15 21:00,POI017,고속터미널역,여유,9500,10000,37.5050827,127.0049777
2026-08-15 21:00,POI018,교대역,여유,10000,12000,37.494178,127.015909
2026-08-15 21:00,POI019,구로디지털단지역,여유,8000,8500,37.4853417,126.9068128
2026-08-15 21:00,POI020,구로역,여유,2000,2500,37.5000903,126.8829924
2026-08-15 21:00,POI021,군자역,보통,7000,7500,37.558149,127.077839
2026-08-15 21:00,POI023,대림역,여유,16000,18000,37.4908703,126.8936859
2026-08-15 21:00,POI024,동대문역,여유,3500,4000,37.5718616,127.0114887
2026-08-15 21:00,POI025,뚝섬역,여유,6500,7000,37.5475031,127.0461973
2026-08-15 21:00,POI026,미아사거리역,여유,8000,8500,37.61175,127.03044
2026-08-15 21:00,POI055,홍대입구역(2호선),보통,18000,20000,37.5574135,126.9238
2026-08-15 21:00,POI088,광화문광장,여유,3000,3500,37.5759194,126.9768
2026-08-15 21:00,POI119,잠실역,보통,26000,28000,37.5127453,127.0973
2026-08-15 22:00,POI006,종로·청계 관광특구,여유,18000,20000,37.5702856,126.9903626
2026-08-15 22:00,POI007,홍대 관광특구,여유,72000,74000,37.5574135,126.9238
2026-08-15 22:00,POI008,경복궁,여유,600,700,37.579754,126.9766818
2026-08-15 22:00,POI009,광화문·덕수궁,여유,10000,12000,37.5759194,126.9768
2026-08-15 22:00,POI010,보신각,여유,6000,6500,37.5698518,126.9836102
2026-08-15 22:00,POI011,서울 암사동 유적,여유,300,400,37.5610203,127.1306288
2026-08-15 22:00,POI012,창덕궁·종묘,여유,5500,6000,37.5823872,126.9917013
2026-08-15 22:00,POI013,가산디지털단지역,여유,7000,7500,37.480819,126.8816358
2026-08-15 22:00,POI014,강남역,여유,44000,46000,37.5002304,127.0268054
2026-08-15 22:00,POI015,건대입구역,보통,28000,30000,37.54088,127.06812
2026-08-15 22:00,POI016,고덕역,여유,2500,3000,37.5550721,127.1550065
2026-08-15 22:00,POI017,고속터미널역,여유,7500,8000,37.5050827,127.0049777
2026-08-15 22:00,POI018,교대역,여유,9500,10000,37.494178,127.015909
2026-08-15 22:00,POI019,구로디지털단지역,여유,7500,8000,37.4853417,126.9068128
2026-08-15 22:00,POI020,구로역,여유,1500,2000,37.5000903,126.8829924
2026-08-15 22:00,POI021,군자역,여유,6500,7000,37.558149,127.077839
2026-08-15 22:00,POI023,대림역,보통,16000,18000,37.4908703,126.8936859
2026-08-15 22:00,POI024,동대문역,여유,3500,4000,37.5718616,127.0114887
2026-08-15 22:00,POI025,뚝섬역,여유,6000,6500,37.5475031,127.0461973
2026-08-15 22:00,POI026,미아사거리역,여유,7000,7500,37.61175,127.03044
2026-08-15 22:00,POI055,홍대입구역(2호선),보통,16000,18000,37.5574135,126.9238
2026-08-15 22:00,POI088,광화문광장,여유,2500,3000,37.5759194,126.9768
2026-08-15 22:00,POI119,잠실역,여유,18000,20000,37.5127453,127.0973
2026-08-15 23:00,POI006,종로·청계 관광특구,여유,14000,16000,37.5702856,126.9903626
2026-08-15 23:00,POI007,홍대 관광특구,여유,60000,62000,37.5574135,126.9238
2026-08-15 23:00,POI008,경복궁,여유,400,500,37.579754,126.9766818
2026-08-15 23:00,POI009,광화문·덕수궁,여유,7000,7500,37.5759194,126.9768
2026-08-15 23:00,POI010,보신각,여유,4500,5000,37.5698518,126.9836102
2026-08-15 23:00,POI011,서울 암사동 유적,여유,300,400,37.5610203,127.1306288
2026-08-15 23:00,POI012,창덕궁·종묘,여유,4500,5000,37.5823872,126.9917013
2026-08-15 23:00,POI013,가산디지털단지역,여유,6000,6500,37.480819,126.8816358
2026-08-15 23:00,POI014,강남역,여유,34000,36000,37.5002304,127.0268054
2026-08-15 23:00,POI015,건대입구역,여유,26000,28000,37.54088,127.06812
2026-08-15 23:00,POI016,고덕역,여유,1500,2000,37.5550721,127.1550065
2026-08-15 23:00,POI017,고속터미널역,여유,4500,5000,37.5050827,127.0049777
2026-08-15 23:00,POI018,교대역,여유,8000,8500,37.494178,127.015909
2026-08-15 23:00,POI019,구로디지털단지역,여유,7000,7500,37.4853417,126.9068128
2026-08-15 23:00,POI020,구로역,여유,1000,1500,37.5000903,126.8829924
2026-08-15 23:00,POI021,군자역,여유,5500,6000,37.558149,127.077839
2026-08-15 23:00,POI023,대림역,보통,16000,18000,37.4908703,126.8936859
2026-08-15 23:00,POI024,동대문역,여유,2500,3000,37.5718616,127.0114887
2026-08-15 23:00,POI025,뚝섬역,여유,5000,5500,37.5475031,127.0461973
2026-08-15 23:00,POI026,미아사거리역,여유,6000,6500,37.61175,127.03044
2026-08-15 23:00,POI055,홍대입구역(2호선),여유,12000,14000,37.5574135,126.9238
2026-08-15 23:00,POI088,광화문광장,여유,1500,2000,37.5759194,126.9768
2026-08-15 23:00,POI119,잠실역,여유,10000,12000,37.5127453,127.0973
2026-08-16 00:00,POI006,종로·청계 관광특구,여유,12000,14000,37.5702856,126.9903626
2026-08-16 00:00,POI007,홍대 관광특구,여유,50000,52000,37.5574135,126.9238
2026-08-16 00:00,POI008,경복궁,여유,400,500,37.579754,126.9766818
2026-08-16 00:00,POI009,광화문·덕수궁,여유,4500,5000,37.5759194,126.9768
2026-08-16 00:00,POI010,보신각,여유,3000,3500,37.5698518,126.9836102
2026-08-16 00:00,POI011,서울 암사동 유적,여유,300,400,37.5610203,127.1306288
2026-08-16 00:00,POI012,창덕궁·종묘,여유,4000,4500,37.5823872,126.9917013
2026-08-16 00:00,POI013,가산디지털단지역,여유,5000,5500,37.480819,126.8816358
2026-08-16 00:00,POI014,강남역,여유,28000,30000,37.5002304,127.0268054
2026-08-16 00:00,POI015,건대입구역,여유,20000,22000,37.54088,127.06812
2026-08-16 00:00,POI016,고덕역,여유,1500,2000,37.5550721,127.1550065
2026-08-16 00:00,POI017,고속터미널역,여유,2500,3000,37.5050827,127.0049777
2026-08-16 00:00,POI018,교대역,여유,6500,7000,37.494178,127.015909
2026-08-16 00:00,POI019,구로디지털단지역,여유,6000,6500,37.4853417,126.9068128
2026-08-16 00:00,POI020,구로역,여유,1000,1500,37.5000903,126.8829924
2026-08-16 00:00,POI021,군자역,여유,4500,5000,37.558149,127.077839
2026-08-16 00:00,POI023,대림역,보통,16000,18000,37.4908703,126.8936859
2026-08-16 00:00,POI024,동대문역,여유,2000,2500,37.5718616,127.0114887
2026-08-16 00:00,POI025,뚝섬역,여유,4000,4500,37.5475031,127.0461973
2026-08-16 00:00,POI026,미아사거리역,여유,5000,5500,37.61175,127.03044
2026-08-16 00:00,POI055,홍대입구역(2호선),여유,9500,10000,37.5574135,126.9238
2026-08-16 00:00,POI088,광화문광장,여유,1000,1500,37.5759194,126.9768
2026-08-16 00:00,POI119,잠실역,여유,7500,8000,37.5127453,127.0973
2026-08-16 01:00,POI006,종로·청계 관광특구,여유,10000,12000,37.5702856,126.9903626
2026-08-16 01:00,POI007,홍대 관광특구,여유,44000,46000,37.5574135,126.9238
2026-08-16 01:00,POI008,경복궁,여유,300,400,37.579754,126.9766818
2026-08-16 01:00,POI009,광화문·덕수궁,여유,3500,4000,37.5759194,126.9768
2026-08-16 01:00,POI010,보신각,여유,2500,3000,37.5698518,126.9836102
2026-08-16 01:00,POI011,서울 암사동 유적,여유,300,400,37.5610203,127.1306288
2026-08-16 01:00,POI012,창덕궁·종묘,여유,3500,4000,37.5823872,126.9917013
2026-08-16 01:00,POI013,가산디지털단지역,여유,4500,5000,37.480819,126.8816358
2026-08-16 01:00,POI014,강남역,여유,24000,26000,37.5002304,127.0268054
2026-08-16 01:00,POI015,건대입구역,여유,18000,20000,37.54088,127.06812
2026-08-16 01:00,POI016,고덕역,여유,1500,2000,37.5550721,127.1550065
2026-08-16 01:00,POI017,고속터미널역,여유,1500,2000,37.5050827,127.0049777
2026-08-16 01:00,POI018,교대역,여유,6000,6500,37.494178,127.015909
2026-08-16 01:00,POI019,구로디지털단지역,여유,5500,6000,37.4853417,126.9068128
2026-08-16 01:00,POI020,구로역,여유,800,900,37.5000903,126.8829924
2026-08-16 01:00,POI021,군자역,여유,4000,4500,37.558149,127.077839
2026-08-16 01:00,POI023,대림역,보통,16000,18000,37.4908703,126.8936859
2026-08-16 01:00,POI024,동대문역,여유,1500,2000,37.5718616,127.0114887
2026-08-16 01:00,POI025,뚝섬역,여유,4000,4500,37.5475031,127.0461973
2026-08-16 01:00,POI026,미아사거리역,여유,4000,4500,37.61175,127.03044
2026-08-16 01:00,POI055,홍대입구역(2호선),여유,8000,8500,37.5574135,126.9238
2026-08-16 01:00,POI088,광화문광장,여유,700,800,37.5759194,126.9768
2026-08-16 01:00,POI119,잠실역,여유,5500,6000,37.5127453,127.0973
2026-08-16 02:00,POI006,종로·청계 관광특구,여유,9000,9500,37.5702856,126.9903626
2026-08-16 02:00,POI007,홍대 관광특구,여유,42000,44000,37.5574135,126.9238
2026-08-16 02:00,POI008,경복궁,여유,100,200,37.579754,126.9766818
2026-08-16 02:00,POI009,광화문·덕수궁,여유,3000,3500,37.5759194,126.9768
2026-08-16 02:00,POI010,보신각,여유,2000,2500,37.5698518,126.9836102
2026-08-16 02:00,POI011,서울 암사동 유적,여유,300,400,37.5610203,127.1306288
2026-08-16 02:00,POI012,창덕궁·종묘,여유,3000,3500,37.5823872,126.9917013
2026-08-16 02:00,POI013,가산디지털단지역,여유,4000,4500,37.480819,126.8816358
2026-08-16 02:00,POI014,강남역,여유,20000,22000,37.5002304,127.0268054
2026-08-16 02:00,POI015,건대입구역,여유,16000,18000,37.54088,127.06812
2026-08-16 02:00,POI016,고덕역,여유,1000,1500,37.5550721,127.1550065
2026-08-16 02:00,POI017,고속터미널역,여유,1500,2000,37.5050827,127.0049777
2026-08-16 02:00,POI018,교대역,여유,3500,4000,37.494178,127.015909
2026-08-16 02:00,POI019,구로디지털단지역,여유,5000,5500,37.4853417,126.9068128
2026-08-16 02:00,POI020,구로역,여유,800,900,37.5000903,126.8829924
2026-08-16 02:00,POI021,군자역,여유,3500,4000,37.558149,127.077839
2026-08-16 02:00,POI023,대림역,보통,16000,18000,37.4908703,126.8936859
2026-08-16 02:00,POI024,동대문역,여유,1000,1500,37.5718616,127.0114887
2026-08-16 02:00,POI025,뚝섬역,여유,3500,4000,37.5475031,127.0461973
2026-08-16 02:00,POI026,미아사거리역,여유,3500,4000,37.61175,127.03044
2026-08-16 02:00,POI055,홍대입구역(2호선),여유,10000,12000,37.5574135,126.9238
2026-08-16 02:00,POI088,광화문광장,여유,500,600,37.5759194,126.9768
2026-08-16 02:00,POI119,잠실역,여유,4500,5000,37.5127453,127.0973
2026-08-16 03:00,POI006,종로·청계 관광특구,여유,8000,8500,37.5702856,126.9903626
2026-08-16 03:00,POI007,홍대 관광특구,여유,38000,40000,37.5574135,126.9238
2026-08-16 03:00,POI008,경복궁,여유,100,200,37.579754,126.9766818
2026-08-16 03:00,POI009,광화문·덕수궁,여유,2500,3000,37.5759194,126.9768
2026-08-16 03:00,POI010,보신각,여유,1500,2000,37.5698518,126.9836102
2026-08-16 03:00,POI011,서울 암사동 유적,여유,300,400,37.5610203,127.1306288
2026-08-16 03:00,POI012,창덕궁·종묘,여유,3000,3500,37.5823872,126.9917013
2026-08-16 03:00,POI013,가산디지털단지역,여유,4000,4500,37.480819,126.8816358
2026-08-16 03:00,POI014,강남역,여유,18000,20000,37.5002304,127.0268054
2026-08-16 03:00,POI015,건대입구역,여유,14000,16000,37.54088,127.06812
2026-08-16 03:00,POI016,고덕역,여유,1000,1500,37.5550721,127.1550065
2026-08-16 03:00,POI017,고속터미널역,여유,1000,1500,37.5050827,127.0049777
2026-08-16 03:00,POI018,교대역,여유,3000,3500,37.494178,127.015909
2026-08-16 03:00,POI019,구로디지털단지역,여유,4500,5000,37.4853417,126.9068128
2026-08-16 03:00,POI020,구로역,여유,700,800,37.5000903,126.8829924
2026-08-16 03:00,POI021,군자역,여유,3000,3500,37.558149,127.077839
2026-08-16 03:00,POI023,대림역,보통,16000,18000,37.4908703,126.8936859
2026-08-16 03:00,POI024,동대문역,여유,900,1000,37.5718616,127.0114887
2026-08-16 03:00,POI025,뚝섬역,여유,3500,4000,37.5475031,127.0461973
2026-08-16 03:00,POI026,미아사거리역,여유,3000,3500,37.61175,127.03044
2026-08-16 03:00,POI055,홍대입구역(2호선),여유,10000,12000,37.5574135,126.9238
2026-08-16 03:00,POI088,광화문광장,여유,500,600,37.5759194,126.9768
2026-08-16 03:00,POI119,잠실역,여유,3500,4000,37.5127453,127.0973
2026-08-16 04:00,POI006,종로·청계 관광특구,여유,7500,8000,37.5702856,126.9903626
2026-08-16 04:00,POI007,홍대 관광특구,여유,36000,38000,37.5574135,126.9238
2026-08-16 04:00,POI008,경복궁,여유,100,200,37.579754,126.9766818
2026-08-16 04:00,POI009,광화문·덕수궁,여유,2500,3000,37.5759194,126.9768
2026-08-16 04:00,POI010,보신각,여유,1500,2000,37.5698518,126.9836102
2026-08-16 04:00,POI011,서울 암사동 유적,여유,300,400,37.5610203,127.1306288
2026-08-16 04:00,POI012,창덕궁·종묘,여유,3000,3500,37.5823872,126.9917013
2026-08-16 04:00,POI013,가산디지털단지역,여유,4000,4500,37.480819,126.8816358
2026-08-16 04:00,POI014,강남역,여유,18000,20000,37.5002304,127.0268054
2026-08-16 04:00,POI015,건대입구역,여유,14000,16000,37.54088,127.06812
2026-08-16 04:00,POI016,고덕역,여유,1000,1500,37.5550721,127.1550065
2026-08-16 04:00,POI017,고속터미널역,여유,1500,2000,37.5050827,127.0049777
2026-08-16 04:00,POI018,교대역,여유,3000,3500,37.494178,127.015909
2026-08-16 04:00,POI019,구로디지털단지역,여유,4500,5000,37.4853417,126.9068128
2026-08-16 04:00,POI020,구로역,여유,700,800,37.5000903,126.8829924
2026-08-16 04:00,POI021,군자역,여유,3000,3500,37.558149,127.077839
2026-08-16 04:00,POI023,대림역,보통,16000,18000,37.4908703,126.8936859
2026-08-16 04:00,POI024,동대문역,여유,900,1000,37.5718616,127.0114887
2026-08-16 04:00,POI025,뚝섬역,여유,3500,4000,37.5475031,127.0461973
2026-08-16 04:00,POI026,미아사거리역,여유,3000,3500,37.61175,127.03044
2026-08-16 04:00,POI055,홍대입구역(2호선),여유,9500,10000,37.5574135,126.9238
2026-08-16 04:00,POI088,광화문광장,여유,400,500,37.5759194,126.9768
2026-08-16 04:00,POI119,잠실역,여유,3000,3500,37.5127453,127.0973
2026-08-16 05:00,POI006,종로·청계 관광특구,여유,7500,8000,37.5702856,126.9903626
2026-08-16 05:00,POI007,홍대 관광특구,여유,34000,36000,37.5574135,126.9238
2026-08-16 05:00,POI008,경복궁,여유,100,200,37.579754,126.9766818
2026-08-16 05:00,POI009,광화문·덕수궁,여유,3000,3500,37.5759194,126.9768
2026-08-16 05:00,POI010,보신각,여유,1500,2000,37.5698518,126.9836102
2026-08-16 05:00,POI011,서울 암사동 유적,여유,300,400,37.5610203,127.1306288
2026-08-16 05:00,POI012,창덕궁·종묘,여유,3000,3500,37.5823872,126.9917013
2026-08-16 05:00,POI013,가산디지털단지역,여유,4000,4500,37.480819,126.8816358
2026-08-16 05:00,POI014,강남역,여유,18000,20000,37.5002304,127.0268054
2026-08-16 05:00,POI015,건대입구역,여유,12000,14000,37.54088,127.06812
2026-08-16 05:00,POI016,고덕역,여유,1000,1500,37.5550721,127.1550065
2026-08-16 05:00,POI017,고속터미널역,여유,1500,2000,37.5050827,127.0049777
2026-08-16 05:00,POI018,교대역,여유,3000,3500,37.494178,127.015909
2026-08-16 05:00,POI019,구로디지털단지역,여유,4000,4500,37.4853417,126.9068128
2026-08-16 05:00,POI020,구로역,여유,800,900,37.5000903,126.8829924
2026-08-16 05:00,POI021,군자역,여유,3000,3500,37.558149,127.077839
2026-08-16 05:00,POI023,대림역,보통,16000,18000,37.4908703,126.8936859
2026-08-16 05:00,POI024,동대문역,여유,900,1000,37.5718616,127.0114887
2026-08-16 05:00,POI025,뚝섬역,여유,3500,4000,37.5475031,127.0461973
2026-08-16 05:00,POI026,미아사거리역,여유,3000,3500,37.61175,127.03044
2026-08-16 05:00,POI055,홍대입구역(2호선),여유,9500,10000,37.5574135,126.9238
2026-08-16 05:00,POI088,광화문광장,여유,500,600,37.5759194,126.9768
2026-08-16 05:00,POI119,잠실역,여유,2500,3000,37.5127453,127.0973
2026-08-16 06:00,POI006,종로·청계 관광특구,여유,8000,8500,37.5702856,126.9903626
2026-08-16 06:00,POI007,홍대 관광특구,여유,32000,34000,37.5574135,126.9238
2026-08-16 06:00,POI008,경복궁,여유,100,200,37.579754,126.9766818
2026-08-16 06:00,POI009,광화문·덕수궁,여유,3500,4000,37.5759194,126.9768
2026-08-16 06:00,POI010,보신각,여유,1500,2000,37.5698518,126.9836102
2026-08-16 06:00,POI011,서울 암사동 유적,여유,300,400,37.5610203,127.1306288
2026-08-16 06:00,POI012,창덕궁·종묘,여유,3000,3500,37.5823872,126.9917013
2026-08-16 06:00,POI013,가산디지털단지역,여유,4500,5000,37.480819,126.8816358
2026-08-16 06:00,POI014,강남역,여유,18000,20000,37.5002304,127.0268054
2026-08-16 06:00,POI015,건대입구역,여유,12000,14000,37.54088,127.06812
2026-08-16 06:00,POI016,고덕역,여유,1000,1500,37.5550721,127.1550065
2026-08-16 06:00,POI017,고속터미널역,여유,2000,2500,37.5050827,127.0049777
2026-08-16 06:00,POI018,교대역,여유,3000,3500,37.494178,127.015909
2026-08-16 06:00,POI019,구로디지털단지역,여유,4000,4500,37.4853417,126.9068128
2026-08-16 06:00,POI020,구로역,여유,1000,1500,37.5000903,126.8829924
2026-08-16 06:00,POI021,군자역,여유,3000,3500,37.558149,127.077839
2026-08-16 06:00,POI023,대림역,보통,16000,18000,37.4908703,126.8936859
2026-08-16 06:00,POI024,동대문역,여유,1000,1500,37.5718616,127.0114887
2026-08-16 06:00,POI025,뚝섬역,여유,3500,4000,37.5475031,127.0461973
2026-08-16 06:00,POI026,미아사거리역,여유,3500,4000,37.61175,127.03044
2026-08-16 06:00,POI055,홍대입구역(2호선),여유,9500,10000,37.5574135,126.9238
2026-08-16 06:00,POI088,광화문광장,여유,600,700,37.5759194,126.9768
2026-08-16 06:00,POI119,잠실역,여유,3000,3500,37.5127453,127.0973
2026-08-16 07:00,POI006,종로·청계 관광특구,여유,10000,12000,37.5702856,126.9903626
2026-08-16 07:00,POI007,홍대 관광특구,여유,32000,34000,37.5574135,126.9238
2026-08-16 07:00,POI008,경복궁,여유,500,600,37.579754,126.9766818
2026-08-16 07:00,POI009,광화문·덕수궁,여유,6500,7000,37.5759194,126.9768
2026-08-16 07:00,POI010,보신각,여유,2500,3000,37.5698518,126.9836102
2026-08-16 07:00,POI011,서울 암사동 유적,여유,400,500,37.5610203,127.1306288
2026-08-16 07:00,POI012,창덕궁·종묘,여유,3500,4000,37.5823872,126.9917013
2026-08-16 07:00,POI013,가산디지털단지역,여유,5000,5500,37.480819,126.8816358
2026-08-16 07:00,POI014,강남역,여유,24000,26000,37.5002304,127.0268054
2026-08-16 07:00,POI015,건대입구역,여유,16000,18000,37.54088,127.06812
2026-08-16 07:00,POI016,고덕역,여유,1000,1500,37.5550721,127.1550065
2026-08-16 07:00,POI017,고속터미널역,여유,3000,3500,37.5050827,127.0049777
2026-08-16 07:00,POI018,교대역,여유,9000,9500,37.494178,127.015909
2026-08-16 07:00,POI019,구로디지털단지역,여유,4000,4500,37.4853417,126.9068128
2026-08-16 07:00,POI020,구로역,여유,1000,1500,37.5000903,126.8829924
2026-08-16 07:00,POI021,군자역,여유,3000,3500,37.558149,127.077839
2026-08-16 07:00,POI023,대림역,보통,16000,18000,37.4908703,126.8936859
2026-08-16 07:00,POI024,동대문역,여유,1500,2000,37.5718616,127.0114887
2026-08-16 07:00,POI025,뚝섬역,여유,4500,5000,37.5475031,127.0461973
2026-08-16 07:00,POI026,미아사거리역,여유,3500,4000,37.61175,127.03044
2026-08-16 07:00,POI055,홍대입구역(2호선),여유,7000,7500,37.5574135,126.9238
2026-08-16 07:00,POI088,광화문광장,여유,1000,1500,37.5759194,126.9768
2026-08-16 07:00,POI119,잠실역,여유,4000,4500,37.5127453,127.0973
2026-08-16 08:00,POI006,종로·청계 관광특구,여유,14000,16000,37.5702856,126.9903626
2026-08-16 08:00,POI007,홍대 관광특구,여유,32000,34000,37.5574135,126.9238
2026-08-16 08:00,POI008,경복궁,여유,600,700,37.579754,126.9766818
2026-08-16 08:00,POI009,광화문·덕수궁,여유,10000,12000,37.5759194,126.9768
2026-08-16 08:00,POI010,보신각,여유,4500,5000,37.5698518,126.9836102
2026-08-16 08:00,POI011,서울 암사동 유적,여유,300,400,37.5610203,127.1306288
2026-08-16 08:00,POI012,창덕궁·종묘,여유,4500,5000,37.5823872,126.9917013
2026-08-16 08:00,POI013,가산디지털단지역,여유,6000,6500,37.480819,126.8816358
2026-08-16 08:00,POI014,강남역,여유,28000,30000,37.5002304,127.0268054
2026-08-16 08:00,POI015,건대입구역,여유,16000,18000,37.54088,127.06812
2026-08-16 08:00,POI016,고덕역,여유,1000,1500,37.5550721,127.1550065
2026-08-16 08:00,POI017,고속터미널역,여유,4000,4500,37.5050827,127.0049777
2026-08-16 08:00,POI018,교대역,여유,10000,12000,37.494178,127.015909
2026-08-16 08:00,POI019,구로디지털단지역,여유,4500,5000,37.4853417,126.9068128
2026-08-16 08:00,POI020,구로역,여유,1000,1500,37.5000903,126.8829924
2026-08-16 08:00,POI021,군자역,여유,3000,3500,37.558149,127.077839
2026-08-16 08:00,POI023,대림역,보통,16000,18000,37.4908703,126.8936859
2026-08-16 08:00,POI024,동대문역,여유,2000,2500,37.5718616,127.0114887
2026-08-16 08:00,POI025,뚝섬역,여유,5500,6000,37.5475031,127.0461973
2026-08-16 08:00,POI026,미아사거리역,여유,4000,4500,37.61175,127.03044
2026-08-16 08:00,POI055,홍대입구역(2호선),여유,7500,8000,37.5574135,126.9238
2026-08-16 08:00,POI088,광화문광장,여유,2000,2500,37.5759194,126.9768
2026-08-16 08:00,POI119,잠실역,여유,6000,6500,37.5127453,127.0973
2026-08-16 10:00,POI006,종로·청계 관광특구,여유,26000,28000,37.5702856,126.9903626
2026-08-16 10:00,POI007,홍대 관광특구,여유,46000,48000,37.5574135,126.9238
2026-08-16 10:00,POI008,경복궁,보통,1000,1500,37.579754,126.9766818
2026-08-16 10:00,POI009,광화문·덕수궁,여유,26000,28000,37.5759194,126.9768
2026-08-16 10:00,POI010,보신각,여유,10000,12000,37.5698518,126.9836102
2026-08-16 10:00,POI011,서울 암사동 유적,여유,300,400,37.5610203,127.1306288
2026-08-16 10:00,POI012,창덕궁·종묘,여유,7500,8000,37.5823872,126.9917013
2026-08-16 10:00,POI013,가산디지털단지역,여유,9000,9500,37.480819,126.8816358
2026-08-16 10:00,POI014,강남역,여유,48000,50000,37.5002304,127.0268054
2026-08-16 10:00,POI015,건대입구역,여유,18000,20000,37.54088,127.06812
2026-08-16 10:00,POI016,고덕역,여유,2000,2500,37.5550721,127.1550065
2026-08-16 10:00,POI017,고속터미널역,여유,12000,14000,37.5050827,127.0049777
2026-08-16 10:00,POI018,교대역,여유,14000,16000,37.494178,127.015909
2026-08-16 10:00,POI019,구로디지털단지역,여유,6000,6500,37.4853417,126.9068128
2026-08-16 10:00,POI020,구로역,여유,2000,2500,37.5000903,126.8829924
2026-08-16 10:00,POI021,군자역,여유,4000,4500,37.558149,127.077839
2026-08-16 10:00,POI023,대림역,여유,14000,16000,37.4908703,126.8936859
2026-08-16 10:00,POI024,동대문역,여유,4000,4500,37.5718616,127.0114887
2026-08-16 10:00,POI025,뚝섬역,여유,7500,8000,37.5475031,127.0461973
2026-08-16 10:00,POI026,미아사거리역,여유,7500,8000,37.61175,127.03044
2026-08-16 10:00,POI055,홍대입구역(2호선),여유,10000,12000,37.5574135,126.9238
2026-08-16 10:00,POI088,광화문광장,여유,5500,6000,37.5759194,126.9768
2026-08-16 10:00,POI119,잠실역,여유,20000,22000,37.5127453,127.0973
2026-08-16 12:00,POI006,종로·청계 관광특구,보통,32000,34000,37.5702856,126.9903626
2026-08-16 12:00,POI007,홍대 관광특구,여유,56000,58000,37.5574135,126.9238
2026-08-16 12:00,POI008,경복궁,보통,1500,2000,37.579754,126.9766818
2026-08-16 12:00,POI009,광화문·덕수궁,여유,30000,32000,37.5759194,126.9768
2026-08-16 12:00,POI010,보신각,보통,12000,14000,37.5698518,126.9836102
2026-08-16 12:00,POI011,서울 암사동 유적,여유,300,400,37.5610203,127.1306288
2026-08-16 12:00,POI012,창덕궁·종묘,보통,9500,10000,37.5823872,126.9917013
2026-08-16 12:00,POI013,가산디지털단지역,여유,8500,9000,37.480819,126.8816358
2026-08-16 12:00,POI014,강남역,보통,56000,58000,37.5002304,127.0268054
2026-08-16 12:00,POI015,건대입구역,여유,22000,24000,37.54088,127.06812
2026-08-16 12:00,POI016,고덕역,여유,2500,3000,37.5550721,127.1550065
2026-08-16 12:00,POI017,고속터미널역,보통,20000,22000,37.5050827,127.0049777
2026-08-16 12:00,POI018,교대역,보통,18000,20000,37.494178,127.015909
2026-08-16 12:00,POI019,구로디지털단지역,여유,6500,7000,37.4853417,126.9068128
2026-08-16 12:00,POI020,구로역,여유,2000,2500,37.5000903,126.8829924
2026-08-16 12:00,POI021,군자역,여유,5000,5500,37.558149,127.077839
2026-08-16 12:00,POI023,대림역,여유,14000,16000,37.4908703,126.8936859
2026-08-16 12:00,POI024,동대문역,여유,5500,6000,37.5718616,127.0114887
2026-08-16 12:00,POI025,뚝섬역,보통,9500,10000,37.5475031,127.0461973
2026-08-16 12:00,POI026,미아사거리역,여유,8000,8500,37.61175,127.03044
2026-08-16 12:00,POI055,홍대입구역(2호선),여유,14000,16000,37.5574135,126.9238
2026-08-16 12:00,POI088,광화문광장,보통,6000,6500,37.5759194,126.9768
2026-08-16 12:00,POI119,잠실역,약간 붐빔,38000,40000,37.5127453,127.0973
2026-08-16 13:00,POI006,종로·청계 관광특구,보통,36000,38000,37.5702856,126.9903626
2026-08-16 13:00,POI007,홍대 관광특구,여유,72000,74000,37.5574135,126.9238
2026-08-16 13:00,POI008,경복궁,약간 붐빔,1500,2000,37.579754,126.9766818
2026-08-16 13:00,POI009,광화문·덕수궁,보통,34000,36000,37.5759194,126.9768
2026-08-16 13:00,POI010,보신각,약간 붐빔,16000,18000,37.5698518,126.9836102
2026-08-16 13:00,POI011,서울 암사동 유적,여유,300,400,37.5610203,127.1306288
2026-08-16 13:00,POI012,창덕궁·종묘,약간 붐빔,10000,12000,37.5823872,126.9917013
2026-08-16 13:00,POI013,가산디지털단지역,여유,10000,12000,37.480819,126.8816358
2026-08-16 13:00,POI014,강남역,약간 붐빔,60000,62000,37.5002304,127.0268054
2026-08-16 13:00,POI015,건대입구역,여유,24000,26000,37.54088,127.06812
2026-08-16 13:00,POI016,고덕역,여유,3000,3500,37.5550721,127.1550065
2026-08-16 13:00,POI017,고속터미널역,약간 붐빔,26000,28000,37.5050827,127.0049777
2026-08-16 13:00,POI018,교대역,보통,18000,20000,37.494178,127.015909
2026-08-16 13:00,POI019,구로디지털단지역,여유,7500,8000,37.4853417,126.9068128
2026-08-16 13:00,POI020,구로역,여유,2000,2500,37.5000903,126.8829924
2026-08-16 13:00,POI021,군자역,여유,5500,6000,37.558149,127.077839
2026-08-16 13:00,POI023,대림역,여유,14000,16000,37.4908703,126.8936859
2026-08-16 13:00,POI024,동대문역,보통,7000,7500,37.5718616,127.0114887
2026-08-16 13:00,POI025,뚝섬역,보통,9500,10000,37.5475031,127.0461973
2026-08-16 13:00,POI026,미아사거리역,여유,10000,12000,37.61175,127.03044
2026-08-16 13:00,POI055,홍대입구역(2호선),보통,18000,20000,37.5574135,126.9238
2026-08-16 13:00,POI088,광화문광장,보통,7000,7500,37.5759194,126.9768
2026-08-16 13:00,POI119,잠실역,붐빔,48000,50000,37.5127453,127.0973
2026-08-16 14:00,POI006,종로·청계 관광특구,약간 붐빔,36000,38000,37.5702856,126.9903626
2026-08-16 14:00,POI007,홍대 관광특구,보통,78000,80000,37.5574135,126.9238
2026-08-16 14:00,POI008,경복궁,약간 붐빔,2000,2500,37.579754,126.9766818
2026-08-16 14:00,POI009,광화문·덕수궁,보통,34000,36000,37.5759194,126.9768
2026-08-16 14:00,POI010,보신각,약간 붐빔,16000,18000,37.5698518,126.9836102
2026-08-16 14:00,POI011,서울 암사동 유적,여유,300,400,37.5610203,127.1306288
2026-08-16 14:00,POI012,창덕궁·종묘,약간 붐빔,10000,12000,37.5823872,126.9917013
2026-08-16 14:00,POI013,가산디지털단지역,보통,12000,14000,37.480819,126.8816358
2026-08-16 14:00,POI014,강남역,약간 붐빔,64000,66000,37.5002304,127.0268054
2026-08-16 14:00,POI015,건대입구역,여유,26000,28000,37.54088,127.06812
2026-08-16 14:00,POI016,고덕역,여유,3500,4000,37.5550721,127.1550065
2026-08-16 14:00,POI017,고속터미널역,약간 붐빔,28000,30000,37.5050827,127.0049777
2026-08-16 14:00,POI018,교대역,보통,18000,20000,37.494178,127.015909
2026-08-16 14:00,POI019,구로디지털단지역,여유,8000,8500,37.4853417,126.9068128
2026-08-16 14:00,POI020,구로역,여유,2000,2500,37.5000903,126.8829924
2026-08-16 14:00,POI021,군자역,여유,6000,6500,37.558149,127.077839
2026-08-16 14:00,POI023,대림역,여유,14000,16000,37.4908703,126.8936859
2026-08-16 14:00,POI024,동대문역,보통,6500,7000,37.5718616,127.0114887
2026-08-16 14:00,POI025,뚝섬역,보통,10000,12000,37.5475031,127.0461973
2026-08-16 14:00,POI026,미아사거리역,보통,10000,12000,37.61175,127.03044
2026-08-16 14:00,POI055,홍대입구역(2호선),약간 붐빔,20000,22000,37.5574135,126.9238
2026-08-16 14:00,POI088,광화문광장,보통,7000,7500,37.5759194,126.9768
2026-08-16 14:00,POI119,잠실역,붐빔,54000,56000,37.5127453,127.0973
2026-08-16 15:00,POI006,종로·청계 관광특구,약간 붐빔,38000,40000,37.5702856,126.9903626
2026-08-16 15:00,POI007,홍대 관광특구,보통,84000,86000,37.5574135,126.9238
2026-08-16 15:00,POI008,경복궁,약간 붐빔,2000,2500,37.579754,126.9766818
2026-08-16 15:00,POI009,광화문·덕수궁,보통,36000,38000,37.5759194,126.9768
2026-08-16 15:00,POI010,보신각,약간 붐빔,16000,18000,37.5698518,126.9836102
2026-08-16 15:00,POI011,서울 암사동 유적,여유,300,400,37.5610203,127.1306288
2026-08-16 15:00,POI012,창덕궁·종묘,약간 붐빔,10000,12000,37.5823872,126.9917013
2026-08-16 15:00,POI013,가산디지털단지역,보통,12000,14000,37.480819,126.8816358
2026-08-16 15:00,POI014,강남역,약간 붐빔,64000,66000,37.5002304,127.0268054
2026-08-16 15:00,POI015,건대입구역,보통,26000,28000,37.54088,127.06812
2026-08-16 15:00,POI016,고덕역,여유,3500,4000,37.5550721,127.1550065
2026-08-16 15:00,POI017,고속터미널역,붐빔,30000,32000,37.5050827,127.0049777
2026-08-16 15:00,POI018,교대역,보통,16000,18000,37.494178,127.015909
2026-08-16 15:00,POI019,구로디지털단지역,여유,8000,8500,37.4853417,126.9068128
2026-08-16 15:00,POI020,구로역,여유,2000,2500,37.5000903,126.8829924
2026-08-16 15:00,POI021,군자역,여유,5500,6000,37.558149,127.077839
2026-08-16 15:00,POI023,대림역,여유,14000,16000,37.4908703,126.8936859
2026-08-16 15:00,POI024,동대문역,보통,7000,7500,37.5718616,127.0114887
2026-08-16 15:00,POI025,뚝섬역,보통,10000,12000,37.5475031,127.0461973
2026-08-16 15:00,POI026,미아사거리역,보통,10000,12000,37.61175,127.03044
2026-08-16 15:00,POI055,홍대입구역(2호선),약간 붐빔,20000,22000,37.5574135,126.9238
2026-08-16 15:00,POI088,광화문광장,약간 붐빔,7500,8000,37.5759194,126.9768
2026-08-16 15:00,POI119,잠실역,붐빔,60000,62000,37.5127453,127.0973
2026-08-16 16:00,POI007,홍대 관광특구,보통,86000,88000,37.5574135,126.9238
2026-08-16 16:00,POI008,경복궁,약간 붐빔,2000,2500,37.579754,126.9766818
2026-08-16 16:00,POI009,광화문·덕수궁,보통,34000,36000,37.5759194,126.9768
2026-08-16 16:00,POI010,보신각,약간 붐빔,16000,18000,37.5698518,126.9836102
2026-08-16 16:00,POI011,서울 암사동 유적,여유,300,400,37.5610203,127.1306288
2026-08-16 16:00,POI012,창덕궁·종묘,약간 붐빔,10000,12000,37.5823872,126.9917013
2026-08-16 16:00,POI013,가산디지털단지역,보통,12000,14000,37.480819,126.8816358
2026-08-16 16:00,POI014,강남역,약간 붐빔,64000,66000,37.5002304,127.0268054
2026-08-16 16:00,POI015,건대입구역,보통,28000,30000,37.54088,127.06812
2026-08-16 16:00,POI016,고덕역,여유,3500,4000,37.5550721,127.1550065
2026-08-16 16:00,POI017,고속터미널역,붐빔,30000,32000,37.5050827,127.0049777
2026-08-16 16:00,POI018,교대역,보통,18000,20000,37.494178,127.015909
2026-08-16 16:00,POI019,구로디지털단지역,여유,8000,8500,37.4853417,126.9068128
2026-08-16 16:00,POI020,구로역,여유,2000,2500,37.5000903,126.8829924
2026-08-16 16:00,POI021,군자역,여유,6000,6500,37.558149,127.077839
2026-08-16 16:00,POI023,대림역,여유,14000,16000,37.4908703,126.8936859
2026-08-16 16:00,POI024,동대문역,보통,7500,8000,37.5718616,127.0114887
2026-08-16 16:00,POI025,뚝섬역,보통,10000,12000,37.5475031,127.0461973
2026-08-16 16:00,POI026,미아사거리역,보통,10000,12000,37.61175,127.03044
2026-08-16 16:00,POI055,홍대입구역(2호선),약간 붐빔,22000,24000,37.5574135,126.9238
2026-08-16 16:00,POI088,광화문광장,보통,7500,8000,37.5759194,126.9768
2026-08-16 16:00,POI119,잠실역,붐빔,62000,64000,37.5127453,127.0973
2026-08-16 17:00,POI006,종로·청계 관광특구,보통,34000,36000,37.5702856,126.9903626
2026-08-16 17:00,POI007,홍대 관광특구,보통,90000,92000,37.5574135,126.9238
2026-08-16 17:00,POI008,경복궁,약간 붐빔,1500,2000,37.579754,126.9766818
2026-08-16 17:00,POI009,광화문·덕수궁,여유,32000,34000,37.5759194,126.9768
2026-08-16 17:00,POI010,보신각,보통,14000,16000,37.5698518,126.9836102
2026-08-16 17:00,POI011,서울 암사동 유적,여유,300,400,37.5610203,127.1306288
2026-08-16 17:00,POI012,창덕궁·종묘,보통,10000,12000,37.5823872,126.9917013
2026-08-16 17:00,POI013,가산디지털단지역,여유,10000,12000,37.480819,126.8816358
2026-08-16 17:00,POI014,강남역,보통,64000,66000,37.5002304,127.0268054
2026-08-16 17:00,POI015,건대입구역,보통,28000,30000,37.54088,127.06812
2026-08-16 17:00,POI016,고덕역,여유,3500,4000,37.5550721,127.1550065
2026-08-16 17:00,POI017,고속터미널역,붐빔,30000,32000,37.5050827,127.0049777
2026-08-16 17:00,POI018,교대역,여유,16000,18000,37.494178,127.015909
2026-08-16 17:00,POI019,구로디지털단지역,여유,8500,9000,37.4853417,126.9068128
2026-08-16 17:00,POI020,구로역,여유,2500,3000,37.5000903,126.8829924
2026-08-16 17:00,POI021,군자역,여유,6500,7000,37.558149,127.077839
2026-08-16 17:00,POI023,대림역,여유,14000,16000,37.4908703,126.8936859
2026-08-16 17:00,POI024,동대문역,여유,6500,7000,37.5718616,127.0114887
2026-08-16 17:00,POI025,뚝섬역,보통,9500,10000,37.5475031,127.0461973
2026-08-16 17:00,POI026,미아사거리역,보통,10000,12000,37.61175,127.03044
2026-08-16 17:00,POI055,홍대입구역(2호선),약간 붐빔,22000,24000,37.5574135,126.9238
2026-08-16 17:00,POI088,광화문광장,보통,7000,7500,37.5759194,126.9768
2026-08-16 17:00,POI119,잠실역,붐빔,60000,62000,37.5127453,127.0973
2026-08-16 18:00,POI006,종로·청계 관광특구,보통,32000,34000,37.5702856,126.9903626
2026-08-16 18:00,POI007,홍대 관광특구,약간 붐빔,92000,94000,37.5574135,126.9238
2026-08-16 18:00,POI008,경복궁,보통,1500,2000,37.579754,126.9766818
2026-08-16 18:00,POI009,광화문·덕수궁,여유,28000,30000,37.5759194,126.9768
2026-08-16 18:00,POI010,보신각,보통,14000,16000,37.5698518,126.9836102
2026-08-16 18:00,POI011,서울 암사동 유적,여유,300,400,37.5610203,127.1306288
2026-08-16 18:00,POI012,창덕궁·종묘,보통,10000,12000,37.5823872,126.9917013
2026-08-16 18:00,POI013,가산디지털단지역,여유,10000,12000,37.480819,126.8816358
2026-08-16 18:00,POI014,강남역,보통,64000,66000,37.5002304,127.0268054
2026-08-16 18:00,POI015,건대입구역,약간 붐빔,30000,32000,37.54088,127.06812
2026-08-16 18:00,POI016,고덕역,여유,4000,4500,37.5550721,127.1550065
2026-08-16 18:00,POI017,고속터미널역,붐빔,30000,32000,37.5050827,127.0049777
2026-08-16 18:00,POI018,교대역,여유,16000,18000,37.494178,127.015909
2026-08-16 18:00,POI019,구로디지털단지역,보통,9500,10000,37.4853417,126.9068128
2026-08-16 18:00,POI020,구로역,여유,2000,2500,37.5000903,126.8829924
2026-08-16 18:00,POI021,군자역,보통,7500,8000,37.558149,127.077839
2026-08-16 18:00,POI023,대림역,여유,14000,16000,37.4908703,126.8936859
2026-08-16 18:00,POI024,동대문역,여유,5500,6000,37.5718616,127.0114887
2026-08-16 18:00,POI025,뚝섬역,보통,9500,10000,37.5475031,127.0461973
2026-08-16 18:00,POI026,미아사거리역,보통,10000,12000,37.61175,127.03044
2026-08-16 18:00,POI055,홍대입구역(2호선),약간 붐빔,22000,24000,37.5574135,126.9238
2026-08-16 18:00,POI088,광화문광장,보통,6000,6500,37.5759194,126.9768
2026-08-16 18:00,POI119,잠실역,붐빔,56000,58000,37.5127453,127.0973
2026-08-16 19:00,POI006,종로·청계 관광특구,여유,28000,30000,37.5702856,126.9903626
2026-08-16 19:00,POI007,홍대 관광특구,보통,90000,92000,37.5574135,126.9238
2026-08-16 19:00,POI008,경복궁,여유,1000,1500,37.579754,126.9766818
2026-08-16 19:00,POI009,광화문·덕수궁,여유,24000,26000,37.5759194,126.9768
2026-08-16 19:00,POI010,보신각,여유,12000,14000,37.5698518,126.9836102
2026-08-16 19:00,POI011,서울 암사동 유적,여유,300,400,37.5610203,127.1306288
2026-08-16 19:00,POI012,창덕궁·종묘,여유,8500,9000,37.5823872,126.9917013
2026-08-16 19:00,POI013,가산디지털단지역,여유,10000,12000,37.480819,126.8816358
2026-08-16 19:00,POI014,강남역,보통,60000,62000,37.5002304,127.0268054
2026-08-16 19:00,POI015,건대입구역,붐빔,30000,32000,37.54088,127.06812
2026-08-16 19:00,POI016,고덕역,여유,3500,4000,37.5550721,127.1550065
2026-08-16 19:00,POI017,고속터미널역,약간 붐빔,24000,26000,37.5050827,127.0049777
2026-08-16 19:00,POI018,교대역,여유,14000,16000,37.494178,127.015909
2026-08-16 19:00,POI019,구로디지털단지역,보통,9000,9500,37.4853417,126.9068128
2026-08-16 19:00,POI020,구로역,여유,2000,2500,37.5000903,126.8829924
2026-08-16 19:00,POI021,군자역,여유,7000,7500,37.558149,127.077839
2026-08-16 19:00,POI023,대림역,여유,16000,18000,37.4908703,126.8936859
2026-08-16 19:00,POI024,동대문역,여유,5000,5500,37.5718616,127.0114887
2026-08-16 19:00,POI025,뚝섬역,여유,8500,9000,37.5475031,127.0461973
2026-08-16 19:00,POI026,미아사거리역,보통,10000,12000,37.61175,127.03044
2026-08-16 19:00,POI055,홍대입구역(2호선),약간 붐빔,22000,24000,37.5574135,126.9238
2026-08-16 19:00,POI088,광화문광장,여유,5000,5500,37.5759194,126.9768
2026-08-16 19:00,POI119,잠실역,약간 붐빔,46000,48000,37.5127453,127.0973
2026-08-16 20:00,POI006,종로·청계 관광특구,여유,24000,26000,37.5702856,126.9903626
2026-08-16 20:00,POI007,홍대 관광특구,보통,84000,86000,37.5574135,126.9238
2026-08-16 20:00,POI008,경복궁,여유,1000,1500,37.579754,126.9766818
2026-08-16 20:00,POI009,광화문·덕수궁,여유,18000,20000,37.5759194,126.9768
2026-08-16 20:00,POI010,보신각,여유,10000,12000,37.5698518,126.9836102
2026-08-16 20:00,POI011,서울 암사동 유적,여유,300,400,37.5610203,127.1306288
2026-08-16 20:00,POI012,창덕궁·종묘,여유,7500,8000,37.5823872,126.9917013
2026-08-16 20:00,POI013,가산디지털단지역,여유,9000,9500,37.480819,126.8816358
2026-08-16 20:00,POI014,강남역,여유,54000,56000,37.5002304,127.0268054
2026-08-16 20:00,POI015,건대입구역,약간 붐빔,30000,32000,37.54088,127.06812
2026-08-16 20:00,POI016,고덕역,여유,3000,3500,37.5550721,127.1550065
2026-08-16 20:00,POI017,고속터미널역,보통,20000,22000,37.5050827,127.0049777
2026-08-16 20:00,POI018,교대역,여유,12000,14000,37.494178,127.015909
2026-08-16 20:00,POI019,구로디지털단지역,여유,8500,9000,37.4853417,126.9068128
2026-08-16 20:00,POI020,구로역,여유,2000,2500,37.5000903,126.8829924
2026-08-16 20:00,POI021,군자역,약간 붐빔,7500,8000,37.558149,127.077839
2026-08-16 20:00,POI023,대림역,여유,16000,18000,37.4908703,126.8936859
2026-08-16 20:00,POI024,동대문역,여유,4000,4500,37.5718616,127.0114887
2026-08-16 20:00,POI025,뚝섬역,여유,7500,8000,37.5475031,127.0461973
2026-08-16 20:00,POI026,미아사거리역,여유,9500,10000,37.61175,127.03044
2026-08-16 20:00,POI055,홍대입구역(2호선),약간 붐빔,20000,22000,37.5574135,126.9238
2026-08-16 20:00,POI088,광화문광장,여유,4000,4500,37.5759194,126.9768
2026-08-16 20:00,POI119,잠실역,약간 붐빔,40000,42000,37.5127453,127.0973
2026-08-16 21:00,POI006,종로·청계 관광특구,여유,18000,20000,37.5702856,126.9903626
2026-08-16 21:00,POI007,홍대 관광특구,여유,72000,74000,37.5574135,126.9238
2026-08-16 21:00,POI008,경복궁,여유,700,800,37.579754,126.9766818
2026-08-16 21:00,POI009,광화문·덕수궁,여유,12000,14000,37.5759194,126.9768
2026-08-16 21:00,POI010,보신각,여유,6500,7000,37.5698518,126.9836102
2026-08-16 21:00,POI011,서울 암사동 유적,여유,300,400,37.5610203,127.1306288
2026-08-16 21:00,POI012,창덕궁·종묘,여유,6000,6500,37.5823872,126.9917013
2026-08-16 21:00,POI013,가산디지털단지역,여유,7500,8000,37.480819,126.8816358
2026-08-16 21:00,POI014,강남역,여유,44000,46000,37.5002304,127.0268054
2026-08-16 21:00,POI015,건대입구역,보통,28000,30000,37.54088,127.06812
2026-08-16 21:00,POI016,고덕역,여유,2500,3000,37.5550721,127.1550065
2026-08-16 21:00,POI017,고속터미널역,여유,9000,9500,37.5050827,127.0049777
2026-08-16 21:00,POI018,교대역,여유,9500,10000,37.494178,127.015909
2026-08-16 21:00,POI019,구로디지털단지역,여유,7500,8000,37.4853417,126.9068128
2026-08-16 21:00,POI020,구로역,여유,1500,2000,37.5000903,126.8829924
2026-08-16 21:00,POI021,군자역,여유,7000,7500,37.558149,127.077839
2026-08-16 21:00,POI023,대림역,여유,16000,18000,37.4908703,126.8936859
2026-08-16 21:00,POI024,동대문역,여유,3500,4000,37.5718616,127.0114887
2026-08-16 21:00,POI025,뚝섬역,여유,6000,6500,37.5475031,127.0461973
2026-08-16 21:00,POI026,미아사거리역,여유,8000,8500,37.61175,127.03044
2026-08-16 21:00,POI055,홍대입구역(2호선),보통,16000,18000,37.5574135,126.9238
2026-08-16 21:00,POI088,광화문광장,여유,3000,3500,37.5759194,126.9768
2026-08-16 21:00,POI119,잠실역,보통,26000,28000,37.5127453,127.0973
2026-08-16 22:00,POI006,종로·청계 관광특구,여유,16000,18000,37.5702856,126.9903626
2026-08-16 22:00,POI007,홍대 관광특구,여유,66000,68000,37.5574135,126.9238
2026-08-16 22:00,POI008,경복궁,여유,600,700,37.579754,126.9766818
2026-08-16 22:00,POI009,광화문·덕수궁,여유,9500,10000,37.5759194,126.9768
2026-08-16 22:00,POI010,보신각,여유,5500,6000,37.5698518,126.9836102
2026-08-16 22:00,POI011,서울 암사동 유적,여유,300,400,37.5610203,127.1306288
2026-08-16 22:00,POI012,창덕궁·종묘,여유,5500,6000,37.5823872,126.9917013
2026-08-16 22:00,POI013,가산디지털단지역,여유,6500,7000,37.480819,126.8816358
2026-08-16 22:00,POI014,강남역,여유,42000,44000,37.5002304,127.0268054
2026-08-16 22:00,POI015,건대입구역,보통,26000,28000,37.54088,127.06812
2026-08-16 22:00,POI016,고덕역,여유,2500,3000,37.5550721,127.1550065
2026-08-16 22:00,POI017,고속터미널역,여유,7000,7500,37.5050827,127.0049777
2026-08-16 22:00,POI018,교대역,여유,9000,9500,37.494178,127.015909
2026-08-16 22:00,POI019,구로디지털단지역,여유,7000,7500,37.4853417,126.9068128
2026-08-16 22:00,POI020,구로역,여유,1000,1500,37.5000903,126.8829924
2026-08-16 22:00,POI021,군자역,여유,6500,7000,37.558149,127.077839
2026-08-16 22:00,POI023,대림역,여유,16000,18000,37.4908703,126.8936859
2026-08-16 22:00,POI024,동대문역,여유,3000,3500,37.5718616,127.0114887
2026-08-16 22:00,POI025,뚝섬역,여유,5500,6000,37.5475031,127.0461973
2026-08-16 22:00,POI026,미아사거리역,여유,7000,7500,37.61175,127.03044
2026-08-16 22:00,POI055,홍대입구역(2호선),보통,14000,16000,37.5574135,126.9238
2026-08-16 22:00,POI088,광화문광장,여유,2000,2500,37.5759194,126.9768
2026-08-16 22:00,POI119,잠실역,여유,16000,18000,37.5127453,127.0973
2026-08-16 23:00,POI006,종로·청계 관광특구,여유,14000,16000,37.5702856,126.9903626
2026-08-16 23:00,POI007,홍대 관광특구,여유,56000,58000,37.5574135,126.9238
2026-08-16 23:00,POI008,경복궁,여유,500,600,37.579754,126.9766818
2026-08-16 23:00,POI009,광화문·덕수궁,여유,6500,7000,37.5759194,126.9768
2026-08-16 23:00,POI010,보신각,여유,4000,4500,37.5698518,126.9836102
2026-08-16 23:00,POI011,서울 암사동 유적,여유,300,400,37.5610203,127.1306288
2026-08-16 23:00,POI012,창덕궁·종묘,여유,4500,5000,37.5823872,126.9917013
2026-08-16 23:00,POI013,가산디지털단지역,여유,6000,6500,37.480819,126.8816358
2026-08-16 23:00,POI014,강남역,여유,34000,36000,37.5002304,127.0268054
2026-08-16 23:00,POI015,건대입구역,여유,24000,26000,37.54088,127.06812
2026-08-16 23:00,POI016,고덕역,여유,1500,2000,37.5550721,127.1550065
2026-08-16 23:00,POI017,고속터미널역,여유,4500,5000,37.5050827,127.0049777
2026-08-16 23:00,POI018,교대역,여유,8000,8500,37.494178,127.015909
2026-08-16 23:00,POI019,구로디지털단지역,여유,6500,7000,37.4853417,126.9068128
2026-08-16 23:00,POI020,구로역,여유,1000,1500,37.5000903,126.8829924
2026-08-16 23:00,POI021,군자역,여유,5500,6000,37.558149,127.077839
2026-08-16 23:00,POI023,대림역,보통,16000,18000,37.4908703,126.8936859
2026-08-16 23:00,POI024,동대문역,여유,2000,2500,37.5718616,127.0114887
2026-08-16 23:00,POI025,뚝섬역,여유,5000,5500,37.5475031,127.0461973
2026-08-16 23:00,POI026,미아사거리역,여유,6000,6500,37.61175,127.03044
2026-08-16 23:00,POI055,홍대입구역(2호선),여유,12000,14000,37.5574135,126.9238
2026-08-16 23:00,POI088,광화문광장,여유,1000,1500,37.5759194,126.9768
2026-08-16 23:00,POI119,잠실역,여유,9000,9500,37.5127453,127.0973
2026-08-17 00:00,POI006,종로·청계 관광특구,여유,10000,12000,37.5702856,126.9903626
2026-08-17 00:00,POI007,홍대 관광특구,여유,46000,48000,37.5574135,126.9238
2026-08-17 00:00,POI008,경복궁,여유,300,400,37.579754,126.9766818
2026-08-17 00:00,POI009,광화문·덕수궁,여유,4500,5000,37.5759194,126.9768
2026-08-17 00:00,POI010,보신각,여유,3000,3500,37.5698518,126.9836102
2026-08-17 00:00,POI011,서울 암사동 유적,여유,300,400,37.5610203,127.1306288
2026-08-17 00:00,POI012,창덕궁·종묘,여유,4000,4500,37.5823872,126.9917013
2026-08-17 00:00,POI013,가산디지털단지역,여유,5500,6000,37.480819,126.8816358
2026-08-17 00:00,POI014,강남역,여유,26000,28000,37.5002304,127.0268054
2026-08-17 00:00,POI015,건대입구역,여유,18000,20000,37.54088,127.06812
2026-08-17 00:00,POI016,고덕역,여유,1500,2000,37.5550721,127.1550065
2026-08-17 00:00,POI017,고속터미널역,여유,3000,3500,37.5050827,127.0049777
2026-08-17 00:00,POI018,교대역,여유,5500,6000,37.494178,127.015909
2026-08-17 00:00,POI019,구로디지털단지역,여유,6000,6500,37.4853417,126.9068128
2026-08-17 00:00,POI020,구로역,여유,900,1000,37.5000903,126.8829924
2026-08-17 00:00,POI021,군자역,여유,4500,5000,37.558149,127.077839
2026-08-17 00:00,POI023,대림역,보통,16000,18000,37.4908703,126.8936859
2026-08-17 00:00,POI024,동대문역,여유,2000,2500,37.5718616,127.0114887
2026-08-17 00:00,POI025,뚝섬역,여유,4000,4500,37.5475031,127.0461973
2026-08-17 00:00,POI026,미아사거리역,여유,5000,5500,37.61175,127.03044
2026-08-17 00:00,POI055,홍대입구역(2호선),여유,9000,9500,37.5574135,126.9238
2026-08-17 00:00,POI088,광화문광장,여유,900,1000,37.5759194,126.9768
2026-08-17 00:00,POI119,잠실역,여유,7000,7500,37.5127453,127.0973
2026-08-17 01:00,POI006,종로·청계 관광특구,여유,9500,10000,37.5702856,126.9903626
2026-08-17 01:00,POI007,홍대 관광특구,여유,42000,44000,37.5574135,126.9238
2026-08-17 01:00,POI008,경복궁,여유,200,300,37.579754,126.9766818
2026-08-17 01:00,POI009,광화문·덕수궁,여유,3500,4000,37.5759194,126.9768
2026-08-17 01:00,POI010,보신각,여유,2500,3000,37.5698518,126.9836102
2026-08-17 01:00,POI011,서울 암사동 유적,여유,300,400,37.5610203,127.1306288
2026-08-17 01:00,POI012,창덕궁·종묘,여유,3500,4000,37.5823872,126.9917013
2026-08-17 01:00,POI013,가산디지털단지역,여유,4500,5000,37.480819,126.8816358
2026-08-17 01:00,POI014,강남역,여유,22000,24000,37.5002304,127.0268054
2026-08-17 01:00,POI015,건대입구역,여유,16000,18000,37.54088,127.06812
2026-08-17 01:00,POI016,고덕역,여유,1000,1500,37.5550721,127.1550065
2026-08-17 01:00,POI017,고속터미널역,여유,2000,2500,37.5050827,127.0049777
2026-08-17 01:00,POI018,교대역,여유,5500,6000,37.494178,127.015909
2026-08-17 01:00,POI019,구로디지털단지역,여유,5000,5500,37.4853417,126.9068128
2026-08-17 01:00,POI020,구로역,여유,800,900,37.5000903,126.8829924
2026-08-17 01:00,POI021,군자역,여유,4000,4500,37.558149,127.077839
2026-08-17 01:00,POI023,대림역,보통,16000,18000,37.4908703,126.8936859
2026-08-17 01:00,POI024,동대문역,여유,1500,2000,37.5718616,127.0114887
2026-08-17 01:00,POI025,뚝섬역,여유,3500,4000,37.5475031,127.0461973
2026-08-17 01:00,POI026,미아사거리역,여유,4000,4500,37.61175,127.03044
2026-08-17 01:00,POI055,홍대입구역(2호선),여유,7000,7500,37.5574135,126.9238
2026-08-17 01:00,POI088,광화문광장,여유,700,800,37.5759194,126.9768
2026-08-17 01:00,POI119,잠실역,여유,5000,5500,37.5127453,127.0973
2026-08-17 02:00,POI006,종로·청계 관광특구,여유,8500,9000,37.5702856,126.9903626
2026-08-17 02:00,POI007,홍대 관광특구,여유,38000,40000,37.5574135,126.9238
2026-08-17 02:00,POI008,경복궁,여유,200,300,37.579754,126.9766818
2026-08-17 02:00,POI009,광화문·덕수궁,여유,3000,3500,37.5759194,126.9768
2026-08-17 02:00,POI010,보신각,여유,2000,2500,37.5698518,126.9836102
2026-08-17 02:00,POI011,서울 암사동 유적,여유,300,400,37.5610203,127.1306288
2026-08-17 02:00,POI012,창덕궁·종묘,여유,3000,3500,37.5823872,126.9917013
2026-08-17 02:00,POI013,가산디지털단지역,여유,4500,5000,37.480819,126.8816358
2026-08-17 02:00,POI014,강남역,여유,22000,24000,37.5002304,127.0268054
2026-08-17 02:00,POI015,건대입구역,여유,16000,18000,37.54088,127.06812
2026-08-17 02:00,POI016,고덕역,여유,1000,1500,37.5550721,127.1550065
2026-08-17 02:00,POI017,고속터미널역,여유,1500,2000,37.5050827,127.0049777
2026-08-17 02:00,POI018,교대역,여유,5000,5500,37.494178,127.015909
2026-08-17 02:00,POI019,구로디지털단지역,여유,4500,5000,37.4853417,126.9068128
2026-08-17 02:00,POI020,구로역,여유,800,900,37.5000903,126.8829924
2026-08-17 02:00,POI021,군자역,여유,4000,4500,37.558149,127.077839
2026-08-17 02:00,POI023,대림역,보통,16000,18000,37.4908703,126.8936859
2026-08-17 02:00,POI024,동대문역,여유,1000,1500,37.5718616,127.0114887
2026-08-17 02:00,POI025,뚝섬역,여유,3500,4000,37.5475031,127.0461973
2026-08-17 02:00,POI026,미아사거리역,여유,3500,4000,37.61175,127.03044
2026-08-17 02:00,POI055,홍대입구역(2호선),여유,6500,7000,37.5574135,126.9238
2026-08-17 02:00,POI088,광화문광장,여유,700,800,37.5759194,126.9768
2026-08-17 02:00,POI119,잠실역,여유,4000,4500,37.5127453,127.0973
2026-08-17 03:00,POI006,종로·청계 관광특구,여유,8000,8500,37.5702856,126.9903626
2026-08-17 03:00,POI007,홍대 관광특구,여유,36000,38000,37.5574135,126.9238
2026-08-17 03:00,POI008,경복궁,여유,200,300,37.579754,126.9766818
2026-08-17 03:00,POI009,광화문·덕수궁,여유,3000,3500,37.5759194,126.9768
2026-08-17 03:00,POI010,보신각,여유,1500,2000,37.5698518,126.9836102
2026-08-17 03:00,POI011,서울 암사동 유적,여유,300,400,37.5610203,127.1306288
2026-08-17 03:00,POI012,창덕궁·종묘,여유,3000,3500,37.5823872,126.9917013
2026-08-17 03:00,POI013,가산디지털단지역,여유,4000,4500,37.480819,126.8816358
2026-08-17 03:00,POI014,강남역,여유,20000,22000,37.5002304,127.0268054
2026-08-17 03:00,POI015,건대입구역,여유,14000,16000,37.54088,127.06812
2026-08-17 03:00,POI016,고덕역,여유,1000,1500,37.5550721,127.1550065
2026-08-17 03:00,POI017,고속터미널역,여유,1500,2000,37.5050827,127.0049777
2026-08-17 03:00,POI018,교대역,여유,5000,5500,37.494178,127.015909
2026-08-17 03:00,POI019,구로디지털단지역,여유,4500,5000,37.4853417,126.9068128
2026-08-17 03:00,POI020,구로역,여유,700,800,37.5000903,126.8829924
2026-08-17 03:00,POI021,군자역,여유,3500,4000,37.558149,127.077839
2026-08-17 03:00,POI023,대림역,보통,16000,18000,37.4908703,126.8936859
2026-08-17 03:00,POI024,동대문역,여유,1000,1500,37.5718616,127.0114887
2026-08-17 03:00,POI025,뚝섬역,여유,3500,4000,37.5475031,127.0461973
2026-08-17 03:00,POI026,미아사거리역,여유,3000,3500,37.61175,127.03044
2026-08-17 03:00,POI055,홍대입구역(2호선),여유,6000,6500,37.5574135,126.9238
2026-08-17 03:00,POI088,광화문광장,여유,600,700,37.5759194,126.9768
2026-08-17 03:00,POI119,잠실역,여유,3000,3500,37.5127453,127.0973
2026-08-17 04:00,POI006,종로·청계 관광특구,여유,8000,8500,37.5702856,126.9903626
2026-08-17 04:00,POI007,홍대 관광특구,여유,34000,36000,37.5574135,126.9238
2026-08-17 04:00,POI008,경복궁,여유,200,300,37.579754,126.9766818
2026-08-17 04:00,POI009,광화문·덕수궁,여유,3000,3500,37.5759194,126.9768
2026-08-17 04:00,POI010,보신각,여유,1500,2000,37.5698518,126.9836102
2026-08-17 04:00,POI011,서울 암사동 유적,여유,300,400,37.5610203,127.1306288
2026-08-17 04:00,POI012,창덕궁·종묘,여유,3000,3500,37.5823872,126.9917013
2026-08-17 04:00,POI013,가산디지털단지역,여유,4000,4500,37.480819,126.8816358
2026-08-17 04:00,POI014,강남역,여유,20000,22000,37.5002304,127.0268054
2026-08-17 04:00,POI015,건대입구역,여유,14000,16000,37.54088,127.06812
2026-08-17 04:00,POI016,고덕역,여유,1000,1500,37.5550721,127.1550065
2026-08-17 04:00,POI017,고속터미널역,여유,1500,2000,37.5050827,127.0049777
2026-08-17 04:00,POI018,교대역,여유,5000,5500,37.494178,127.015909
2026-08-17 04:00,POI019,구로디지털단지역,여유,4500,5000,37.4853417,126.9068128
2026-08-17 04:00,POI020,구로역,여유,600,700,37.5000903,126.8829924
2026-08-17 04:00,POI021,군자역,여유,3000,3500,37.558149,127.077839
2026-08-17 04:00,POI023,대림역,보통,16000,18000,37.4908703,126.8936859
2026-08-17 04:00,POI024,동대문역,여유,900,1000,37.5718616,127.0114887
2026-08-17 04:00,POI025,뚝섬역,여유,3500,4000,37.5475031,127.0461973
2026-08-17 04:00,POI026,미아사거리역,여유,3000,3500,37.61175,127.03044
2026-08-17 04:00,POI055,홍대입구역(2호선),여유,6000,6500,37.5574135,126.9238
2026-08-17 04:00,POI088,광화문광장,여유,600,700,37.5759194,126.9768
2026-08-17 04:00,POI119,잠실역,여유,2500,3000,37.5127453,127.0973
2026-08-17 05:00,POI006,종로·청계 관광특구,여유,8000,8500,37.5702856,126.9903626
2026-08-17 05:00,POI007,홍대 관광특구,여유,32000,34000,37.5574135,126.9238
2026-08-17 05:00,POI008,경복궁,여유,200,300,37.579754,126.9766818
2026-08-17 05:00,POI009,광화문·덕수궁,여유,3000,3500,37.5759194,126.9768
2026-08-17 05:00,POI010,보신각,여유,1500,2000,37.5698518,126.9836102
2026-08-17 05:00,POI011,서울 암사동 유적,여유,300,400,37.5610203,127.1306288
2026-08-17 05:00,POI012,창덕궁·종묘,여유,3000,3500,37.5823872,126.9917013
2026-08-17 05:00,POI013,가산디지털단지역,여유,4500,5000,37.480819,126.8816358
2026-08-17 05:00,POI014,강남역,여유,18000,20000,37.5002304,127.0268054
2026-08-17 05:00,POI015,건대입구역,여유,14000,16000,37.54088,127.06812
2026-08-17 05:00,POI016,고덕역,여유,1000,1500,37.5550721,127.1550065
2026-08-17 05:00,POI017,고속터미널역,여유,1500,2000,37.5050827,127.0049777
2026-08-17 05:00,POI018,교대역,여유,5000,5500,37.494178,127.015909
2026-08-17 05:00,POI019,구로디지털단지역,여유,4500,5000,37.4853417,126.9068128
2026-08-17 05:00,POI020,구로역,여유,800,900,37.5000903,126.8829924
2026-08-17 05:00,POI021,군자역,여유,3000,3500,37.558149,127.077839
2026-08-17 05:00,POI023,대림역,보통,16000,18000,37.4908703,126.8936859
2026-08-17 05:00,POI024,동대문역,여유,1000,1500,37.5718616,127.0114887
2026-08-17 05:00,POI025,뚝섬역,여유,3500,4000,37.5475031,127.0461973
2026-08-17 05:00,POI026,미아사거리역,여유,3000,3500,37.61175,127.03044
2026-08-17 05:00,POI055,홍대입구역(2호선),여유,6000,6500,37.5574135,126.9238
2026-08-17 05:00,POI088,광화문광장,여유,700,800,37.5759194,126.9768
2026-08-17 05:00,POI119,잠실역,여유,2500,3000,37.5127453,127.0973
2026-08-17 06:00,POI006,종로·청계 관광특구,여유,8500,9000,37.5702856,126.9903626
2026-08-17 06:00,POI007,홍대 관광특구,여유,30000,32000,37.5574135,126.9238
2026-08-17 06:00,POI008,경복궁,여유,200,300,37.579754,126.9766818
2026-08-17 06:00,POI009,광화문·덕수궁,여유,4000,4500,37.5759194,126.9768
2026-08-17 06:00,POI010,보신각,여유,2000,2500,37.5698518,126.9836102
2026-08-17 06:00,POI011,서울 암사동 유적,여유,300,400,37.5610203,127.1306288
2026-08-17 06:00,POI012,창덕궁·종묘,여유,3000,3500,37.5823872,126.9917013
2026-08-17 06:00,POI013,가산디지털단지역,여유,5000,5500,37.480819,126.8816358
2026-08-17 06:00,POI014,강남역,여유,18000,20000,37.5002304,127.0268054
2026-08-17 06:00,POI015,건대입구역,여유,14000,16000,37.54088,127.06812
2026-08-17 06:00,POI016,고덕역,여유,1000,1500,37.5550721,127.1550065
2026-08-17 06:00,POI017,고속터미널역,여유,2500,3000,37.5050827,127.0049777
2026-08-17 06:00,POI018,교대역,여유,5500,6000,37.494178,127.015909
2026-08-17 06:00,POI019,구로디지털단지역,여유,4000,4500,37.4853417,126.9068128
2026-08-17 06:00,POI020,구로역,여유,1000,1500,37.5000903,126.8829924
2026-08-17 06:00,POI021,군자역,여유,3000,3500,37.558149,127.077839
2026-08-17 06:00,POI023,대림역,보통,16000,18000,37.4908703,126.8936859
2026-08-17 06:00,POI024,동대문역,여유,1000,1500,37.5718616,127.0114887
2026-08-17 06:00,POI025,뚝섬역,여유,3500,4000,37.5475031,127.0461973
2026-08-17 06:00,POI026,미아사거리역,여유,3500,4000,37.61175,127.03044
2026-08-17 06:00,POI055,홍대입구역(2호선),여유,6000,6500,37.5574135,126.9238
2026-08-17 06:00,POI088,광화문광장,여유,800,900,37.5759194,126.9768
2026-08-17 06:00,POI119,잠실역,여유,3000,3500,37.5127453,127.0973
2026-08-17 07:00,POI006,종로·청계 관광특구,여유,10000,12000,37.5702856,126.9903626
2026-08-17 07:00,POI007,홍대 관광특구,여유,32000,34000,37.5574135,126.9238
2026-08-17 07:00,POI008,경복궁,여유,500,600,37.579754,126.9766818
2026-08-17 07:00,POI009,광화문·덕수궁,여유,6500,7000,37.5759194,126.9768
2026-08-17 07:00,POI010,보신각,여유,2500,3000,37.5698518,126.9836102
2026-08-17 07:00,POI011,서울 암사동 유적,여유,400,500,37.5610203,127.1306288
2026-08-17 07:00,POI012,창덕궁·종묘,여유,3500,4000,37.5823872,126.9917013
2026-08-17 07:00,POI013,가산디지털단지역,여유,5500,6000,37.480819,126.8816358
2026-08-17 07:00,POI014,강남역,여유,24000,26000,37.5002304,127.0268054
2026-08-17 07:00,POI015,건대입구역,여유,18000,20000,37.54088,127.06812
2026-08-17 07:00,POI016,고덕역,여유,1000,1500,37.5550721,127.1550065
2026-08-17 07:00,POI017,고속터미널역,여유,3500,4000,37.5050827,127.0049777
2026-08-17 07:00,POI018,교대역,여유,8500,9000,37.494178,127.015909
2026-08-17 07:00,POI019,구로디지털단지역,여유,4000,4500,37.4853417,126.9068128
2026-08-17 07:00,POI020,구로역,여유,1000,1500,37.5000903,126.8829924
2026-08-17 07:00,POI021,군자역,여유,3000,3500,37.558149,127.077839
2026-08-17 07:00,POI023,대림역,여유,16000,18000,37.4908703,126.8936859
2026-08-17 07:00,POI024,동대문역,여유,1500,2000,37.5718616,127.0114887
2026-08-17 07:00,POI025,뚝섬역,여유,5000,5500,37.5475031,127.0461973
2026-08-17 07:00,POI026,미아사거리역,여유,3500,4000,37.61175,127.03044
2026-08-17 07:00,POI055,홍대입구역(2호선),여유,7000,7500,37.5574135,126.9238
2026-08-17 07:00,POI088,광화문광장,여유,1000,1500,37.5759194,126.9768
2026-08-17 07:00,POI119,잠실역,여유,4000,4500,37.5127453,127.0973
2026-08-17 08:00,POI006,종로·청계 관광특구,여유,14000,16000,37.5702856,126.9903626
2026-08-17 08:00,POI007,홍대 관광특구,여유,32000,34000,37.5574135,126.9238
2026-08-17 08:00,POI008,경복궁,여유,700,800,37.579754,126.9766818
2026-08-17 08:00,POI009,광화문·덕수궁,여유,10000,12000,37.5759194,126.9768
2026-08-17 08:00,POI010,보신각,여유,5000,5500,37.5698518,126.9836102
2026-08-17 08:00,POI011,서울 암사동 유적,여유,300,400,37.5610203,127.1306288
2026-08-17 08:00,POI012,창덕궁·종묘,여유,5000,5500,37.5823872,126.9917013
2026-08-17 08:00,POI013,가산디지털단지역,여유,6500,7000,37.480819,126.8816358
2026-08-17 08:00,POI014,강남역,여유,30000,32000,37.5002304,127.0268054
2026-08-17 08:00,POI015,건대입구역,여유,18000,20000,37.54088,127.06812
2026-08-17 08:00,POI016,고덕역,여유,1500,2000,37.5550721,127.1550065
2026-08-17 08:00,POI017,고속터미널역,여유,4500,5000,37.5050827,127.0049777
2026-08-17 08:00,POI018,교대역,여유,10000,12000,37.494178,127.015909
2026-08-17 08:00,POI019,구로디지털단지역,여유,4000,4500,37.4853417,126.9068128
2026-08-17 08:00,POI020,구로역,여유,1000,1500,37.5000903,126.8829924
2026-08-17 08:00,POI021,군자역,여유,3500,4000,37.558149,127.077839
2026-08-17 08:00,POI023,대림역,보통,16000,18000,37.4908703,126.8936859
2026-08-17 08:00,POI024,동대문역,여유,2500,3000,37.5718616,127.0114887
2026-08-17 08:00,POI025,뚝섬역,여유,5500,6000,37.5475031,127.0461973
2026-08-17 08:00,POI026,미아사거리역,여유,4000,4500,37.61175,127.03044
2026-08-17 08:00,POI055,홍대입구역(2호선),여유,7500,8000,37.5574135,126.9238
2026-08-17 08:00,POI088,광화문광장,여유,2000,2500,37.5759194,126.9768
2026-08-17 08:00,POI119,잠실역,여유,6500,7000,37.5127453,127.0973
2026-08-17 10:00,POI006,종로·청계 관광특구,보통,26000,28000,37.5702856,126.9903626
2026-08-17 10:00,POI007,홍대 관광특구,여유,46000,48000,37.5574135,126.9238
2026-08-17 10:00,POI008,경복궁,여유,1000,1500,37.579754,126.9766818
2026-08-17 10:00,POI009,광화문·덕수궁,여유,22000,24000,37.5759194,126.9768
2026-08-17 10:00,POI010,보신각,보통,10000,12000,37.5698518,126.9836102
2026-08-17 10:00,POI011,서울 암사동 유적,여유,300,400,37.5610203,127.1306288
2026-08-17 10:00,POI012,창덕궁·종묘,보통,8000,8500,37.5823872,126.9917013
2026-08-17 10:00,POI013,가산디지털단지역,여유,9500,10000,37.480819,126.8816358
2026-08-17 10:00,POI014,강남역,여유,50000,52000,37.5002304,127.0268054
2026-08-17 10:00,POI015,건대입구역,여유,20000,22000,37.54088,127.06812
2026-08-17 10:00,POI016,고덕역,여유,2000,2500,37.5550721,127.1550065
2026-08-17 10:00,POI017,고속터미널역,여유,12000,14000,37.5050827,127.0049777
2026-08-17 10:00,POI018,교대역,여유,12000,14000,37.494178,127.015909
2026-08-17 10:00,POI019,구로디지털단지역,여유,6500,7000,37.4853417,126.9068128
2026-08-17 10:00,POI020,구로역,여유,1500,2000,37.5000903,126.8829924
2026-08-17 10:00,POI021,군자역,여유,4500,5000,37.558149,127.077839
2026-08-17 10:00,POI023,대림역,여유,14000,16000,37.4908703,126.8936859
2026-08-17 10:00,POI024,동대문역,보통,5500,6000,37.5718616,127.0114887
2026-08-17 10:00,POI025,뚝섬역,여유,7500,8000,37.5475031,127.0461973
2026-08-17 10:00,POI026,미아사거리역,여유,7500,8000,37.61175,127.03044
2026-08-17 10:00,POI055,홍대입구역(2호선),여유,10000,12000,37.5574135,126.9238
2026-08-17 10:00,POI088,광화문광장,여유,4000,4500,37.5759194,126.9768
2026-08-17 10:00,POI119,잠실역,여유,20000,22000,37.5127453,127.0973
2026-08-17 12:00,POI006,종로·청계 관광특구,보통,30000,32000,37.5702856,126.9903626
2026-08-17 12:00,POI007,홍대 관광특구,여유,56000,58000,37.5574135,126.9238
2026-08-17 12:00,POI008,경복궁,보통,1500,2000,37.579754,126.9766818
2026-08-17 12:00,POI009,광화문·덕수궁,여유,28000,30000,37.5759194,126.9768
2026-08-17 12:00,POI010,보신각,보통,10000,12000,37.5698518,126.9836102
2026-08-17 12:00,POI011,서울 암사동 유적,여유,300,400,37.5610203,127.1306288
2026-08-17 12:00,POI012,창덕궁·종묘,보통,9500,10000,37.5823872,126.9917013
2026-08-17 12:00,POI013,가산디지털단지역,여유,10000,12000,37.480819,126.8816358
2026-08-17 12:00,POI014,강남역,보통,58000,60000,37.5002304,127.0268054
2026-08-17 12:00,POI015,건대입구역,여유,22000,24000,37.54088,127.06812
2026-08-17 12:00,POI016,고덕역,여유,2500,3000,37.5550721,127.1550065
2026-08-17 12:00,POI017,고속터미널역,보통,22000,24000,37.5050827,127.0049777
2026-08-17 12:00,POI018,교대역,여유,16000,18000,37.494178,127.015909
2026-08-17 12:00,POI019,구로디지털단지역,여유,7500,8000,37.4853417,126.9068128
2026-08-17 12:00,POI020,구로역,여유,1500,2000,37.5000903,126.8829924
2026-08-17 12:00,POI021,군자역,여유,5500,6000,37.558149,127.077839
2026-08-17 12:00,POI023,대림역,여유,14000,16000,37.4908703,126.8936859
2026-08-17 12:00,POI024,동대문역,보통,7000,7500,37.5718616,127.0114887
2026-08-17 12:00,POI025,뚝섬역,여유,9000,9500,37.5475031,127.0461973
2026-08-17 12:00,POI026,미아사거리역,여유,10000,12000,37.61175,127.03044
2026-08-17 12:00,POI055,홍대입구역(2호선),여유,14000,16000,37.5574135,126.9238
2026-08-17 12:00,POI088,광화문광장,여유,5500,6000,37.5759194,126.9768
2026-08-17 12:00,POI119,잠실역,보통,36000,38000,37.5127453,127.0973
2026-08-17 13:00,POI006,종로·청계 관광특구,보통,36000,38000,37.5702856,126.9903626
2026-08-17 13:00,POI007,홍대 관광특구,여유,72000,74000,37.5574135,126.9238
2026-08-17 13:00,POI008,경복궁,약간 붐빔,1500,2000,37.579754,126.9766818
2026-08-17 13:00,POI009,광화문·덕수궁,여유,32000,34000,37.5759194,126.9768
2026-08-17 13:00,POI010,보신각,보통,16000,18000,37.5698518,126.9836102
2026-08-17 13:00,POI011,서울 암사동 유적,여유,300,400,37.5610203,127.1306288
2026-08-17 13:00,POI012,창덕궁·종묘,보통,10000,12000,37.5823872,126.9917013
2026-08-17 13:00,POI013,가산디지털단지역,여유,12000,14000,37.480819,126.8816358
2026-08-17 13:00,POI014,강남역,보통,66000,68000,37.5002304,127.0268054
2026-08-17 13:00,POI015,건대입구역,여유,26000,28000,37.54088,127.06812
2026-08-17 13:00,POI016,고덕역,여유,3000,3500,37.5550721,127.1550065
2026-08-17 13:00,POI017,고속터미널역,약간 붐빔,28000,30000,37.5050827,127.0049777
2026-08-17 13:00,POI018,교대역,여유,16000,18000,37.494178,127.015909
2026-08-17 13:00,POI019,구로디지털단지역,여유,8500,9000,37.4853417,126.9068128
2026-08-17 13:00,POI020,구로역,여유,2000,2500,37.5000903,126.8829924
2026-08-17 13:00,POI021,군자역,여유,6500,7000,37.558149,127.077839
2026-08-17 13:00,POI023,대림역,여유,14000,16000,37.4908703,126.8936859
2026-08-17 13:00,POI024,동대문역,보통,9000,9500,37.5718616,127.0114887
2026-08-17 13:00,POI025,뚝섬역,보통,10000,12000,37.5475031,127.0461973
2026-08-17 13:00,POI026,미아사거리역,보통,10000,12000,37.61175,127.03044
2026-08-17 13:00,POI055,홍대입구역(2호선),보통,18000,20000,37.5574135,126.9238
2026-08-17 13:00,POI088,광화문광장,여유,6500,7000,37.5759194,126.9768
2026-08-17 13:00,POI119,잠실역,붐빔,50000,52000,37.5127453,127.0973
2026-08-17 14:00,POI006,종로·청계 관광특구,보통,38000,40000,37.5702856,126.9903626
2026-08-17 14:00,POI007,홍대 관광특구,보통,78000,80000,37.5574135,126.9238
2026-08-17 14:00,POI008,경복궁,약간 붐빔,1500,2000,37.579754,126.9766818
2026-08-17 14:00,POI009,광화문·덕수궁,보통,34000,36000,37.5759194,126.9768
2026-08-17 14:00,POI010,보신각,보통,16000,18000,37.5698518,126.9836102
2026-08-17 14:00,POI011,서울 암사동 유적,여유,300,400,37.5610203,127.1306288
2026-08-17 14:00,POI012,창덕궁·종묘,보통,10000,12000,37.5823872,126.9917013
2026-08-17 14:00,POI013,가산디지털단지역,여유,12000,14000,37.480819,126.8816358
2026-08-17 14:00,POI014,강남역,보통,68000,70000,37.5002304,127.0268054
2026-08-17 14:00,POI015,건대입구역,여유,26000,28000,37.54088,127.06812
2026-08-17 14:00,POI016,고덕역,여유,3000,3500,37.5550721,127.1550065
2026-08-17 14:00,POI017,고속터미널역,붐빔,30000,32000,37.5050827,127.0049777
2026-08-17 14:00,POI018,교대역,여유,16000,18000,37.494178,127.015909
2026-08-17 14:00,POI019,구로디지털단지역,여유,8000,8500,37.4853417,126.9068128
2026-08-17 14:00,POI020,구로역,여유,2500,3000,37.5000903,126.8829924
2026-08-17 14:00,POI021,군자역,여유,6500,7000,37.558149,127.077839
2026-08-17 14:00,POI023,대림역,여유,14000,16000,37.4908703,126.8936859
2026-08-17 14:00,POI024,동대문역,약간 붐빔,9500,10000,37.5718616,127.0114887
2026-08-17 14:00,POI025,뚝섬역,보통,10000,12000,37.5475031,127.0461973
2026-08-17 14:00,POI026,미아사거리역,보통,10000,12000,37.61175,127.03044
2026-08-17 14:00,POI055,홍대입구역(2호선),약간 붐빔,20000,22000,37.5574135,126.9238
2026-08-17 14:00,POI088,광화문광장,여유,6500,7000,37.5759194,126.9768
2026-08-17 14:00,POI119,잠실역,붐빔,54000,56000,37.5127453,127.0973
2026-08-17 16:00,POI006,종로·청계 관광특구,보통,36000,38000,37.5702856,126.9903626
2026-08-17 16:00,POI007,홍대 관광특구,보통,82000,84000,37.5574135,126.9238
2026-08-17 16:00,POI008,경복궁,약간 붐빔,1500,2000,37.579754,126.9766818
2026-08-17 16:00,POI009,광화문·덕수궁,여유,32000,34000,37.5759194,126.9768
2026-08-17 16:00,POI010,보신각,보통,16000,18000,37.5698518,126.9836102
2026-08-17 16:00,POI011,서울 암사동 유적,여유,300,400,37.5610203,127.1306288
2026-08-17 16:00,POI012,창덕궁·종묘,보통,10000,12000,37.5823872,126.9917013
2026-08-17 16:00,POI013,가산디지털단지역,여유,12000,14000,37.480819,126.8816358
2026-08-17 16:00,POI014,강남역,보통,68000,70000,37.5002304,127.0268054
2026-08-17 16:00,POI015,건대입구역,여유,26000,28000,37.54088,127.06812
2026-08-17 16:00,POI016,고덕역,여유,3000,3500,37.5550721,127.1550065
2026-08-17 16:00,POI017,고속터미널역,붐빔,32000,34000,37.5050827,127.0049777
2026-08-17 16:00,POI018,교대역,여유,16000,18000,37.494178,127.015909
2026-08-17 16:00,POI019,구로디지털단지역,여유,9500,10000,37.4853417,126.9068128
2026-08-17 16:00,POI020,구로역,여유,2000,2500,37.5000903,126.8829924
2026-08-17 16:00,POI021,군자역,여유,6000,6500,37.558149,127.077839
2026-08-17 16:00,POI023,대림역,여유,14000,16000,37.4908703,126.8936859
2026-08-17 16:00,POI024,동대문역,보통,8500,9000,37.5718616,127.0114887
2026-08-17 16:00,POI025,뚝섬역,보통,10000,12000,37.5475031,127.0461973
2026-08-17 16:00,POI026,미아사거리역,보통,12000,14000,37.61175,127.03044
2026-08-17 16:00,POI055,홍대입구역(2호선),약간 붐빔,22000,24000,37.5574135,126.9238
2026-08-17 16:00,POI088,광화문광장,여유,7000,7500,37.5759194,126.9768
2026-08-17 16:00,POI119,잠실역,붐빔,56000,58000,37.5127453,127.0973
2026-08-17 17:00,POI006,종로·청계 관광특구,보통,30000,32000,37.5702856,126.9903626
2026-08-17 17:00,POI007,홍대 관광특구,보통,84000,86000,37.5574135,126.9238
2026-08-17 17:00,POI008,경복궁,보통,1500,2000,37.579754,126.9766818
2026-08-17 17:00,POI009,광화문·덕수궁,여유,26000,28000,37.5759194,126.9768
2026-08-17 17:00,POI010,보신각,보통,10000,12000,37.5698518,126.9836102
2026-08-17 17:00,POI011,서울 암사동 유적,여유,300,400,37.5610203,127.1306288
2026-08-17 17:00,POI012,창덕궁·종묘,보통,9500,10000,37.5823872,126.9917013
2026-08-17 17:00,POI013,가산디지털단지역,여유,12000,14000,37.480819,126.8816358
2026-08-17 17:00,POI014,강남역,보통,60000,62000,37.5002304,127.0268054
2026-08-17 17:00,POI015,건대입구역,보통,28000,30000,37.54088,127.06812
2026-08-17 17:00,POI016,고덕역,여유,3500,4000,37.5550721,127.1550065
2026-08-17 17:00,POI017,고속터미널역,약간 붐빔,28000,30000,37.5050827,127.0049777
2026-08-17 17:00,POI018,교대역,여유,14000,16000,37.494178,127.015909
2026-08-17 17:00,POI019,구로디지털단지역,여유,9500,10000,37.4853417,126.9068128
2026-08-17 17:00,POI020,구로역,여유,2000,2500,37.5000903,126.8829924
2026-08-17 17:00,POI021,군자역,여유,7000,7500,37.558149,127.077839
2026-08-17 17:00,POI023,대림역,여유,14000,16000,37.4908703,126.8936859
2026-08-17 17:00,POI024,동대문역,보통,6500,7000,37.5718616,127.0114887
2026-08-17 17:00,POI025,뚝섬역,여유,8500,9000,37.5475031,127.0461973
2026-08-17 17:00,POI026,미아사거리역,보통,10000,12000,37.61175,127.03044
2026-08-17 17:00,POI055,홍대입구역(2호선),약간 붐빔,22000,24000,37.5574135,126.9238
2026-08-17 17:00,POI088,광화문광장,여유,5500,6000,37.5759194,126.9768
2026-08-17 17:00,POI119,잠실역,붐빔,50000,52000,37.5127453,127.0973
2026-08-17 18:00,POI006,종로·청계 관광특구,보통,28000,30000,37.5702856,126.9903626
2026-08-17 18:00,POI007,홍대 관광특구,보통,84000,86000,37.5574135,126.9238
2026-08-17 18:00,POI008,경복궁,여유,1000,1500,37.579754,126.9766818
2026-08-17 18:00,POI009,광화문·덕수궁,여유,24000,26000,37.5759194,126.9768
2026-08-17 18:00,POI010,보신각,보통,10000,12000,37.5698518,126.9836102
2026-08-17 18:00,POI011,서울 암사동 유적,여유,300,400,37.5610203,127.1306288
2026-08-17 18:00,POI012,창덕궁·종묘,보통,8500,9000,37.5823872,126.9917013
2026-08-17 18:00,POI013,가산디지털단지역,여유,10000,12000,37.480819,126.8816358
2026-08-17 18:00,POI014,강남역,보통,60000,62000,37.5002304,127.0268054
2026-08-17 18:00,POI015,건대입구역,보통,28000,30000,37.54088,127.06812
2026-08-17 18:00,POI016,고덕역,여유,3500,4000,37.5550721,127.1550065
2026-08-17 18:00,POI017,고속터미널역,약간 붐빔,26000,28000,37.5050827,127.0049777
2026-08-17 18:00,POI018,교대역,여유,14000,16000,37.494178,127.015909
2026-08-17 18:00,POI019,구로디지털단지역,여유,9000,9500,37.4853417,126.9068128
2026-08-17 18:00,POI020,구로역,여유,2000,2500,37.5000903,126.8829924
2026-08-17 18:00,POI021,군자역,보통,7500,8000,37.558149,127.077839
2026-08-17 18:00,POI023,대림역,여유,14000,16000,37.4908703,126.8936859
2026-08-17 18:00,POI024,동대문역,보통,5500,6000,37.5718616,127.0114887
2026-08-17 18:00,POI025,뚝섬역,여유,8000,8500,37.5475031,127.0461973
2026-08-17 18:00,POI026,미아사거리역,보통,10000,12000,37.61175,127.03044
2026-08-17 18:00,POI055,홍대입구역(2호선),약간 붐빔,22000,24000,37.5574135,126.9238
2026-08-17 18:00,POI088,광화문광장,여유,5500,6000,37.5759194,126.9768
2026-08-17 18:00,POI119,잠실역,약간 붐빔,46000,48000,37.5127453,127.0973
2026-08-17 19:00,POI006,종로·청계 관광특구,보통,26000,28000,37.5702856,126.9903626
2026-08-17 19:00,POI007,홍대 관광특구,보통,82000,84000,37.5574135,126.9238
2026-08-17 19:00,POI008,경복궁,여유,1000,1500,37.579754,126.9766818
2026-08-17 19:00,POI009,광화문·덕수궁,여유,20000,22000,37.5759194,126.9768
2026-08-17 19:00,POI010,보신각,보통,10000,12000,37.5698518,126.9836102
2026-08-17 19:00,POI011,서울 암사동 유적,여유,300,400,37.5610203,127.1306288
2026-08-17 19:00,POI012,창덕궁·종묘,보통,8000,8500,37.5823872,126.9917013
2026-08-17 19:00,POI013,가산디지털단지역,여유,10000,12000,37.480819,126.8816358
2026-08-17 19:00,POI014,강남역,보통,58000,60000,37.5002304,127.0268054
2026-08-17 19:00,POI015,건대입구역,보통,28000,30000,37.54088,127.06812
2026-08-17 19:00,POI016,고덕역,여유,3500,4000,37.5550721,127.1550065
2026-08-17 19:00,POI017,고속터미널역,약간 붐빔,24000,26000,37.5050827,127.0049777
2026-08-17 19:00,POI018,교대역,여유,12000,14000,37.494178,127.015909
2026-08-17 19:00,POI019,구로디지털단지역,여유,9000,9500,37.4853417,126.9068128
2026-08-17 19:00,POI020,구로역,여유,2000,2500,37.5000903,126.8829924
2026-08-17 19:00,POI021,군자역,보통,7500,8000,37.558149,127.077839
2026-08-17 19:00,POI023,대림역,여유,14000,16000,37.4908703,126.8936859
2026-08-17 19:00,POI024,동대문역,여유,4000,4500,37.5718616,127.0114887
2026-08-17 19:00,POI025,뚝섬역,여유,8500,9000,37.5475031,127.0461973
2026-08-17 19:00,POI026,미아사거리역,보통,10000,12000,37.61175,127.03044
2026-08-17 19:00,POI055,홍대입구역(2호선),약간 붐빔,20000,22000,37.5574135,126.9238
2026-08-17 19:00,POI088,광화문광장,여유,4500,5000,37.5759194,126.9768
2026-08-17 19:00,POI119,잠실역,약간 붐빔,42000,44000,37.5127453,127.0973
2026-08-17 20:00,POI006,종로·청계 관광특구,여유,22000,24000,37.5702856,126.9903626
2026-08-17 20:00,POI007,홍대 관광특구,보통,78000,80000,37.5574135,126.9238
2026-08-17 20:00,POI008,경복궁,여유,1000,1500,37.579754,126.9766818
2026-08-17 20:00,POI009,광화문·덕수궁,여유,16000,18000,37.5759194,126.9768
2026-08-17 20:00,POI010,보신각,여유,9000,9500,37.5698518,126.9836102
2026-08-17 20:00,POI011,서울 암사동 유적,여유,300,400,37.5610203,127.1306288
2026-08-17 20:00,POI012,창덕궁·종묘,여유,6500,7000,37.5823872,126.9917013
2026-08-17 20:00,POI013,가산디지털단지역,여유,9500,10000,37.480819,126.8816358
2026-08-17 20:00,POI014,강남역,보통,52000,54000,37.5002304,127.0268054
2026-08-17 20:00,POI015,건대입구역,보통,28000,30000,37.54088,127.06812
2026-08-17 20:00,POI016,고덕역,여유,3000,3500,37.5550721,127.1550065
2026-08-17 20:00,POI017,고속터미널역,보통,18000,20000,37.5050827,127.0049777
2026-08-17 20:00,POI018,교대역,여유,12000,14000,37.494178,127.015909
2026-08-17 20:00,POI019,구로디지털단지역,여유,8500,9000,37.4853417,126.9068128
2026-08-17 20:00,POI020,구로역,여유,1500,2000,37.5000903,126.8829924
2026-08-17 20:00,POI021,군자역,여유,7000,7500,37.558149,127.077839
2026-08-17 20:00,POI023,대림역,여유,14000,16000,37.4908703,126.8936859
2026-08-17 20:00,POI024,동대문역,여유,3500,4000,37.5718616,127.0114887
2026-08-17 20:00,POI025,뚝섬역,여유,7500,8000,37.5475031,127.0461973
2026-08-17 20:00,POI026,미아사거리역,여유,9000,9500,37.61175,127.03044
2026-08-17 20:00,POI055,홍대입구역(2호선),약간 붐빔,18000,20000,37.5574135,126.9238
2026-08-17 20:00,POI088,광화문광장,여유,3500,4000,37.5759194,126.9768
2026-08-17 20:00,POI119,잠실역,보통,34000,36000,37.5127453,127.0973
2026-08-17 21:00,POI006,종로·청계 관광특구,여유,18000,20000,37.5702856,126.9903626
2026-08-17 21:00,POI007,홍대 관광특구,여유,64000,66000,37.5574135,126.9238
2026-08-17 21:00,POI008,경복궁,여유,600,700,37.579754,126.9766818
2026-08-17 21:00,POI009,광화문·덕수궁,여유,10000,12000,37.5759194,126.9768
2026-08-17 21:00,POI010,보신각,여유,6000,6500,37.5698518,126.9836102
2026-08-17 21:00,POI011,서울 암사동 유적,여유,300,400,37.5610203,127.1306288
2026-08-17 21:00,POI012,창덕궁·종묘,여유,5500,6000,37.5823872,126.9917013
2026-08-17 21:00,POI013,가산디지털단지역,여유,8500,9000,37.480819,126.8816358
2026-08-17 21:00,POI014,강남역,여유,42000,44000,37.5002304,127.0268054
2026-08-17 21:00,POI015,건대입구역,여유,26000,28000,37.54088,127.06812
2026-08-17 21:00,POI016,고덕역,여유,2500,3000,37.5550721,127.1550065
2026-08-17 21:00,POI017,고속터미널역,여유,9000,9500,37.5050827,127.0049777
2026-08-17 21:00,POI018,교대역,여유,10000,12000,37.494178,127.015909
2026-08-17 21:00,POI019,구로디지털단지역,여유,7000,7500,37.4853417,126.9068128
2026-08-17 21:00,POI020,구로역,여유,1500,2000,37.5000903,126.8829924
2026-08-17 21:00,POI021,군자역,여유,6000,6500,37.558149,127.077839
2026-08-17 21:00,POI023,대림역,여유,16000,18000,37.4908703,126.8936859
2026-08-17 21:00,POI024,동대문역,여유,3500,4000,37.5718616,127.0114887
2026-08-17 21:00,POI025,뚝섬역,여유,6000,6500,37.5475031,127.0461973
2026-08-17 21:00,POI026,미아사거리역,여유,6500,7000,37.61175,127.03044
2026-08-17 21:00,POI055,홍대입구역(2호선),여유,16000,18000,37.5574135,126.9238
2026-08-17 21:00,POI088,광화문광장,여유,2500,3000,37.5759194,126.9768
2026-08-17 21:00,POI119,잠실역,여유,18000,20000,37.5127453,127.0973
2026-08-17 22:00,POI006,종로·청계 관광특구,여유,14000,16000,37.5702856,126.9903626
2026-08-17 22:00,POI007,홍대 관광특구,여유,56000,58000,37.5574135,126.9238
2026-08-17 22:00,POI008,경복궁,여유,500,600,37.579754,126.9766818
2026-08-17 22:00,POI009,광화문·덕수궁,여유,8000,8500,37.5759194,126.9768
2026-08-17 22:00,POI010,보신각,여유,4500,5000,37.5698518,126.9836102
2026-08-17 22:00,POI011,서울 암사동 유적,여유,300,400,37.5610203,127.1306288
2026-08-17 22:00,POI012,창덕궁·종묘,여유,4500,5000,37.5823872,126.9917013
2026-08-17 22:00,POI013,가산디지털단지역,여유,7000,7500,37.480819,126.8816358
2026-08-17 22:00,POI014,강남역,여유,36000,38000,37.5002304,127.0268054
2026-08-17 22:00,POI015,건대입구역,여유,24000,26000,37.54088,127.06812
2026-08-17 22:00,POI016,고덕역,여유,2000,2500,37.5550721,127.1550065
2026-08-17 22:00,POI017,고속터미널역,여유,6000,6500,37.5050827,127.0049777
2026-08-17 22:00,POI018,교대역,여유,10000,12000,37.494178,127.015909
2026-08-17 22:00,POI019,구로디지털단지역,여유,6500,7000,37.4853417,126.9068128
2026-08-17 22:00,POI020,구로역,여유,1000,1500,37.5000903,126.8829924
2026-08-17 22:00,POI021,군자역,여유,5500,6000,37.558149,127.077839
2026-08-17 22:00,POI023,대림역,여유,16000,18000,37.4908703,126.8936859
2026-08-17 22:00,POI024,동대문역,여유,2500,3000,37.5718616,127.0114887
2026-08-17 22:00,POI025,뚝섬역,여유,5500,6000,37.5475031,127.0461973
2026-08-17 22:00,POI026,미아사거리역,여유,5500,6000,37.61175,127.03044
2026-08-17 22:00,POI055,홍대입구역(2호선),여유,12000,14000,37.5574135,126.9238
2026-08-17 22:00,POI088,광화문광장,여유,1500,2000,37.5759194,126.9768
2026-08-17 22:00,POI119,잠실역,여유,10000,12000,37.5127453,127.0973
2026-08-17 23:00,POI006,종로·청계 관광특구,여유,12000,14000,37.5702856,126.9903626
2026-08-17 23:00,POI007,홍대 관광특구,여유,48000,50000,37.5574135,126.9238
2026-08-17 23:00,POI008,경복궁,여유,400,500,37.579754,126.9766818
2026-08-17 23:00,POI009,광화문·덕수궁,여유,6000,6500,37.5759194,126.9768
2026-08-17 23:00,POI010,보신각,여유,3500,4000,37.5698518,126.9836102
2026-08-17 23:00,POI011,서울 암사동 유적,여유,300,400,37.5610203,127.1306288
2026-08-17 23:00,POI012,창덕궁·종묘,여유,4000,4500,37.5823872,126.9917013
2026-08-17 23:00,POI013,가산디지털단지역,여유,6000,6500,37.480819,126.8816358
2026-08-17 23:00,POI014,강남역,여유,30000,32000,37.5002304,127.0268054
2026-08-17 23:00,POI015,건대입구역,여유,22000,24000,37.54088,127.06812
2026-08-17 23:00,POI016,고덕역,여유,1500,2000,37.5550721,127.1550065
2026-08-17 23:00,POI017,고속터미널역,여유,4000,4500,37.5050827,127.0049777
2026-08-17 23:00,POI018,교대역,여유,9000,9500,37.494178,127.015909
2026-08-17 23:00,POI019,구로디지털단지역,여유,5500,6000,37.4853417,126.9068128
2026-08-17 23:00,POI020,구로역,여유,1000,1500,37.5000903,126.8829924
2026-08-17 23:00,POI021,군자역,여유,4500,5000,37.558149,127.077839
2026-08-17 23:00,POI023,대림역,보통,16000,18000,37.4908703,126.8936859
2026-08-17 23:00,POI024,동대문역,여유,2500,3000,37.5718616,127.0114887
2026-08-17 23:00,POI025,뚝섬역,여유,5000,5500,37.5475031,127.0461973
2026-08-17 23:00,POI026,미아사거리역,여유,4500,5000,37.61175,127.03044
2026-08-17 23:00,POI055,홍대입구역(2호선),여유,10000,12000,37.5574135,126.9238
2026-08-17 23:00,POI088,광화문광장,여유,1000,1500,37.5759194,126.9768
2026-08-17 23:00,POI119,잠실역,여유,6000,6500,37.5127453,127.0973
2026-08-18 00:00,POI006,종로·청계 관광특구,여유,10000,12000,37.5702856,126.9903626
2026-08-18 00:00,POI007,홍대 관광특구,여유,38000,40000,37.5574135,126.9238
2026-08-18 00:00,POI008,경복궁,여유,300,400,37.579754,126.9766818
2026-08-18 00:00,POI009,광화문·덕수궁,여유,4000,4500,37.5759194,126.9768
2026-08-18 00:00,POI010,보신각,여유,2500,3000,37.5698518,126.9836102
2026-08-18 00:00,POI011,서울 암사동 유적,여유,300,400,37.5610203,127.1306288
2026-08-18 00:00,POI012,창덕궁·종묘,여유,3500,4000,37.5823872,126.9917013
2026-08-18 00:00,POI013,가산디지털단지역,여유,5000,5500,37.480819,126.8816358
2026-08-18 00:00,POI014,강남역,여유,24000,26000,37.5002304,127.0268054
2026-08-18 00:00,POI015,건대입구역,여유,16000,18000,37.54088,127.06812
2026-08-18 00:00,POI016,고덕역,여유,1500,2000,37.5550721,127.1550065
2026-08-18 00:00,POI017,고속터미널역,여유,2000,2500,37.5050827,127.0049777
2026-08-18 00:00,POI018,교대역,여유,5500,6000,37.494178,127.015909
2026-08-18 00:00,POI019,구로디지털단지역,여유,5500,6000,37.4853417,126.9068128
2026-08-18 00:00,POI020,구로역,여유,900,1000,37.5000903,126.8829924
2026-08-18 00:00,POI021,군자역,여유,4000,4500,37.558149,127.077839
2026-08-18 00:00,POI023,대림역,여유,16000,18000,37.4908703,126.8936859
2026-08-18 00:00,POI024,동대문역,여유,1500,2000,37.5718616,127.0114887
2026-08-18 00:00,POI025,뚝섬역,여유,4000,4500,37.5475031,127.0461973
2026-08-18 00:00,POI026,미아사거리역,여유,4000,4500,37.61175,127.03044
2026-08-18 00:00,POI055,홍대입구역(2호선),여유,7500,8000,37.5574135,126.9238
2026-08-18 00:00,POI088,광화문광장,여유,900,1000,37.5759194,126.9768
2026-08-18 00:00,POI119,잠실역,여유,4500,5000,37.5127453,127.0973
2026-08-18 01:00,POI006,종로·청계 관광특구,여유,9000,9500,37.5702856,126.9903626
2026-08-18 01:00,POI007,홍대 관광특구,여유,36000,38000,37.5574135,126.9238
2026-08-18 01:00,POI008,경복궁,여유,200,300,37.579754,126.9766818
2026-08-18 01:00,POI009,광화문·덕수궁,여유,3500,4000,37.5759194,126.9768
2026-08-18 01:00,POI010,보신각,여유,2000,2500,37.5698518,126.9836102
2026-08-18 01:00,POI011,서울 암사동 유적,여유,300,400,37.5610203,127.1306288
2026-08-18 01:00,POI012,창덕궁·종묘,여유,3000,3500,37.5823872,126.9917013
2026-08-18 01:00,POI013,가산디지털단지역,여유,4500,5000,37.480819,126.8816358
2026-08-18 01:00,POI014,강남역,여유,20000,22000,37.5002304,127.0268054
2026-08-18 01:00,POI015,건대입구역,여유,16000,18000,37.54088,127.06812
2026-08-18 01:00,POI016,고덕역,여유,1500,2000,37.5550721,127.1550065
2026-08-18 01:00,POI017,고속터미널역,여유,1500,2000,37.5050827,127.0049777
2026-08-18 01:00,POI018,교대역,여유,5500,6000,37.494178,127.015909
2026-08-18 01:00,POI019,구로디지털단지역,여유,5000,5500,37.4853417,126.9068128
2026-08-18 01:00,POI020,구로역,여유,800,900,37.5000903,126.8829924
2026-08-18 01:00,POI021,군자역,여유,3500,4000,37.558149,127.077839
2026-08-18 01:00,POI023,대림역,여유,16000,18000,37.4908703,126.8936859
2026-08-18 01:00,POI024,동대문역,여유,1000,1500,37.5718616,127.0114887
2026-08-18 01:00,POI025,뚝섬역,여유,4000,4500,37.5475031,127.0461973
2026-08-18 01:00,POI026,미아사거리역,여유,3500,4000,37.61175,127.03044
2026-08-18 01:00,POI055,홍대입구역(2호선),여유,6500,7000,37.5574135,126.9238
2026-08-18 01:00,POI088,광화문광장,여유,700,800,37.5759194,126.9768
2026-08-18 01:00,POI119,잠실역,여유,3500,4000,37.5127453,127.0973
2026-08-18 02:00,POI006,종로·청계 관광특구,여유,8500,9000,37.5702856,126.9903626
2026-08-18 02:00,POI007,홍대 관광특구,여유,34000,36000,37.5574135,126.9238
2026-08-18 02:00,POI008,경복궁,여유,200,300,37.579754,126.9766818
2026-08-18 02:00,POI009,광화문·덕수궁,여유,3000,3500,37.5759194,126.9768
2026-08-18 02:00,POI010,보신각,여유,2000,2500,37.5698518,126.9836102
2026-08-18 02:00,POI011,서울 암사동 유적,여유,300,400,37.5610203,127.1306288
2026-08-18 02:00,POI012,창덕궁·종묘,여유,3000,3500,37.5823872,126.9917013
2026-08-18 02:00,POI013,가산디지털단지역,여유,4500,5000,37.480819,126.8816358
2026-08-18 02:00,POI014,강남역,여유,20000,22000,37.5002304,127.0268054
2026-08-18 02:00,POI015,건대입구역,여유,14000,16000,37.54088,127.06812
2026-08-18 02:00,POI016,고덕역,여유,1500,2000,37.5550721,127.1550065
2026-08-18 02:00,POI017,고속터미널역,여유,1500,2000,37.5050827,127.0049777
2026-08-18 02:00,POI018,교대역,여유,5000,5500,37.494178,127.015909
2026-08-18 02:00,POI019,구로디지털단지역,여유,4500,5000,37.4853417,126.9068128
2026-08-18 02:00,POI020,구로역,여유,800,900,37.5000903,126.8829924
2026-08-18 02:00,POI021,군자역,여유,3500,4000,37.558149,127.077839
2026-08-18 02:00,POI023,대림역,보통,16000,18000,37.4908703,126.8936859
2026-08-18 02:00,POI024,동대문역,여유,1000,1500,37.5718616,127.0114887
2026-08-18 02:00,POI025,뚝섬역,여유,4000,4500,37.5475031,127.0461973
2026-08-18 02:00,POI026,미아사거리역,여유,3000,3500,37.61175,127.03044
2026-08-18 02:00,POI055,홍대입구역(2호선),여유,6500,7000,37.5574135,126.9238
2026-08-18 02:00,POI088,광화문광장,여유,700,800,37.5759194,126.9768
2026-08-18 02:00,POI119,잠실역,여유,3000,3500,37.5127453,127.0973
2026-08-18 03:00,POI006,종로·청계 관광특구,여유,8000,8500,37.5702856,126.9903626
2026-08-18 03:00,POI007,홍대 관광특구,여유,30000,32000,37.5574135,126.9238
2026-08-18 03:00,POI008,경복궁,여유,200,300,37.579754,126.9766818
2026-08-18 03:00,POI009,광화문·덕수궁,여유,3000,3500,37.5759194,126.9768
2026-08-18 03:00,POI010,보신각,여유,1500,2000,37.5698518,126.9836102
2026-08-18 03:00,POI011,서울 암사동 유적,여유,300,400,37.5610203,127.1306288
2026-08-18 03:00,POI012,창덕궁·종묘,여유,3000,3500,37.5823872,126.9917013
2026-08-18 03:00,POI013,가산디지털단지역,여유,4500,5000,37.480819,126.8816358
2026-08-18 03:00,POI014,강남역,여유,18000,20000,37.5002304,127.0268054
2026-08-18 03:00,POI015,건대입구역,여유,14000,16000,37.54088,127.06812
2026-08-18 03:00,POI016,고덕역,여유,1000,1500,37.5550721,127.1550065
2026-08-18 03:00,POI017,고속터미널역,여유,1000,1500,37.5050827,127.0049777
2026-08-18 03:00,POI018,교대역,여유,5000,5500,37.494178,127.015909
2026-08-18 03:00,POI019,구로디지털단지역,여유,4000,4500,37.4853417,126.9068128
2026-08-18 03:00,POI020,구로역,여유,700,800,37.5000903,126.8829924
2026-08-18 03:00,POI021,군자역,여유,3000,3500,37.558149,127.077839
2026-08-18 03:00,POI023,대림역,보통,16000,18000,37.4908703,126.8936859
2026-08-18 03:00,POI024,동대문역,여유,1000,1500,37.5718616,127.0114887
2026-08-18 03:00,POI025,뚝섬역,여유,3500,4000,37.5475031,127.0461973
2026-08-18 03:00,POI026,미아사거리역,여유,3000,3500,37.61175,127.03044
2026-08-18 03:00,POI055,홍대입구역(2호선),여유,6000,6500,37.5574135,126.9238
2026-08-18 03:00,POI088,광화문광장,여유,600,700,37.5759194,126.9768
2026-08-18 03:00,POI119,잠실역,여유,2500,3000,37.5127453,127.0973
2026-08-18 04:00,POI006,종로·청계 관광특구,여유,8000,8500,37.5702856,126.9903626
2026-08-18 04:00,POI007,홍대 관광특구,여유,30000,32000,37.5574135,126.9238
2026-08-18 04:00,POI008,경복궁,여유,200,300,37.579754,126.9766818
2026-08-18 04:00,POI009,광화문·덕수궁,여유,3000,3500,37.5759194,126.9768
2026-08-18 04:00,POI010,보신각,여유,1500,2000,37.5698518,126.9836102
2026-08-18 04:00,POI011,서울 암사동 유적,여유,300,400,37.5610203,127.1306288
2026-08-18 04:00,POI012,창덕궁·종묘,여유,3000,3500,37.5823872,126.9917013
2026-08-18 04:00,POI013,가산디지털단지역,여유,4500,5000,37.480819,126.8816358
2026-08-18 04:00,POI014,강남역,여유,18000,20000,37.5002304,127.0268054
2026-08-18 04:00,POI015,건대입구역,여유,14000,16000,37.54088,127.06812
2026-08-18 04:00,POI016,고덕역,여유,1000,1500,37.5550721,127.1550065
2026-08-18 04:00,POI017,고속터미널역,여유,1500,2000,37.5050827,127.0049777
2026-08-18 04:00,POI018,교대역,여유,5000,5500,37.494178,127.015909
2026-08-18 04:00,POI019,구로디지털단지역,여유,4000,4500,37.4853417,126.9068128
2026-08-18 04:00,POI020,구로역,여유,800,900,37.5000903,126.8829924
2026-08-18 04:00,POI021,군자역,여유,3000,3500,37.558149,127.077839
2026-08-18 04:00,POI023,대림역,보통,16000,18000,37.4908703,126.8936859
2026-08-18 04:00,POI024,동대문역,여유,900,1000,37.5718616,127.0114887
2026-08-18 04:00,POI025,뚝섬역,여유,4000,4500,37.5475031,127.0461973
2026-08-18 04:00,POI026,미아사거리역,여유,3000,3500,37.61175,127.03044
2026-08-18 04:00,POI055,홍대입구역(2호선),여유,5500,6000,37.5574135,126.9238
2026-08-18 04:00,POI088,광화문광장,여유,600,700,37.5759194,126.9768
2026-08-18 04:00,POI119,잠실역,여유,2500,3000,37.5127453,127.0973
2026-08-18 05:00,POI006,종로·청계 관광특구,여유,8500,9000,37.5702856,126.9903626
2026-08-18 05:00,POI007,홍대 관광특구,여유,30000,32000,37.5574135,126.9238
2026-08-18 05:00,POI008,경복궁,여유,300,400,37.579754,126.9766818
2026-08-18 05:00,POI009,광화문·덕수궁,여유,3500,4000,37.5759194,126.9768
2026-08-18 05:00,POI010,보신각,여유,1500,2000,37.5698518,126.9836102
2026-08-18 05:00,POI011,서울 암사동 유적,여유,300,400,37.5610203,127.1306288
2026-08-18 05:00,POI012,창덕궁·종묘,여유,3000,3500,37.5823872,126.9917013
2026-08-18 05:00,POI013,가산디지털단지역,여유,5500,6000,37.480819,126.8816358
2026-08-18 05:00,POI014,강남역,여유,18000,20000,37.5002304,127.0268054
2026-08-18 05:00,POI015,건대입구역,여유,14000,16000,37.54088,127.06812
2026-08-18 05:00,POI016,고덕역,여유,1000,1500,37.5550721,127.1550065
2026-08-18 05:00,POI017,고속터미널역,여유,1500,2000,37.5050827,127.0049777
2026-08-18 05:00,POI018,교대역,여유,5000,5500,37.494178,127.015909
2026-08-18 05:00,POI019,구로디지털단지역,여유,4000,4500,37.4853417,126.9068128
2026-08-18 05:00,POI020,구로역,여유,900,1000,37.5000903,126.8829924
2026-08-18 05:00,POI021,군자역,여유,3000,3500,37.558149,127.077839
2026-08-18 05:00,POI023,대림역,여유,16000,18000,37.4908703,126.8936859
2026-08-18 05:00,POI024,동대문역,여유,1000,1500,37.5718616,127.0114887
2026-08-18 05:00,POI025,뚝섬역,여유,3500,4000,37.5475031,127.0461973
2026-08-18 05:00,POI026,미아사거리역,여유,3000,3500,37.61175,127.03044
2026-08-18 05:00,POI055,홍대입구역(2호선),여유,5500,6000,37.5574135,126.9238
2026-08-18 05:00,POI088,광화문광장,여유,700,800,37.5759194,126.9768
2026-08-18 05:00,POI119,잠실역,여유,2500,3000,37.5127453,127.0973
2026-08-18 06:00,POI006,종로·청계 관광특구,여유,9500,10000,37.5702856,126.9903626
2026-08-18 06:00,POI007,홍대 관광특구,여유,28000,30000,37.5574135,126.9238
2026-08-18 06:00,POI008,경복궁,여유,300,400,37.579754,126.9766818
2026-08-18 06:00,POI009,광화문·덕수궁,여유,5000,5500,37.5759194,126.9768
2026-08-18 06:00,POI010,보신각,여유,1500,2000,37.5698518,126.9836102
2026-08-18 06:00,POI011,서울 암사동 유적,여유,300,400,37.5610203,127.1306288
2026-08-18 06:00,POI012,창덕궁·종묘,여유,3500,4000,37.5823872,126.9917013
2026-08-18 06:00,POI013,가산디지털단지역,여유,7000,7500,37.480819,126.8816358
2026-08-18 06:00,POI014,강남역,여유,20000,22000,37.5002304,127.0268054
2026-08-18 06:00,POI015,건대입구역,여유,14000,16000,37.54088,127.06812
2026-08-18 06:00,POI016,고덕역,여유,1500,2000,37.5550721,127.1550065
2026-08-18 06:00,POI017,고속터미널역,여유,3500,4000,37.5050827,127.0049777
2026-08-18 06:00,POI018,교대역,여유,5500,6000,37.494178,127.015909
2026-08-18 06:00,POI019,구로디지털단지역,여유,4500,5000,37.4853417,126.9068128
2026-08-18 06:00,POI020,구로역,여유,1000,1500,37.5000903,126.8829924
2026-08-18 06:00,POI021,군자역,여유,3500,4000,37.558149,127.077839
2026-08-18 06:00,POI023,대림역,여유,16000,18000,37.4908703,126.8936859
2026-08-18 06:00,POI024,동대문역,여유,2000,2500,37.5718616,127.0114887
2026-08-18 06:00,POI025,뚝섬역,여유,4000,4500,37.5475031,127.0461973
2026-08-18 06:00,POI026,미아사거리역,여유,4500,5000,37.61175,127.03044
2026-08-18 06:00,POI055,홍대입구역(2호선),여유,6000,6500,37.5574135,126.9238
2026-08-18 06:00,POI088,광화문광장,여유,1000,1500,37.5759194,126.9768
2026-08-18 06:00,POI119,잠실역,여유,3500,4000,37.5127453,127.0973
2026-08-18 07:00,POI006,종로·청계 관광특구,여유,12000,14000,37.5702856,126.9903626
2026-08-18 07:00,POI007,홍대 관광특구,여유,32000,34000,37.5574135,126.9238
2026-08-18 07:00,POI008,경복궁,여유,600,700,37.579754,126.9766818
2026-08-18 07:00,POI009,광화문·덕수궁,여유,9500,10000,37.5759194,126.9768
2026-08-18 07:00,POI010,보신각,여유,3000,3500,37.5698518,126.9836102
2026-08-18 07:00,POI011,서울 암사동 유적,여유,300,400,37.5610203,127.1306288
2026-08-18 07:00,POI012,창덕궁·종묘,여유,4500,5000,37.5823872,126.9917013
2026-08-18 07:00,POI013,가산디지털단지역,여유,10000,12000,37.480819,126.8816358
2026-08-18 07:00,POI014,강남역,여유,26000,28000,37.5002304,127.0268054
2026-08-18 07:00,POI015,건대입구역,여유,18000,20000,37.54088,127.06812
2026-08-18 07:00,POI016,고덕역,여유,1500,2000,37.5550721,127.1550065
2026-08-18 07:00,POI017,고속터미널역,여유,6000,6500,37.5050827,127.0049777
2026-08-18 07:00,POI018,교대역,여유,9500,10000,37.494178,127.015909
2026-08-18 07:00,POI019,구로디지털단지역,여유,6000,6500,37.4853417,126.9068128
2026-08-18 07:00,POI020,구로역,여유,2000,2500,37.5000903,126.8829924
2026-08-18 07:00,POI021,군자역,여유,4000,4500,37.558149,127.077839
2026-08-18 07:00,POI023,대림역,여유,16000,18000,37.4908703,126.8936859
2026-08-18 07:00,POI024,동대문역,여유,3500,4000,37.5718616,127.0114887
2026-08-18 07:00,POI025,뚝섬역,여유,5000,5500,37.5475031,127.0461973
2026-08-18 07:00,POI026,미아사거리역,여유,5500,6000,37.61175,127.03044
2026-08-18 07:00,POI055,홍대입구역(2호선),여유,7500,8000,37.5574135,126.9238
2026-08-18 07:00,POI088,광화문광장,여유,2000,2500,37.5759194,126.9768
2026-08-18 07:00,POI119,잠실역,여유,5000,5500,37.5127453,127.0973
2026-08-18 08:00,POI006,종로·청계 관광특구,여유,20000,22000,37.5702856,126.9903626
2026-08-18 08:00,POI007,홍대 관광특구,여유,34000,36000,37.5574135,126.9238
2026-08-18 08:00,POI008,경복궁,여유,900,1000,37.579754,126.9766818
2026-08-18 08:00,POI009,광화문·덕수궁,여유,18000,20000,37.5759194,126.9768
2026-08-18 08:00,POI010,보신각,여유,5500,6000,37.5698518,126.9836102
2026-08-18 08:00,POI011,서울 암사동 유적,여유,300,400,37.5610203,127.1306288
2026-08-18 08:00,POI012,창덕궁·종묘,여유,6500,7000,37.5823872,126.9917013
2026-08-18 08:00,POI013,가산디지털단지역,보통,20000,22000,37.480819,126.8816358
2026-08-18 08:00,POI014,강남역,여유,38000,40000,37.5002304,127.0268054
2026-08-18 08:00,POI015,건대입구역,여유,20000,22000,37.54088,127.06812
2026-08-18 08:00,POI016,고덕역,여유,2000,2500,37.5550721,127.1550065
2026-08-18 08:00,POI017,고속터미널역,여유,10000,12000,37.5050827,127.0049777
2026-08-18 08:00,POI018,교대역,여유,12000,14000,37.494178,127.015909
2026-08-18 08:00,POI019,구로디지털단지역,여유,12000,14000,37.4853417,126.9068128
2026-08-18 08:00,POI020,구로역,붐빔,4500,5000,37.5000903,126.8829924
2026-08-18 08:00,POI021,군자역,여유,4500,5000,37.558149,127.077839
2026-08-18 08:00,POI023,대림역,여유,16000,18000,37.4908703,126.8936859
2026-08-18 08:00,POI024,동대문역,보통,6000,6500,37.5718616,127.0114887
2026-08-18 08:00,POI025,뚝섬역,여유,6000,6500,37.5475031,127.0461973
2026-08-18 08:00,POI026,미아사거리역,여유,9000,9500,37.61175,127.03044
2026-08-18 08:00,POI055,홍대입구역(2호선),여유,8500,9000,37.5574135,126.9238
2026-08-18 08:00,POI088,광화문광장,여유,4000,4500,37.5759194,126.9768
2026-08-18 08:00,POI119,잠실역,여유,8500,9000,37.5127453,127.0973
2026-08-18 10:00,POI006,종로·청계 관광특구,보통,32000,34000,37.5702856,126.9903626
2026-08-18 10:00,POI007,홍대 관광특구,여유,50000,52000,37.5574135,126.9238
2026-08-18 10:00,POI008,경복궁,여유,1000,1500,37.579754,126.9766818
2026-08-18 10:00,POI009,광화문·덕수궁,보통,34000,36000,37.5759194,126.9768
2026-08-18 10:00,POI010,보신각,보통,12000,14000,37.5698518,126.9836102
2026-08-18 10:00,POI011,서울 암사동 유적,여유,300,400,37.5610203,127.1306288
2026-08-18 10:00,POI012,창덕궁·종묘,보통,10000,12000,37.5823872,126.9917013
2026-08-18 10:00,POI013,가산디지털단지역,약간 붐빔,32000,34000,37.480819,126.8816358
2026-08-18 10:00,POI014,강남역,보통,64000,66000,37.5002304,127.0268054
2026-08-18 10:00,POI015,건대입구역,여유,22000,24000,37.54088,127.06812
2026-08-18 10:00,POI016,고덕역,여유,2500,3000,37.5550721,127.1550065
2026-08-18 10:00,POI017,고속터미널역,여유,12000,14000,37.5050827,127.0049777
2026-08-18 10:00,POI018,교대역,약간 붐빔,18000,20000,37.494178,127.015909
2026-08-18 10:00,POI019,구로디지털단지역,약간 붐빔,32000,34000,37.4853417,126.9068128
2026-08-18 10:00,POI020,구로역,여유,2000,2500,37.5000903,126.8829924
2026-08-18 10:00,POI021,군자역,여유,5500,6000,37.558149,127.077839
2026-08-18 10:00,POI023,대림역,여유,14000,16000,37.4908703,126.8936859
2026-08-18 10:00,POI024,동대문역,보통,7500,8000,37.5718616,127.0114887
2026-08-18 10:00,POI025,뚝섬역,여유,8000,8500,37.5475031,127.0461973
2026-08-18 10:00,POI026,미아사거리역,보통,9500,10000,37.61175,127.03044
2026-08-18 10:00,POI055,홍대입구역(2호선),여유,12000,14000,37.5574135,126.9238
2026-08-18 10:00,POI088,광화문광장,여유,6500,7000,37.5759194,126.9768
2026-08-18 10:00,POI119,잠실역,여유,18000,20000,37.5127453,127.0973
2026-08-18 12:00,POI006,종로·청계 관광특구,보통,40000,42000,37.5702856,126.9903626
2026-08-18 12:00,POI007,홍대 관광특구,여유,60000,62000,37.5574135,126.9238
2026-08-18 12:00,POI008,경복궁,보통,1500,2000,37.579754,126.9766818
2026-08-18 12:00,POI009,광화문·덕수궁,보통,40000,42000,37.5759194,126.9768
2026-08-18 12:00,POI010,보신각,보통,14000,16000,37.5698518,126.9836102
2026-08-18 12:00,POI011,서울 암사동 유적,여유,300,400,37.5610203,127.1306288
2026-08-18 12:00,POI012,창덕궁·종묘,보통,12000,14000,37.5823872,126.9917013
2026-08-18 12:00,POI013,가산디지털단지역,약간 붐빔,36000,38000,37.480819,126.8816358
2026-08-18 12:00,POI014,강남역,약간 붐빔,74000,76000,37.5002304,127.0268054
2026-08-18 12:00,POI015,건대입구역,여유,22000,24000,37.54088,127.06812
2026-08-18 12:00,POI016,고덕역,여유,3000,3500,37.5550721,127.1550065
2026-08-18 12:00,POI017,고속터미널역,보통,20000,22000,37.5050827,127.0049777
2026-08-18 12:00,POI018,교대역,약간 붐빔,20000,22000,37.494178,127.015909
2026-08-18 12:00,POI019,구로디지털단지역,약간 붐빔,36000,38000,37.4853417,126.9068128
2026-08-18 12:00,POI020,구로역,여유,2000,2500,37.5000903,126.8829924
2026-08-18 12:00,POI021,군자역,여유,6000,6500,37.558149,127.077839
2026-08-18 12:00,POI023,대림역,여유,14000,16000,37.4908703,126.8936859
2026-08-18 12:00,POI024,동대문역,보통,9000,9500,37.5718616,127.0114887
2026-08-18 12:00,POI025,뚝섬역,보통,9500,10000,37.5475031,127.0461973
2026-08-18 12:00,POI026,미아사거리역,약간 붐빔,10000,12000,37.61175,127.03044
2026-08-18 12:00,POI055,홍대입구역(2호선),보통,14000,16000,37.5574135,126.9238
2026-08-18 12:00,POI088,광화문광장,보통,7500,8000,37.5759194,126.9768
2026-08-18 12:00,POI119,잠실역,보통,28000,30000,37.5127453,127.0973
2026-08-18 12:00,POI006,종로·청계 관광특구,보통,44000,46000,37.5702856,126.9903626
2026-08-18 12:00,POI007,홍대 관광특구,여유,66000,68000,37.5574135,126.9238
2026-08-18 12:00,POI008,경복궁,보통,1500,2000,37.579754,126.9766818
2026-08-18 12:00,POI009,광화문·덕수궁,보통,42000,44000,37.5759194,126.9768
2026-08-18 12:00,POI010,보신각,보통,14000,16000,37.5698518,126.9836102
2026-08-18 12:00,POI011,서울 암사동 유적,여유,300,400,37.5610203,127.1306288
2026-08-18 12:00,POI012,창덕궁·종묘,보통,14000,16000,37.5823872,126.9917013
2026-08-18 12:00,POI013,가산디지털단지역,약간 붐빔,38000,40000,37.480819,126.8816358
2026-08-18 12:00,POI014,강남역,약간 붐빔,80000,82000,37.5002304,127.0268054
2026-08-18 12:00,POI015,건대입구역,여유,24000,26000,37.54088,127.06812
2026-08-18 12:00,POI016,고덕역,여유,3000,3500,37.5550721,127.1550065
2026-08-18 12:00,POI017,고속터미널역,약간 붐빔,22000,24000,37.5050827,127.0049777
2026-08-18 12:00,POI018,교대역,약간 붐빔,20000,22000,37.494178,127.015909
2026-08-18 12:00,POI019,구로디지털단지역,붐빔,38000,40000,37.4853417,126.9068128
2026-08-18 12:00,POI020,구로역,여유,2000,2500,37.5000903,126.8829924
2026-08-18 12:00,POI021,군자역,여유,6000,6500,37.558149,127.077839
2026-08-18 12:00,POI023,대림역,여유,14000,16000,37.4908703,126.8936859
2026-08-18 12:00,POI024,동대문역,보통,10000,12000,37.5718616,127.0114887
2026-08-18 12:00,POI025,뚝섬역,보통,10000,12000,37.5475031,127.0461973
2026-08-18 12:00,POI026,미아사거리역,보통,10000,12000,37.61175,127.03044
2026-08-18 12:00,POI055,홍대입구역(2호선),보통,16000,18000,37.5574135,126.9238
2026-08-18 12:00,POI088,광화문광장,보통,8000,8500,37.5759194,126.9768
2026-08-18 12:00,POI119,잠실역,보통,32000,34000,37.5127453,127.0973
2026-08-18 13:00,POI006,종로·청계 관광특구,보통,42000,44000,37.5702856,126.9903626
2026-08-18 13:00,POI007,홍대 관광특구,여유,72000,74000,37.5574135,126.9238
2026-08-18 13:00,POI008,경복궁,보통,1500,2000,37.579754,126.9766818
2026-08-18 13:00,POI009,광화문·덕수궁,보통,42000,44000,37.5759194,126.9768
2026-08-18 13:00,POI010,보신각,보통,16000,18000,37.5698518,126.9836102
2026-08-18 13:00,POI011,서울 암사동 유적,여유,300,400,37.5610203,127.1306288
2026-08-18 13:00,POI012,창덕궁·종묘,보통,14000,16000,37.5823872,126.9917013
2026-08-18 13:00,POI013,가산디지털단지역,약간 붐빔,36000,38000,37.480819,126.8816358
2026-08-18 13:00,POI014,강남역,약간 붐빔,78000,80000,37.5002304,127.0268054
2026-08-18 13:00,POI015,건대입구역,여유,24000,26000,37.54088,127.06812
2026-08-18 13:00,POI016,고덕역,여유,3000,3500,37.5550721,127.1550065
2026-08-18 13:00,POI017,고속터미널역,약간 붐빔,24000,26000,37.5050827,127.0049777
2026-08-18 13:00,POI018,교대역,약간 붐빔,20000,22000,37.494178,127.015909
2026-08-18 13:00,POI019,구로디지털단지역,약간 붐빔,36000,38000,37.4853417,126.9068128
2026-08-18 13:00,POI020,구로역,여유,2000,2500,37.5000903,126.8829924
2026-08-18 13:00,POI021,군자역,여유,6000,6500,37.558149,127.077839
2026-08-18 13:00,POI023,대림역,여유,14000,16000,37.4908703,126.8936859
2026-08-18 13:00,POI024,동대문역,약간 붐빔,10000,12000,37.5718616,127.0114887
2026-08-18 13:00,POI025,뚝섬역,보통,10000,12000,37.5475031,127.0461973
2026-08-18 13:00,POI026,미아사거리역,보통,10000,12000,37.61175,127.03044
2026-08-18 13:00,POI055,홍대입구역(2호선),보통,18000,20000,37.5574135,126.9238
2026-08-18 13:00,POI088,광화문광장,보통,8500,9000,37.5759194,126.9768
2026-08-18 13:00,POI119,잠실역,보통,34000,36000,37.5127453,127.0973
2026-08-18 14:00,POI006,종로·청계 관광특구,보통,44000,46000,37.5702856,126.9903626
2026-08-18 14:00,POI007,홍대 관광특구,보통,76000,78000,37.5574135,126.9238
2026-08-18 14:00,POI008,경복궁,보통,1500,2000,37.579754,126.9766818
2026-08-18 14:00,POI009,광화문·덕수궁,보통,40000,42000,37.5759194,126.9768
2026-08-18 14:00,POI010,보신각,보통,16000,18000,37.5698518,126.9836102
2026-08-18 14:00,POI011,서울 암사동 유적,여유,300,400,37.5610203,127.1306288
2026-08-18 14:00,POI012,창덕궁·종묘,약간 붐빔,14000,16000,37.5823872,126.9917013
2026-08-18 14:00,POI013,가산디지털단지역,약간 붐빔,34000,36000,37.480819,126.8816358
2026-08-18 14:00,POI014,강남역,약간 붐빔,80000,82000,37.5002304,127.0268054
2026-08-18 14:00,POI015,건대입구역,여유,26000,28000,37.54088,127.06812
2026-08-18 14:00,POI016,고덕역,여유,3000,3500,37.5550721,127.1550065
2026-08-18 14:00,POI017,고속터미널역,약간 붐빔,24000,26000,37.5050827,127.0049777
2026-08-18 14:00,POI018,교대역,약간 붐빔,20000,22000,37.494178,127.015909
2026-08-18 14:00,POI019,구로디지털단지역,약간 붐빔,34000,36000,37.4853417,126.9068128
2026-08-18 14:00,POI020,구로역,여유,2000,2500,37.5000903,126.8829924
2026-08-18 14:00,POI021,군자역,여유,6000,6500,37.558149,127.077839
2026-08-18 14:00,POI023,대림역,여유,14000,16000,37.4908703,126.8936859
2026-08-18 14:00,POI024,동대문역,약간 붐빔,10000,12000,37.5718616,127.0114887
2026-08-18 14:00,POI025,뚝섬역,보통,10000,12000,37.5475031,127.0461973
2026-08-18 14:00,POI026,미아사거리역,보통,10000,12000,37.61175,127.03044
2026-08-18 14:00,POI055,홍대입구역(2호선),약간 붐빔,18000,20000,37.5574135,126.9238
2026-08-18 14:00,POI088,광화문광장,보통,8000,8500,37.5759194,126.9768
2026-08-18 14:00,POI119,잠실역,보통,36000,38000,37.5127453,127.0973
2026-08-18 15:00,POI006,종로·청계 관광특구,보통,42000,44000,37.5702856,126.9903626
2026-08-18 15:00,POI007,홍대 관광특구,보통,78000,80000,37.5574135,126.9238
2026-08-18 15:00,POI008,경복궁,약간 붐빔,1500,2000,37.579754,126.9766818
2026-08-18 15:00,POI009,광화문·덕수궁,보통,40000,42000,37.5759194,126.9768
2026-08-18 15:00,POI010,보신각,보통,16000,18000,37.5698518,126.9836102
2026-08-18 15:00,POI011,서울 암사동 유적,여유,300,400,37.5610203,127.1306288
2026-08-18 15:00,POI012,창덕궁·종묘,약간 붐빔,14000,16000,37.5823872,126.9917013
2026-08-18 15:00,POI013,가산디지털단지역,약간 붐빔,32000,34000,37.480819,126.8816358
2026-08-18 15:00,POI014,강남역,약간 붐빔,78000,80000,37.5002304,127.0268054
2026-08-18 15:00,POI015,건대입구역,여유,26000,28000,37.54088,127.06812
2026-08-18 15:00,POI016,고덕역,여유,3500,4000,37.5550721,127.1550065
2026-08-18 15:00,POI017,고속터미널역,약간 붐빔,24000,26000,37.5050827,127.0049777
2026-08-18 15:00,POI018,교대역,약간 붐빔,20000,22000,37.494178,127.015909
2026-08-18 15:00,POI019,구로디지털단지역,약간 붐빔,32000,34000,37.4853417,126.9068128
2026-08-18 15:00,POI020,구로역,여유,2000,2500,37.5000903,126.8829924
2026-08-18 15:00,POI021,군자역,여유,6000,6500,37.558149,127.077839
2026-08-18 15:00,POI023,대림역,여유,14000,16000,37.4908703,126.8936859
2026-08-18 15:00,POI024,동대문역,약간 붐빔,10000,12000,37.5718616,127.0114887
2026-08-18 15:00,POI025,뚝섬역,보통,10000,12000,37.5475031,127.0461973
2026-08-18 15:00,POI026,미아사거리역,약간 붐빔,10000,12000,37.61175,127.03044
2026-08-18 15:00,POI055,홍대입구역(2호선),약간 붐빔,20000,22000,37.5574135,126.9238
2026-08-18 15:00,POI088,광화문광장,보통,8000,8500,37.5759194,126.9768
2026-08-18 15:00,POI119,잠실역,보통,36000,38000,37.5127453,127.0973
2026-08-18 16:00,POI006,종로·청계 관광특구,보통,40000,42000,37.5702856,126.9903626
2026-08-18 16:00,POI007,홍대 관광특구,보통,80000,82000,37.5574135,126.9238
2026-08-18 16:00,POI008,경복궁,보통,1500,2000,37.579754,126.9766818
2026-08-18 16:00,POI009,광화문·덕수궁,보통,38000,40000,37.5759194,126.9768
2026-08-18 16:00,POI010,보신각,보통,16000,18000,37.5698518,126.9836102
2026-08-18 16:00,POI011,서울 암사동 유적,여유,300,400,37.5610203,127.1306288
2026-08-18 16:00,POI012,창덕궁·종묘,약간 붐빔,14000,16000,37.5823872,126.9917013
2026-08-18 16:00,POI013,가산디지털단지역,약간 붐빔,32000,34000,37.480819,126.8816358
2026-08-18 16:00,POI014,강남역,약간 붐빔,78000,80000,37.5002304,127.0268054
2026-08-18 16:00,POI015,건대입구역,여유,26000,28000,37.54088,127.06812
2026-08-18 16:00,POI016,고덕역,보통,4500,5000,37.5550721,127.1550065
2026-08-18 16:00,POI017,고속터미널역,약간 붐빔,22000,24000,37.5050827,127.0049777
2026-08-18 16:00,POI018,교대역,약간 붐빔,20000,22000,37.494178,127.015909
2026-08-18 16:00,POI019,구로디지털단지역,보통,32000,34000,37.4853417,126.9068128
2026-08-18 16:00,POI020,구로역,여유,2500,3000,37.5000903,126.8829924
2026-08-18 16:00,POI021,군자역,여유,6500,7000,37.558149,127.077839
2026-08-18 16:00,POI023,대림역,여유,14000,16000,37.4908703,126.8936859
2026-08-18 16:00,POI024,동대문역,약간 붐빔,10000,12000,37.5718616,127.0114887
2026-08-18 16:00,POI025,뚝섬역,보통,10000,12000,37.5475031,127.0461973
2026-08-18 16:00,POI026,미아사거리역,보통,10000,12000,37.61175,127.03044
2026-08-18 16:00,POI055,홍대입구역(2호선),약간 붐빔,20000,22000,37.5574135,126.9238
2026-08-18 16:00,POI088,광화문광장,보통,8000,8500,37.5759194,126.9768
2026-08-18 16:00,POI119,잠실역,보통,36000,38000,37.5127453,127.0973
2026-08-18 17:00,POI006,종로·청계 관광특구,보통,38000,40000,37.5702856,126.9903626
2026-08-18 17:00,POI007,홍대 관광특구,보통,82000,84000,37.5574135,126.9238
2026-08-18 17:00,POI008,경복궁,보통,1500,2000,37.579754,126.9766818
2026-08-18 17:00,POI009,광화문·덕수궁,보통,38000,40000,37.5759194,126.9768
2026-08-18 17:00,POI010,보신각,보통,12000,14000,37.5698518,126.9836102
2026-08-18 17:00,POI011,서울 암사동 유적,여유,300,400,37.5610203,127.1306288
2026-08-18 17:00,POI012,창덕궁·종묘,보통,12000,14000,37.5823872,126.9917013
2026-08-18 17:00,POI013,가산디지털단지역,보통,38000,40000,37.480819,126.8816358
2026-08-18 17:00,POI014,강남역,약간 붐빔,76000,78000,37.5002304,127.0268054
2026-08-18 17:00,POI015,건대입구역,여유,26000,28000,37.54088,127.06812
2026-08-18 17:00,POI016,고덕역,약간 붐빔,5000,5500,37.5550721,127.1550065
2026-08-18 17:00,POI017,고속터미널역,약간 붐빔,24000,26000,37.5050827,127.0049777
2026-08-18 17:00,POI018,교대역,약간 붐빔,18000,20000,37.494178,127.015909
2026-08-18 17:00,POI019,구로디지털단지역,약간 붐빔,32000,34000,37.4853417,126.9068128
2026-08-18 17:00,POI020,구로역,보통,3500,4000,37.5000903,126.8829924
2026-08-18 17:00,POI021,군자역,여유,6500,7000,37.558149,127.077839
2026-08-18 17:00,POI023,대림역,여유,14000,16000,37.4908703,126.8936859
2026-08-18 17:00,POI024,동대문역,약간 붐빔,9500,10000,37.5718616,127.0114887
2026-08-18 17:00,POI025,뚝섬역,보통,9500,10000,37.5475031,127.0461973
2026-08-18 17:00,POI026,미아사거리역,보통,10000,12000,37.61175,127.03044
2026-08-18 17:00,POI055,홍대입구역(2호선),약간 붐빔,20000,22000,37.5574135,126.9238
2026-08-18 17:00,POI088,광화문광장,보통,8000,8500,37.5759194,126.9768
2026-08-18 17:00,POI119,잠실역,보통,34000,36000,37.5127453,127.0973
2026-08-18 19:00,POI006,종로·청계 관광특구,보통,30000,32000,37.5702856,126.9903626
2026-08-18 19:00,POI007,홍대 관광특구,보통,82000,84000,37.5574135,126.9238
2026-08-18 19:00,POI008,경복궁,여유,1000,1500,37.579754,126.9766818
2026-08-18 19:00,POI009,광화문·덕수궁,여유,26000,28000,37.5759194,126.9768
2026-08-18 19:00,POI010,보신각,보통,10000,12000,37.5698518,126.9836102
2026-08-18 19:00,POI011,서울 암사동 유적,여유,300,400,37.5610203,127.1306288
2026-08-18 19:00,POI012,창덕궁·종묘,보통,9000,9500,37.5823872,126.9917013
2026-08-18 19:00,POI013,가산디지털단지역,보통,24000,26000,37.480819,126.8816358
2026-08-18 19:00,POI014,강남역,붐빔,70000,72000,37.5002304,127.0268054
2026-08-18 19:00,POI015,건대입구역,보통,28000,30000,37.54088,127.06812
2026-08-18 19:00,POI016,고덕역,붐빔,5500,6000,37.5550721,127.1550065
2026-08-18 19:00,POI017,고속터미널역,보통,18000,20000,37.5050827,127.0049777
2026-08-18 19:00,POI018,교대역,여유,16000,18000,37.494178,127.015909
2026-08-18 19:00,POI019,구로디지털단지역,약간 붐빔,20000,22000,37.4853417,126.9068128
2026-08-18 19:00,POI020,구로역,약간 붐빔,3500,4000,37.5000903,126.8829924
2026-08-18 19:00,POI021,군자역,보통,8000,8500,37.558149,127.077839
2026-08-18 19:00,POI023,대림역,여유,14000,16000,37.4908703,126.8936859
2026-08-18 19:00,POI024,동대문역,보통,6000,6500,37.5718616,127.0114887
2026-08-18 19:00,POI025,뚝섬역,보통,9000,9500,37.5475031,127.0461973
2026-08-18 19:00,POI026,미아사거리역,약간 붐빔,10000,12000,37.61175,127.03044
2026-08-18 19:00,POI055,홍대입구역(2호선),약간 붐빔,20000,22000,37.5574135,126.9238
2026-08-18 19:00,POI088,광화문광장,여유,6000,6500,37.5759194,126.9768
2026-08-18 19:00,POI119,잠실역,약간 붐빔,28000,30000,37.5127453,127.0973
2026-08-18 20:00,POI006,종로·청계 관광특구,보통,26000,28000,37.5702856,126.9903626
2026-08-18 20:00,POI007,홍대 관광특구,보통,78000,80000,37.5574135,126.9238
2026-08-18 20:00,POI008,경복궁,여유,1000,1500,37.579754,126.9766818
2026-08-18 20:00,POI009,광화문·덕수궁,여유,20000,22000,37.5759194,126.9768
2026-08-18 20:00,POI010,보신각,보통,10000,12000,37.5698518,126.9836102
2026-08-18 20:00,POI011,서울 암사동 유적,여유,300,400,37.5610203,127.1306288
2026-08-18 20:00,POI012,창덕궁·종묘,여유,7500,8000,37.5823872,126.9917013
2026-08-18 20:00,POI013,가산디지털단지역,여유,16000,18000,37.480819,126.8816358
2026-08-18 20:00,POI014,강남역,보통,60000,62000,37.5002304,127.0268054
2026-08-18 20:00,POI015,건대입구역,보통,28000,30000,37.54088,127.06812
2026-08-18 20:00,POI016,고덕역,약간 붐빔,5000,5500,37.5550721,127.1550065
2026-08-18 20:00,POI017,고속터미널역,여유,16000,18000,37.5050827,127.0049777
2026-08-18 20:00,POI018,교대역,여유,14000,16000,37.494178,127.015909
2026-08-18 20:00,POI019,구로디지털단지역,여유,14000,16000,37.4853417,126.9068128
2026-08-18 20:00,POI020,구로역,여유,2500,3000,37.5000903,126.8829924
2026-08-18 20:00,POI021,군자역,보통,8000,8500,37.558149,127.077839
2026-08-18 20:00,POI023,대림역,여유,14000,16000,37.4908703,126.8936859
2026-08-18 20:00,POI024,동대문역,여유,5000,5500,37.5718616,127.0114887
2026-08-18 20:00,POI025,뚝섬역,여유,8000,8500,37.5475031,127.0461973
2026-08-18 20:00,POI026,미아사거리역,여유,10000,12000,37.61175,127.03044
2026-08-18 20:00,POI055,홍대입구역(2호선),약간 붐빔,20000,22000,37.5574135,126.9238
2026-08-18 20:00,POI088,광화문광장,여유,4000,4500,37.5759194,126.9768
2026-08-18 20:00,POI119,잠실역,여유,24000,26000,37.5127453,127.0973
2026-08-18 22:00,POI006,종로·청계 관광특구,여유,20000,22000,37.5702856,126.9903626
2026-08-18 22:00,POI007,홍대 관광특구,여유,64000,66000,37.5574135,126.9238
2026-08-18 22:00,POI008,경복궁,여유,700,800,37.579754,126.9766818
2026-08-18 22:00,POI009,광화문·덕수궁,여유,12000,14000,37.5759194,126.9768
2026-08-18 22:00,POI010,보신각,여유,6500,7000,37.5698518,126.9836102
2026-08-18 22:00,POI011,서울 암사동 유적,여유,300,400,37.5610203,127.1306288
2026-08-18 22:00,POI012,창덕궁·종묘,여유,6000,6500,37.5823872,126.9917013
2026-08-18 22:00,POI013,가산디지털단지역,여유,10000,12000,37.480819,126.8816358
2026-08-18 22:00,POI014,강남역,여유,48000,50000,37.5002304,127.0268054
2026-08-18 22:00,POI015,건대입구역,여유,26000,28000,37.54088,127.06812
2026-08-18 22:00,POI016,고덕역,여유,4000,4500,37.5550721,127.1550065
2026-08-18 22:00,POI017,고속터미널역,여유,7500,8000,37.5050827,127.0049777
2026-08-18 22:00,POI018,교대역,여유,12000,14000,37.494178,127.015909
2026-08-18 22:00,POI019,구로디지털단지역,여유,10000,12000,37.4853417,126.9068128
2026-08-18 22:00,POI020,구로역,여유,1500,2000,37.5000903,126.8829924
2026-08-18 22:00,POI021,군자역,여유,6500,7000,37.558149,127.077839
2026-08-18 22:00,POI023,대림역,여유,16000,18000,37.4908703,126.8936859
2026-08-18 22:00,POI024,동대문역,여유,3500,4000,37.5718616,127.0114887
2026-08-18 22:00,POI025,뚝섬역,여유,6500,7000,37.5475031,127.0461973
2026-08-18 22:00,POI026,미아사거리역,여유,7500,8000,37.61175,127.03044
2026-08-18 22:00,POI055,홍대입구역(2호선),보통,16000,18000,37.5574135,126.9238
2026-08-18 22:00,POI088,광화문광장,여유,3000,3500,37.5759194,126.9768
2026-08-18 22:00,POI119,잠실역,여유,14000,16000,37.5127453,127.0973
2026-08-18 22:00,POI006,종로·청계 관광특구,여유,16000,18000,37.5702856,126.9903626
2026-08-18 22:00,POI007,홍대 관광특구,여유,56000,58000,37.5574135,126.9238
2026-08-18 22:00,POI008,경복궁,여유,600,700,37.579754,126.9766818
2026-08-18 22:00,POI009,광화문·덕수궁,여유,9500,10000,37.5759194,126.9768
2026-08-18 22:00,POI010,보신각,여유,5000,5500,37.5698518,126.9836102
2026-08-18 22:00,POI011,서울 암사동 유적,여유,300,400,37.5610203,127.1306288
2026-08-18 22:00,POI012,창덕궁·종묘,여유,5000,5500,37.5823872,126.9917013
2026-08-18 22:00,POI013,가산디지털단지역,여유,9000,9500,37.480819,126.8816358
2026-08-18 22:00,POI014,강남역,여유,40000,42000,37.5002304,127.0268054
2026-08-18 22:00,POI015,건대입구역,여유,24000,26000,37.54088,127.06812
2026-08-18 22:00,POI016,고덕역,여유,2500,3000,37.5550721,127.1550065
2026-08-18 22:00,POI017,고속터미널역,여유,5500,6000,37.5050827,127.0049777
2026-08-18 22:00,POI018,교대역,여유,10000,12000,37.494178,127.015909
2026-08-18 22:00,POI019,구로디지털단지역,여유,8500,9000,37.4853417,126.9068128
2026-08-18 22:00,POI020,구로역,여유,1500,2000,37.5000903,126.8829924
2026-08-18 22:00,POI021,군자역,여유,6000,6500,37.558149,127.077839
2026-08-18 22:00,POI023,대림역,여유,16000,18000,37.4908703,126.8936859
2026-08-18 22:00,POI024,동대문역,여유,3500,4000,37.5718616,127.0114887
2026-08-18 22:00,POI025,뚝섬역,여유,6000,6500,37.5475031,127.0461973
2026-08-18 22:00,POI026,미아사거리역,여유,6500,7000,37.61175,127.03044
2026-08-18 22:00,POI055,홍대입구역(2호선),여유,12000,14000,37.5574135,126.9238
2026-08-18 22:00,POI088,광화문광장,여유,2000,2500,37.5759194,126.9768
2026-08-18 22:00,POI119,잠실역,여유,8000,8500,37.5127453,127.0973
2026-08-18 23:00,POI006,종로·청계 관광특구,여유,14000,16000,37.5702856,126.9903626
2026-08-18 23:00,POI007,홍대 관광특구,여유,46000,48000,37.5574135,126.9238
2026-08-18 23:00,POI008,경복궁,여유,500,600,37.579754,126.9766818
2026-08-18 23:00,POI009,광화문·덕수궁,여유,6500,7000,37.5759194,126.9768
2026-08-18 23:00,POI010,보신각,여유,3500,4000,37.5698518,126.9836102
2026-08-18 23:00,POI011,서울 암사동 유적,여유,300,400,37.5610203,127.1306288
2026-08-18 23:00,POI012,창덕궁·종묘,여유,4000,4500,37.5823872,126.9917013
2026-08-18 23:00,POI013,가산디지털단지역,여유,8000,8500,37.480819,126.8816358
2026-08-18 23:00,POI014,강남역,여유,32000,34000,37.5002304,127.0268054
2026-08-18 23:00,POI015,건대입구역,여유,22000,24000,37.54088,127.06812
2026-08-18 23:00,POI016,고덕역,여유,1500,2000,37.5550721,127.1550065
2026-08-18 23:00,POI017,고속터미널역,여유,4000,4500,37.5050827,127.0049777
2026-08-18 23:00,POI018,교대역,여유,9500,10000,37.494178,127.015909
2026-08-18 23:00,POI019,구로디지털단지역,여유,6500,7000,37.4853417,126.9068128
2026-08-18 23:00,POI020,구로역,여유,1000,1500,37.5000903,126.8829924
2026-08-18 23:00,POI021,군자역,여유,5000,5500,37.558149,127.077839
2026-08-18 23:00,POI023,대림역,보통,16000,18000,37.4908703,126.8936859
2026-08-18 23:00,POI024,동대문역,여유,2500,3000,37.5718616,127.0114887
2026-08-18 23:00,POI025,뚝섬역,여유,5500,6000,37.5475031,127.0461973
2026-08-18 23:00,POI026,미아사거리역,여유,5500,6000,37.61175,127.03044
2026-08-18 23:00,POI055,홍대입구역(2호선),여유,10000,12000,37.5574135,126.9238
2026-08-18 23:00,POI088,광화문광장,여유,1000,1500,37.5759194,126.9768
2026-08-18 23:00,POI119,잠실역,여유,5500,6000,37.5127453,127.0973
2026-08-19 00:00,POI006,종로·청계 관광특구,여유,10000,12000,37.5702856,126.9903626
2026-08-19 00:00,POI007,홍대 관광특구,여유,38000,40000,37.5574135,126.9238
2026-08-19 00:00,POI008,경복궁,여유,300,400,37.579754,126.9766818
2026-08-19 00:00,POI009,광화문·덕수궁,여유,4500,5000,37.5759194,126.9768
2026-08-19 00:00,POI010,보신각,여유,2500,3000,37.5698518,126.9836102
2026-08-19 00:00,POI011,서울 암사동 유적,여유,300,400,37.5610203,127.1306288
2026-08-19 00:00,POI012,창덕궁·종묘,여유,3500,4000,37.5823872,126.9917013
2026-08-19 00:00,POI013,가산디지털단지역,여유,6000,6500,37.480819,126.8816358
2026-08-19 00:00,POI014,강남역,여유,24000,26000,37.5002304,127.0268054
2026-08-19 00:00,POI015,건대입구역,여유,16000,18000,37.54088,127.06812
2026-08-19 00:00,POI016,고덕역,여유,1500,2000,37.5550721,127.1550065
2026-08-19 00:00,POI017,고속터미널역,여유,3000,3500,37.5050827,127.0049777
2026-08-19 00:00,POI018,교대역,여유,6000,6500,37.494178,127.015909
2026-08-19 00:00,POI019,구로디지털단지역,여유,5500,6000,37.4853417,126.9068128
2026-08-19 00:00,POI020,구로역,여유,900,1000,37.5000903,126.8829924
2026-08-19 00:00,POI021,군자역,여유,4000,4500,37.558149,127.077839
2026-08-19 00:00,POI023,대림역,여유,16000,18000,37.4908703,126.8936859
2026-08-19 00:00,POI024,동대문역,여유,2000,2500,37.5718616,127.0114887
2026-08-19 00:00,POI025,뚝섬역,여유,4000,4500,37.5475031,127.0461973
2026-08-19 00:00,POI026,미아사거리역,여유,4500,5000,37.61175,127.03044
2026-08-19 00:00,POI055,홍대입구역(2호선),여유,7500,8000,37.5574135,126.9238
2026-08-19 00:00,POI088,광화문광장,여유,900,1000,37.5759194,126.9768
2026-08-19 00:00,POI119,잠실역,여유,4000,4500,37.5127453,127.0973
2026-08-19 01:00,POI006,종로·청계 관광특구,여유,9500,10000,37.5702856,126.9903626
2026-08-19 01:00,POI007,홍대 관광특구,여유,36000,38000,37.5574135,126.9238
2026-08-19 01:00,POI008,경복궁,여유,300,400,37.579754,126.9766818
2026-08-19 01:00,POI009,광화문·덕수궁,여유,3500,4000,37.5759194,126.9768
2026-08-19 01:00,POI010,보신각,여유,2000,2500,37.5698518,126.9836102
2026-08-19 01:00,POI011,서울 암사동 유적,여유,300,400,37.5610203,127.1306288
2026-08-19 01:00,POI012,창덕궁·종묘,여유,3500,4000,37.5823872,126.9917013
2026-08-19 01:00,POI013,가산디지털단지역,여유,5500,6000,37.480819,126.8816358
2026-08-19 01:00,POI014,강남역,여유,22000,24000,37.5002304,127.0268054
2026-08-19 01:00,POI015,건대입구역,여유,16000,18000,37.54088,127.06812
2026-08-19 01:00,POI016,고덕역,여유,1000,1500,37.5550721,127.1550065
2026-08-19 01:00,POI017,고속터미널역,여유,2000,2500,37.5050827,127.0049777
2026-08-19 01:00,POI018,교대역,여유,5500,6000,37.494178,127.015909
2026-08-19 01:00,POI019,구로디지털단지역,여유,5000,5500,37.4853417,126.9068128
2026-08-19 01:00,POI020,구로역,여유,800,900,37.5000903,126.8829924
2026-08-19 01:00,POI021,군자역,여유,3500,4000,37.558149,127.077839
2026-08-19 01:00,POI023,대림역,여유,16000,18000,37.4908703,126.8936859
2026-08-19 01:00,POI024,동대문역,여유,1500,2000,37.5718616,127.0114887
2026-08-19 01:00,POI025,뚝섬역,여유,4000,4500,37.5475031,127.0461973
2026-08-19 01:00,POI026,미아사거리역,여유,3500,4000,37.61175,127.03044
2026-08-19 01:00,POI055,홍대입구역(2호선),여유,6500,7000,37.5574135,126.9238
2026-08-19 01:00,POI088,광화문광장,여유,700,800,37.5759194,126.9768
2026-08-19 01:00,POI119,잠실역,여유,3000,3500,37.5127453,127.0973
2026-08-19 02:00,POI006,종로·청계 관광특구,여유,9000,9500,37.5702856,126.9903626
2026-08-19 02:00,POI007,홍대 관광특구,여유,34000,36000,37.5574135,126.9238
2026-08-19 02:00,POI008,경복궁,여유,200,300,37.579754,126.9766818
2026-08-19 02:00,POI009,광화문·덕수궁,여유,3000,3500,37.5759194,126.9768
2026-08-19 02:00,POI010,보신각,여유,2000,2500,37.5698518,126.9836102
2026-08-19 02:00,POI011,서울 암사동 유적,여유,300,400,37.5610203,127.1306288
2026-08-19 02:00,POI012,창덕궁·종묘,여유,3000,3500,37.5823872,126.9917013
2026-08-19 02:00,POI013,가산디지털단지역,여유,5000,5500,37.480819,126.8816358
2026-08-19 02:00,POI014,강남역,여유,20000,22000,37.5002304,127.0268054
2026-08-19 02:00,POI015,건대입구역,여유,14000,16000,37.54088,127.06812
2026-08-19 02:00,POI016,고덕역,여유,1000,1500,37.5550721,127.1550065
2026-08-19 02:00,POI017,고속터미널역,여유,1500,2000,37.5050827,127.0049777
2026-08-19 02:00,POI018,교대역,여유,5500,6000,37.494178,127.015909
2026-08-19 02:00,POI019,구로디지털단지역,여유,5000,5500,37.4853417,126.9068128
2026-08-19 02:00,POI020,구로역,여유,700,800,37.5000903,126.8829924
2026-08-19 02:00,POI021,군자역,여유,3500,4000,37.558149,127.077839
2026-08-19 02:00,POI023,대림역,보통,16000,18000,37.4908703,126.8936859
2026-08-19 02:00,POI024,동대문역,여유,1500,2000,37.5718616,127.0114887
2026-08-19 02:00,POI025,뚝섬역,여유,3500,4000,37.5475031,127.0461973
2026-08-19 02:00,POI026,미아사거리역,여유,3500,4000,37.61175,127.03044
2026-08-19 02:00,POI055,홍대입구역(2호선),여유,6500,7000,37.5574135,126.9238
2026-08-19 02:00,POI088,광화문광장,여유,700,800,37.5759194,126.9768
2026-08-19 02:00,POI119,잠실역,여유,2500,3000,37.5127453,127.0973
2026-08-19 03:00,POI006,종로·청계 관광특구,여유,8500,9000,37.5702856,126.9903626
2026-08-19 03:00,POI007,홍대 관광특구,여유,32000,34000,37.5574135,126.9238
2026-08-19 03:00,POI008,경복궁,여유,200,300,37.579754,126.9766818
2026-08-19 03:00,POI009,광화문·덕수궁,여유,3000,3500,37.5759194,126.9768
2026-08-19 03:00,POI010,보신각,여유,1500,2000,37.5698518,126.9836102
2026-08-19 03:00,POI011,서울 암사동 유적,여유,300,400,37.5610203,127.1306288
2026-08-19 03:00,POI012,창덕궁·종묘,여유,3000,3500,37.5823872,126.9917013
2026-08-19 03:00,POI013,가산디지털단지역,여유,5000,5500,37.480819,126.8816358
2026-08-19 03:00,POI014,강남역,여유,20000,22000,37.5002304,127.0268054
2026-08-19 03:00,POI015,건대입구역,여유,14000,16000,37.54088,127.06812
2026-08-19 03:00,POI016,고덕역,여유,1000,1500,37.5550721,127.1550065
2026-08-19 03:00,POI017,고속터미널역,여유,1500,2000,37.5050827,127.0049777
2026-08-19 03:00,POI018,교대역,여유,5500,6000,37.494178,127.015909
2026-08-19 03:00,POI019,구로디지털단지역,여유,4500,5000,37.4853417,126.9068128
2026-08-19 03:00,POI020,구로역,여유,800,900,37.5000903,126.8829924
2026-08-19 03:00,POI021,군자역,여유,3000,3500,37.558149,127.077839
2026-08-19 03:00,POI023,대림역,보통,16000,18000,37.4908703,126.8936859
2026-08-19 03:00,POI024,동대문역,여유,1000,1500,37.5718616,127.0114887
2026-08-19 03:00,POI025,뚝섬역,여유,3500,4000,37.5475031,127.0461973
2026-08-19 03:00,POI026,미아사거리역,여유,3000,3500,37.61175,127.03044
2026-08-19 03:00,POI055,홍대입구역(2호선),여유,6000,6500,37.5574135,126.9238
2026-08-19 03:00,POI088,광화문광장,여유,700,800,37.5759194,126.9768
2026-08-19 03:00,POI119,잠실역,여유,2500,3000,37.5127453,127.0973
2026-08-19 04:00,POI006,종로·청계 관광특구,여유,8000,8500,37.5702856,126.9903626
2026-08-19 04:00,POI007,홍대 관광특구,여유,30000,32000,37.5574135,126.9238
2026-08-19 04:00,POI008,경복궁,여유,200,300,37.579754,126.9766818
2026-08-19 04:00,POI009,광화문·덕수궁,여유,3000,3500,37.5759194,126.9768
2026-08-19 04:00,POI010,보신각,여유,1500,2000,37.5698518,126.9836102
2026-08-19 04:00,POI011,서울 암사동 유적,여유,300,400,37.5610203,127.1306288
2026-08-19 04:00,POI012,창덕궁·종묘,여유,3000,3500,37.5823872,126.9917013
2026-08-19 04:00,POI013,가산디지털단지역,여유,5000,5500,37.480819,126.8816358
2026-08-19 04:00,POI014,강남역,여유,18000,20000,37.5002304,127.0268054
2026-08-19 04:00,POI015,건대입구역,여유,14000,16000,37.54088,127.06812
2026-08-19 04:00,POI016,고덕역,여유,1000,1500,37.5550721,127.1550065
2026-08-19 04:00,POI017,고속터미널역,여유,1500,2000,37.5050827,127.0049777
2026-08-19 04:00,POI018,교대역,여유,5500,6000,37.494178,127.015909
2026-08-19 04:00,POI019,구로디지털단지역,여유,4500,5000,37.4853417,126.9068128
2026-08-19 04:00,POI020,구로역,여유,800,900,37.5000903,126.8829924
2026-08-19 04:00,POI021,군자역,여유,3000,3500,37.558149,127.077839
2026-08-19 04:00,POI023,대림역,보통,16000,18000,37.4908703,126.8936859
2026-08-19 04:00,POI024,동대문역,여유,1000,1500,37.5718616,127.0114887
2026-08-19 04:00,POI025,뚝섬역,여유,3500,4000,37.5475031,127.0461973
2026-08-19 04:00,POI026,미아사거리역,여유,3500,4000,37.61175,127.03044
2026-08-19 04:00,POI055,홍대입구역(2호선),여유,6000,6500,37.5574135,126.9238
2026-08-19 04:00,POI088,광화문광장,여유,600,700,37.5759194,126.9768
2026-08-19 04:00,POI119,잠실역,여유,2500,3000,37.5127453,127.0973
2026-08-19 05:00,POI006,종로·청계 관광특구,여유,8500,9000,37.5702856,126.9903626
2026-08-19 05:00,POI007,홍대 관광특구,여유,30000,32000,37.5574135,126.9238
2026-08-19 05:00,POI008,경복궁,여유,200,300,37.579754,126.9766818
2026-08-19 05:00,POI009,광화문·덕수궁,여유,3500,4000,37.5759194,126.9768
2026-08-19 05:00,POI010,보신각,여유,1500,2000,37.5698518,126.9836102
2026-08-19 05:00,POI011,서울 암사동 유적,여유,300,400,37.5610203,127.1306288
2026-08-19 05:00,POI012,창덕궁·종묘,여유,3000,3500,37.5823872,126.9917013
2026-08-19 05:00,POI013,가산디지털단지역,여유,5500,6000,37.480819,126.8816358
2026-08-19 05:00,POI014,강남역,여유,18000,20000,37.5002304,127.0268054
2026-08-19 05:00,POI015,건대입구역,여유,14000,16000,37.54088,127.06812
2026-08-19 05:00,POI016,고덕역,여유,1000,1500,37.5550721,127.1550065
2026-08-19 05:00,POI017,고속터미널역,여유,1500,2000,37.5050827,127.0049777
2026-08-19 05:00,POI018,교대역,여유,5500,6000,37.494178,127.015909
2026-08-19 05:00,POI019,구로디지털단지역,여유,4500,5000,37.4853417,126.9068128
2026-08-19 05:00,POI020,구로역,여유,900,1000,37.5000903,126.8829924
2026-08-19 05:00,POI021,군자역,여유,3000,3500,37.558149,127.077839
2026-08-19 05:00,POI023,대림역,여유,16000,18000,37.4908703,126.8936859
2026-08-19 05:00,POI024,동대문역,여유,1000,1500,37.5718616,127.0114887
2026-08-19 05:00,POI025,뚝섬역,여유,3500,4000,37.5475031,127.0461973
2026-08-19 05:00,POI026,미아사거리역,여유,3000,3500,37.61175,127.03044
2026-08-19 05:00,POI055,홍대입구역(2호선),여유,6000,6500,37.5574135,126.9238
2026-08-19 05:00,POI088,광화문광장,여유,700,800,37.5759194,126.9768
2026-08-19 05:00,POI119,잠실역,여유,2500,3000,37.5127453,127.0973
2026-08-19 06:00,POI006,종로·청계 관광특구,여유,9500,10000,37.5702856,126.9903626
2026-08-19 06:00,POI007,홍대 관광특구,여유,30000,32000,37.5574135,126.9238
2026-08-19 06:00,POI008,경복궁,여유,300,400,37.579754,126.9766818
2026-08-19 06:00,POI009,광화문·덕수궁,여유,4500,5000,37.5759194,126.9768
2026-08-19 06:00,POI010,보신각,여유,2000,2500,37.5698518,126.9836102
2026-08-19 06:00,POI011,서울 암사동 유적,여유,300,400,37.5610203,127.1306288
2026-08-19 06:00,POI012,창덕궁·종묘,여유,3500,4000,37.5823872,126.9917013
2026-08-19 06:00,POI013,가산디지털단지역,여유,7000,7500,37.480819,126.8816358
2026-08-19 06:00,POI014,강남역,여유,20000,22000,37.5002304,127.0268054
2026-08-19 06:00,POI015,건대입구역,여유,14000,16000,37.54088,127.06812
2026-08-19 06:00,POI016,고덕역,여유,1500,2000,37.5550721,127.1550065
2026-08-19 06:00,POI017,고속터미널역,여유,3000,3500,37.5050827,127.0049777
2026-08-19 06:00,POI018,교대역,여유,5500,6000,37.494178,127.015909
2026-08-19 06:00,POI019,구로디지털단지역,여유,5000,5500,37.4853417,126.9068128
2026-08-19 06:00,POI020,구로역,여유,1500,2000,37.5000903,126.8829924
2026-08-19 06:00,POI021,군자역,여유,3500,4000,37.558149,127.077839
2026-08-19 06:00,POI023,대림역,여유,16000,18000,37.4908703,126.8936859
2026-08-19 06:00,POI024,동대문역,여유,2000,2500,37.5718616,127.0114887
2026-08-19 06:00,POI025,뚝섬역,여유,4000,4500,37.5475031,127.0461973
2026-08-19 06:00,POI026,미아사거리역,여유,4000,4500,37.61175,127.03044
2026-08-19 06:00,POI055,홍대입구역(2호선),여유,6000,6500,37.5574135,126.9238
2026-08-19 06:00,POI088,광화문광장,여유,1000,1500,37.5759194,126.9768
2026-08-19 06:00,POI119,잠실역,여유,3500,4000,37.5127453,127.0973
2026-08-19 07:00,POI006,종로·청계 관광특구,여유,12000,14000,37.5702856,126.9903626
2026-08-19 07:00,POI007,홍대 관광특구,여유,32000,34000,37.5574135,126.9238
2026-08-19 07:00,POI008,경복궁,여유,700,800,37.579754,126.9766818
2026-08-19 07:00,POI009,광화문·덕수궁,여유,9500,10000,37.5759194,126.9768
2026-08-19 07:00,POI010,보신각,여유,3000,3500,37.5698518,126.9836102
2026-08-19 07:00,POI011,서울 암사동 유적,여유,400,500,37.5610203,127.1306288
2026-08-19 07:00,POI012,창덕궁·종묘,여유,5000,5500,37.5823872,126.9917013
2026-08-19 07:00,POI013,가산디지털단지역,여유,12000,14000,37.480819,126.8816358
2026-08-19 07:00,POI014,강남역,여유,28000,30000,37.5002304,127.0268054
2026-08-19 07:00,POI015,건대입구역,여유,18000,20000,37.54088,127.06812
2026-08-19 07:00,POI016,고덕역,여유,1500,2000,37.5550721,127.1550065
2026-08-19 07:00,POI017,고속터미널역,여유,6000,6500,37.5050827,127.0049777
2026-08-19 07:00,POI018,교대역,여유,9500,10000,37.494178,127.015909
2026-08-19 07:00,POI019,구로디지털단지역,여유,7000,7500,37.4853417,126.9068128
2026-08-19 07:00,POI020,구로역,여유,2500,3000,37.5000903,126.8829924
2026-08-19 07:00,POI021,군자역,여유,4500,5000,37.558149,127.077839
2026-08-19 07:00,POI023,대림역,여유,16000,18000,37.4908703,126.8936859
2026-08-19 07:00,POI024,동대문역,여유,3500,4000,37.5718616,127.0114887
2026-08-19 07:00,POI025,뚝섬역,여유,5500,6000,37.5475031,127.0461973
2026-08-19 07:00,POI026,미아사거리역,여유,6500,7000,37.61175,127.03044
2026-08-19 07:00,POI055,홍대입구역(2호선),여유,7500,8000,37.5574135,126.9238
2026-08-19 07:00,POI088,광화문광장,여유,2000,2500,37.5759194,126.9768
2026-08-19 07:00,POI119,잠실역,여유,5500,6000,37.5127453,127.0973
2026-08-19 08:00,POI006,종로·청계 관광특구,여유,20000,22000,37.5702856,126.9903626
2026-08-19 08:00,POI007,홍대 관광특구,여유,36000,38000,37.5574135,126.9238
2026-08-19 08:00,POI008,경복궁,여유,900,1000,37.579754,126.9766818
2026-08-19 08:00,POI009,광화문·덕수궁,여유,18000,20000,37.5759194,126.9768
2026-08-19 08:00,POI010,보신각,여유,5500,6000,37.5698518,126.9836102
2026-08-19 08:00,POI011,서울 암사동 유적,여유,300,400,37.5610203,127.1306288
2026-08-19 08:00,POI012,창덕궁·종묘,여유,7000,7500,37.5823872,126.9917013
2026-08-19 08:00,POI013,가산디지털단지역,보통,20000,22000,37.480819,126.8816358
2026-08-19 08:00,POI014,강남역,여유,38000,40000,37.5002304,127.0268054
2026-08-19 08:00,POI015,건대입구역,여유,20000,22000,37.54088,127.06812
2026-08-19 08:00,POI016,고덕역,여유,2000,2500,37.5550721,127.1550065
2026-08-19 08:00,POI017,고속터미널역,여유,10000,12000,37.5050827,127.0049777
2026-08-19 08:00,POI018,교대역,여유,10000,12000,37.494178,127.015909
2026-08-19 08:00,POI019,구로디지털단지역,여유,12000,14000,37.4853417,126.9068128
2026-08-19 08:00,POI020,구로역,붐빔,5000,5500,37.5000903,126.8829924
2026-08-19 08:00,POI021,군자역,여유,4500,5000,37.558149,127.077839
2026-08-19 08:00,POI023,대림역,여유,16000,18000,37.4908703,126.8936859
2026-08-19 08:00,POI024,동대문역,보통,6000,6500,37.5718616,127.0114887
2026-08-19 08:00,POI025,뚝섬역,여유,6000,6500,37.5475031,127.0461973
2026-08-19 08:00,POI026,미아사거리역,여유,7500,8000,37.61175,127.03044
2026-08-19 08:00,POI055,홍대입구역(2호선),여유,9000,9500,37.5574135,126.9238
2026-08-19 08:00,POI088,광화문광장,여유,4000,4500,37.5759194,126.9768
2026-08-19 08:00,POI119,잠실역,여유,9000,9500,37.5127453,127.0973
2026-08-19 10:00,POI006,종로·청계 관광특구,보통,32000,34000,37.5702856,126.9903626
2026-08-19 10:00,POI007,홍대 관광특구,여유,50000,52000,37.5574135,126.9238
2026-08-19 10:00,POI008,경복궁,보통,1500,2000,37.579754,126.9766818
2026-08-19 10:00,POI009,광화문·덕수궁,보통,34000,36000,37.5759194,126.9768
2026-08-19 10:00,POI010,보신각,보통,12000,14000,37.5698518,126.9836102
2026-08-19 10:00,POI011,서울 암사동 유적,여유,300,400,37.5610203,127.1306288
2026-08-19 10:00,POI012,창덕궁·종묘,보통,10000,12000,37.5823872,126.9917013
2026-08-19 10:00,POI013,가산디지털단지역,약간 붐빔,32000,34000,37.480819,126.8816358
2026-08-19 10:00,POI014,강남역,보통,66000,68000,37.5002304,127.0268054
2026-08-19 10:00,POI015,건대입구역,여유,20000,22000,37.54088,127.06812
2026-08-19 10:00,POI016,고덕역,여유,2500,3000,37.5550721,127.1550065
2026-08-19 10:00,POI017,고속터미널역,여유,12000,14000,37.5050827,127.0049777
2026-08-19 10:00,POI018,교대역,약간 붐빔,18000,20000,37.494178,127.015909
2026-08-19 10:00,POI019,구로디지털단지역,약간 붐빔,32000,34000,37.4853417,126.9068128
2026-08-19 10:00,POI020,구로역,여유,2000,2500,37.5000903,126.8829924
2026-08-19 10:00,POI021,군자역,여유,5500,6000,37.558149,127.077839
2026-08-19 10:00,POI023,대림역,여유,14000,16000,37.4908703,126.8936859
2026-08-19 10:00,POI024,동대문역,보통,7500,8000,37.5718616,127.0114887
2026-08-19 10:00,POI025,뚝섬역,여유,8000,8500,37.5475031,127.0461973
2026-08-19 10:00,POI026,미아사거리역,여유,8500,9000,37.61175,127.03044
2026-08-19 10:00,POI055,홍대입구역(2호선),여유,12000,14000,37.5574135,126.9238
2026-08-19 10:00,POI088,광화문광장,여유,6500,7000,37.5759194,126.9768
2026-08-19 10:00,POI119,잠실역,여유,16000,18000,37.5127453,127.0973
2026-08-19 12:00,POI006,종로·청계 관광특구,보통,40000,42000,37.5702856,126.9903626
2026-08-19 12:00,POI007,홍대 관광특구,여유,60000,62000,37.5574135,126.9238
2026-08-19 12:00,POI008,경복궁,보통,1500,2000,37.579754,126.9766818
2026-08-19 12:00,POI009,광화문·덕수궁,보통,42000,44000,37.5759194,126.9768
2026-08-19 12:00,POI010,보신각,보통,12000,14000,37.5698518,126.9836102
2026-08-19 12:00,POI011,서울 암사동 유적,여유,300,400,37.5610203,127.1306288
2026-08-19 12:00,POI012,창덕궁·종묘,보통,12000,14000,37.5823872,126.9917013
2026-08-19 12:00,POI013,가산디지털단지역,약간 붐빔,36000,38000,37.480819,126.8816358
2026-08-19 12:00,POI014,강남역,약간 붐빔,76000,78000,37.5002304,127.0268054
2026-08-19 12:00,POI015,건대입구역,여유,22000,24000,37.54088,127.06812
2026-08-19 12:00,POI016,고덕역,여유,3000,3500,37.5550721,127.1550065
2026-08-19 12:00,POI017,고속터미널역,보통,20000,22000,37.5050827,127.0049777
2026-08-19 12:00,POI018,교대역,약간 붐빔,20000,22000,37.494178,127.015909
2026-08-19 12:00,POI019,구로디지털단지역,약간 붐빔,36000,38000,37.4853417,126.9068128
2026-08-19 12:00,POI020,구로역,여유,2000,2500,37.5000903,126.8829924
2026-08-19 12:00,POI021,군자역,여유,5500,6000,37.558149,127.077839
2026-08-19 12:00,POI023,대림역,여유,14000,16000,37.4908703,126.8936859
2026-08-19 12:00,POI024,동대문역,보통,9000,9500,37.5718616,127.0114887
2026-08-19 12:00,POI025,뚝섬역,보통,9500,10000,37.5475031,127.0461973
2026-08-19 12:00,POI026,미아사거리역,여유,9000,9500,37.61175,127.03044
2026-08-19 12:00,POI055,홍대입구역(2호선),여유,14000,16000,37.5574135,126.9238
2026-08-19 12:00,POI088,광화문광장,보통,7500,8000,37.5759194,126.9768
2026-08-19 12:00,POI119,잠실역,보통,26000,28000,37.5127453,127.0973
2026-08-19 13:00,POI006,종로·청계 관광특구,보통,42000,44000,37.5702856,126.9903626
2026-08-19 13:00,POI007,홍대 관광특구,여유,70000,72000,37.5574135,126.9238
2026-08-19 13:00,POI008,경복궁,약간 붐빔,1500,2000,37.579754,126.9766818
2026-08-19 13:00,POI009,광화문·덕수궁,약간 붐빔,44000,46000,37.5759194,126.9768
2026-08-19 13:00,POI010,보신각,보통,16000,18000,37.5698518,126.9836102
2026-08-19 13:00,POI011,서울 암사동 유적,여유,300,400,37.5610203,127.1306288
2026-08-19 13:00,POI012,창덕궁·종묘,약간 붐빔,14000,16000,37.5823872,126.9917013
2026-08-19 13:00,POI013,가산디지털단지역,약간 붐빔,36000,38000,37.480819,126.8816358
2026-08-19 13:00,POI014,강남역,약간 붐빔,78000,80000,37.5002304,127.0268054
2026-08-19 13:00,POI015,건대입구역,여유,24000,26000,37.54088,127.06812
2026-08-19 13:00,POI016,고덕역,여유,3000,3500,37.5550721,127.1550065
2026-08-19 13:00,POI017,고속터미널역,약간 붐빔,24000,26000,37.5050827,127.0049777
2026-08-19 13:00,POI018,교대역,붐빔,20000,22000,37.494178,127.015909
2026-08-19 13:00,POI019,구로디지털단지역,약간 붐빔,38000,40000,37.4853417,126.9068128
2026-08-19 13:00,POI020,구로역,여유,2000,2500,37.5000903,126.8829924
2026-08-19 13:00,POI021,군자역,여유,6000,6500,37.558149,127.077839
2026-08-19 13:00,POI023,대림역,여유,14000,16000,37.4908703,126.8936859
2026-08-19 13:00,POI024,동대문역,보통,10000,12000,37.5718616,127.0114887
2026-08-19 13:00,POI025,뚝섬역,보통,10000,12000,37.5475031,127.0461973
2026-08-19 13:00,POI026,미아사거리역,약간 붐빔,10000,12000,37.61175,127.03044
2026-08-19 13:00,POI055,홍대입구역(2호선),보통,18000,20000,37.5574135,126.9238
2026-08-19 13:00,POI088,광화문광장,보통,8500,9000,37.5759194,126.9768
2026-08-19 13:00,POI119,잠실역,보통,32000,34000,37.5127453,127.0973
2026-08-19 14:00,POI006,종로·청계 관광특구,보통,42000,44000,37.5702856,126.9903626
2026-08-19 14:00,POI007,홍대 관광특구,여유,74000,76000,37.5574135,126.9238
2026-08-19 14:00,POI008,경복궁,약간 붐빔,1500,2000,37.579754,126.9766818
2026-08-19 14:00,POI009,광화문·덕수궁,보통,42000,44000,37.5759194,126.9768
2026-08-19 14:00,POI010,보신각,보통,16000,18000,37.5698518,126.9836102
2026-08-19 14:00,POI011,서울 암사동 유적,여유,300,400,37.5610203,127.1306288
2026-08-19 14:00,POI012,창덕궁·종묘,약간 붐빔,14000,16000,37.5823872,126.9917013
2026-08-19 14:00,POI013,가산디지털단지역,약간 붐빔,34000,36000,37.480819,126.8816358
2026-08-19 14:00,POI014,강남역,약간 붐빔,80000,82000,37.5002304,127.0268054
2026-08-19 14:00,POI015,건대입구역,여유,26000,28000,37.54088,127.06812
2026-08-19 14:00,POI016,고덕역,여유,3000,3500,37.5550721,127.1550065
2026-08-19 14:00,POI017,고속터미널역,약간 붐빔,24000,26000,37.5050827,127.0049777
2026-08-19 14:00,POI018,교대역,붐빔,22000,24000,37.494178,127.015909
2026-08-19 14:00,POI019,구로디지털단지역,약간 붐빔,34000,36000,37.4853417,126.9068128
2026-08-19 14:00,POI020,구로역,여유,2000,2500,37.5000903,126.8829924
2026-08-19 14:00,POI021,군자역,여유,6000,6500,37.558149,127.077839
2026-08-19 14:00,POI023,대림역,여유,14000,16000,37.4908703,126.8936859
2026-08-19 14:00,POI024,동대문역,약간 붐빔,10000,12000,37.5718616,127.0114887
2026-08-19 14:00,POI025,뚝섬역,보통,10000,12000,37.5475031,127.0461973
2026-08-19 14:00,POI026,미아사거리역,보통,10000,12000,37.61175,127.03044
2026-08-19 14:00,POI055,홍대입구역(2호선),보통,18000,20000,37.5574135,126.9238
2026-08-19 14:00,POI088,광화문광장,보통,8000,8500,37.5759194,126.9768
2026-08-19 14:00,POI119,잠실역,보통,34000,36000,37.5127453,127.0973
2026-08-19 15:00,POI006,종로·청계 관광특구,보통,42000,44000,37.5702856,126.9903626
2026-08-19 15:00,POI007,홍대 관광특구,보통,76000,78000,37.5574135,126.9238
2026-08-19 15:00,POI008,경복궁,약간 붐빔,1500,2000,37.579754,126.9766818
2026-08-19 15:00,POI009,광화문·덕수궁,보통,40000,42000,37.5759194,126.9768
2026-08-19 15:00,POI010,보신각,보통,16000,18000,37.5698518,126.9836102
2026-08-19 15:00,POI011,서울 암사동 유적,여유,300,400,37.5610203,127.1306288
2026-08-19 15:00,POI012,창덕궁·종묘,약간 붐빔,14000,16000,37.5823872,126.9917013
2026-08-19 15:00,POI013,가산디지털단지역,약간 붐빔,32000,34000,37.480819,126.8816358
2026-08-19 15:00,POI014,강남역,약간 붐빔,78000,80000,37.5002304,127.0268054
2026-08-19 15:00,POI015,건대입구역,여유,26000,28000,37.54088,127.06812
2026-08-19 15:00,POI016,고덕역,여유,3500,4000,37.5550721,127.1550065
2026-08-19 15:00,POI017,고속터미널역,약간 붐빔,22000,24000,37.5050827,127.0049777
2026-08-19 15:00,POI018,교대역,약간 붐빔,20000,22000,37.494178,127.015909
2026-08-19 15:00,POI019,구로디지털단지역,약간 붐빔,32000,34000,37.4853417,126.9068128
2026-08-19 15:00,POI020,구로역,여유,2000,2500,37.5000903,126.8829924
2026-08-19 15:00,POI021,군자역,여유,6500,7000,37.558149,127.077839
2026-08-19 15:00,POI023,대림역,여유,14000,16000,37.4908703,126.8936859
2026-08-19 15:00,POI024,동대문역,약간 붐빔,10000,12000,37.5718616,127.0114887
2026-08-19 15:00,POI025,뚝섬역,보통,10000,12000,37.5475031,127.0461973
2026-08-19 15:00,POI026,미아사거리역,보통,10000,12000,37.61175,127.03044
2026-08-19 15:00,POI055,홍대입구역(2호선),약간 붐빔,20000,22000,37.5574135,126.9238
2026-08-19 15:00,POI088,광화문광장,보통,8000,8500,37.5759194,126.9768
2026-08-19 15:00,POI119,잠실역,보통,34000,36000,37.5127453,127.0973
2026-08-19 16:00,POI006,종로·청계 관광특구,보통,40000,42000,37.5702856,126.9903626
2026-08-19 16:00,POI007,홍대 관광특구,보통,78000,80000,37.5574135,126.9238
2026-08-19 16:00,POI008,경복궁,약간 붐빔,1500,2000,37.579754,126.9766818
2026-08-19 16:00,POI009,광화문·덕수궁,보통,40000,42000,37.5759194,126.9768
2026-08-19 16:00,POI010,보신각,보통,16000,18000,37.5698518,126.9836102
2026-08-19 16:00,POI011,서울 암사동 유적,여유,300,400,37.5610203,127.1306288
2026-08-19 16:00,POI012,창덕궁·종묘,약간 붐빔,14000,16000,37.5823872,126.9917013
2026-08-19 16:00,POI013,가산디지털단지역,약간 붐빔,32000,34000,37.480819,126.8816358
2026-08-19 16:00,POI014,강남역,약간 붐빔,78000,80000,37.5002304,127.0268054
2026-08-19 16:00,POI015,건대입구역,여유,26000,28000,37.54088,127.06812
2026-08-19 16:00,POI016,고덕역,보통,4500,5000,37.5550721,127.1550065
2026-08-19 16:00,POI017,고속터미널역,약간 붐빔,22000,24000,37.5050827,127.0049777
2026-08-19 16:00,POI018,교대역,약간 붐빔,20000,22000,37.494178,127.015909
2026-08-19 16:00,POI019,구로디지털단지역,약간 붐빔,32000,34000,37.4853417,126.9068128
2026-08-19 16:00,POI020,구로역,여유,2000,2500,37.5000903,126.8829924
2026-08-19 16:00,POI021,군자역,여유,6500,7000,37.558149,127.077839
2026-08-19 16:00,POI023,대림역,여유,14000,16000,37.4908703,126.8936859
2026-08-19 16:00,POI024,동대문역,보통,10000,12000,37.5718616,127.0114887
2026-08-19 16:00,POI025,뚝섬역,보통,10000,12000,37.5475031,127.0461973
2026-08-19 16:00,POI026,미아사거리역,보통,12000,14000,37.61175,127.03044
2026-08-19 16:00,POI055,홍대입구역(2호선),약간 붐빔,20000,22000,37.5574135,126.9238
2026-08-19 16:00,POI088,광화문광장,보통,8000,8500,37.5759194,126.9768
2026-08-19 16:00,POI119,잠실역,보통,34000,36000,37.5127453,127.0973
2026-08-19 17:00,POI006,종로·청계 관광특구,보통,38000,40000,37.5702856,126.9903626
2026-08-19 17:00,POI007,홍대 관광특구,보통,80000,82000,37.5574135,126.9238
2026-08-19 17:00,POI008,경복궁,보통,1500,2000,37.579754,126.9766818
2026-08-19 17:00,POI009,광화문·덕수궁,보통,38000,40000,37.5759194,126.9768
2026-08-19 17:00,POI010,보신각,보통,12000,14000,37.5698518,126.9836102
2026-08-19 17:00,POI011,서울 암사동 유적,여유,300,400,37.5610203,127.1306288
2026-08-19 17:00,POI012,창덕궁·종묘,보통,12000,14000,37.5823872,126.9917013
2026-08-19 17:00,POI013,가산디지털단지역,보통,38000,40000,37.480819,126.8816358
2026-08-19 17:00,POI014,강남역,약간 붐빔,76000,78000,37.5002304,127.0268054
2026-08-19 17:00,POI015,건대입구역,보통,26000,28000,37.54088,127.06812
2026-08-19 17:00,POI016,고덕역,약간 붐빔,5000,5500,37.5550721,127.1550065
2026-08-19 17:00,POI017,고속터미널역,약간 붐빔,24000,26000,37.5050827,127.0049777
2026-08-19 17:00,POI018,교대역,약간 붐빔,18000,20000,37.494178,127.015909
2026-08-19 17:00,POI019,구로디지털단지역,약간 붐빔,32000,34000,37.4853417,126.9068128
2026-08-19 17:00,POI020,구로역,약간 붐빔,4000,4500,37.5000903,126.8829924
2026-08-19 17:00,POI021,군자역,여유,7000,7500,37.558149,127.077839
2026-08-19 17:00,POI023,대림역,여유,14000,16000,37.4908703,126.8936859
2026-08-19 17:00,POI024,동대문역,약간 붐빔,9000,9500,37.5718616,127.0114887
2026-08-19 17:00,POI025,뚝섬역,보통,9500,10000,37.5475031,127.0461973
2026-08-19 17:00,POI026,미아사거리역,보통,10000,12000,37.61175,127.03044
2026-08-19 17:00,POI055,홍대입구역(2호선),약간 붐빔,20000,22000,37.5574135,126.9238
2026-08-19 17:00,POI088,광화문광장,보통,7500,8000,37.5759194,126.9768
2026-08-19 17:00,POI119,잠실역,보통,32000,34000,37.5127453,127.0973
2026-08-19 18:00,POI006,종로·청계 관광특구,약간 붐빔,36000,38000,37.5702856,126.9903626
2026-08-19 18:00,POI007,홍대 관광특구,약간 붐빔,84000,86000,37.5574135,126.9238
2026-08-19 18:00,POI008,경복궁,약간 붐빔,1500,2000,37.579754,126.9766818
2026-08-19 18:00,POI009,광화문·덕수궁,보통,40000,42000,37.5759194,126.9768
2026-08-19 18:00,POI010,보신각,약간 붐빔,12000,14000,37.5698518,126.9836102
2026-08-19 18:00,POI011,서울 암사동 유적,여유,300,400,37.5610203,127.1306288
2026-08-19 18:00,POI012,창덕궁·종묘,약간 붐빔,12000,14000,37.5823872,126.9917013
2026-08-19 18:00,POI013,가산디지털단지역,약간 붐빔,44000,46000,37.480819,126.8816358
2026-08-19 18:00,POI014,강남역,붐빔,78000,80000,37.5002304,127.0268054
2026-08-19 18:00,POI015,건대입구역,약간 붐빔,28000,30000,37.54088,127.06812
2026-08-19 18:00,POI016,고덕역,붐빔,5500,6000,37.5550721,127.1550065
2026-08-19 18:00,POI017,고속터미널역,약간 붐빔,24000,26000,37.5050827,127.0049777
2026-08-19 18:00,POI018,교대역,약간 붐빔,18000,20000,37.494178,127.015909
2026-08-19 18:00,POI019,구로디지털단지역,약간 붐빔,32000,34000,37.4853417,126.9068128
2026-08-19 18:00,POI020,구로역,붐빔,4500,5000,37.5000903,126.8829924
2026-08-19 18:00,POI021,군자역,보통,7500,8000,37.558149,127.077839
2026-08-19 18:00,POI023,대림역,여유,14000,16000,37.4908703,126.8936859
2026-08-19 18:00,POI024,동대문역,약간 붐빔,8500,9000,37.5718616,127.0114887
2026-08-19 18:00,POI025,뚝섬역,보통,10000,12000,37.5475031,127.0461973
2026-08-19 18:00,POI026,미아사거리역,약간 붐빔,12000,14000,37.61175,127.03044
2026-08-19 18:00,POI055,홍대입구역(2호선),붐빔,20000,22000,37.5574135,126.9238
2026-08-19 18:00,POI088,광화문광장,붐빔,9500,10000,37.5759194,126.9768
2026-08-19 18:00,POI119,잠실역,보통,32000,34000,37.5127453,127.0973
2026-08-19 20:00,POI006,종로·청계 관광특구,보통,26000,28000,37.5702856,126.9903626
2026-08-19 20:00,POI007,홍대 관광특구,보통,78000,80000,37.5574135,126.9238
2026-08-19 20:00,POI008,경복궁,여유,1000,1500,37.579754,126.9766818
2026-08-19 20:00,POI009,광화문·덕수궁,여유,20000,22000,37.5759194,126.9768
2026-08-19 20:00,POI010,보신각,보통,10000,12000,37.5698518,126.9836102
2026-08-19 20:00,POI011,서울 암사동 유적,여유,300,400,37.5610203,127.1306288
2026-08-19 20:00,POI012,창덕궁·종묘,보통,7500,8000,37.5823872,126.9917013
2026-08-19 20:00,POI013,가산디지털단지역,보통,18000,20000,37.480819,126.8816358
2026-08-19 20:00,POI014,강남역,보통,62000,64000,37.5002304,127.0268054
2026-08-19 20:00,POI015,건대입구역,보통,28000,30000,37.54088,127.06812
2026-08-19 20:00,POI016,고덕역,약간 붐빔,5000,5500,37.5550721,127.1550065
2026-08-19 20:00,POI017,고속터미널역,여유,14000,16000,37.5050827,127.0049777
2026-08-19 20:00,POI018,교대역,여유,14000,16000,37.494178,127.015909
2026-08-19 20:00,POI019,구로디지털단지역,보통,14000,16000,37.4853417,126.9068128
2026-08-19 20:00,POI020,구로역,여유,2000,2500,37.5000903,126.8829924
2026-08-19 20:00,POI021,군자역,보통,8000,8500,37.558149,127.077839
2026-08-19 20:00,POI023,대림역,여유,14000,16000,37.4908703,126.8936859
2026-08-19 20:00,POI024,동대문역,여유,4500,5000,37.5718616,127.0114887
2026-08-19 20:00,POI025,뚝섬역,여유,8000,8500,37.5475031,127.0461973
2026-08-19 20:00,POI026,미아사거리역,여유,10000,12000,37.61175,127.03044
2026-08-19 20:00,POI055,홍대입구역(2호선),보통,18000,20000,37.5574135,126.9238
2026-08-19 20:00,POI088,광화문광장,여유,4000,4500,37.5759194,126.9768
2026-08-19 20:00,POI119,잠실역,보통,26000,28000,37.5127453,127.0973
2026-08-19 22:00,POI006,종로·청계 관광특구,여유,20000,22000,37.5702856,126.9903626
2026-08-19 22:00,POI007,홍대 관광특구,여유,66000,68000,37.5574135,126.9238
2026-08-19 22:00,POI008,경복궁,여유,700,800,37.579754,126.9766818
2026-08-19 22:00,POI009,광화문·덕수궁,여유,14000,16000,37.5759194,126.9768
2026-08-19 22:00,POI010,보신각,여유,7000,7500,37.5698518,126.9836102
2026-08-19 22:00,POI011,서울 암사동 유적,여유,300,400,37.5610203,127.1306288
2026-08-19 22:00,POI012,창덕궁·종묘,여유,6000,6500,37.5823872,126.9917013
2026-08-19 22:00,POI013,가산디지털단지역,여유,14000,16000,37.480819,126.8816358
2026-08-19 22:00,POI014,강남역,여유,50000,52000,37.5002304,127.0268054
2026-08-19 22:00,POI015,건대입구역,보통,26000,28000,37.54088,127.06812
2026-08-19 22:00,POI016,고덕역,보통,4500,5000,37.5550721,127.1550065
2026-08-19 22:00,POI017,고속터미널역,여유,8000,8500,37.5050827,127.0049777
2026-08-19 22:00,POI018,교대역,여유,12000,14000,37.494178,127.015909
2026-08-19 22:00,POI019,구로디지털단지역,여유,10000,12000,37.4853417,126.9068128
2026-08-19 22:00,POI020,구로역,여유,2000,2500,37.5000903,126.8829924
2026-08-19 22:00,POI021,군자역,여유,6500,7000,37.558149,127.077839
2026-08-19 22:00,POI023,대림역,여유,16000,18000,37.4908703,126.8936859
2026-08-19 22:00,POI024,동대문역,여유,3500,4000,37.5718616,127.0114887
2026-08-19 22:00,POI025,뚝섬역,여유,6500,7000,37.5475031,127.0461973
2026-08-19 22:00,POI026,미아사거리역,여유,7500,8000,37.61175,127.03044
2026-08-19 22:00,POI055,홍대입구역(2호선),보통,16000,18000,37.5574135,126.9238
2026-08-19 22:00,POI088,광화문광장,여유,3000,3500,37.5759194,126.9768
2026-08-19 22:00,POI119,잠실역,여유,14000,16000,37.5127453,127.0973
2026-08-19 22:00,POI006,종로·청계 관광특구,여유,16000,18000,37.5702856,126.9903626
2026-08-19 22:00,POI007,홍대 관광특구,여유,58000,60000,37.5574135,126.9238
2026-08-19 22:00,POI008,경복궁,여유,600,700,37.579754,126.9766818
2026-08-19 22:00,POI009,광화문·덕수궁,여유,10000,12000,37.5759194,126.9768
2026-08-19 22:00,POI010,보신각,여유,5000,5500,37.5698518,126.9836102
2026-08-19 22:00,POI011,서울 암사동 유적,여유,300,400,37.5610203,127.1306288
2026-08-19 22:00,POI012,창덕궁·종묘,여유,5000,5500,37.5823872,126.9917013
2026-08-19 22:00,POI013,가산디지털단지역,여유,10000,12000,37.480819,126.8816358
2026-08-19 22:00,POI014,강남역,여유,42000,44000,37.5002304,127.0268054
2026-08-19 22:00,POI015,건대입구역,여유,26000,28000,37.54088,127.06812
2026-08-19 22:00,POI016,고덕역,여유,2500,3000,37.5550721,127.1550065
2026-08-19 22:00,POI017,고속터미널역,여유,6000,6500,37.5050827,127.0049777
2026-08-19 22:00,POI018,교대역,여유,10000,12000,37.494178,127.015909
2026-08-19 22:00,POI019,구로디지털단지역,여유,9500,10000,37.4853417,126.9068128
2026-08-19 22:00,POI020,구로역,여유,1500,2000,37.5000903,126.8829924
2026-08-19 22:00,POI021,군자역,여유,6000,6500,37.558149,127.077839
2026-08-19 22:00,POI023,대림역,여유,16000,18000,37.4908703,126.8936859
2026-08-19 22:00,POI024,동대문역,여유,3500,4000,37.5718616,127.0114887
2026-08-19 22:00,POI025,뚝섬역,여유,6000,6500,37.5475031,127.0461973
2026-08-19 22:00,POI026,미아사거리역,여유,6500,7000,37.61175,127.03044
2026-08-19 22:00,POI055,홍대입구역(2호선),여유,12000,14000,37.5574135,126.9238
2026-08-19 22:00,POI088,광화문광장,여유,2000,2500,37.5759194,126.9768
2026-08-19 22:00,POI119,잠실역,여유,9000,9500,37.5127453,127.0973
2026-08-19 23:00,POI006,종로·청계 관광특구,여유,14000,16000,37.5702856,126.9903626
2026-08-19 23:00,POI007,홍대 관광특구,여유,48000,50000,37.5574135,126.9238
2026-08-19 23:00,POI008,경복궁,여유,500,600,37.579754,126.9766818
2026-08-19 23:00,POI009,광화문·덕수궁,여유,7000,7500,37.5759194,126.9768
2026-08-19 23:00,POI010,보신각,여유,3500,4000,37.5698518,126.9836102
2026-08-19 23:00,POI011,서울 암사동 유적,여유,300,400,37.5610203,127.1306288
2026-08-19 23:00,POI012,창덕궁·종묘,여유,4500,5000,37.5823872,126.9917013
2026-08-19 23:00,POI013,가산디지털단지역,여유,9000,9500,37.480819,126.8816358
2026-08-19 23:00,POI014,강남역,여유,32000,34000,37.5002304,127.0268054
2026-08-19 23:00,POI015,건대입구역,여유,24000,26000,37.54088,127.06812
2026-08-19 23:00,POI016,고덕역,여유,2000,2500,37.5550721,127.1550065
2026-08-19 23:00,POI017,고속터미널역,여유,4000,4500,37.5050827,127.0049777
2026-08-19 23:00,POI018,교대역,여유,9500,10000,37.494178,127.015909
2026-08-19 23:00,POI019,구로디지털단지역,여유,7500,8000,37.4853417,126.9068128
2026-08-19 23:00,POI020,구로역,여유,1000,1500,37.5000903,126.8829924
2026-08-19 23:00,POI021,군자역,여유,5000,5500,37.558149,127.077839
2026-08-19 23:00,POI023,대림역,보통,16000,18000,37.4908703,126.8936859
2026-08-19 23:00,POI024,동대문역,여유,2500,3000,37.5718616,127.0114887
2026-08-19 23:00,POI025,뚝섬역,여유,5000,5500,37.5475031,127.0461973
2026-08-19 23:00,POI026,미아사거리역,여유,5000,5500,37.61175,127.03044
2026-08-19 23:00,POI055,홍대입구역(2호선),여유,10000,12000,37.5574135,126.9238
2026-08-19 23:00,POI088,광화문광장,여유,1000,1500,37.5759194,126.9768
2026-08-19 23:00,POI119,잠실역,여유,5500,6000,37.5127453,127.0973
2026-08-20 00:00,POI006,종로·청계 관광특구,여유,10000,12000,37.5702856,126.9903626
2026-08-20 00:00,POI007,홍대 관광특구,여유,38000,40000,37.5574135,126.9238
2026-08-20 00:00,POI008,경복궁,여유,300,400,37.579754,126.9766818
2026-08-20 00:00,POI009,광화문·덕수궁,여유,4500,5000,37.5759194,126.9768
2026-08-20 00:00,POI010,보신각,여유,2500,3000,37.5698518,126.9836102
2026-08-20 00:00,POI011,서울 암사동 유적,여유,300,400,37.5610203,127.1306288
2026-08-20 00:00,POI012,창덕궁·종묘,여유,3500,4000,37.5823872,126.9917013
2026-08-20 00:00,POI013,가산디지털단지역,여유,6000,6500,37.480819,126.8816358
2026-08-20 00:00,POI014,강남역,여유,24000,26000,37.5002304,127.0268054
2026-08-20 00:00,POI015,건대입구역,여유,16000,18000,37.54088,127.06812
2026-08-20 00:00,POI016,고덕역,여유,1500,2000,37.5550721,127.1550065
2026-08-20 00:00,POI017,고속터미널역,여유,2500,3000,37.5050827,127.0049777
2026-08-20 00:00,POI018,교대역,여유,6000,6500,37.494178,127.015909
2026-08-20 00:00,POI019,구로디지털단지역,여유,6000,6500,37.4853417,126.9068128
2026-08-20 00:00,POI020,구로역,여유,700,800,37.5000903,126.8829924
2026-08-20 00:00,POI021,군자역,여유,4000,4500,37.558149,127.077839
2026-08-20 00:00,POI023,대림역,여유,16000,18000,37.4908703,126.8936859
2026-08-20 00:00,POI024,동대문역,여유,1500,2000,37.5718616,127.0114887
2026-08-20 00:00,POI025,뚝섬역,여유,4000,4500,37.5475031,127.0461973
2026-08-20 00:00,POI026,미아사거리역,여유,4000,4500,37.61175,127.03044
2026-08-20 00:00,POI055,홍대입구역(2호선),여유,7500,8000,37.5574135,126.9238
2026-08-20 00:00,POI088,광화문광장,여유,900,1000,37.5759194,126.9768
2026-08-20 00:00,POI119,잠실역,여유,3500,4000,37.5127453,127.0973
2026-08-20 01:00,POI006,종로·청계 관광특구,여유,9000,9500,37.5702856,126.9903626
2026-08-20 01:00,POI007,홍대 관광특구,여유,36000,38000,37.5574135,126.9238
2026-08-20 01:00,POI008,경복궁,여유,200,300,37.579754,126.9766818
2026-08-20 01:00,POI009,광화문·덕수궁,여유,3500,4000,37.5759194,126.9768
2026-08-20 01:00,POI010,보신각,여유,2000,2500,37.5698518,126.9836102
2026-08-20 01:00,POI011,서울 암사동 유적,여유,300,400,37.5610203,127.1306288
2026-08-20 01:00,POI012,창덕궁·종묘,여유,3500,4000,37.5823872,126.9917013
2026-08-20 01:00,POI013,가산디지털단지역,여유,5500,6000,37.480819,126.8816358
2026-08-20 01:00,POI014,강남역,여유,22000,24000,37.5002304,127.0268054
2026-08-20 01:00,POI015,건대입구역,여유,16000,18000,37.54088,127.06812
2026-08-20 01:00,POI016,고덕역,여유,1500,2000,37.5550721,127.1550065
2026-08-20 01:00,POI017,고속터미널역,여유,1500,2000,37.5050827,127.0049777
2026-08-20 01:00,POI018,교대역,여유,5500,6000,37.494178,127.015909
2026-08-20 01:00,POI019,구로디지털단지역,여유,5000,5500,37.4853417,126.9068128
2026-08-20 01:00,POI020,구로역,여유,800,900,37.5000903,126.8829924
2026-08-20 01:00,POI021,군자역,여유,3500,4000,37.558149,127.077839
2026-08-20 01:00,POI023,대림역,여유,16000,18000,37.4908703,126.8936859
2026-08-20 01:00,POI024,동대문역,여유,1000,1500,37.5718616,127.0114887
2026-08-20 01:00,POI025,뚝섬역,여유,4000,4500,37.5475031,127.0461973
2026-08-20 01:00,POI026,미아사거리역,여유,3500,4000,37.61175,127.03044
2026-08-20 01:00,POI055,홍대입구역(2호선),여유,6500,7000,37.5574135,126.9238
2026-08-20 01:00,POI088,광화문광장,여유,700,800,37.5759194,126.9768
2026-08-20 01:00,POI119,잠실역,여유,3500,4000,37.5127453,127.0973
2026-08-20 02:00,POI006,종로·청계 관광특구,여유,8500,9000,37.5702856,126.9903626
2026-08-20 02:00,POI007,홍대 관광특구,여유,34000,36000,37.5574135,126.9238
2026-08-20 02:00,POI008,경복궁,여유,200,300,37.579754,126.9766818
2026-08-20 02:00,POI009,광화문·덕수궁,여유,3000,3500,37.5759194,126.9768
2026-08-20 02:00,POI010,보신각,여유,2000,2500,37.5698518,126.9836102
2026-08-20 02:00,POI011,서울 암사동 유적,여유,300,400,37.5610203,127.1306288
2026-08-20 02:00,POI012,창덕궁·종묘,여유,3500,4000,37.5823872,126.9917013
2026-08-20 02:00,POI013,가산디지털단지역,여유,5000,5500,37.480819,126.8816358
2026-08-20 02:00,POI014,강남역,여유,20000,22000,37.5002304,127.0268054
2026-08-20 02:00,POI015,건대입구역,여유,14000,16000,37.54088,127.06812
2026-08-20 02:00,POI016,고덕역,여유,1500,2000,37.5550721,127.1550065
2026-08-20 02:00,POI017,고속터미널역,여유,1500,2000,37.5050827,127.0049777
2026-08-20 02:00,POI018,교대역,여유,5500,6000,37.494178,127.015909
2026-08-20 02:00,POI019,구로디지털단지역,여유,5000,5500,37.4853417,126.9068128
2026-08-20 02:00,POI020,구로역,여유,800,900,37.5000903,126.8829924
2026-08-20 02:00,POI021,군자역,여유,3500,4000,37.558149,127.077839
2026-08-20 02:00,POI023,대림역,보통,16000,18000,37.4908703,126.8936859
2026-08-20 02:00,POI024,동대문역,여유,1000,1500,37.5718616,127.0114887
2026-08-20 02:00,POI025,뚝섬역,여유,4000,4500,37.5475031,127.0461973
2026-08-20 02:00,POI026,미아사거리역,여유,3500,4000,37.61175,127.03044
2026-08-20 02:00,POI055,홍대입구역(2호선),여유,6500,7000,37.5574135,126.9238
2026-08-20 02:00,POI088,광화문광장,여유,700,800,37.5759194,126.9768
2026-08-20 02:00,POI119,잠실역,여유,3000,3500,37.5127453,127.0973
2026-08-20 03:00,POI006,종로·청계 관광특구,여유,8000,8500,37.5702856,126.9903626
2026-08-20 03:00,POI007,홍대 관광특구,여유,32000,34000,37.5574135,126.9238
2026-08-20 03:00,POI008,경복궁,여유,200,300,37.579754,126.9766818
2026-08-20 03:00,POI009,광화문·덕수궁,여유,3000,3500,37.5759194,126.9768
2026-08-20 03:00,POI010,보신각,여유,1500,2000,37.5698518,126.9836102
2026-08-20 03:00,POI011,서울 암사동 유적,여유,300,400,37.5610203,127.1306288
2026-08-20 03:00,POI012,창덕궁·종묘,여유,3000,3500,37.5823872,126.9917013
2026-08-20 03:00,POI013,가산디지털단지역,여유,5000,5500,37.480819,126.8816358
2026-08-20 03:00,POI014,강남역,여유,20000,22000,37.5002304,127.0268054
2026-08-20 03:00,POI015,건대입구역,여유,14000,16000,37.54088,127.06812
2026-08-20 03:00,POI016,고덕역,여유,1000,1500,37.5550721,127.1550065
2026-08-20 03:00,POI017,고속터미널역,여유,1500,2000,37.5050827,127.0049777
2026-08-20 03:00,POI018,교대역,여유,5500,6000,37.494178,127.015909
2026-08-20 03:00,POI019,구로디지털단지역,여유,4500,5000,37.4853417,126.9068128
2026-08-20 03:00,POI020,구로역,여유,800,900,37.5000903,126.8829924
2026-08-20 03:00,POI021,군자역,여유,3500,4000,37.558149,127.077839
2026-08-20 03:00,POI023,대림역,보통,16000,18000,37.4908703,126.8936859
2026-08-20 03:00,POI024,동대문역,여유,900,1000,37.5718616,127.0114887
2026-08-20 03:00,POI025,뚝섬역,여유,3500,4000,37.5475031,127.0461973
2026-08-20 03:00,POI026,미아사거리역,여유,3500,4000,37.61175,127.03044
2026-08-20 03:00,POI055,홍대입구역(2호선),여유,6000,6500,37.5574135,126.9238
2026-08-20 03:00,POI088,광화문광장,여유,700,800,37.5759194,126.9768
2026-08-20 03:00,POI119,잠실역,여유,3000,3500,37.5127453,127.0973
2026-08-20 04:00,POI006,종로·청계 관광특구,여유,8000,8500,37.5702856,126.9903626
2026-08-20 04:00,POI007,홍대 관광특구,여유,30000,32000,37.5574135,126.9238
2026-08-20 04:00,POI008,경복궁,여유,200,300,37.579754,126.9766818
2026-08-20 04:00,POI009,광화문·덕수궁,여유,3000,3500,37.5759194,126.9768
2026-08-20 04:00,POI010,보신각,여유,1500,2000,37.5698518,126.9836102
2026-08-20 04:00,POI011,서울 암사동 유적,여유,300,400,37.5610203,127.1306288
2026-08-20 04:00,POI012,창덕궁·종묘,여유,3000,3500,37.5823872,126.9917013
2026-08-20 04:00,POI013,가산디지털단지역,여유,5000,5500,37.480819,126.8816358
2026-08-20 04:00,POI014,강남역,여유,20000,22000,37.5002304,127.0268054
2026-08-20 04:00,POI015,건대입구역,여유,14000,16000,37.54088,127.06812
2026-08-20 04:00,POI016,고덕역,여유,1000,1500,37.5550721,127.1550065
2026-08-20 04:00,POI017,고속터미널역,여유,1500,2000,37.5050827,127.0049777
2026-08-20 04:00,POI018,교대역,여유,5500,6000,37.494178,127.015909
2026-08-20 04:00,POI019,구로디지털단지역,여유,4500,5000,37.4853417,126.9068128
2026-08-20 04:00,POI020,구로역,여유,800,900,37.5000903,126.8829924
2026-08-20 04:00,POI021,군자역,여유,3500,4000,37.558149,127.077839
2026-08-20 04:00,POI023,대림역,보통,16000,18000,37.4908703,126.8936859
2026-08-20 04:00,POI024,동대문역,여유,900,1000,37.5718616,127.0114887
2026-08-20 04:00,POI025,뚝섬역,여유,3500,4000,37.5475031,127.0461973
2026-08-20 04:00,POI026,미아사거리역,여유,3000,3500,37.61175,127.03044
2026-08-20 04:00,POI055,홍대입구역(2호선),여유,6000,6500,37.5574135,126.9238
2026-08-20 04:00,POI088,광화문광장,여유,700,800,37.5759194,126.9768
2026-08-20 04:00,POI119,잠실역,여유,2500,3000,37.5127453,127.0973
2026-08-20 05:00,POI006,종로·청계 관광특구,여유,8000,8500,37.5702856,126.9903626
2026-08-20 05:00,POI007,홍대 관광특구,여유,30000,32000,37.5574135,126.9238
2026-08-20 05:00,POI008,경복궁,여유,200,300,37.579754,126.9766818
2026-08-20 05:00,POI009,광화문·덕수궁,여유,3500,4000,37.5759194,126.9768
2026-08-20 05:00,POI010,보신각,여유,1500,2000,37.5698518,126.9836102
2026-08-20 05:00,POI011,서울 암사동 유적,여유,300,400,37.5610203,127.1306288
2026-08-20 05:00,POI012,창덕궁·종묘,여유,3000,3500,37.5823872,126.9917013
2026-08-20 05:00,POI013,가산디지털단지역,여유,6000,6500,37.480819,126.8816358
2026-08-20 05:00,POI014,강남역,여유,18000,20000,37.5002304,127.0268054
2026-08-20 05:00,POI015,건대입구역,여유,14000,16000,37.54088,127.06812
2026-08-20 05:00,POI016,고덕역,여유,1000,1500,37.5550721,127.1550065
2026-08-20 05:00,POI017,고속터미널역,여유,1500,2000,37.5050827,127.0049777
2026-08-20 05:00,POI018,교대역,여유,5500,6000,37.494178,127.015909
2026-08-20 05:00,POI019,구로디지털단지역,여유,4500,5000,37.4853417,126.9068128
2026-08-20 05:00,POI020,구로역,여유,900,1000,37.5000903,126.8829924
2026-08-20 05:00,POI021,군자역,여유,3500,4000,37.558149,127.077839
2026-08-20 05:00,POI023,대림역,여유,16000,18000,37.4908703,126.8936859
2026-08-20 05:00,POI024,동대문역,여유,1000,1500,37.5718616,127.0114887
2026-08-20 05:00,POI025,뚝섬역,여유,3500,4000,37.5475031,127.0461973
2026-08-20 05:00,POI026,미아사거리역,여유,3000,3500,37.61175,127.03044
2026-08-20 05:00,POI055,홍대입구역(2호선),여유,5500,6000,37.5574135,126.9238
2026-08-20 05:00,POI088,광화문광장,여유,800,900,37.5759194,126.9768
2026-08-20 05:00,POI119,잠실역,여유,2500,3000,37.5127453,127.0973
2026-08-20 06:00,POI006,종로·청계 관광특구,여유,9500,10000,37.5702856,126.9903626
2026-08-20 06:00,POI007,홍대 관광특구,여유,30000,32000,37.5574135,126.9238
2026-08-20 06:00,POI008,경복궁,여유,300,400,37.579754,126.9766818
2026-08-20 06:00,POI009,광화문·덕수궁,여유,5000,5500,37.5759194,126.9768
2026-08-20 06:00,POI010,보신각,여유,2000,2500,37.5698518,126.9836102
2026-08-20 06:00,POI011,서울 암사동 유적,여유,300,400,37.5610203,127.1306288
2026-08-20 06:00,POI012,창덕궁·종묘,여유,3500,4000,37.5823872,126.9917013
2026-08-20 06:00,POI013,가산디지털단지역,여유,7000,7500,37.480819,126.8816358
2026-08-20 06:00,POI014,강남역,여유,20000,22000,37.5002304,127.0268054
2026-08-20 06:00,POI015,건대입구역,여유,14000,16000,37.54088,127.06812
2026-08-20 06:00,POI016,고덕역,여유,1000,1500,37.5550721,127.1550065
2026-08-20 06:00,POI017,고속터미널역,여유,3000,3500,37.5050827,127.0049777
2026-08-20 06:00,POI018,교대역,여유,5500,6000,37.494178,127.015909
2026-08-20 06:00,POI019,구로디지털단지역,여유,5000,5500,37.4853417,126.9068128
2026-08-20 06:00,POI020,구로역,여유,1000,1500,37.5000903,126.8829924
2026-08-20 06:00,POI021,군자역,여유,3500,4000,37.558149,127.077839
2026-08-20 06:00,POI023,대림역,여유,16000,18000,37.4908703,126.8936859
2026-08-20 06:00,POI024,동대문역,여유,1500,2000,37.5718616,127.0114887
2026-08-20 06:00,POI025,뚝섬역,여유,4000,4500,37.5475031,127.0461973
2026-08-20 06:00,POI026,미아사거리역,여유,4000,4500,37.61175,127.03044
2026-08-20 06:00,POI055,홍대입구역(2호선),여유,6000,6500,37.5574135,126.9238
2026-08-20 06:00,POI088,광화문광장,여유,1000,1500,37.5759194,126.9768
2026-08-20 06:00,POI119,잠실역,여유,3500,4000,37.5127453,127.0973
